trial,persona_path,reward,choice,choice_label,price,price_threshold,feature_priority,purchase_likelihood,age_bracket,economic_motivation,region,socioeconomic_band,gender_identity,life_stage,urbanicity,income,employment,rationale
survey_toilet-brush-choice__28BLYzB,persona/datasets/matraix-persona-1m/cohorts/cohort-162f4cf6eb0f/persona_stackoverflow-11b6b67f2b39.yaml,1.0,clorox_under_rim,Clorox Corner Under-Rim,15.5,3,price,3,35-44,,North America,,,,,,Part-time,"No persona-specific answer was produced, so a neutral answer was used."
survey_toilet-brush-choice__2DbsuR5,persona/datasets/matraix-persona-1m/cohorts/cohort-162f4cf6eb0f/persona_wiki-e6e44f670f36.yaml,1.0,oxo_hideaway,OXO Hideaway Compact,19.97,4,hygiene,4,65+,,North America,,Man,Retirement,,,Retired,"I want a clean, uncluttered look and a holder that keeps the brush out of sight — the OXO's hideaway canister does exactly that, and the ventilated tray stops water from pooling, which matters more to me than saving a few dollars. OXO is a brand I trust for well-built household tools, and at $19.97 the price is reasonable for something I'll use daily for years."
survey_toilet-brush-choice__2PgqFuU,persona/datasets/matraix-persona-1m/cohorts/cohort-162f4cf6eb0f/persona_wiki-f9b2829214f0.yaml,1.0,oxo_hideaway,OXO Hideaway Compact,19.97,4,hygiene,4,65+,,North America,Middle,Man,Mid-life,Small town,null,Self-employed,"I want a set that stays tidy and out of sight in a small bathroom, and the OXO hideaway canister opens automatically when lifted while its ventilated tray prevents water from pooling. The brand has a solid reputation for durable, well-designed household tools, and at $19.97 the price is reasonable for that reliability."
survey_toilet-brush-choice__2R4mxMj,persona/datasets/matraix-persona-1m/cohorts/cohort-162f4cf6eb0f/persona_gss-8f82fde4f568.yaml,1.0,oxo_hideaway,OXO Hideaway Compact,19.97,4,hygiene,4,35-44,,North America,Upper-middle,Woman,,,,Full-time,"With three kids and a busy household, I want something that hides the brush away and keeps the bathroom looking tidy. OXO is a brand I trust, the auto-open canister with a ventilated tray is hygienic, and at $19.97 it's a reasonable price for the quality."
survey_toilet-brush-choice__2RPsey8,persona/datasets/matraix-persona-1m/cohorts/cohort-162f4cf6eb0f/persona_gss-6932aa9bcdb9.yaml,1.0,jiga_3pack,JIGA 3-Pack,13.99,5,price,4,65-74,,North America,Lower-middle,Man,,,,Part-time,"I'm widowed and watch my spending, so getting three complete brush sets for $13.99 is the best value on the shelf. With three bathrooms and kids and grandkids visiting, having a spare on hand makes practical sense, and the stiff nylon bristles and non-slip handles are exactly what I need for everyday cleaning."
survey_toilet-brush-choice__2RraTV2,persona/datasets/matraix-persona-1m/cohorts/cohort-162f4cf6eb0f/persona_stackoverflow-e55d176c51d2.yaml,1.0,oxo_hideaway,OXO Hideaway Compact,19.97,4,hygiene,4,45-54,,North America,,,,,,Full-time,"The OXO Hideaway's auto-open canister keeps the brush completely out of sight and the ventilated tray prevents standing water, which matters most for a bathroom's daily hygiene and appearance. OXO is a brand I trust for well-engineered household tools, and at $19.97 the price is reasonable for a compact, thoughtfully designed set."
survey_toilet-brush-choice__2RtjMaH,persona/datasets/matraix-persona-1m/cohorts/cohort-162f4cf6eb0f/persona_wiki-85cda6a7b3e8.yaml,1.0,oxo_hideaway,OXO Hideaway Compact,19.97,4,hygiene,4,65+,,North America,Upper-middle,Man,Retirement,Small town,,Self-employed,"I want a tidy, well-designed set that keeps the brush out of sight and dries properly, and OXO has earned my trust over decades of sensible kitchen and bath tools. The hideaway canister that opens automatically and the ventilated tray are exactly the small engineering touches I appreciate, and at $19.97 the price is reasonable for the quality."
survey_toilet-brush-choice__2SN4ZVx,persona/datasets/matraix-persona-1m/cohorts/cohort-162f4cf6eb0f/persona_amazon-200ab9b4154a.yaml,1.0,oxo_hideaway,OXO Hideaway Compact,19.97,4,hygiene,4,,Value-driven,North America,,,,,,,"I want a brush that stays hidden and looks tidy — the OXO Hideaway canister opens automatically when you lift the brush and the ventilated tray keeps water from pooling, which matters for hygiene. OXO is a brand I trust for solid, well-designed kitchen and bath tools, and at $19.97 the price is reasonable for the build quality."
survey_toilet-brush-choice__2StuE5U,persona/datasets/matraix-persona-1m/cohorts/cohort-162f4cf6eb0f/persona_gss-c437b8691c7f.yaml,1.0,oxo_hideaway,OXO Hideaway Compact,19.97,4,hygiene,4,55-64,,North America,Lower-middle,Woman,,,,Full-time,"I want something neat and simple that hides the brush away so my small bathroom stays tidy, and the auto-open canister with a ventilated tray keeps things from getting gross. OXO is a brand I recognize and trust, and at $19.97 the price is reasonable for the quality."
survey_toilet-brush-choice__2VAKFdN,persona/datasets/matraix-persona-1m/cohorts/cohort-162f4cf6eb0f/persona_amazon-68a14a039642.yaml,1.0,oxo_hideaway,OXO Hideaway Compact,19.97,4,hygiene,4,,,North America,,,,,,,"With two young kids, I want something that hides the brush away and doesn't leave a puddle of gross water sitting in the base. The OXO auto-open canister and ventilated tray hit that hygiene need, and $19.97 is reasonable for a brand I already trust in my kitchen."
survey_toilet-brush-choice__2WnMoKe,persona/datasets/matraix-persona-1m/cohorts/cohort-162f4cf6eb0f/persona_wiki-aaa8b917d6e4.yaml,1.0,oxo_hideaway,OXO Hideaway Compact,19.97,4,hygiene,4,75-84,Indifferent,North America,Middle,Man,Mid-life,Small town,null,Self-employed,"I want a brush that stays out of sight and dries properly rather than sitting in a puddle of water, and the OXO Hideaway canister opens automatically when lifted and has a ventilated tray. OXO is a brand I trust for everyday household tools, and at $19.97 the price is reasonable for a single well-made set for my own bathroom."
survey_toilet-brush-choice__2baxuac,persona/datasets/matraix-persona-1m/cohorts/cohort-162f4cf6eb0f/persona_wiki-4e2a96efc816.yaml,1.0,oxo_hideaway,OXO Hideaway Compact,19.97,4,hygiene,4,65+,Value-driven,North America,Upper-middle,Man,Retirement,Small town,null,Self-employed,"I value order, structure, and a tidy, uncluttered bathroom, so the OXO's hideaway canister — which conceals the brush entirely and opens automatically when lifted — appeals to me most. The ventilated tray that prevents water pooling addresses hygiene, and OXO is a brand I trust for durable, well-designed household goods at a fair price."
survey_toilet-brush-choice__2ea39MD,persona/datasets/matraix-persona-1m/cohorts/cohort-162f4cf6eb0f/persona_wiki-29f3321793ca.yaml,1.0,oxo_hideaway,OXO Hideaway Compact,19.97,4,hygiene,4,65+,,North America,Upper-middle,Man,Mid-life,Small town,null,Retired,"I want a clean, uncluttered look and a holder that actually dries instead of pooling water, and the OXO Hideaway's auto-opening ventilated canister delivers both. OXO is a brand I trust for durable, well-engineered household tools, and at $19.97 the price is reasonable for a set I'll use every day for years."
survey_toilet-brush-choice__2fKeYPf,persona/datasets/matraix-persona-1m/cohorts/cohort-162f4cf6eb0f/persona_gss-1bda185f8dde.yaml,1.0,clorox_under_rim,Clorox Corner Under-Rim,15.5,5,cleaning,4,25-34,,North America,Lower-middle,Woman,,,,Full-time,"With two kids and a full-time job, I need a brush that actually gets under the rim without me scrubbing forever, and the dedicated under-rim scrubber plus antibacterial bristles does that. The Clorox brand is one I already trust for bathroom cleaning, and at $15.50 the corner caddy design saves space in a small bathroom."
survey_toilet-brush-choice__2fQ6cDh,persona/datasets/matraix-persona-1m/cohorts/cohort-162f4cf6eb0f/persona_stackoverflow-61d2c7533689.yaml,1.0,oxo_hideaway,OXO Hideaway Compact,19.97,4,hygiene,4,25-34,,North America,,,,,,Full-time,"I want a compact, hygienic set that hides the brush and avoids standing water, and OXO's auto-open ventilated canister does exactly that. The price is reasonable for a well-designed, compact unit, and I trust OXO's build quality over no-name silicone brushes."
survey_toilet-brush-choice__2gQcUjL,persona/datasets/matraix-persona-1m/cohorts/cohort-162f4cf6eb0f/persona_wiki-9e0077756fde.yaml,1.0,oxo_hideaway,OXO Hideaway Compact,19.97,4,hygiene,4,65+,,North America,High income,Man,Mid-life,Small town,null,Retired,"I am a senior professional who values order and reliability, and OXO is a brand whose ergonomic design and build quality I trust. The hideaway canister keeps the brush out of sight and the ventilated tray prevents the stagnant water and odor that plague open holders, which matters more to me than saving a few dollars. It is compact, tidy, and appropriately priced for a household item I will use for years."
survey_toilet-brush-choice__2ig64yR,persona/datasets/matraix-persona-1m/cohorts/cohort-162f4cf6eb0f/persona_gss-d25a8eeff434.yaml,1.0,ibergrif_silicone,Ibergrif M34152 Silicone,13.9,4,hygiene,4,45-54,,North America,Lower-middle,Woman,,,,Full-time,"It's affordable at $13.90 and the silicone bristles with a ventilated quick-dry holder fit my priority on hygiene and easy cleaning. I also like that the head is replaceable, so it lasts longer without spending much."
survey_toilet-brush-choice__2kA6zM7,persona/datasets/matraix-persona-1m/cohorts/cohort-162f4cf6eb0f/persona_amazon-0e8d98b7ba11.yaml,1.0,oxo_hideaway,OXO Hideaway Compact,19.97,4,hygiene,4,45-54,Value-driven,North America,,,,,,,"OXO is a brand I trust for well-engineered, durable household tools, and the hideaway canister keeps the brush out of sight, which matters for a small bathroom's look. The auto-open mechanism and ventilated tray solve the two real hygiene annoyances — dripping water and visible mess — at a fair mid-range price."
survey_toilet-brush-choice__2mU67oH,persona/datasets/matraix-persona-1m/cohorts/cohort-162f4cf6eb0f/persona_wiki-03ed64596e6e.yaml,1.0,oxo_hideaway,OXO Hideaway Compact,19.97,4,hygiene,4,,,North America,,Man,Mid-life,,,Self-employed,"I want a clean-looking bathroom and a brush that disappears when not in use, and the OXO's hideaway canister does exactly that while keeping the head ventilated so it doesn't sit in dirty water. The brand has a solid reputation for durable, well-designed tools, and at $19.97 the price is fair for something I'll use for years."
survey_toilet-brush-choice__2neWumn,persona/datasets/matraix-persona-1m/cohorts/cohort-162f4cf6eb0f/persona_wiki-6857b7ed0395.yaml,1.0,oxo_hideaway,OXO Hideaway Compact,19.97,5,hygiene,4,65+,Value-driven,North America,Middle,Woman,Retirement,Small town,null,Retired,"I have always valued well-made, thoughtfully designed tools, and OXO has a long-standing reputation for exactly that. The hideaway canister keeps the brush discreetly out of sight, which suits my preference for an orderly, uncluttered bathroom, and the ventilated tray prevents the standing water that so often makes these items unpleasant. At just under twenty dollars, it is a sensible, durable purchase rather than a false economy."
survey_toilet-brush-choice__2pasNAS,persona/datasets/matraix-persona-1m/cohorts/cohort-162f4cf6eb0f/persona_gss-f5e609e1a915.yaml,1.0,oxo_hideaway,OXO Hideaway Compact,19.97,4,hygiene,4,25-34,,North America,Lower-middle,Man,,,,,"I want something compact and tidy for a small bathroom, and the hideaway canister that opens automatically keeps the brush out of sight and looks clean. OXO is a brand I trust for everyday household items, and at $19.97 the price is reasonable for the quality."
survey_toilet-brush-choice__2qKhStL,persona/datasets/matraix-persona-1m/cohorts/cohort-162f4cf6eb0f/persona_wiki-c4782abbe38b.yaml,1.0,oxo_hideaway,OXO Hideaway Compact,19.97,4,hygiene,4,65+,,North America,Middle,Man,Mid-life,Suburban,,Self-employed,"The OXO Hideaway's auto-open canister keeps the brush fully concealed when stored, which suits a tidy, minimal bathroom and avoids the eyesore of a visible brush. OXO has a strong reputation for well-engineered, durable household tools, and the ventilated tray that prevents water pooling addresses hygiene without adding gimmicks. At $19.97 it's a fair middle-ground price for a set I'd trust to last."
survey_toilet-brush-choice__2rXGyYv,persona/datasets/matraix-persona-1m/cohorts/cohort-162f4cf6eb0f/persona_gss-44cf2cb7e82d.yaml,1.0,oxo_hideaway,OXO Hideaway Compact,19.97,4,hygiene,4,65-74,,North America,Middle,Woman,Retirement,,,Retired,"The OXO Good Grips Hideaway Compact set appeals to me because the canister keeps the brush completely out of sight, which feels tidier and more hygienic in a guest bathroom. The ventilated tray that prevents water pooling matters at my age, since I want to avoid standing water and odors, and the compact footprint suits the smaller bathroom in my home. At $19.97 it is a reasonable middle price from a brand I recognize and trust."
survey_toilet-brush-choice__33EGJGQ,persona/datasets/matraix-persona-1m/cohorts/cohort-162f4cf6eb0f/persona_stackoverflow-ec4544bd96a0.yaml,1.0,oxo_hideaway,OXO Hideaway Compact,19.97,4,hygiene,4,35-44,,North America,,,,,$100k-200k,Full-time,"I want a clean, minimal look with no visible brush when stored, and the OXO auto-open canister plus ventilated tray hits my hygiene and design priorities. At $19.97 it's a reasonable mid-range price from a brand I trust, and the compact footprint suits a small bathroom. Silicone sets look flimsy to me and 2-3 packs are more than I need."
survey_toilet-brush-choice__34L7ADK,persona/datasets/matraix-persona-1m/cohorts/cohort-162f4cf6eb0f/persona_wiki-98e2ee85e0dc.yaml,1.0,oxo_hideaway,OXO Hideaway Compact,19.97,4,hygiene,4,65+,Value-driven,North America,High income,Man,Retirement,Suburban,$200k+,Retired,"I have owned OXO Good Grips tools for years and their design discipline is reliable. The hideaway canister keeps the brush out of sight, which suits my bathroom's clean aesthetic, and the ventilated tray addresses the hygiene concern I care about most. The compact footprint is a practical match for my space."
survey_toilet-brush-choice__35EV59X,persona/datasets/matraix-persona-1m/cohorts/cohort-162f4cf6eb0f/persona_amazon-1819ca0f0556.yaml,1.0,oxo_hideaway,OXO Hideaway Compact,19.97,4,hygiene,4,,Value-driven,North America,,,,Suburban,,,"I want a clean, uncluttered look and a holder that doesn't pool water, and the OXO hideaway canister keeps the brush out of sight while its ventilated tray addresses hygiene. The brand has a solid reputation for durable everyday tools, and at $19.97 the price is reasonable for something I'll use regularly."
survey_toilet-brush-choice__38TLkx5,persona/datasets/matraix-persona-1m/cohorts/cohort-162f4cf6eb0f/persona_stackoverflow-82102ceafcd3.yaml,1.0,oxo_hideaway,OXO Hideaway Compact,19.97,4,hygiene,4,45-54,,North America,,,,,,Full-time,"I want a clean, minimal look where the brush is hidden when stored, and OXO's auto-open canister with a ventilated tray solves the standing-water problem that makes most holders gross. The compact footprint fits my bathroom, and OXO's build quality justifies the mid-range price without paying for a gimmick like tweezers or a 3-pack I don't need."
survey_toilet-brush-choice__39bopTt,persona/datasets/matraix-persona-1m/cohorts/cohort-162f4cf6eb0f/persona_stackoverflow-7ec261bab03c.yaml,1.0,oxo_hideaway,OXO Hideaway Compact,19.97,4,hygiene,4,25-34,,North America,,,Early career,,$200k+,Full-time,"The OXO Hideaway's auto-opening canister hides the brush entirely when stored, which keeps a small bathroom looking clean and avoids the visual clutter of an exposed brush. OXO is a brand I trust for well-engineered, durable household tools, and the ventilated tray addresses the hygiene issue of standing water in the base. At $19.97 it's a reasonable price for a design that solves the real problems I care about."
survey_toilet-brush-choice__3BUYa2T,persona/datasets/matraix-persona-1m/cohorts/cohort-162f4cf6eb0f/persona_gss-7ee5e2e78771.yaml,1.0,jiga_3pack,JIGA 3-Pack,13.99,5,price,4,35-44,,North America,Middle,Man,,,,Full-time,"With three kids and multiple bathrooms, the JIGA 3-pack gives me a brush for each bathroom at a price that fits our budget. Stiff nylon bristles and non-slip handles are practical for everyday scrubbing, and having spares means I'm not running to the store when one wears out."
survey_toilet-brush-choice__3CoTGzW,persona/datasets/matraix-persona-1m/cohorts/cohort-162f4cf6eb0f/persona_amazon-22989014f116.yaml,1.0,oxo_hideaway,OXO Hideaway Compact,19.97,4,hygiene,4,45-54,Value-driven,North America,,,,Suburban,,Self-employed,"I value security and reliability, and OXO is a brand I trust for well-designed, durable household tools. The hideaway canister keeps the brush out of sight and the ventilated tray prevents water pooling, which fits my hygiene and tidiness standards. At $19.97 it's reasonably priced for a known-quality set."
survey_toilet-brush-choice__3JbGbpG,persona/datasets/matraix-persona-1m/cohorts/cohort-162f4cf6eb0f/persona_wiki-2bdbabdc94d3.yaml,1.0,oxo_hideaway,OXO Hideaway Compact,19.97,4,hygiene,4,,,North America,,Man,Mid-life,,,Retired,"I want a clean, uncluttered bathroom and the OXO hideaway canister keeps the brush out of sight while the ventilated tray stops water pooling — a hygiene detail I care about. The brand has a solid reputation for durable, well-designed tools, and at $19.97 it's a fair price for something I'll use daily."
survey_toilet-brush-choice__3RdFgTX,persona/datasets/matraix-persona-1m/cohorts/cohort-162f4cf6eb0f/persona_wiki-4cfd5ce106e4.yaml,1.0,oxo_hideaway,OXO Hideaway Compact,19.97,4,hygiene,4,65+,Value-driven,North America,Middle,Man,Retirement,Small town,null,Retired,"Je privilégie un ensemble compact et discret qui cache la brosse, ce qui convient à une petite salle de bain et à mon souci d'ordre. La marque OXO jouit d'une bonne réputation de fiabilité, et le couvercle à ouverture automatique avec plateau ventilé limite l'eau stagnante et les odeurs. À 19,97 $, le prix me semble raisonnable pour un produit durable et bien conçu."
survey_toilet-brush-choice__3SMPbXY,persona/datasets/matraix-persona-1m/cohorts/cohort-162f4cf6eb0f/persona_wiki-01d80eb3a936.yaml,1.0,oxo_hideaway,OXO Hideaway Compact,19.97,4,hygiene,4,75-84,Indifferent,North America,null,Woman,Retirement,null,null,null,"I want a hygienic, tidy solution and the OXO Hideaway's auto-opening canister keeps the brush completely out of sight while its ventilated tray prevents standing water — a real concern in a humid bathroom. OXO is a brand I trust for well-engineered, durable household tools, and at $19.97 the price is reasonable for that build quality."
survey_toilet-brush-choice__3U7ZHSE,persona/datasets/matraix-persona-1m/cohorts/cohort-162f4cf6eb0f/persona_wiki-da37e6a2436c.yaml,1.0,oxo_hideaway,OXO Hideaway Compact,19.97,4,hygiene,5,75+,Value-driven,North America,Middle,Man,Retirement,Suburban,Prefer not to say,Retired,"I want a covered, compact set that looks tidy and keeps the brush out of sight, and OXO's hideaway canister opens automatically when lifted while its ventilated tray keeps water from pooling. At $19.97 the price is reasonable for a well-built, hygienic design from a brand I trust."
survey_toilet-brush-choice__3ZHPgL2,persona/datasets/matraix-persona-1m/cohorts/cohort-162f4cf6eb0f/persona_stackoverflow-7ca9bcc0abb5.yaml,1.0,oxo_hideaway,OXO Hideaway Compact,19.97,4,hygiene,4,45-54,,North America,,,,,,Full-time,"I want a compact, covered set that hides the brush and doesn't pool water, and OXO's auto-open canister with ventilated tray does exactly that. The brand has a solid track record for functional home goods, and at $19.97 the price is reasonable for the design quality."
survey_toilet-brush-choice__3cD5UzX,persona/datasets/matraix-persona-1m/cohorts/cohort-162f4cf6eb0f/persona_wiki-35c3dfafa5c8.yaml,1.0,oxo_hideaway,OXO Hideaway Compact,19.97,4,hygiene,4,65+,,North America,High income,Man,Retirement,Small town,,Full-time,"I value a clean, uncluttered bathroom and a proven brand. The OXO Hideaway's auto-opening canister keeps the brush fully concealed and its ventilated tray prevents standing water, which matters more to me than saving a few dollars. At $19.97 it is a reasonable price for a well-designed, durable set."
survey_toilet-brush-choice__3cE4vXo,persona/datasets/matraix-persona-1m/cohorts/cohort-162f4cf6eb0f/persona_gss-281f19596ee3.yaml,1.0,oxo_hideaway,OXO Hideaway Compact,19.97,4,hygiene,4,18-24,,North America,Lower-middle,Man,,,,Full-time,"I want something that looks clean and minimal in a small bathroom, and the hideaway canister means I'm not staring at a dirty brush. OXO is a brand I trust to actually hold up, and at under $20 it's a fair price for the quality."
survey_toilet-brush-choice__3cyCoZN,persona/datasets/matraix-persona-1m/cohorts/cohort-162f4cf6eb0f/persona_wiki-967571852f7f.yaml,1.0,oxo_hideaway,OXO Hideaway Compact,19.97,4,hygiene,4,65+,Value-driven,North America,Upper-middle,Man,Retirement,Suburban,null,Retired,"I want a compact, tidy set that hides the brush entirely when stored, and OXO's build quality and reputation for well-designed household tools give me confidence in its durability. The ventilated tray that prevents water pooling addresses the hygiene concern I care about most, and at $19.97 the price is reasonable for a single well-made set."
survey_toilet-brush-choice__3hwCWwq,persona/datasets/matraix-persona-1m/cohorts/cohort-162f4cf6eb0f/persona_wiki-f55e30cd7453.yaml,1.0,oxo_hideaway,OXO Hideaway Compact,19.97,4,hygiene,4,45-54,,North America,Upper-middle,Man,Mid-life,Suburban,$200k+,Self-employed,"The hideaway canister keeps the brush fully concealed, which matters in a guest-visible bathroom, and the ventilated tray solves the standing-water problem that makes most holders disgusting within a month. OXO's build quality and design consistency justify the ~$20 price over the cheaper silicone sets, and I don't need a 2- or 3-pack for a single bathroom."
survey_toilet-brush-choice__3rcTsmN,persona/datasets/matraix-persona-1m/cohorts/cohort-162f4cf6eb0f/persona_stackoverflow-647cf8d5366b.yaml,1.0,oxo_hideaway,OXO Hideaway Compact,19.97,4,hygiene,4,45-54,,North America,,,,,,Full-time,"I want a brush that disappears into a clean, minimal canister — the auto-open hideaway design keeps the bathroom looking tidy and prevents standing water, which matters more to me than saving a few dollars. OXO's build quality and ventilated tray make it the one set here I'd trust to last without fuss."
survey_toilet-brush-choice__3vbYVMG,persona/datasets/matraix-persona-1m/cohorts/cohort-162f4cf6eb0f/persona_gss-56da4e7d1c30.yaml,1.0,jiga_3pack,JIGA 3-Pack,13.99,5,price,4,18-24,,North America,Lower-middle,Woman,,,,Part-time,"I have one bathroom and a kid, so brushes get gross fast and I like having spares on hand without spending much. Three sets for $13.99 is the best value here, and the covered white caddies will blend in fine with my bathroom."
survey_toilet-brush-choice__3wcD3Xb,persona/datasets/matraix-persona-1m/cohorts/cohort-162f4cf6eb0f/persona_gss-8f99f2cd11cd.yaml,1.0,oxo_hideaway,OXO Hideaway Compact,19.97,4,hygiene,4,25-34,,North America,Lower-middle,Man,,,,Full-time,"The OXO Hideaway has a hideaway canister that keeps the brush out of sight and a ventilated tray so it dries instead of sitting in dirty water, which matters for hygiene in a small bathroom. At $19.97 it's a reasonable price for a trusted brand and a compact, clean-looking design."
survey_toilet-brush-choice__3xqb3ng,persona/datasets/matraix-persona-1m/cohorts/cohort-162f4cf6eb0f/persona_wiki-6789cf420fb6.yaml,1.0,oxo_hideaway,OXO Hideaway Compact,19.97,4,hygiene,4,65+,Value-driven,North America,High income,Man,Retirement,Small town,null,Retired,"I value well-engineered products from brands with a proven reputation, and OXO's hideaway design keeps the brush completely out of sight while the ventilated tray prevents standing water — a genuine hygiene improvement. The compact footprint suits a tidy, well-appointed bathroom, and the price is reasonable for the build quality."
survey_toilet-brush-choice__42whvpF,persona/datasets/matraix-persona-1m/cohorts/cohort-162f4cf6eb0f/persona_wiki-d87a9b0bead2.yaml,1.0,oxo_hideaway,OXO Hideaway Compact,19.97,4,hygiene,4,65-74,Value-driven,North America,High income,Man,Retirement,Suburban,$200k+,Self-employed,"I value a clean, uncluttered bathroom and the OXO Hideaway's auto-open canister keeps the brush fully concealed while ventilating the tray to prevent water pooling. OXO is a brand I trust for durable, well-engineered household tools, and the compact footprint suits my space."
survey_toilet-brush-choice__43FJwX7,persona/datasets/matraix-persona-1m/cohorts/cohort-162f4cf6eb0f/persona_wiki-c0b265c77359.yaml,1.0,nacena_long,nacena 2-Pack Long Handle,23.5,4,cleaning,4,,Cost-sensitive,North America,,Man,Early career,,,,"The extra-long handle is a real practical win for me since I want to clean without bending or getting close to the bowl, and the covered matte black bases look clean and minimal. The 2-pack at $23.50 is solid value — one for each bathroom, no fuss."
survey_toilet-brush-choice__44EEsCw,persona/datasets/matraix-persona-1m/cohorts/cohort-162f4cf6eb0f/persona_gss-7d539ac100b7.yaml,1.0,jiga_3pack,JIGA 3-Pack,13.99,5,price,4,45-54,,North America,Middle,Man,,,,,"With three bathrooms and kids in the house, I need multiple brushes and I'm not paying a premium for a single one. The JIGA 3-pack gives me stiff nylon bristles and covered caddies for $13.99, which is the best value on the shelf. I don't need silicone gimmicks or auto-open canisters to scrub a toilet."
survey_toilet-brush-choice__44ebPqJ,persona/datasets/matraix-persona-1m/cohorts/cohort-162f4cf6eb0f/persona_gss-778f00dd5c67.yaml,1.0,clorox_under_rim,Clorox Corner Under-Rim,15.5,4,cleaning,3,65-74,,North America,Middle,Woman,,,,Homemaker,"I want something simple and dependable that gets the job done without spending much. Clorox is a name I trust for cleaning, and the under-rim scrubber helps with the hard-to-reach spots. The corner caddy and price of $15.50 suit my small bathroom and budget."
survey_toilet-brush-choice__47WNrke,persona/datasets/matraix-persona-1m/cohorts/cohort-162f4cf6eb0f/persona_gss-0bba6902aad3.yaml,1.0,jiga_3pack,JIGA 3-Pack,13.99,5,price,4,35-44,,North America,Middle,Man,,,,Full-time,"With three kids and multiple bathrooms, a 3-pack of sturdy brushes for only $13.99 is the best value here and means I can put one in each bathroom without spending much. The stiff nylon bristles and non-slip handles cover the basics I need, and the price fits a middle-income family budget."
survey_toilet-brush-choice__4AQGYDH,persona/datasets/matraix-persona-1m/cohorts/cohort-162f4cf6eb0f/persona_wiki-77a012f6dd8c.yaml,1.0,oxo_hideaway,OXO Hideaway Compact,19.97,5,hygiene,4,65+,Value-driven,North America,High income,Woman,Retirement,Dense urban,$100k-200k,Self-employed,"I want a discreet, well-engineered set for a guest-visible bathroom: the hideaway canister conceals the brush entirely and its ventilated tray prevents the stagnant water and odor that plague open holders. OXO's reputation for durable, thoughtfully designed household tools justifies the modest premium over the cheapest silicone options, and its compact footprint suits my space."
survey_toilet-brush-choice__4EpWZwS,persona/datasets/matraix-persona-1m/cohorts/cohort-162f4cf6eb0f/persona_wiki-1fa691b537bc.yaml,1.0,oxo_hideaway,OXO Hideaway Compact,19.97,4,design,4,45-54,Value-driven,North America,Upper-middle,Woman,Mid-life,Small town,null,Self-employed,"I value order and aesthetics in my home, and the OXO's hideaway canister means no visible brush, which suits a clean, minimal bathroom. The auto-opening ventilated design addresses hygiene without the fussiness of silicone nub heads, and at $19.97 the price is reasonable for a well-designed, durable set."
survey_toilet-brush-choice__4HZgyjc,persona/datasets/matraix-persona-1m/cohorts/cohort-162f4cf6eb0f/persona_wiki-bb1a9b04974a.yaml,1.0,oxo_hideaway,OXO Hideaway Compact,19.97,4,hygiene,4,65+,Indifferent,North America,Lower-middle,Woman,Mid-life,Rural,,,"I live alone in a small rural house and I am not as steady on my feet as I once was, so a compact set that hides the brush away and opens automatically when lifted suits me well. The ventilated tray keeps water from pooling, which matters to me for hygiene, and at $19.97 the price is within what I can reasonably spend on a household necessity."
survey_toilet-brush-choice__4JFjcaa,persona/datasets/matraix-persona-1m/cohorts/cohort-162f4cf6eb0f/persona_gss-94619e14954e.yaml,1.0,jiga_3pack,JIGA 3-Pack,13.99,5,price,4,35-44,,North America,,Man,,,,Full-time,"With three kids and three bathrooms, I need a brush in every bathroom and I don't want to spend much. The JIGA 3-pack gives me three complete sets with stiff nylon bristles for only $13.99, which is the best value on the shelf. The white look is plain but it blends into any bathroom."
survey_toilet-brush-choice__4Lkg5z4,persona/datasets/matraix-persona-1m/cohorts/cohort-162f4cf6eb0f/persona_gss-765ae9b08ab9.yaml,1.0,oxo_hideaway,OXO Hideaway Compact,19.97,4,hygiene,4,18-24,,North America,Middle,Woman,,,,Part-time,"I want something compact and tidy for my small bathroom, and the OXO Hideaway keeps the brush completely out of sight while the ventilated tray stops water from pooling. The brand is familiar and the price feels fair for a set that will actually last."
survey_toilet-brush-choice__4MfB8Yr,persona/datasets/matraix-persona-1m/cohorts/cohort-162f4cf6eb0f/persona_gss-6d530eceb990.yaml,1.0,jiga_3pack,JIGA 3-Pack,13.99,5,price,4,35-44,,North America,Lower-middle,Woman,,,,Full-time,"With three kids and multiple bathrooms, a 3-pack for $13.99 is the best value on this shelf — I get a set for each bathroom without spending much. Stiff nylon bristles and a covered caddy are exactly what I need; I don't care about fancy finishes or silicone gimmicks."
survey_toilet-brush-choice__4RAZcLt,persona/datasets/matraix-persona-1m/cohorts/cohort-162f4cf6eb0f/persona_amazon-5ecdce4bafed.yaml,1.0,oxo_hideaway,OXO Hideaway Compact,19.97,4,hygiene,4,,,North America,,Woman,Parent of young kids,,,Full-time,"With three young kids and a busy bathroom, I want something that stays tidy and doesn't show a dripping brush — the hideaway canister that opens automatically and has a ventilated tray solves that. OXO is a brand I trust, and at $19.97 the compact, minimal look fits my bathroom without being fussy."
survey_toilet-brush-choice__4S8Uexn,persona/datasets/matraix-persona-1m/cohorts/cohort-162f4cf6eb0f/persona_wiki-177185d5bd89.yaml,1.0,oxo_hideaway,OXO Hideaway Compact,19.97,4,hygiene,4,55-64,Indifferent,North America,High income,Woman,Mid-life,null,null,Self-employed,"I want a clean, minimal look that hides the brush entirely when stored, and the auto-open ventilated canister suits my preference for hygiene and tidiness. OXO is a brand I trust for well-designed, durable household tools, and the compact footprint fits a smaller bathroom without visual clutter."
survey_toilet-brush-choice__4W2eUTV,persona/datasets/matraix-persona-1m/cohorts/cohort-162f4cf6eb0f/persona_stackoverflow-9661004f3822.yaml,1.0,oxo_hideaway,OXO Hideaway Compact,19.97,4,hygiene,4,35-44,,North America,,,Mid-life,,,Full-time,"I care most about a hygienic, tidy setup in a small bathroom, and the OXO's auto-opening hideaway canister keeps the brush fully concealed while the ventilated tray stops water from pooling and breeding bacteria. OXO is a brand I trust for durable everyday tools, and at $19.97 the price is reasonable for a single well-engineered set rather than a bulk pack I don't need."
survey_toilet-brush-choice__4WL4kPA,persona/datasets/matraix-persona-1m/cohorts/cohort-162f4cf6eb0f/persona_stackoverflow-f231a5ed039a.yaml,1.0,oxo_hideaway,OXO Hideaway Compact,19.97,4,hygiene,4,25-34,,North America,,,,,,Full-time,"I want a clean, compact setup that hides the brush when not in use, and the OXO hideaway canister opens automatically on lift with a ventilated tray so no dirty water pools. At $19.97 it's a reasonable mid-price for a trusted brand with a minimal look that fits a small bathroom."
survey_toilet-brush-choice__4ZiDQ2o,persona/datasets/matraix-persona-1m/cohorts/cohort-162f4cf6eb0f/persona_wiki-42213fb6021b.yaml,1.0,oxo_hideaway,OXO Hideaway Compact,19.97,4,hygiene,4,65+,,North America,,Man,Retirement,,,Retired,"I want a clean, uncluttered bathroom, and the OXO Hideaway's slim canister hides the brush completely while its auto-open lid and ventilated tray keep things hygienic. OXO is a brand I trust for sturdy, well-designed tools, and at $19.97 the price is reasonable for the quality."
survey_toilet-brush-choice__4b9Whb7,persona/datasets/matraix-persona-1m/cohorts/cohort-162f4cf6eb0f/persona_stackoverflow-523f79b703a3.yaml,1.0,oxo_hideaway,OXO Hideaway Compact,19.97,4,hygiene,4,25-34,,North America,,,Early career,,,Full-time,"I want a covered, minimal canister that hides the brush and has a ventilated tray so water doesn't pool — the auto-open mechanism is a genuinely useful mechanical detail rather than a gimmick. At $19.97 it's mid-priced with firm nylon bristles, which I trust more than silicone nubs for actual scrubbing, and OXO's build quality is a known quantity to me."
survey_toilet-brush-choice__4dBwvRq,persona/datasets/matraix-persona-1m/cohorts/cohort-162f4cf6eb0f/persona_gss-319816eb5d05.yaml,1.0,jiga_3pack,JIGA 3-Pack,13.99,5,price,4,35-44,,North America,Lower-middle,Woman,,,,Full-time,"With three kids and three bathrooms, I need a brush for each one and I'm not spending $25+ per set. The JIGA 3-pack gives me stiff nylon bristles and matching holders for $13.99 total, which is the best value on the shelf."
survey_toilet-brush-choice__4g89AjC,persona/datasets/matraix-persona-1m/cohorts/cohort-162f4cf6eb0f/persona_gss-e26824778f48.yaml,1.0,oxo_hideaway,OXO Hideaway Compact,19.97,4,hygiene,4,18-24,,North America,Middle,Man,,,,Part-time,"The OXO Hideaway's auto-open canister keeps the brush fully hidden when stored, which looks clean and hygienic in a small bathroom. OXO is a brand I trust for solid everyday build quality, and at $19.97 the price is reasonable for a compact, well-designed set."
survey_toilet-brush-choice__4kKi5st,persona/datasets/matraix-persona-1m/cohorts/cohort-162f4cf6eb0f/persona_stackoverflow-d4f8133d94c7.yaml,1.0,oxo_hideaway,OXO Hideaway Compact,19.97,4,hygiene,4,25-34,,North America,,,Early career,,,Full-time,"I want a compact, clean-looking set that hides the brush and avoids standing water, and OXO's hideaway canister with a ventilated tray does exactly that. At $19.97 it's reasonably priced for a design I trust to hold up, and the auto-open mechanism is a small but genuinely useful convenience."
survey_toilet-brush-choice__4oiy3cp,persona/datasets/matraix-persona-1m/cohorts/cohort-162f4cf6eb0f/persona_gss-79c9fe1998bf.yaml,1.0,jiga_3pack,JIGA 3-Pack,13.99,5,price,4,55-64,,North America,Lower-middle,Man,Retirement,,,Retired,"I have three bathrooms to keep up, so a 3-pack of simple white brushes with caddies for $13.99 is the best value by far. Stiff nylon bristles do the job fine, and white matches everything without fuss."
survey_toilet-brush-choice__4ssfzBq,persona/datasets/matraix-persona-1m/cohorts/cohort-162f4cf6eb0f/persona_stackoverflow-cc7dbccb09e8.yaml,1.0,oxo_hideaway,OXO Hideaway Compact,19.97,4,hygiene,4,45-54,,North America,,,Mid-life,,,Full-time,"I want a covered, hygienic design that keeps the brush out of sight and lets it dry without pooling water, and OXO's auto-open canister plus ventilated tray does exactly that. It's a brand I've had good luck with, and at $19.97 the price is reasonable for the build quality."
survey_toilet-brush-choice__57qKtpf,persona/datasets/matraix-persona-1m/cohorts/cohort-162f4cf6eb0f/persona_wiki-bb815620078d.yaml,1.0,oxo_hideaway,OXO Hideaway Compact,19.97,4,hygiene,4,,Value-driven,North America,High income,Man,Mid-life,Suburban,,Self-employed,"I want a clean, uncluttered bathroom and the OXO Hideaway keeps the brush fully concealed in a slim canister that opens automatically when lifted. OXO's build quality and the ventilated tray that prevents water pooling make it the best balance of hygiene, design, and durability at a fair price."
survey_toilet-brush-choice__57xgDQe,persona/datasets/matraix-persona-1m/cohorts/cohort-162f4cf6eb0f/persona_stackoverflow-fe5806f5597f.yaml,1.0,oxo_hideaway,OXO Hideaway Compact,19.97,4,hygiene,4,25-34,,North America,,,Early career,,,Full-time,"I want a compact, freestanding set that hides the brush entirely when stored, so the bathroom looks tidy and there's no standing water or visible mess. OXO's auto-open canister and ventilated tray address the hygiene and space concerns I care about, and the brand has a solid reputation for durable everyday tools. At $19.97 it's a reasonable mid-range price for something I'll use daily for years."
survey_toilet-brush-choice__5DiYS74,persona/datasets/matraix-persona-1m/cohorts/cohort-162f4cf6eb0f/persona_wiki-050be32a305b.yaml,1.0,oxo_hideaway,OXO Hideaway Compact,19.97,5,hygiene,5,65+,,North America,,Man,Mid-life,,,Retired,"I've used OXO Good Grips products for years and the build quality has never let me down — the hideaway canister that opens automatically when you lift the brush is a smart, clean design that keeps the brush out of sight in a small bathroom. The ventilated tray that prevents water pooling matters to me for hygiene, and at $19.97 it's a fair price for something I'll use daily for years."
survey_toilet-brush-choice__5JwdYhn,persona/datasets/matraix-persona-1m/cohorts/cohort-162f4cf6eb0f/persona_stackoverflow-30ef237fabbf.yaml,1.0,oxo_hideaway,OXO Hideaway Compact,19.97,4,hygiene,4,35-44,,North America,,,,,,Full-time,"I want a brush that stays out of sight and doesn't leave a wet, smelly puddle, and the OXO's auto-open canister with a ventilated tray solves exactly that. It's a brand I've had good luck with for kitchen and cleaning tools, and the compact footprint suits a small bathroom. The $19.97 price is reasonable for something I'll use daily for years."
survey_toilet-brush-choice__5VqESHB,persona/datasets/matraix-persona-1m/cohorts/cohort-162f4cf6eb0f/persona_gss-c717b73516dc.yaml,1.0,oxo_hideaway,OXO Hideaway Compact,19.97,4,hygiene,4,55-64,,North America,Middle,Man,,,,Full-time,"I want a brush that hides away neatly so the bathroom stays tidy, and OXO is a brand I've had good luck with before. The auto-open canister and ventilated tray make sense for keeping things dry and hygienic, and the price is reasonable for the quality."
survey_toilet-brush-choice__5W69kqX,persona/datasets/matraix-persona-1m/cohorts/cohort-162f4cf6eb0f/persona_gss-fb84ca238481.yaml,1.0,oxo_hideaway,OXO Hideaway Compact,19.97,4,hygiene,4,25-34,,North America,Middle,Woman,,,,Full-time,"I want something that looks tidy and doesn't show a dirty brush sitting out, and the OXO hideaway canister conceals the brush while the ventilated tray keeps it from sitting in water. OXO is a brand I trust for kitchen and bath basics, and at under $20 the price is reasonable for a set that will last."
survey_toilet-brush-choice__5WtyF4Q,persona/datasets/matraix-persona-1m/cohorts/cohort-162f4cf6eb0f/persona_wiki-9fea077f9aea.yaml,1.0,oxo_hideaway,OXO Hideaway Compact,19.97,4,hygiene,4,55-64,Value-driven,North America,High income,Man,Mid-life,Suburban,null,Self-employed,"The OXO Hideaway's auto-opening canister keeps the brush fully concealed when stored, which suits the clean, uncluttered look I want in a guest-visible bathroom. OXO's design and build quality have been reliable in my experience, and the ventilated tray addresses the water-pooling hygiene issue that matters most to me."
survey_toilet-brush-choice__5iHaS5X,persona/datasets/matraix-persona-1m/cohorts/cohort-162f4cf6eb0f/persona_gss-f71e9597e70d.yaml,1.0,clorox_under_rim,Clorox Corner Under-Rim,15.5,4,cleaning,4,25-34,,North America,Middle,Man,Student,,,Student,"I want a set that actually cleans well, and the dedicated under-rim scrubber plus antibacterial bristles gives me confidence it does. The corner caddy saves space in my small bathroom, and at $15.50 the Clorox brand is a trusted name at a fair price."
survey_toilet-brush-choice__5jyywS4,persona/datasets/matraix-persona-1m/cohorts/cohort-162f4cf6eb0f/persona_wiki-0109dd23322f.yaml,1.0,oxo_hideaway,OXO Hideaway Compact,19.97,4,hygiene,4,65+,Value-driven,North America,Upper-middle,Man,Mid-life,Small town,null,Full-time,"I favor the OXO Hideaway because the auto-opening canister keeps the brush fully out of sight and the ventilated tray prevents standing water, which matters most to me for hygiene and tidiness. At $19.97 it is a fair mid-range price from a brand I trust, and its compact footprint suits a small bathroom."
survey_toilet-brush-choice__5r3GjRA,persona/datasets/matraix-persona-1m/cohorts/cohort-162f4cf6eb0f/persona_gss-64cb9d4e67bf.yaml,1.0,oxo_hideaway,OXO Hideaway Compact,19.97,4,hygiene,4,55-64,,North America,Lower-middle,Man,,,,Full-time,"I want something compact and tidy that hides the brush away rather than leaving it on display, and OXO is a brand I've had good luck with. The price is reasonable for a set that will last and keeps the water from pooling in the base."
survey_toilet-brush-choice__5r4Y2ZZ,persona/datasets/matraix-persona-1m/cohorts/cohort-162f4cf6eb0f/persona_stackoverflow-07d7e2c311bd.yaml,1.0,oxo_hideaway,OXO Hideaway Compact,19.97,4,hygiene,4,25-34,,North America,,,Early career,,,Full-time,"I want a compact, clean-looking set that hides the brush entirely when stored, and OXO's auto-open canister with a ventilated tray solves the standing-water/odor problem that bothers me most. The $19.97 price is reasonable for a well-reviewed brand with a small footprint, which suits my bathroom."
survey_toilet-brush-choice__5rtfcSJ,persona/datasets/matraix-persona-1m/cohorts/cohort-162f4cf6eb0f/persona_gss-17c242cbf1ed.yaml,1.0,oxo_hideaway,OXO Hideaway Compact,19.97,4,hygiene,4,25-34,,North America,Lower-middle,Woman,,,,Part-time,"I have two little kids and a small bathroom, so a compact set that hides the brush away and opens automatically is worth the extra cost to me. OXO is a brand I recognize and trust, and the ventilated tray means it won't sit in dirty water. It's a bit more than the cheapest options but still reasonable at under $20."
survey_toilet-brush-choice__5sw9STt,persona/datasets/matraix-persona-1m/cohorts/cohort-162f4cf6eb0f/persona_stackoverflow-01675bc57e2e.yaml,1.0,oxo_hideaway,OXO Hideaway Compact,19.97,4,hygiene,4,25-34,,North America,,,Early career,,,Full-time,"The OXO Hideaway's auto-opening canister keeps the brush fully concealed and the ventilated tray prevents standing water, which matters most to me for bathroom hygiene. OXO is a brand I trust for well-engineered household tools, and at $19.97 the price is reasonable for the build quality. The compact footprint also suits a small bathroom."
survey_toilet-brush-choice__5viTykB,persona/datasets/matraix-persona-1m/cohorts/cohort-162f4cf6eb0f/persona_wiki-260c0729d13a.yaml,1.0,oxo_hideaway,OXO Hideaway Compact,19.97,4,hygiene,4,65+,Value-driven,North America,Upper-middle,Woman,Retirement,Dense urban,,Self-employed,"I value a tidy, uncluttered bathroom, and the OXO Hideaway keeps the brush completely out of sight while its ventilated tray prevents the standing water and odor that plague most holders. OXO is a brand I trust for well-designed, durable household tools, and at $19.97 the price is reasonable for something I'll use daily for years."
survey_toilet-brush-choice__68ERKGw,persona/datasets/matraix-persona-1m/cohorts/cohort-162f4cf6eb0f/persona_wiki-8ab3dc1539f5.yaml,1.0,oxo_hideaway,OXO Hideaway Compact,19.97,4,design,4,65+,Value-driven,North America,Upper-middle,Woman,Retirement,Dense urban,null,Retired,"I live alone in a compact city apartment, so a slim canister that hides the brush entirely and opens automatically when lifted suits both my space and my eye. OXO's design is clean and minimal, the ventilated tray prevents water pooling, and at $19.97 it is a reasonable price for a well-considered object."
survey_toilet-brush-choice__69KSWCS,persona/datasets/matraix-persona-1m/cohorts/cohort-162f4cf6eb0f/persona_stackoverflow-76282d7f215b.yaml,1.0,oxo_hideaway,OXO Hideaway Compact,19.97,4,hygiene,4,18-24,,North America,,,Early career,,$100k-200k,Full-time,"I want something that actually stays clean and looks tidy, and the OXO Hideaway's auto-opening ventilated canister keeps the wet brush hidden and prevents water pooling on the floor. OXO is a brand I've had good experiences with, and at $19.97 it's a reasonable price for a design that solves the real problem (standing water and visible gunk) rather than just adding gimmicks like tweezers."
survey_toilet-brush-choice__69xarfi,persona/datasets/matraix-persona-1m/cohorts/cohort-162f4cf6eb0f/persona_gss-b51744fa6412.yaml,1.0,oxo_hideaway,OXO Hideaway Compact,19.97,4,hygiene,4,25-34,,North America,Lower-middle,Man,,,,Full-time,"I want a compact, tidy set that hides the brush away and doesn't look cheap or cluttered in a small bathroom. OXO is a brand I trust for practical design, and the ventilated auto-open canister keeps things hygienic without the fuss of silicone or tweezer gimmicks. At $19.97 it's a fair middle price for something I'll use daily."
survey_toilet-brush-choice__6DaQ9r6,persona/datasets/matraix-persona-1m/cohorts/cohort-162f4cf6eb0f/persona_prism-0adf43b3fc79.yaml,1.0,oxo_hideaway,OXO Hideaway Compact,19.97,4,hygiene,4,35-44,,North America,,Woman,Early career,,,Full-time,"I want a compact, tidy set that hides the brush when stored and has a ventilated tray so water doesn't pool, which matters for hygiene in a small bathroom. OXO is a brand I trust, and at $19.97 the price is reasonable for the build quality and design."
survey_toilet-brush-choice__6NEfShU,persona/datasets/matraix-persona-1m/cohorts/cohort-162f4cf6eb0f/persona_gss-3fbae33f9ef4.yaml,1.0,oxo_hideaway,OXO Hideaway Compact,19.97,4,hygiene,4,35-44,,North America,Middle,Woman,,,,Full-time,"I want something that looks neat and tidy in my guest bathroom, and the hideaway canister means I never have to see the brush sitting out. OXO is a brand I trust to hold up well, and at just under $20 the price is reasonable for the quality."
survey_toilet-brush-choice__6SMQiDb,persona/datasets/matraix-persona-1m/cohorts/cohort-162f4cf6eb0f/persona_wiki-d0bcb55431ef.yaml,1.0,oxo_hideaway,OXO Hideaway Compact,19.97,4,hygiene,4,65+,Value-driven,North America,High income,Woman,Retirement,Dense urban,$100k-200k,Retired,"The OXO Hideaway's auto-opening canister keeps the brush fully concealed, which suits a tidy, well-appointed bathroom, and OXO's design reputation gives me confidence in the build. Ventilated tray and compact footprint address the hygiene and space concerns that matter most to me."
survey_toilet-brush-choice__6Sbzmav,persona/datasets/matraix-persona-1m/cohorts/cohort-162f4cf6eb0f/persona_gss-52c79ced43ea.yaml,1.0,clorox_under_rim,Clorox Corner Under-Rim,15.5,4,cleaning,4,35-44,,North America,Lower-middle,Woman,,,,Part-time,"With three children and a busy bathroom, I need something that actually gets under the rim where mess builds up, and the Clorox name plus antibacterial bristles gives me confidence it's hygienic. At $15.50 it's affordable for our budget, and the corner caddy keeps it tucked out of the way in a small bathroom."
survey_toilet-brush-choice__6ShGDqE,persona/datasets/matraix-persona-1m/cohorts/cohort-162f4cf6eb0f/persona_gss-c9919adbdc34.yaml,1.0,clorox_under_rim,Clorox Corner Under-Rim,15.5,5,cleaning,4,18-24,,North America,Middle,Woman,,,,Homemaker,"As a homemaker keeping a clean and tidy home, I trust the Clorox name for real cleaning power, and the dedicated under-rim scrubber is exactly what I need for those hard-to-reach spots. The price is reasonable and the white-and-gray look fits my bathroom without being flashy."
survey_toilet-brush-choice__6TsuTaB,persona/datasets/matraix-persona-1m/cohorts/cohort-162f4cf6eb0f/persona_stackoverflow-49a15c791071.yaml,1.0,oxo_hideaway,OXO Hideaway Compact,19.97,4,hygiene,4,35-44,,North America,,,Mid-life,,,,"I prefer a covered, minimal design that keeps the brush out of sight and a ventilated tray that prevents standing water, which matters for hygiene in a small bathroom. OXO is a brand I trust for durable, well-designed household tools, and at $19.97 the price is reasonable for the build quality."
survey_toilet-brush-choice__6Y777Ye,persona/datasets/matraix-persona-1m/cohorts/cohort-162f4cf6eb0f/persona_gss-22c42e09b171.yaml,1.0,oxo_hideaway,OXO Hideaway Compact,19.97,4,hygiene,4,35-44,,North America,Lower-middle,Man,,,,Full-time,"I want something that hides the brush so my bathroom doesn't look cluttered, and OXO is a brand I've had good luck with. The auto-open canister and ventilated tray sound practical for keeping things from getting gross, and the price is reasonable."
survey_toilet-brush-choice__6kLEJcN,persona/datasets/matraix-persona-1m/cohorts/cohort-162f4cf6eb0f/persona_wiki-5a1974971a4e.yaml,1.0,oxo_hideaway,OXO Hideaway Compact,19.97,4,hygiene,4,65+,,North America,Middle,Man,,Small town,null,Full-time,"The OXO Hideaway's auto-opening canister keeps the brush fully concealed when stored, which suits a tidy, orderly bathroom, and the ventilated tray prevents the standing water and odor that plague most covered holders. OXO's reputation for durable, well-engineered household tools justifies the modest premium over the bargain silicone sets."
survey_toilet-brush-choice__6pB9A6f,persona/datasets/matraix-persona-1m/cohorts/cohort-162f4cf6eb0f/persona_gss-6200d35e078f.yaml,1.0,boomjoy_tweezer,BOOMJOY Silicone+Tweezers,12.99,5,price,4,35-44,,North America,Lower-middle,Woman,,,,Full-time,"With three kids and a tight budget, the built-in tweezers for pulling out tangled hair are a real practical win, and $12.99 fits what I can spend. The ventilated quick-dry base also helps with hygiene in a busy family bathroom."
survey_toilet-brush-choice__6vgeomZ,persona/datasets/matraix-persona-1m/cohorts/cohort-162f4cf6eb0f/persona_amazon-55288622dbb8.yaml,1.0,oxo_hideaway,OXO Hideaway Compact,19.97,4,hygiene,4,55-64,,North America,,,Mid-life,,,,"I prefer a compact, covered set that hides the brush so my small bathroom stays tidy, and the automatic hideaway canister plus ventilated tray addresses my hygiene concerns. OXO is a brand I trust, and at $19.97 the price is reasonable for the build quality."
survey_toilet-brush-choice__6wK78ce,persona/datasets/matraix-persona-1m/cohorts/cohort-162f4cf6eb0f/persona_gss-8d8d5b28b4dc.yaml,1.0,clorox_under_rim,Clorox Corner Under-Rim,15.5,4,cleaning,4,65-74,,North America,Lower-middle,Man,,,,Full-time,"I trust the Clorox name and it's a fair price at $15.50. The under-rim scrubber and antimicrobial bristles are practical for keeping the bowl hygienic, and the corner caddy saves space in my bathroom."
survey_toilet-brush-choice__6yjFBMM,persona/datasets/matraix-persona-1m/cohorts/cohort-162f4cf6eb0f/persona_gss-9cfbe53b0e1f.yaml,1.0,oxo_hideaway,OXO Hideaway Compact,19.97,4,hygiene,4,55-64,,North America,Middle,Woman,,,,Full-time,"I want a compact, tidy set that hides the brush away so it doesn't look unsightly in my guest bathroom, and the auto-open canister with a ventilated tray keeps things hygienic and dry. OXO is a brand I trust for everyday household tools, and at $19.97 the price is reasonable for the quality."
survey_toilet-brush-choice__6yyVcvR,persona/datasets/matraix-persona-1m/cohorts/cohort-162f4cf6eb0f/persona_wiki-4a612fc897fc.yaml,1.0,oxo_hideaway,OXO Hideaway Compact,19.97,4,hygiene,4,55-64,Indifferent,North America,Middle,Man,Retirement,Rural,$50k-100k,Retired,"I want a brush that disappears when it's not in use — the auto-open hideaway canister and ventilated tray mean no standing water and no visible filth sitting in my bathroom. OXO is a brand I actually trust for tools that hold up, and at $19.97 the price is reasonable for something I'll use for years."
survey_toilet-brush-choice__6zghCPQ,persona/datasets/matraix-persona-1m/cohorts/cohort-162f4cf6eb0f/persona_stackoverflow-d360f46ac5a4.yaml,1.0,oxo_hideaway,OXO Hideaway Compact,19.97,4,hygiene,4,45-54,,North America,,,Mid-life,,,Full-time,"I want a tidy, hygienic setup that hides the brush and doesn't pool water, and OXO's hideaway canister with a ventilated tray does exactly that. The compact footprint suits my bathroom, and OXO is a brand I trust for durable, well-designed basics at a fair price."
survey_toilet-brush-choice__76iubvv,persona/datasets/matraix-persona-1m/cohorts/cohort-162f4cf6eb0f/persona_gss-b70b3cd5b81d.yaml,1.0,oxo_hideaway,OXO Hideaway Compact,19.97,4,hygiene,4,45-54,,North America,Middle,Woman,,,,Full-time,"I want a brush that stays hidden and neat in my bathroom, and the OXO Hideaway canister opens automatically with a ventilated tray so water doesn't pool. OXO is a brand I trust for good quality, and at $19.97 it's a reasonable price for something that will last."
survey_toilet-brush-choice__7C45orQ,persona/datasets/matraix-persona-1m/cohorts/cohort-162f4cf6eb0f/persona_gss-2f352564a70f.yaml,1.0,oxo_hideaway,OXO Hideaway Compact,19.97,4,hygiene,4,45-54,,North America,Upper-middle,Woman,,,,Part-time,"I have used OXO Good Grips products before and trust the brand's quality and thoughtful design. The hideaway canister that opens automatically when lifted keeps the bathroom looking tidy, and the ventilated tray prevents water pooling, which matters for hygiene in a family bathroom."
survey_toilet-brush-choice__7CKefVx,persona/datasets/matraix-persona-1m/cohorts/cohort-162f4cf6eb0f/persona_wiki-2e91ff177f5f.yaml,1.0,oxo_hideaway,OXO Hideaway Compact,19.97,4,hygiene,4,,,North America,,Man,Mid-life,,,Full-time,"The OXO Hideaway is the right balance of design, hygiene, and brand trust for a primary bathroom. The auto-opening canister hides the brush entirely and the ventilated tray prevents the stagnant water and odor that plague most holders, while the compact footprint suits a small bathroom and the $19.97 price is easy to justify."
survey_toilet-brush-choice__7CkYnuv,persona/datasets/matraix-persona-1m/cohorts/cohort-162f4cf6eb0f/persona_wiki-276fb4a61853.yaml,1.0,oxo_hideaway,OXO Hideaway Compact,19.97,4,hygiene,4,65+,,North America,null,Man,Retirement,null,null,Retired,"I'm a practical guy and OXO is a brand I've trusted for years in the kitchen and around the house — the quality is consistent. The hideaway canister that opens automatically when you lift the brush keeps the bathroom looking tidy and the ventilated tray stops water pooling, which matters for hygiene. At under $20 it's a fair price for something that will last."
survey_toilet-brush-choice__7ENgT9S,persona/datasets/matraix-persona-1m/cohorts/cohort-162f4cf6eb0f/persona_amazon-ae9e5c4d404f.yaml,1.0,oxo_hideaway,OXO Hideaway Compact,19.97,4,hygiene,4,,,North America,,Woman,,,,Full-time,"I want a compact, clean-looking set that hides the brush and dries without pooling water, and OXO's hideaway canister does exactly that. At $19.97 it's a reasonable mid-range price for a brand I trust, and the small footprint suits my bathroom."
survey_toilet-brush-choice__7FQUtT2,persona/datasets/matraix-persona-1m/cohorts/cohort-162f4cf6eb0f/persona_gss-f3cefe3e6fbb.yaml,1.0,jiga_3pack,JIGA 3-Pack,13.99,5,price,4,45-54,,North America,Low income,Man,,,,Full-time,"I'm on a tight budget and have two kids, so a three-pack for $13.99 covers both bathrooms and gives me spares. The stiff nylon bristles and covered caddy are what I'm used to, and I don't need fancy silicone or stainless steel."
survey_toilet-brush-choice__7MvvRiQ,persona/datasets/matraix-persona-1m/cohorts/cohort-162f4cf6eb0f/persona_stackoverflow-ab3ef3eb78b9.yaml,1.0,oxo_hideaway,OXO Hideaway Compact,19.97,4,hygiene,4,18-24,,North America,,,Student,,,Part-time,"I want a compact set that hides the brush when stored, and OXO's auto-open canister with a ventilated tray keeps things tidy and dry in a small bathroom. The design is minimal and clean, and at $19.97 the price is reasonable for a brand known for solid build quality."
survey_toilet-brush-choice__7TVwzip,persona/datasets/matraix-persona-1m/cohorts/cohort-162f4cf6eb0f/persona_wiki-716386b792c6.yaml,1.0,oxo_hideaway,OXO Hideaway Compact,19.97,4,design,4,65+,Value-driven,North America,High income,Woman,Retirement,Dense urban,,Self-employed,"I keep a tidy, understated guest bathroom, and the OXO Hideaway's clean white canister conceals the brush entirely, which suits my aesthetic. OXO is a brand I trust for well-engineered household tools, and the ventilated tray addresses the hygiene concern of standing water. At $19.97 it sits comfortably in the mid-range for a single well-made set."
survey_toilet-brush-choice__7XpVoBo,persona/datasets/matraix-persona-1m/cohorts/cohort-162f4cf6eb0f/persona_stackoverflow-9dc34f8254b4.yaml,1.0,oxo_hideaway,OXO Hideaway Compact,19.97,4,hygiene,4,35-44,,North America,,,,,,Full-time,"I want a compact, tidy set that hides the brush when stored so the bathroom looks clean, and OXO's ventilated tray addresses the pooling-water hygiene issue I actually care about. The auto-open canister is a simple mechanism I can trust, and at $19.97 it's a reasonable price for a brand with a solid reputation."
survey_toilet-brush-choice__7ZRLjnG,persona/datasets/matraix-persona-1m/cohorts/cohort-162f4cf6eb0f/persona_gss-1fb4067e03d6.yaml,1.0,oxo_hideaway,OXO Hideaway Compact,19.97,4,hygiene,4,65-74,,North America,Middle,Man,Retirement,,,Retired,"I want a clean-looking set where the brush is hidden away and the holder drains properly, so it doesn't sit in dirty water. OXO is a brand I've trusted for kitchen and bath tools, and at $19.97 the quality seems worth it over the cheapest silicone sets."
survey_toilet-brush-choice__7fAHGFr,persona/datasets/matraix-persona-1m/cohorts/cohort-162f4cf6eb0f/persona_gss-2ab228ea6935.yaml,1.0,clorox_under_rim,Clorox Corner Under-Rim,15.5,4,cleaning,4,35-44,,North America,Lower-middle,Woman,,,,Part-time,"I want something that actually cleans well without spending a lot, and the under-rim scrubber head plus corner caddy design seems practical for a family bathroom with two kids. Clorox is a brand I recognize and trust, and $15.50 is a fair price for the features."
survey_toilet-brush-choice__7nqjApA,persona/datasets/matraix-persona-1m/cohorts/cohort-162f4cf6eb0f/persona_wiki-b963544fbe33.yaml,1.0,oxo_hideaway,OXO Hideaway Compact,19.97,4,design,4,55-64,Value-driven,North America,Upper-middle,Woman,Mid-life,Suburban,null,Full-time,"I value a clean, uncluttered bathroom and the OXO's hideaway canister means no visible brush when stored, which suits my aesthetic standards. OXO is a brand I trust for well-designed, durable household tools, and the ventilated tray addresses the hygiene concern that matters most to me."
survey_toilet-brush-choice__7oBWyoC,persona/datasets/matraix-persona-1m/cohorts/cohort-162f4cf6eb0f/persona_stackoverflow-31e64c7159f4.yaml,1.0,oxo_hideaway,OXO Hideaway Compact,19.97,4,hygiene,4,25-34,,North America,,,Early career,,,Full-time,"I want a compact, hygienic set that stays out of sight and doesn't pool water, and OXO's hideaway canister with a ventilated tray addresses that directly. The $19.97 price is reasonable for a durable, well-reviewed design, and I trust OXO's build quality more than the generic silicone sets."
survey_toilet-brush-choice__7tusXee,persona/datasets/matraix-persona-1m/cohorts/cohort-162f4cf6eb0f/persona_gss-595eb9a52b7c.yaml,1.0,clorox_under_rim,Clorox Corner Under-Rim,15.5,4,cleaning,4,65-74,,North America,Middle,Man,Retirement,,,Retired,"I want something dependable and easy to use at my age, and the corner caddy plus under-rim scrubber means I can reach under the rim without straining. Clorox is a brand I trust for bathroom cleaning, and $15.50 fits my fixed retirement budget."
survey_toilet-brush-choice__84jSRHA,persona/datasets/matraix-persona-1m/cohorts/cohort-162f4cf6eb0f/persona_stackoverflow-50df4907be83.yaml,1.0,oxo_hideaway,OXO Hideaway Compact,19.97,4,hygiene,4,35-44,Value-driven,North America,,,,,,Full-time,"The hideaway canister that opens automatically when lifted is the detail that sells me — no visible brush and no fiddly lid to handle, which matters for daily hygiene. OXO's reputation for durable, well-designed kitchen and bath tools gives me more confidence in build quality than the no-name silicone options, and at $19.97 the price is reasonable for a set I'll keep for years. The ventilated tray that prevents water pooling addresses the exact mildew problem I want to avoid."
survey_toilet-brush-choice__84zAWSP,persona/datasets/matraix-persona-1m/cohorts/cohort-162f4cf6eb0f/persona_stackoverflow-c46e19366d0d.yaml,1.0,oxo_hideaway,OXO Hideaway Compact,19.97,4,hygiene,4,45-54,,North America,,,,,,Full-time,"I want a brush that hides the head when stored so it looks clean and doesn't drip, and OXO's auto-open ventilated canister solves that hygienically. The compact footprint suits a small bathroom, and OXO's build quality justifies the mid-range price over the cheaper silicone sets."
survey_toilet-brush-choice__88937W6,persona/datasets/matraix-persona-1m/cohorts/cohort-162f4cf6eb0f/persona_wiki-5ad7e822afc6.yaml,1.0,oxo_hideaway,OXO Hideaway Compact,19.97,4,hygiene,4,65+,Indifferent,North America,Upper-middle,Woman,Retirement,Dense urban,null,Retired,"I want a brush that stays out of sight and doesn't drip on the floor, and the OXO's auto-opening canister with a ventilated tray does exactly that. The compact footprint suits my small bathroom, and OXO is a brand I trust for well-designed household tools at a fair mid-range price."
survey_toilet-brush-choice__8942Aqa,persona/datasets/matraix-persona-1m/cohorts/cohort-162f4cf6eb0f/persona_wiki-298ec2976840.yaml,1.0,oxo_hideaway,OXO Hideaway Compact,19.97,4,hygiene,5,45-54,null,North America,Middle,Man,Mid-life,Small town,$50k-100k,Full-time,"I want a well-built set from a brand I trust, and the OXO Hideaway's auto-opening canister keeps the brush out of sight, which suits a tidy, traditional bathroom. The ventilated tray that prevents water pooling addresses hygiene without gimmicks, and at $19.97 the price is reasonable for the quality."
survey_toilet-brush-choice__8JE63kg,persona/datasets/matraix-persona-1m/cohorts/cohort-162f4cf6eb0f/persona_stackoverflow-6791b126974e.yaml,1.0,oxo_hideaway,OXO Hideaway Compact,19.97,4,hygiene,4,35-44,,North America,,,,,,Full-time,"I want a discreet, well-engineered set that keeps the brush hidden and doesn't pool water in the base, and OXO's reputation for thoughtful design plus the auto-open canister and ventilated tray fits that perfectly. At $19.97 it's a reasonable mid-range price for a compact, hygienic solution rather than a cheap multi-pack I don't need."
survey_toilet-brush-choice__8LCaoZc,persona/datasets/matraix-persona-1m/cohorts/cohort-162f4cf6eb0f/persona_wiki-90f965b92947.yaml,1.0,oxo_hideaway,OXO Hideaway Compact,19.97,4,hygiene,4,,Value-driven,North America,High income,Man,,,,Self-employed,"The hideaway canister keeps the brush fully out of sight, which suits a clean, minimal bathroom, and the auto-open mechanism plus ventilated tray addresses the hygiene and water-pooling issues that plague most open holders. OXO's design and build reputation justifies the modest $19.97 price for a single well-engineered set."
survey_toilet-brush-choice__8Ld8VWx,persona/datasets/matraix-persona-1m/cohorts/cohort-162f4cf6eb0f/persona_wiki-9c937095d567.yaml,1.0,oxo_hideaway,OXO Hideaway Compact,19.97,4,hygiene,4,18-24,,North America,Upper-middle,Woman,Student,Dense urban,null,Student,"I want a hygienic, tidy setup in a shared family bathroom, and the auto-open hideaway canister keeps the brush fully concealed while its ventilated tray prevents water pooling. OXO's reputation for durable, well-designed everyday tools makes the $19.97 price feel justified."
survey_toilet-brush-choice__8WTW6bd,persona/datasets/matraix-persona-1m/cohorts/cohort-162f4cf6eb0f/persona_gss-7480f6867cd4.yaml,1.0,oxo_hideaway,OXO Hideaway Compact,19.97,4,hygiene,4,65-74,,North America,Upper-middle,Man,Retirement,,,Retired,"I've had good luck with OXO's Good Grips line over the years, and the hideaway canister design keeps the brush out of sight, which my wife prefers in a guest bathroom. The auto-open lid and ventilated tray address the hygiene and tidiness concerns that matter most to me at a reasonable price."
survey_toilet-brush-choice__8Xb3Ep3,persona/datasets/matraix-persona-1m/cohorts/cohort-162f4cf6eb0f/persona_wiki-3d4021db05ac.yaml,1.0,oxo_hideaway,OXO Hideaway Compact,19.97,4,hygiene,4,65+,,North America,null,Man,Mid-life,null,null,Self-employed,"I want a clean, uncluttered bathroom and I trust OXO's build quality and ergonomics. The hideaway canister keeps the brush out of sight and the ventilated tray prevents standing water, which matters more to me than saving a few dollars."
survey_toilet-brush-choice__8cqhDEB,persona/datasets/matraix-persona-1m/cohorts/cohort-162f4cf6eb0f/persona_amazon-e37875160da8.yaml,1.0,oxo_hideaway,OXO Hideaway Compact,19.97,4,hygiene,4,,Value-driven,North America,,Woman,,Suburban,,Retired,"I want a clean, minimal look in my bathroom and value a holder that hides the brush and dries without pooling water, which matters for hygiene and stability. OXO is a brand I trust, and the compact auto-open canister fits my space and is easy to use with my mobility aid."
survey_toilet-brush-choice__8dcvgDH,persona/datasets/matraix-persona-1m/cohorts/cohort-162f4cf6eb0f/persona_stackoverflow-5a8cd660a2d8.yaml,1.0,oxo_hideaway,OXO Hideaway Compact,19.97,4,hygiene,4,45-54,,North America,High income,,,,,Full-time,"I want a clean, uncluttered bathroom, and the OXO Hideaway's canister hides the brush entirely while opening automatically on lift — no fuss, no visible mess. OXO's reputation for well-engineered, durable household tools and the ventilated tray that prevents water pooling make it worth the modest premium over the $13 silicone sets."
survey_toilet-brush-choice__8gNixoB,persona/datasets/matraix-persona-1m/cohorts/cohort-162f4cf6eb0f/persona_gss-e7162bda88c7.yaml,1.0,jiga_3pack,JIGA 3-Pack,13.99,5,price,4,45-54,,North America,Lower-middle,Woman,,,,Full-time,"With three kids and three bathrooms to keep clean, a 3-pack of stiff nylon brushes for only $13.99 is the practical, budget-friendly buy. Stiff bristles scrub well, and having a spare set on hand means I'm never caught without one."
survey_toilet-brush-choice__8hntnUe,persona/datasets/matraix-persona-1m/cohorts/cohort-162f4cf6eb0f/persona_stackoverflow-305a77afcbd0.yaml,1.0,oxo_hideaway,OXO Hideaway Compact,19.97,4,hygiene,4,25-34,,North America,,,Early career,,,Full-time,"I want a compact, tidy set that hides the brush when stored, and OXO's auto-open canister with a ventilated tray solves the pooling-water hygiene problem I care about. At $19.97 it's mid-priced, and OXO's ergonomics reputation gives me confidence it will hold up in daily use."
survey_toilet-brush-choice__8nhpyai,persona/datasets/matraix-persona-1m/cohorts/cohort-162f4cf6eb0f/persona_gss-87be13c58208.yaml,1.0,jiga_3pack,JIGA 3-Pack,13.99,5,price,4,45-54,,North America,Lower-middle,Woman,,,,Part-time,"With three kids and multiple bathrooms, a 3-pack for $13.99 is the best value here and I won't have to rebuy soon. The stiff nylon bristles and caddy storage cover what I need without paying extra for features I won't use."
survey_toilet-brush-choice__8yHRGGE,persona/datasets/matraix-persona-1m/cohorts/cohort-162f4cf6eb0f/persona_wiki-81cf0e2a2375.yaml,1.0,oxo_hideaway,OXO Hideaway Compact,19.97,4,hygiene,4,65+,,North America,,Woman,Retirement,,,Retired,"At my age I want something that works without fuss, and the OXO Hideaway's auto-open canister keeps the brush out of sight while the ventilated tray stops water pooling in the base. OXO is a brand I trust for ergonomic, well-built household tools, and the compact footprint suits my guest bathroom."
survey_toilet-brush-choice__8zdeYGk,persona/datasets/matraix-persona-1m/cohorts/cohort-162f4cf6eb0f/persona_gss-e16267daea8c.yaml,1.0,jiga_3pack,JIGA 3-Pack,13.99,5,price,4,25-34,,North America,Lower-middle,Man,,,,Full-time,"With three kids and multiple bathrooms, a 3-pack for $13.99 is unbeatable value — I get a brush for every bathroom without spending much. Stiff nylon bristles and non-slip handles cover the basics I need, and the white caddy look is clean and simple."
survey_toilet-brush-choice__97SFkZj,persona/datasets/matraix-persona-1m/cohorts/cohort-162f4cf6eb0f/persona_wiki-5c1d496a1787.yaml,1.0,oxo_hideaway,OXO Hideaway Compact,19.97,4,hygiene,4,65+,,North America,Upper-middle,Man,Retirement,null,null,Retired,"I want a brush that stays out of sight and doesn't pool dirty water in the base, and OXO's hideaway canister opens automatically when lifted while the ventilated tray drains properly. The brand has a long track record for well-engineered household tools, and at $19.97 the price is reasonable for something I'll use for years."
survey_toilet-brush-choice__9BW5oWn,persona/datasets/matraix-persona-1m/cohorts/cohort-162f4cf6eb0f/persona_amazon-036c6131e137.yaml,1.0,oxo_hideaway,OXO Hideaway Compact,19.97,4,hygiene,4,,,North America,,,,,,Full-time,"I want a clean, practical look without a visible brush sitting out, and the OXO hideaway canister opens automatically when you lift the brush while the ventilated tray keeps it from getting gross. At $19.97 it's a reasonable mid-range price for a trusted brand, and the compact footprint suits a normal bathroom."
survey_toilet-brush-choice__9GrGf5X,persona/datasets/matraix-persona-1m/cohorts/cohort-162f4cf6eb0f/persona_amazon-c872be7fb934.yaml,1.0,oxo_hideaway,OXO Hideaway Compact,19.97,4,hygiene,4,,,North America,,,,Suburban,,,"I want a compact, clean-looking set that hides the brush when it's not in use, and the OXO's auto-open canister plus ventilated tray keeps things tidy and dry without taking up much space. The brand has a solid reputation for durable everyday household tools, and at $19.97 the price is reasonable for that mix of hygiene and build quality."
survey_toilet-brush-choice__9JYeMpd,persona/datasets/matraix-persona-1m/cohorts/cohort-162f4cf6eb0f/persona_stackoverflow-3ff96b631ab4.yaml,1.0,oxo_hideaway,OXO Hideaway Compact,19.97,4,hygiene,4,25-34,,North America,,,,,,Full-time,"I value a clean, uncluttered bathroom and the hideaway canister keeps the brush fully concealed while the ventilated tray prevents water pooling and odor. OXO's build quality and compact footprint justify the mid-range price, and the auto-open lid is a genuinely practical touch for a tool I use daily."
survey_toilet-brush-choice__9PR7huB,persona/datasets/matraix-persona-1m/cohorts/cohort-162f4cf6eb0f/persona_wiki-6d32463ddb89.yaml,1.0,oxo_hideaway,OXO Hideaway Compact,19.97,4,hygiene,4,65+,Indifferent,North America,High income,Woman,,Dense urban,null,Retired,"I live alone in a small city apartment and value a tidy, uncluttered bathroom, so the OXO's hideaway canister—which conceals the brush entirely and opens automatically when lifted—appeals to me. OXO is a brand I have learned to trust for well-designed, durable household tools, and the ventilated tray that prevents water pooling addresses hygiene without gimmicks. At $19.97 it is a reasonable, mid-range price for a single well-made set, and I would rather buy one good item than a multi-pack I do not need."
survey_toilet-brush-choice__9ZPeTuw,persona/datasets/matraix-persona-1m/cohorts/cohort-162f4cf6eb0f/persona_wiki-74a49a7c93c5.yaml,1.0,oxo_hideaway,OXO Hideaway Compact,19.97,4,hygiene,4,65+,Value-driven,North America,Middle,Man,Mid-life,Small town,null,Retired,"I want a brush that stays out of sight and doesn't leave a puddle in the holder; the OXO's auto-open canister and ventilated tray solve both problems, and the brand has a solid reputation for durable everyday tools. At $19.97 it sits comfortably in my budget for something I'll use daily for years."
survey_toilet-brush-choice__9ZUZpx4,persona/datasets/matraix-persona-1m/cohorts/cohort-162f4cf6eb0f/persona_wiki-98d18ef3ef0a.yaml,1.0,oxo_hideaway,OXO Hideaway Compact,19.97,4,hygiene,4,,Indifferent,North America,Upper-middle,Man,Mid-life,Suburban,,Self-employed,"I want a clean, unobtrusive look in the bathroom and the OXO hideaway canister conceals the brush entirely until lifted, which keeps things tidy. The ventilated tray that prevents water pooling addresses my main hygiene concern, and the compact footprint suits a two-person household that doesn't need multiple sets."
survey_toilet-brush-choice__9baHCrw,persona/datasets/matraix-persona-1m/cohorts/cohort-162f4cf6eb0f/persona_wiki-e5677d48b535.yaml,1.0,oxo_hideaway,OXO Hideaway Compact,19.97,4,hygiene,4,35-44,Value-driven,North America,Upper-middle,Woman,Mid-life,Small town,,Full-time,"I value a tidy, uncluttered bathroom, and the OXO's hideaway canister keeps the brush fully out of sight while the ventilated tray prevents the stagnant water and odor that bother me about open or poorly draining holders. OXO's reputation for durable, well-designed tools justifies the mid-range price, and the compact footprint suits my small-town home's modest bathroom."
survey_toilet-brush-choice__9dSJsGe,persona/datasets/matraix-persona-1m/cohorts/cohort-162f4cf6eb0f/persona_wiki-451e9816d480.yaml,1.0,clorox_under_rim,Clorox Corner Under-Rim,15.5,3,price,3,65+,Value-driven,North America,Upper-middle,Woman,Mid-life,Suburban,$100k-200k,Self-employed,"No persona-specific answer was produced, so a neutral answer was used."
survey_toilet-brush-choice__9jjzTvE,persona/datasets/matraix-persona-1m/cohorts/cohort-162f4cf6eb0f/persona_stackoverflow-d67a69fd773c.yaml,1.0,oxo_hideaway,OXO Hideaway Compact,19.97,4,hygiene,4,35-44,,North America,,,,,,Full-time,"I want a compact set that hides the brush when stored, and OXO's ventilated tray prevents the stagnant water pooling that makes cheap holders gross. At $19.97 it's a reasonable price from a brand I trust to actually deliver on the mechanism working long-term."
survey_toilet-brush-choice__9kTQjju,persona/datasets/matraix-persona-1m/cohorts/cohort-162f4cf6eb0f/persona_wiki-8a3757f6d599.yaml,1.0,oxo_hideaway,OXO Hideaway Compact,19.97,4,hygiene,5,45-54,,North America,Middle,Man,Retirement,Small town,,Retired,"I value a clean, uncluttered bathroom, and the OXO's hideaway canister keeps the brush completely out of sight while its ventilated tray prevents water pooling and odor. The brand's reputation for durable, well-designed tools and the compact footprint make it the best fit for a small bathroom at a fair mid-range price."
survey_toilet-brush-choice__9uvjwV4,persona/datasets/matraix-persona-1m/cohorts/cohort-162f4cf6eb0f/persona_wiki-5312b64ca6ce.yaml,1.0,oxo_hideaway,OXO Hideaway Compact,19.97,4,hygiene,4,65+,,North America,Middle,Man,Mid-life,Rural,null,Self-employed,"I want a simple, well-built set that keeps the brush out of sight and doesn't leave a puddle in the holder. The OXO's automatic hideaway canister and ventilated tray fit my small rural bathroom, and it's a brand I've trusted for tools before. At $19.97 it's a fair price without gimmicks I don't need."
survey_toilet-brush-choice__9viubV7,persona/datasets/matraix-persona-1m/cohorts/cohort-162f4cf6eb0f/persona_wiki-7f45928b9cfb.yaml,1.0,oxo_hideaway,OXO Hideaway Compact,19.97,5,design,4,65+,Premium-seeking,North America,High income,Woman,Mid-life,Dense urban,$100k-200k,Full-time,"I want a clean, uncluttered bathroom, and the OXO Hideaway's canister conceals the brush entirely while opening automatically when lifted — a genuinely well-engineered design detail rather than a gimmick. OXO's build quality and the ventilated tray that prevents water pooling justify the modest premium over the budget silicone sets, and the compact footprint suits my space."
survey_toilet-brush-choice__A2WV3aW,persona/datasets/matraix-persona-1m/cohorts/cohort-162f4cf6eb0f/persona_stackoverflow-78d4375c47b2.yaml,1.0,oxo_hideaway,OXO Hideaway Compact,19.97,4,hygiene,4,45-54,,North America,,,,,,Full-time,"I want a covered, compact set that keeps the brush out of sight and doesn't pool water, and OXO's hideaway canister with a ventilated tray solves both without being fussy. The $19.97 price is reasonable for a brand with a solid reputation, and the slim footprint suits a small bathroom. Silicone novelty heads and 2-3 packs don't fit my needs; I just want one well-made, hygienic set."
survey_toilet-brush-choice__A74TKnN,persona/datasets/matraix-persona-1m/cohorts/cohort-162f4cf6eb0f/persona_stackoverflow-73619ce680b3.yaml,1.0,oxo_hideaway,OXO Hideaway Compact,19.97,4,hygiene,4,25-34,,North America,,,,,,Full-time,"I want a compact, clean-looking set that hides the brush when stored and has a ventilated tray so water doesn't pool — hygiene matters more to me than saving a few dollars. OXO's design reputation and the auto-open canister make it worth the mid-range price."
survey_toilet-brush-choice__A9Nqjfm,persona/datasets/matraix-persona-1m/cohorts/cohort-162f4cf6eb0f/persona_gss-db0abd39e1fe.yaml,1.0,oxo_hideaway,OXO Hideaway Compact,19.97,4,hygiene,4,35-44,,North America,Lower-middle,Man,,,,Full-time,"I want something compact and tidy that hides the brush away, since my bathroom is small and I don't like looking at a dirty brush. OXO is a brand I trust for everyday household items, and the auto-open canister with ventilated tray keeps things cleaner."
survey_toilet-brush-choice__A9ijqPR,persona/datasets/matraix-persona-1m/cohorts/cohort-162f4cf6eb0f/persona_gss-ea3bb824fd40.yaml,1.0,clorox_under_rim,Clorox Corner Under-Rim,15.5,4,cleaning,4,55-64,,North America,Lower-middle,Man,,,,Full-time,"I want a brush that actually gets under the rim where the stains hide, and the Clorox under-rim scrubber does that. The price is reasonable for a name I trust, and the corner caddy keeps it tidy in a small bathroom."
survey_toilet-brush-choice__ABhFbDY,persona/datasets/matraix-persona-1m/cohorts/cohort-162f4cf6eb0f/persona_wiki-bce81770bc74.yaml,1.0,oxo_hideaway,OXO Hideaway Compact,19.97,4,hygiene,4,35-44,,North America,,Woman,Early career,,,Full-time,"I want a clean, minimal look where the brush is fully hidden when stored, and OXO's hideaway canister with a ventilated tray solves the pooling-water hygiene problem I care about. At $19.97 it's a reasonable mid-range price for a brand I trust to build something durable."
survey_toilet-brush-choice__ADXNUYB,persona/datasets/matraix-persona-1m/cohorts/cohort-162f4cf6eb0f/persona_gss-415e5556916b.yaml,1.0,oxo_hideaway,OXO Hideaway Compact,19.97,4,hygiene,4,75-84,,North America,,Man,Retirement,,,Retired,"At my age I want something simple, tidy, and reliable. The OXO Hideaway keeps the brush out of sight in a compact canister that opens automatically, and the ventilated tray keeps it from sitting in dirty water. The price is reasonable for a well-known brand I trust."
survey_toilet-brush-choice__ASXMFyb,persona/datasets/matraix-persona-1m/cohorts/cohort-162f4cf6eb0f/persona_gss-b77bbf77b0b6.yaml,1.0,jiga_3pack,JIGA 3-Pack,13.99,5,price,4,65-74,,North America,Lower-middle,Woman,Retirement,,,Retired,"I have two bathrooms and a spare, so a 3-pack for $13.99 is the best value on this shelf. I'm on a fixed income, so getting three brushes for less than the price of one of the fancy sets makes the most sense for me."
survey_toilet-brush-choice__AVBb77e,persona/datasets/matraix-persona-1m/cohorts/cohort-162f4cf6eb0f/persona_wiki-bc0b4f6b9052.yaml,1.0,oxo_hideaway,OXO Hideaway Compact,19.97,5,hygiene,4,55-64,Premium-seeking,North America,High income,Man,Mid-life,Suburban,$200k+,Self-employed,"The OXO Hideaway's auto-open canister keeps the brush fully concealed when stored, which suits a tidy bathroom, and the ventilated tray prevents the stagnant water and odor that plague open or poorly drained holders. OXO's design and build quality justify the modest $19.97 premium over the budget silicone sets."
survey_toilet-brush-choice__AY6iVxh,persona/datasets/matraix-persona-1m/cohorts/cohort-162f4cf6eb0f/persona_gss-41f52fdaf552.yaml,1.0,oxo_hideaway,OXO Hideaway Compact,19.97,4,hygiene,4,55-64,,North America,Low income,Man,,,,Full-time,I want something compact and tidy that hides the brush away — the auto-open canister and ventilated tray keep things clean and it fits a small bathroom without looking cheap. OXO has a solid reputation and the price is reasonable for the quality.
survey_toilet-brush-choice__AYvY4G3,persona/datasets/matraix-persona-1m/cohorts/cohort-162f4cf6eb0f/persona_stackoverflow-130139304442.yaml,1.0,oxo_hideaway,OXO Hideaway Compact,19.97,4,hygiene,4,35-44,,North America,,,,,,Full-time,"I want a compact, tidy set that hides the brush when not in use, and the OXO Hideaway's auto-open canister plus ventilated tray addresses hygiene without a fussy design. At $19.97 it sits in a reasonable middle ground, and OXO's reputation for well-designed household tools gives me confidence it will hold up."
survey_toilet-brush-choice__Ai6uume,persona/datasets/matraix-persona-1m/cohorts/cohort-162f4cf6eb0f/persona_gss-0ee314336943.yaml,1.0,oxo_hideaway,OXO Hideaway Compact,19.97,4,hygiene,4,75-84,,North America,Middle,Woman,Retirement,,,Retired,"I want a brush that stays out of sight and looks tidy in my bathroom, so the OXO hideaway canister appeals to me. OXO is a brand I recognize and trust, and the ventilated tray that keeps water from pooling matters for hygiene."
survey_toilet-brush-choice__AkguEr6,persona/datasets/matraix-persona-1m/cohorts/cohort-162f4cf6eb0f/persona_stackoverflow-6836da523da0.yaml,1.0,oxo_hideaway,OXO Hideaway Compact,19.97,4,hygiene,4,35-44,,North America,,,,,,Full-time,"I want a covered, compact set that hides the brush and doesn't pool water in the base, and OXO's auto-open hideaway canister with a ventilated tray solves both cleanly. The brand has a solid reputation for durable, well-designed household tools, and at $19.97 the price is reasonable for a single set I'll actually keep in the bathroom."
survey_toilet-brush-choice__AmUk2Jg,persona/datasets/matraix-persona-1m/cohorts/cohort-162f4cf6eb0f/persona_gss-fd5b597dce9f.yaml,1.0,oxo_hideaway,OXO Hideaway Compact,19.97,4,hygiene,4,55-64,,North America,Middle,Woman,,,,Full-time,"I prefer a well-known brand I trust, and the hideaway canister keeps the brush out of sight, which suits my tidy bathroom. The ventilated tray that prevents water pooling matters to me for hygiene, and at under $20 the price is reasonable."
survey_toilet-brush-choice__AsRDPsj,persona/datasets/matraix-persona-1m/cohorts/cohort-162f4cf6eb0f/persona_gss-4b2ccff88cf5.yaml,1.0,jiga_3pack,JIGA 3-Pack,13.99,5,price,3,25-34,,North America,Lower-middle,Woman,,,,Homemaker,"With three kids and a tight budget, I need a brush for each bathroom and can't spend much. The JIGA 3-pack gives me three complete sets for $13.99, which is the best value here, and stiff nylon bristles should scrub well enough for everyday messes."
survey_toilet-brush-choice__AtfwJsG,persona/datasets/matraix-persona-1m/cohorts/cohort-162f4cf6eb0f/persona_amazon-80f625e5d18b.yaml,1.0,oxo_hideaway,OXO Hideaway Compact,19.97,3,hygiene,4,65+,,North America,,,Mid-life,,,,"I want something compact and tidy that hides the brush away, and OXO is a brand I trust for solid everyday tools. The auto-open canister and ventilated tray keep things clean and dry without taking up much space."
survey_toilet-brush-choice__AxmnPrB,persona/datasets/matraix-persona-1m/cohorts/cohort-162f4cf6eb0f/persona_wiki-7396740eea07.yaml,1.0,oxo_hideaway,OXO Hideaway Compact,19.97,4,hygiene,4,90+,Indifferent,North America,Middle,Man,Retirement,Suburban,,Retired,"I've had good luck with OXO tools and the hideaway canister keeps the brush out of sight, which suits a tidy bathroom. The auto-open lid and ventilated tray mean less mess and no standing water, and the compact footprint fits my space without fuss."
survey_toilet-brush-choice__AyYSxpr,persona/datasets/matraix-persona-1m/cohorts/cohort-162f4cf6eb0f/persona_wiki-d04d01aceab0.yaml,1.0,oxo_hideaway,OXO Hideaway Compact,19.97,4,hygiene,4,65+,Value-driven,North America,Upper-middle,Man,Retirement,Rural,null,Retired,"I want a discreet, well-engineered set for a guest-visible bathroom, and the OXO hideaway canister keeps the brush fully out of sight while its ventilated tray prevents the stagnant water and odor that plague open holders. At $19.97 from a brand with a long track record, the auto-open mechanism and compact footprint justify the modest premium over the budget silicone sets."
survey_toilet-brush-choice__B2hWRWp,persona/datasets/matraix-persona-1m/cohorts/cohort-162f4cf6eb0f/persona_wiki-ffe5277feb17.yaml,1.0,oxo_hideaway,OXO Hideaway Compact,19.97,5,hygiene,4,65+,Value-driven,North America,Upper-middle,Man,Retirement,Suburban,null,Self-employed,"The OXO Hideaway solves the actual engineering problem here: brush storage is a hygiene and aesthetics issue, and a canister that opens on lift and a ventilated tray that prevents standing water is the right mechanical answer. I've had good experience with OXO's Good Grips line holding up over years of use, and at $19.97 it's a fair price for a clean, compact design that won't look like clutter in the bathroom."
survey_toilet-brush-choice__BBWSmbS,persona/datasets/matraix-persona-1m/cohorts/cohort-162f4cf6eb0f/persona_stackoverflow-aaa131e90158.yaml,1.0,oxo_hideaway,OXO Hideaway Compact,19.97,4,hygiene,4,35-44,,North America,,,,,,Self-employed,"The OXO Good Grips Hideaway is the one that actually solves my main gripe: it hides the brush entirely and the ventilated tray stops water pooling, which is the hygiene issue I care about most. At $19.97 it's a fair price for a compact, well-designed set from a brand I trust, and the auto-open canister is a genuinely thoughtful mechanism rather than marketing fluff. The other options are either too cheap-feeling, overpriced for what they are, or solve problems I don't have (tweezers, 3-packs, corner scrubbers)."
survey_toilet-brush-choice__BDg6NRF,persona/datasets/matraix-persona-1m/cohorts/cohort-162f4cf6eb0f/persona_wiki-10311d78a227.yaml,1.0,oxo_hideaway,OXO Hideaway Compact,19.97,4,hygiene,4,,Value-driven,North America,Lower-middle,Woman,Mid-life,Rural,,Self-employed,"I want something that looks clean and intentional in a small bathroom, and the hideaway canister means I never have to look at a damp brush sitting in a puddle. OXO's ventilated tray and auto-open design solve the two things I actually care about — hygiene and not having an eyesore on the floor — without being fussy or expensive."
survey_toilet-brush-choice__BF4A3qc,persona/datasets/matraix-persona-1m/cohorts/cohort-162f4cf6eb0f/persona_wiki-33a5ae7420f6.yaml,1.0,oxo_hideaway,OXO Hideaway Compact,19.97,4,hygiene,4,35-44,Value-driven,North America,Upper-middle,Woman,Early career,Suburban,null,Self-employed,"I value a tidy, uncluttered bathroom, and the OXO Hideaway's slim canister completely conceals the brush while its auto-open lid and ventilated tray address hygiene and ease of use. OXO is a brand I trust for well-designed, durable household tools, and at $19.97 the price is reasonable for the quality and small footprint."
survey_toilet-brush-choice__BFEAJgK,persona/datasets/matraix-persona-1m/cohorts/cohort-162f4cf6eb0f/persona_amazon-ae93fdef1f11.yaml,1.0,oxo_hideaway,OXO Hideaway Compact,19.97,4,hygiene,4,,,North America,,,,Suburban,,Full-time,"I want a compact, no-fuss set that hides the brush and doesn't pool water on the floor, and OXO's reputation for durable, well-designed tools gives me confidence even at a mid price. The auto-open canister is also easier on my hands than fiddly lids or tweezers, which matters given my motor needs."
survey_toilet-brush-choice__BHZ2oi2,persona/datasets/matraix-persona-1m/cohorts/cohort-162f4cf6eb0f/persona_gss-f1cbd89b95e0.yaml,1.0,clorox_under_rim,Clorox Corner Under-Rim,15.5,4,cleaning,4,25-34,,North America,Low income,Woman,,,,Full-time,"I have two little ones at home so I need something that really gets under the rim and stays clean, and the antibacterial bristles matter to me. Clorox is a brand I already trust for bathroom cleaning, and at $15.50 the corner caddy design keeps it tucked away neatly without costing much."
survey_toilet-brush-choice__BQFc8s7,persona/datasets/matraix-persona-1m/cohorts/cohort-162f4cf6eb0f/persona_wiki-10703e7b0f43.yaml,1.0,jiga_3pack,JIGA 3-Pack,13.99,5,price,4,65+,Value-driven,North America,Lower-middle,Woman,Retirement,Dense urban,,Self-employed,"I have a five-plus person household and three bathrooms' worth of traffic, so three sets for $13.99 is the only genuinely practical value on this shelf. Stiff nylon bristles are what I trust for real scrubbing, and identical white caddies keep things simple and replaceable. The others are either single units priced higher or gimmicks I do not need."
survey_toilet-brush-choice__BRRv5QX,persona/datasets/matraix-persona-1m/cohorts/cohort-162f4cf6eb0f/persona_prism-0de95e9010a3.yaml,1.0,oxo_hideaway,OXO Hideaway Compact,19.97,4,hygiene,4,45-54,,North America,,Woman,Mid-life,,,Unemployed,"I want a clean, unobtrusive look and reliable cleaning in a small bathroom. The OXO's hideaway canister keeps the brush out of sight, and the ventilated tray prevents water from pooling, which matters to me for hygiene. I trust the OXO brand more than the unfamiliar names, and $19.97 is a reasonable price for a well-built set."
survey_toilet-brush-choice__BRgbozA,persona/datasets/matraix-persona-1m/cohorts/cohort-162f4cf6eb0f/persona_stackoverflow-8a889c985985.yaml,1.0,oxo_hideaway,OXO Hideaway Compact,19.97,4,hygiene,4,45-54,,North America,,,,,,Full-time,"The OXO Hideaway is the set I'd actually buy: the auto-opening canister keeps the brush fully hidden when stored, which is the main thing I care about in a bathroom, and the ventilated tray stops water pooling in the base. OXO is a brand I trust for good grips and build quality, and at $19.97 for a single well-designed set it's reasonable value without paying for brushes I don't need."
survey_toilet-brush-choice__BXQ2fSL,persona/datasets/matraix-persona-1m/cohorts/cohort-162f4cf6eb0f/persona_wiki-0979d9690ee4.yaml,1.0,oxo_hideaway,OXO Hideaway Compact,19.97,4,hygiene,4,65+,Indifferent,North America,null,Man,Mid-life,Small town,null,null,"I keep a tidy, modest bathroom and dislike the sight of a wet brush sitting out, so the hideaway canister that opens on lift and has a ventilated tray suits how I keep house. OXO's firm nylon bristles and reputation for durable grips matter more to me than novelty tweezers or silicone gimmicks, and at $19.97 the price is reasonable for something I will use for years."
survey_toilet-brush-choice__BZdtRua,persona/datasets/matraix-persona-1m/cohorts/cohort-162f4cf6eb0f/persona_gss-4ec377962653.yaml,1.0,oxo_hideaway,OXO Hideaway Compact,19.97,4,hygiene,4,35-44,,North America,Lower-middle,Man,,,,Full-time,"I want a brush that stays hidden and looks tidy in my bathroom, and OXO is a brand I trust to hold up. The auto-open canister and ventilated tray keep things dry and hygienic without a big footprint, and $19.97 is a fair price for that."
survey_toilet-brush-choice__Bacj4h6,persona/datasets/matraix-persona-1m/cohorts/cohort-162f4cf6eb0f/persona_gss-16e06f8c5047.yaml,1.0,jiga_3pack,JIGA 3-Pack,13.99,5,price,4,18-24,,North America,Lower-middle,Woman,,,,Homemaker,"With two kids and a tight budget, getting three brushes for $13.99 is the best value here. I can keep one in each bathroom and have a spare, and the stiff nylon bristles should scrub well enough for everyday use."
survey_toilet-brush-choice__BavBXuh,persona/datasets/matraix-persona-1m/cohorts/cohort-162f4cf6eb0f/persona_gss-d26f77d9facc.yaml,1.0,oxo_hideaway,OXO Hideaway Compact,19.97,4,hygiene,4,45-54,,North America,Upper-middle,Woman,,,,Full-time,"With three kids and a busy household, I want something that stays clean and looks tidy — the OXO hideaway canister keeps the brush out of sight and the ventilated tray stops water pooling, which matters for hygiene. OXO is a brand I trust, and at $19.97 the price is reasonable for the build quality."
survey_toilet-brush-choice__Bdga3Jm,persona/datasets/matraix-persona-1m/cohorts/cohort-162f4cf6eb0f/persona_wiki-9203816a0fbf.yaml,1.0,oxo_hideaway,OXO Hideaway Compact,19.97,4,hygiene,4,55-64,Value-driven,North America,Upper-middle,Woman,Mid-life,Suburban,$100k-200k,Full-time,"I want a clean, uncluttered bathroom, and the OXO Hideaway's canister conceals the brush entirely while its ventilated tray prevents the standing water and odor that plague open holders. I trust OXO's build quality and the $19.97 price is reasonable for a piece I'll look at every day."
survey_toilet-brush-choice__BpnTRS9,persona/datasets/matraix-persona-1m/cohorts/cohort-162f4cf6eb0f/persona_amazon-90e83b3e08f9.yaml,1.0,oxo_hideaway,OXO Hideaway Compact,19.97,4,hygiene,4,,,North America,,,,Suburban,,,"I rent a small suburban bathroom and value a tidy, uncluttered look, so the OXO Hideaway's auto-open canister that hides the brush entirely appeals to me. OXO is a brand I trust for durable, well-designed household tools, and at $19.97 it's a reasonable mid-range price for something I'll use daily."
survey_toilet-brush-choice__BqJHhyA,persona/datasets/matraix-persona-1m/cohorts/cohort-162f4cf6eb0f/persona_gss-e2f34d61f583.yaml,1.0,jiga_3pack,JIGA 3-Pack,13.99,5,price,4,35-44,,North America,Lower-middle,Woman,,,,Part-time,"With two kids and a husband sharing one bathroom, I'm cleaning toilets constantly and brushes wear out fast, so getting three sets for $13.99 is the best value here. The stiff nylon bristles and caddy storage are all I really need, and I don't care about fancy finishes or silicone gimmicks."
survey_toilet-brush-choice__BsRRJMZ,persona/datasets/matraix-persona-1m/cohorts/cohort-162f4cf6eb0f/persona_wiki-d43293156692.yaml,1.0,oxo_hideaway,OXO Hideaway Compact,19.97,4,hygiene,4,65+,Indifferent,North America,Middle,Man,Retirement,Rural,null,Retired,"I want a clean, minimal look with no visible brush and a canister that opens automatically when lifted — that's practical and tidy for a two-person household. OXO's reputation for durable, well-designed tools and the ventilated tray that prevents water pooling seal it for me at under $20."
survey_toilet-brush-choice__Bzj7mNC,persona/datasets/matraix-persona-1m/cohorts/cohort-162f4cf6eb0f/persona_stackoverflow-69b2bd70baca.yaml,1.0,oxo_hideaway,OXO Hideaway Compact,19.97,4,hygiene,4,,,North America,,Prefer not to say,,,,Full-time,"I want a brush that stays out of sight and doesn't pool dirty water, and OXO's auto-open hideaway canister with a ventilated tray does exactly that. At $19.97 it's a reasonable mid-range price for a brand I trust for durable, well-designed bathroom tools."
survey_toilet-brush-choice__C25CPAL,persona/datasets/matraix-persona-1m/cohorts/cohort-162f4cf6eb0f/persona_stackoverflow-d3016fa19da5.yaml,1.0,oxo_hideaway,OXO Hideaway Compact,19.97,4,hygiene,4,25-34,,North America,,,,,,Full-time,"I want a compact, tidy set that hides the brush when stored and has a ventilated tray so it doesn't sit in dirty water — the auto-open canister design solves that cleanly. OXO is a brand I trust for durable, well-designed household tools, and at $19.97 the price is reasonable for a single set that will last."
survey_toilet-brush-choice__C2oH9YY,persona/datasets/matraix-persona-1m/cohorts/cohort-162f4cf6eb0f/persona_gss-4ff2b1423698.yaml,1.0,oxo_hideaway,OXO Hideaway Compact,19.97,4,hygiene,4,35-44,,North America,Lower-middle,Woman,,,,Full-time,"I want a compact, tidy set that hides the brush away so my small bathroom doesn't look cluttered. OXO is a brand I recognize and trust, the auto-open canister keeps things neat and hygienic, and $19.97 is a reasonable price for something that will last."
survey_toilet-brush-choice__CDanLsQ,persona/datasets/matraix-persona-1m/cohorts/cohort-162f4cf6eb0f/persona_stackoverflow-b4b7e3b6c852.yaml,1.0,oxo_hideaway,OXO Hideaway Compact,19.97,4,hygiene,4,35-44,,North America,,,,,,Full-time,"I want a compact, minimal set that hides the brush when stored, and OXO's auto-open canister with a ventilated tray solves the dripping and hygiene issue cleanly. The brand's build quality and the small footprint suit a tidy bathroom, and at $19.97 the price is reasonable for a well-designed daily-use item."
survey_toilet-brush-choice__CEKytY4,persona/datasets/matraix-persona-1m/cohorts/cohort-162f4cf6eb0f/persona_gss-812cf2cc5acd.yaml,1.0,oxo_hideaway,OXO Hideaway Compact,19.97,3,hygiene,3,65-74,,North America,Lower-middle,Woman,,,,Homemaker,"At 74 and widowed, I keep a small, tidy bathroom and I want something simple that hides the brush away and doesn't look unsightly when guests come by. The OXO hideaway canister is a trusted name I recognize, it opens automatically with a lift, and the ventilated tray keeps things from getting soggy, all for a price I can manage on a fixed income."
survey_toilet-brush-choice__CF7kxpN,persona/datasets/matraix-persona-1m/cohorts/cohort-162f4cf6eb0f/persona_wiki-b0b92a0ad484.yaml,1.0,oxo_hideaway,OXO Hideaway Compact,19.97,4,hygiene,4,,,North America,,Man,Mid-life,,,Self-employed,"I want a brush that stays out of sight and doesn't leave a puddle in the base, and the OXO's auto-open hideaway canister with a ventilated tray solves both problems in a compact footprint that suits a small bathroom. The $19.97 price is reasonable for a brand I trust, and the smooth white-gray look fits my decor without drawing attention."
survey_toilet-brush-choice__CFL9M3D,persona/datasets/matraix-persona-1m/cohorts/cohort-162f4cf6eb0f/persona_stackoverflow-0ea99a2fce05.yaml,1.0,oxo_hideaway,OXO Hideaway Compact,19.97,4,hygiene,4,45-54,,North America,,,,,,Full-time,"The hideaway canister that opens automatically when the brush is lifted is a genuinely useful mechanical design, and the ventilated tray addresses the real problem of standing water in the base. OXO is a brand with a track record of well-engineered household tools, and at $19.97 the price is reasonable for something I'll use for years. The compact footprint also suits a small bathroom where I don't want a brush on display."
survey_toilet-brush-choice__CGRzBRo,persona/datasets/matraix-persona-1m/cohorts/cohort-162f4cf6eb0f/persona_wiki-5070a28c1184.yaml,1.0,oxo_hideaway,OXO Hideaway Compact,19.97,4,hygiene,4,85+,Value-driven,North America,High income,Man,Retirement,Suburban,$100k-200k,Retired,"At 85 I've learned that a brush you don't have to look at is a brush you don't mind owning, and the OXO's canister hides the head entirely while its ventilated tray keeps things from getting sour. The auto-open lid and compact footprint suit a one-man household, and OXO is a brand I've trusted for years."
survey_toilet-brush-choice__CHJx9HM,persona/datasets/matraix-persona-1m/cohorts/cohort-162f4cf6eb0f/persona_amazon-3d6d8c55b23b.yaml,1.0,oxo_hideaway,OXO Hideaway Compact,19.97,4,hygiene,4,,,North America,,,,Suburban,,Full-time,"I'm frustrated with my current brush that sits out looking gross and leaves a puddle in the holder. The OXO Hideaway's auto-open canister hides the brush completely and the ventilated tray keeps water from pooling, which is exactly what I want in a small bathroom. At $19.97 it's a reasonable middle price for a brand I already trust for kitchen and bath stuff."
survey_toilet-brush-choice__CNxEDSP,persona/datasets/matraix-persona-1m/cohorts/cohort-162f4cf6eb0f/persona_stackoverflow-f9b654e69042.yaml,1.0,oxo_hideaway,OXO Hideaway Compact,19.97,4,hygiene,4,35-44,,North America,,,,,,Full-time,"The hideaway canister keeps the brush out of sight and the ventilated tray prevents water pooling, which matters most to me for hygiene in a small bathroom. OXO is a brand I trust for practical, well-designed household tools, and at $19.97 the price is reasonable for that combination."
survey_toilet-brush-choice__CSCmFwT,persona/datasets/matraix-persona-1m/cohorts/cohort-162f4cf6eb0f/persona_wiki-86198cc2b0fe.yaml,1.0,oxo_hideaway,OXO Hideaway Compact,19.97,4,hygiene,4,,Indifferent,North America,High income,Woman,Mid-life,Dense urban,,Retired,"I want a brush that stays fully concealed and doesn't hold standing water — the auto-open hideaway canister with a ventilated tray addresses both. OXO's ergonomic design reputation and the compact footprint suit my bathroom, and at $19.97 the price is reasonable for the build quality."
survey_toilet-brush-choice__CU74N8w,persona/datasets/matraix-persona-1m/cohorts/cohort-162f4cf6eb0f/persona_gss-39a27153c7e6.yaml,1.0,oxo_hideaway,OXO Hideaway Compact,19.97,4,hygiene,4,65-74,,North America,Middle,Woman,,,,Homemaker,"I'm a widow keeping house on my own, so I want something tidy and trustworthy that hides the brush away when not in use. The OXO Hideaway's canister opens automatically and the ventilated tray keeps things from getting soggy, and OXO is a brand I've relied on for years in my kitchen."
survey_toilet-brush-choice__CZewCSw,persona/datasets/matraix-persona-1m/cohorts/cohort-162f4cf6eb0f/persona_wiki-df06dc920189.yaml,1.0,oxo_hideaway,OXO Hideaway Compact,19.97,4,cleaning,4,,,North America,,Man,Retirement,,,Retired,"I want something that cleans well and looks tidy in the bathroom, and the OXO Hideaway's auto-open canister keeps the brush out of sight while its ventilated tray stops water pooling. OXO has a solid reputation for sturdy, well-designed tools, and at $19.97 the price is fair for the quality. The compact footprint suits my space without looking cheap."
survey_toilet-brush-choice__CjcgH5r,persona/datasets/matraix-persona-1m/cohorts/cohort-162f4cf6eb0f/persona_gss-df1bd06887ec.yaml,1.0,jiga_3pack,JIGA 3-Pack,13.99,5,price,4,25-34,,North America,Middle,Woman,,,,Homemaker,"With two kids and multiple bathrooms to keep clean, the JIGA 3-pack gives me a brush and holder for each bathroom at a price that fits our single-income budget. Stiff nylon bristles scrub well, and having spares means I'm not re-buying when one wears out."
survey_toilet-brush-choice__Cn9xDH8,persona/datasets/matraix-persona-1m/cohorts/cohort-162f4cf6eb0f/persona_stackoverflow-55d2ed3fc882.yaml,1.0,oxo_hideaway,OXO Hideaway Compact,19.97,4,hygiene,4,25-34,,North America,,,Early career,,,Full-time,"The OXO Hideaway is the only option that solves the actual problem I care about: the brush is completely hidden when stored, so I don't have to look at a dirty brush sitting in my bathroom. The auto-open canister and ventilated tray mean it dries without pooling water, and OXO's design/build reputation is one I trust more than the no-name silicone sets. At $19.97 it's mid-priced, but I'd rather pay once for something that looks clean and lasts than buy a $13 set I'd resent."
survey_toilet-brush-choice__Crsojpa,persona/datasets/matraix-persona-1m/cohorts/cohort-162f4cf6eb0f/persona_gss-0b4c91107080.yaml,1.0,oxo_hideaway,OXO Hideaway Compact,19.97,4,hygiene,4,35-44,,North America,Middle,Woman,,,,Full-time,"I want a brush that stays out of sight and doesn't pool water, and OXO's hideaway canister opens automatically and has a ventilated tray, which fits a busy family bathroom. The compact footprint suits our space, and OXO is a brand I trust for durable everyday tools."
survey_toilet-brush-choice__CwvByvW,persona/datasets/matraix-persona-1m/cohorts/cohort-162f4cf6eb0f/persona_gss-24a5a74b520a.yaml,1.0,oxo_hideaway,OXO Hideaway Compact,19.97,4,hygiene,4,65-74,,North America,Middle,Woman,Retirement,,,Retired,"I want something tidy that hides the brush away and doesn't look cheap sitting next to the toilet. OXO is a brand I trust, the auto-open canister keeps things neat and the ventilated tray means it won't sit in dirty water. At under twenty dollars, that's a fair price for a set that will last."
survey_toilet-brush-choice__CyPJU5m,persona/datasets/matraix-persona-1m/cohorts/cohort-162f4cf6eb0f/persona_stackoverflow-cf447b2ae264.yaml,1.0,oxo_hideaway,OXO Hideaway Compact,19.97,4,hygiene,4,45-54,,North America,,,,,,Full-time,"As an engineering manager who values reliability and clean design, I trust OXO's reputation for well-engineered household tools. The hideaway canister that opens automatically and the ventilated tray that prevents water pooling address the two things I care about most: hygiene and a tidy, uncluttered look. At $19.97 it's a reasonable mid-range price for a product that should last."
survey_toilet-brush-choice__D2oDcMc,persona/datasets/matraix-persona-1m/cohorts/cohort-162f4cf6eb0f/persona_stackoverflow-250ab28071b1.yaml,1.0,oxo_hideaway,OXO Hideaway Compact,19.97,4,hygiene,4,25-34,,North America,,,Early career,,,Full-time,"The OXO Hideaway is the only option that solves the actual problem I care about: not having to look at a wet, dripping brush. The auto-open canister and ventilated tray mean the brush stays hidden and dries without pooling water, and OXO's build quality is a known quantity rather than a no-name gamble. At $19.97 it's mid-priced, and I'd rather pay once for a design that works than buy a cheap set I'll replace."
survey_toilet-brush-choice__D4xANTf,persona/datasets/matraix-persona-1m/cohorts/cohort-162f4cf6eb0f/persona_stackoverflow-6c8fc8f745b7.yaml,1.0,oxo_hideaway,OXO Hideaway Compact,19.97,4,hygiene,4,55-64,,North America,,,,,,Full-time,"I value a clean, uncluttered look and reliable function over gimmicks, and OXO's hideaway canister keeps the brush fully concealed while its ventilated tray stops water pooling — the hygiene detail I care about most. The auto-open mechanism and compact footprint suit a small bathroom, and OXO has a solid reputation for durable everyday tools at a fair price."
survey_toilet-brush-choice__D63J3JZ,persona/datasets/matraix-persona-1m/cohorts/cohort-162f4cf6eb0f/persona_wiki-99358743a213.yaml,1.0,oxo_hideaway,OXO Hideaway Compact,19.97,4,hygiene,4,85+,Value-driven,North America,Upper-middle,Man,Mid-life,Rural,null,Self-employed,"I want a discreet, well-engineered set that keeps the brush out of sight and dries properly, and the OXO Hideaway's auto-open canister with a ventilated tray does exactly that. The compact footprint suits my bathroom, and OXO's reputation for durable, thoughtfully designed household tools justifies the mid-range price."
survey_toilet-brush-choice__D8a2Kza,persona/datasets/matraix-persona-1m/cohorts/cohort-162f4cf6eb0f/persona_wiki-1494cce2d0a5.yaml,1.0,oxo_hideaway,OXO Hideaway Compact,19.97,4,hygiene,4,65+,Indifferent,North America,Lower-middle,Man,Retirement,Rural,null,Self-employed,"I want a simple, tidy set from a brand I can trust, and the hideaway canister keeps the brush out of sight while the ventilated tray stops water pooling. The compact footprint suits my bathroom, and at $19.97 the price is reasonable for the quality."
survey_toilet-brush-choice__D97fnUT,persona/datasets/matraix-persona-1m/cohorts/cohort-162f4cf6eb0f/persona_gss-29bb7191f75a.yaml,1.0,oxo_hideaway,OXO Hideaway Compact,19.97,4,hygiene,4,65-74,,North America,Middle,Woman,Retirement,,,Retired,"I want something simple and tidy that doesn't show the brush when it's stored, and OXO is a brand I trust for everyday household items. The hideaway canister keeps things looking clean and the ventilated tray is a sensible touch for hygiene. At under $20, it's reasonably priced for the quality."
survey_toilet-brush-choice__D9Umgmr,persona/datasets/matraix-persona-1m/cohorts/cohort-162f4cf6eb0f/persona_wiki-ea7e6a987a01.yaml,1.0,oxo_hideaway,OXO Hideaway Compact,19.97,4,hygiene,3,65+,Value-driven,North America,null,Man,Retirement,null,null,Retired,"I want a discreet, well-engineered set that keeps the brush out of sight and doesn't pool water, and OXO's reputation for durable, thoughtfully designed household tools aligns with my preference for quality and order. The compact footprint suits a standard bathroom, and the auto-open canister is a practical touch I'd actually use daily."
survey_toilet-brush-choice__DFZWZ58,persona/datasets/matraix-persona-1m/cohorts/cohort-162f4cf6eb0f/persona_stackoverflow-0d6c0f9d2386.yaml,1.0,oxo_hideaway,OXO Hideaway Compact,19.97,4,hygiene,4,25-34,,North America,,,Early career,,,Full-time,"I want a set that stays hygienic and out of sight in a small bathroom, and the OXO's auto-opening hideaway canister with a ventilated tray solves both without me touching a wet brush. OXO is a brand I trust for practical kitchen/bath tools, and at $19.97 the price is reasonable for the build quality compared to the cheaper silicone sets."
survey_toilet-brush-choice__DMZBJgk,persona/datasets/matraix-persona-1m/cohorts/cohort-162f4cf6eb0f/persona_gss-ef02273cd194.yaml,1.0,oxo_hideaway,OXO Hideaway Compact,19.97,4,hygiene,4,45-54,,North America,Lower-middle,Woman,,,,Full-time,"I want a brush that stays hidden and doesn't look messy in a small bathroom, and the OXO hideaway canister opens automatically when lifted. The ventilated tray keeps water from pooling, which matters for hygiene, and OXO is a brand I trust at a fair price."
survey_toilet-brush-choice__DNCmGu3,persona/datasets/matraix-persona-1m/cohorts/cohort-162f4cf6eb0f/persona_wiki-6238ff77cc90.yaml,1.0,oxo_hideaway,OXO Hideaway Compact,19.97,4,hygiene,4,65+,,North America,High income,Woman,Retirement,Dense urban,null,Retired,"I want a covered, hygienic design that hides the brush and drains properly, and the OXO auto-open canister with ventilated tray does exactly that in a small footprint. The brand's ergonomic track record and the clean minimal look suit a well-kept bathroom, and at $19.97 the price is reasonable for the engineering quality."
survey_toilet-brush-choice__DPCxTTH,persona/datasets/matraix-persona-1m/cohorts/cohort-162f4cf6eb0f/persona_amazon-cc0407745137.yaml,1.0,oxo_hideaway,OXO Hideaway Compact,19.97,4,hygiene,4,,,North America,,Man,,,,,"I'm a frugal saver but willing to pay a bit more for something that lasts and stays tidy. The OXO hideaway canister keeps the brush out of sight and the ventilated tray prevents water pooling, which is a real hygiene plus. It's compact and from a brand I trust, so the ~$20 feels like good long-term value."
survey_toilet-brush-choice__DS7C3up,persona/datasets/matraix-persona-1m/cohorts/cohort-162f4cf6eb0f/persona_stackoverflow-ea8016e3fd87.yaml,1.0,oxo_hideaway,OXO Hideaway Compact,19.97,4,hygiene,4,18-24,,North America,,,Student,,,Student,"I want a compact set that keeps the brush hidden and hygienic, and the OXO Hideaway's auto-open canister with a ventilated tray solves both without looking ugly. At $19.97 the price is reasonable for a brand with a solid reputation for durable, well-designed everyday tools."
survey_toilet-brush-choice__DSoQXYi,persona/datasets/matraix-persona-1m/cohorts/cohort-162f4cf6eb0f/persona_gss-59155dc7055e.yaml,1.0,jiga_3pack,JIGA 3-Pack,13.99,5,price,4,55-64,,North America,Lower-middle,Woman,,,,Full-time,"I have one bathroom but three brushes for $13.99 is a great value, and I can keep one in the hall bath for guests and have backups when a brush wears out. The white color matches my bathroom and stiff nylon bristles do the scrubbing job I need."
survey_toilet-brush-choice__DV4wSMs,persona/datasets/matraix-persona-1m/cohorts/cohort-162f4cf6eb0f/persona_gss-b13a0259428e.yaml,1.0,clorox_under_rim,Clorox Corner Under-Rim,15.5,5,cleaning,4,45-54,,North America,Lower-middle,Woman,,,,Full-time,"I have two kids and a husband, so keeping the bathroom truly clean matters more to me than looks. The Clorox name is one I trust, and the under-rim scrubber plus corner caddy design means it actually gets the hard spots without taking up space. At $15.50 it fits what I'm willing to spend on a toilet brush."
survey_toilet-brush-choice__DVpoXeS,persona/datasets/matraix-persona-1m/cohorts/cohort-162f4cf6eb0f/persona_gss-4253f8aa6bf0.yaml,1.0,oxo_hideaway,OXO Hideaway Compact,19.97,4,hygiene,4,55-64,,North America,Middle,Woman,,,,Full-time,"I want a compact, tidy set that hides the brush away and won't pool water, and the OXO Hideaway's auto-open canister and ventilated tray fit that need at a fair mid-range price. OXO is a brand I trust for practical, well-made household items."
survey_toilet-brush-choice__DWALG2g,persona/datasets/matraix-persona-1m/cohorts/cohort-162f4cf6eb0f/persona_stackoverflow-c46fffea353e.yaml,1.0,oxo_hideaway,OXO Hideaway Compact,19.97,4,hygiene,4,18-24,,North America,,,Student,,,Self-employed,"I want a brush that stays out of sight and doesn't pool water, and OXO's hideaway canister opens automatically when lifted with a ventilated tray — solving the hygiene and clutter problems I care about most. At $19.97 it's mid-priced but a known brand with a compact footprint, which fits a small bathroom. The other cheap silicone sets appeal on price, but the OXO design and durability claims feel more reliable."
survey_toilet-brush-choice__DYzm7rZ,persona/datasets/matraix-persona-1m/cohorts/cohort-162f4cf6eb0f/persona_wiki-7b6dad0a0fe4.yaml,1.0,oxo_hideaway,OXO Hideaway Compact,19.97,5,hygiene,4,65+,Value-driven,North America,High income,Woman,Retirement,Dense urban,$100k-200k,Self-employed,"I have owned OXO Good Grips tools for years and their ergonomics suit my hands well; the hideaway canister that opens as you lift the brush keeps the bathroom looking tidy, which matters to me aesthetically. The ventilated tray that prevents standing water addresses my main hygiene concern, and at $19.97 the price is entirely reasonable for the build quality."
survey_toilet-brush-choice__Dfg47t6,persona/datasets/matraix-persona-1m/cohorts/cohort-162f4cf6eb0f/persona_amazon-159f82bd8e58.yaml,1.0,oxo_hideaway,OXO Hideaway Compact,19.97,4,hygiene,4,,,North America,,,,,,,"I want a clean, minimal look and OXO's hideaway canister keeps the brush completely out of sight, which matters to me since I rent and the bathroom is small. The ventilated tray that prevents water pooling is a real hygiene win, and at $19.97 it's a reasonable mid-range price for a brand I trust."
survey_toilet-brush-choice__DhHCYtc,persona/datasets/matraix-persona-1m/cohorts/cohort-162f4cf6eb0f/persona_gss-f7ba4cbaf965.yaml,1.0,oxo_hideaway,OXO Hideaway Compact,19.97,4,hygiene,4,35-44,,North America,Middle,Man,,,,Full-time,"I want a clean, minimal look in the bathroom, and the OXO hideaway canister keeps the brush out of sight when stored, which my wife prefers. OXO is a brand I trust for everyday household tools, and the ventilated tray addresses the hygiene concern without paying the highest price on the shelf."
survey_toilet-brush-choice__DnkUZbW,persona/datasets/matraix-persona-1m/cohorts/cohort-162f4cf6eb0f/persona_gss-040f7ccf88eb.yaml,1.0,clorox_under_rim,Clorox Corner Under-Rim,15.5,5,cleaning,4,65-74,,North America,Low income,Man,,,,Full-time,"At $15.50 it fits my budget and I trust the Clorox name for cleaning. The corner caddy saves space in a small bathroom, and the under-rim scrubber plus antibacterial bristles help me get the bowl really clean."
survey_toilet-brush-choice__DxMoYqG,persona/datasets/matraix-persona-1m/cohorts/cohort-162f4cf6eb0f/persona_amazon-a8cd79459a78.yaml,1.0,clorox_under_rim,Clorox Corner Under-Rim,15.5,4,cleaning,4,,,North America,,,,,,,"I want a brand I recognize and trust, and the under-rim scrubber actually gets at the grime that plain round brushes miss. The corner caddy keeps it tucked out of the way in my small bathroom, and $15.50 is a fair price for something that does the job."
survey_toilet-brush-choice__EAyyyUm,persona/datasets/matraix-persona-1m/cohorts/cohort-162f4cf6eb0f/persona_amazon-a4fc61ad1876.yaml,1.0,oxo_hideaway,OXO Hideaway Compact,19.97,4,hygiene,4,,Cost-sensitive,North America,,,,,,,"I want a brand I can trust and a compact set that hides the brush away neatly, which suits my small bathroom and keeps things looking tidy. At $19.97 it's a reasonable middle price, so I'm paying a bit more for durability and a hygienic ventilated tray rather than the cheapest option."
survey_toilet-brush-choice__EHspQ5E,persona/datasets/matraix-persona-1m/cohorts/cohort-162f4cf6eb0f/persona_stackoverflow-1e7833281bd3.yaml,1.0,oxo_hideaway,OXO Hideaway Compact,19.97,4,hygiene,4,45-54,,North America,,,,,,Full-time,"I want a clean, minimal look with no visible brush and a canister that actually ventilates so water doesn't pool — the OXO hideaway does exactly that with a small footprint. At $19.97 it's mid-priced but a trusted brand with a design that solves the real hygiene problem, which matters more to me than saving a few dollars."
survey_toilet-brush-choice__EJYCAXM,persona/datasets/matraix-persona-1m/cohorts/cohort-162f4cf6eb0f/persona_wiki-b5b30de91e36.yaml,1.0,oxo_hideaway,OXO Hideaway Compact,19.97,5,hygiene,4,65+,Indifferent,North America,High income,Woman,Mid-life,Small town,$200k+,Self-employed,"The OXO Hideaway appeals to me because the canister conceals the brush entirely when stored, which suits the tidy, understated look I prefer in a guest bathroom. OXO is a brand I trust for well-considered household tools, and the ventilated tray that prevents water pooling addresses the hygiene concern I care about most, at a price that seems entirely reasonable."
survey_toilet-brush-choice__EMWJFtW,persona/datasets/matraix-persona-1m/cohorts/cohort-162f4cf6eb0f/persona_wiki-e298b1af99cd.yaml,1.0,oxo_hideaway,OXO Hideaway Compact,19.97,4,design,5,65+,Value-driven,North America,High income,Woman,Mid-life,Dense urban,$100k-200k,Self-employed,"I want a discreet, well-engineered set that keeps the brush fully hidden and lets the tray drain properly, and OXO's reputation for durable, thoughtfully designed household tools is one I trust. The compact footprint suits a tidy bathroom, and at $19.97 the price is reasonable for a product I expect to use for years."
survey_toilet-brush-choice__EPPmdRW,persona/datasets/matraix-persona-1m/cohorts/cohort-162f4cf6eb0f/persona_wiki-2a86fcd0e46f.yaml,1.0,oxo_hideaway,OXO Hideaway Compact,19.97,4,hygiene,4,65+,Indifferent,North America,Middle,Man,Retirement,Suburban,null,Retired,"I've used OXO Good Grips products for years and their build quality and design discipline are consistently excellent. The hideaway canister keeps the brush out of sight and the ventilated tray prevents the standing-water mess that ruins cheaper sets, which matters more to me than saving eight dollars."
survey_toilet-brush-choice__EXjRwj6,persona/datasets/matraix-persona-1m/cohorts/cohort-162f4cf6eb0f/persona_gss-d28e1b17cbc5.yaml,1.0,oxo_hideaway,OXO Hideaway Compact,19.97,4,hygiene,4,45-54,,North America,Middle,Man,,,,Full-time,"I want a simple, tidy set that keeps the brush hidden and lets water drain so it stays hygienic, and the OXO Hideaway does that with a compact footprint that fits my small bathroom. The price is reasonable for a well-known brand, and the auto-open canister means no fuss or mess when I need it."
survey_toilet-brush-choice__EwUNVns,persona/datasets/matraix-persona-1m/cohorts/cohort-162f4cf6eb0f/persona_wiki-f4a2cb03a4f2.yaml,1.0,oxo_hideaway,OXO Hideaway Compact,19.97,4,hygiene,4,,,North America,,Woman,Mid-life,,,Full-time,"OXO is a brand I trust for well-engineered home products, and the hideaway canister keeps the brush out of sight, which suits my bathroom's clean look. The auto-open mechanism and ventilated tray address hygiene without adding clutter, and at $19.97 the price is reasonable for the build quality."
survey_toilet-brush-choice__F2SYn7T,persona/datasets/matraix-persona-1m/cohorts/cohort-162f4cf6eb0f/persona_stackoverflow-25dfa7563dd1.yaml,1.0,oxo_hideaway,OXO Hideaway Compact,19.97,4,hygiene,4,35-44,,North America,,,,,,Full-time,"I want a brush that disappears when stored, and the OXO hideaway canister auto-opens on lift with a ventilated tray so water doesn't pool — a real hygiene concern, not a marketing gimmick. At $19.97 it's mid-priced, and OXO's build quality and design are things I can verify rather than trust from a no-name listing. The silicone-nub and tweezer sets look like fad features to me, and the 2- and 3-packs just mean buying clutter I don't need."
survey_toilet-brush-choice__F3bo4Md,persona/datasets/matraix-persona-1m/cohorts/cohort-162f4cf6eb0f/persona_gss-6f7151c9f2cf.yaml,1.0,boomjoy_tweezer,BOOMJOY Silicone+Tweezers,12.99,5,price,4,75-84,,North America,Lower-middle,Woman,Retirement,,,Retired,"At $12.99 it's the cheapest that still does a proper job, and the built-in tweezers help me get at the hair my old brush always left behind. The light aluminum handle is easier on my hands than the heavy ones, and I don't need two or three brushes for one bathroom."
survey_toilet-brush-choice__F4jiUfc,persona/datasets/matraix-persona-1m/cohorts/cohort-162f4cf6eb0f/persona_wiki-bef9fe493107.yaml,1.0,oxo_hideaway,OXO Hideaway Compact,19.97,4,hygiene,4,75-84,Value-driven,North America,Middle,Man,Mid-life,Small town,null,Self-employed,"I live alone in a small place and value a clean, uncluttered look — the OXO hideaway canister conceals the brush entirely and the ventilated tray stops water pooling, which matters since I manage chronic illness and want to minimize grime and fuss. OXO is a brand I trust for well-engineered, durable everyday tools, and at $19.97 it is a fair price for something I will use daily for years."
survey_toilet-brush-choice__FBdYRcy,persona/datasets/matraix-persona-1m/cohorts/cohort-162f4cf6eb0f/persona_wiki-4ceb8a6d26b6.yaml,1.0,oxo_hideaway,OXO Hideaway Compact,19.97,4,hygiene,4,65+,,North America,null,Woman,Mid-life,null,null,null,"I want a clean, uncluttered look in my guest bathroom, and the hideaway canister keeps the brush completely out of sight while the ventilated tray prevents the mildewy standing water that cheap holders collect. OXO's reputation for well-built, ergonomic tools justifies the mid-range price for something I'll use daily."
survey_toilet-brush-choice__FDeVVR7,persona/datasets/matraix-persona-1m/cohorts/cohort-162f4cf6eb0f/persona_wiki-d978774e3a3e.yaml,1.0,oxo_hideaway,OXO Hideaway Compact,19.97,4,hygiene,4,65+,Value-driven,North America,High income,Woman,Mid-life,Dense urban,null,Full-time,"I keep a small, sparsely furnished guest bathroom, and I value a holder that conceals the brush entirely rather than displaying it. The OXO Hideaway's automatic-opening ventilated canister addresses both hygiene and aesthetics without relying on a brand gimmick, and the price is reasonable for a well-engineered object I will use daily for years. As a matter of principle I prefer to buy one durable, well-designed item rather than a multi-pack of disposable ones."
survey_toilet-brush-choice__FMd5Erc,persona/datasets/matraix-persona-1m/cohorts/cohort-162f4cf6eb0f/persona_gss-d7df417b4e52.yaml,1.0,clorox_under_rim,Clorox Corner Under-Rim,15.5,4,cleaning,4,25-34,,North America,Lower-middle,Woman,,,,Full-time,"I have two kids and a busy household, so a brush that actually gets under the rim matters more to me than looks. The Clorox set is affordable at $15.50, and the corner caddy plus antimicrobial bristles keep things tidy and a bit more hygienic in a small shared bathroom."
survey_toilet-brush-choice__FXbdhcQ,persona/datasets/matraix-persona-1m/cohorts/cohort-162f4cf6eb0f/persona_gss-84b8383d453c.yaml,1.0,oxo_hideaway,OXO Hideaway Compact,19.97,4,hygiene,5,35-44,,North America,Middle,Man,,,,Full-time,"I want a clean, minimal look with the brush hidden when not in use, which matters in a bathroom my family and guests see. OXO is a brand I trust for solid everyday tools, and the auto-open ventilated canister helps keep things dry and hygienic without taking much space."
survey_toilet-brush-choice__FYUza9U,persona/datasets/matraix-persona-1m/cohorts/cohort-162f4cf6eb0f/persona_stackoverflow-80fb44d4cf40.yaml,1.0,oxo_hideaway,OXO Hideaway Compact,19.97,4,hygiene,4,18-24,,North America,,,Early career,,,,"I want a clean, minimal look with no visible brush and a ventilated tray so water doesn't pool — hygiene matters to me. OXO's design reputation and the auto-open canister justify the mid-range $19.97 price for a single well-built set, and the compact footprint suits a small bathroom."
survey_toilet-brush-choice__FZnGeEo,persona/datasets/matraix-persona-1m/cohorts/cohort-162f4cf6eb0f/persona_stackoverflow-da788bdf6d28.yaml,1.0,oxo_hideaway,OXO Hideaway Compact,19.97,4,hygiene,4,13-17,,North America,,,Student,,,Student,"I want something that stays out of sight and doesn't look like a toilet brush sitting in my bathroom, and the auto-open canister plus ventilated drip tray addresses the hygiene and water-pooling issues I care about. OXO is a brand I recognize for solid, well-designed household tools, and at $19.97 it's a reasonable middle ground between the cheap 3-packs and the $29 bronze set."
survey_toilet-brush-choice__FanTGQs,persona/datasets/matraix-persona-1m/cohorts/cohort-162f4cf6eb0f/persona_wiki-da3c0e78853f.yaml,1.0,oxo_hideaway,OXO Hideaway Compact,19.97,4,hygiene,4,65+,,North America,,Woman,Retirement,,,,"I want a tidy, discreet look in my bathroom and I trust OXO's build quality from years of using their kitchen tools. The hideaway canister that opens automatically and the ventilated tray keep things clean and dry without any fuss, which matters more to me than saving a few dollars."
survey_toilet-brush-choice__Fcu9L9N,persona/datasets/matraix-persona-1m/cohorts/cohort-162f4cf6eb0f/persona_gss-6f0205fa4c58.yaml,1.0,oxo_hideaway,OXO Hideaway Compact,19.97,4,hygiene,4,75-84,,North America,Lower-middle,Woman,Retirement,,,Retired,"I'm 78 and don't want to fuss with silicone heads or tweezer gadgets — I want a brush that works and hides away tidily. The OXO has firm nylon bristles, a canister that opens when you lift it, and a ventilated tray so it doesn't sit in dirty water. It's a bit more than the cheap ones but a brand I trust and it will last."
survey_toilet-brush-choice__Fh73zJT,persona/datasets/matraix-persona-1m/cohorts/cohort-162f4cf6eb0f/persona_wiki-5efcab649ebf.yaml,1.0,oxo_hideaway,OXO Hideaway Compact,19.97,4,hygiene,4,45-54,,North America,Middle,Man,Mid-life,Small town,,Full-time,"I want a brush that stays out of sight and dries properly, and OXO's hideaway canister with a ventilated tray does both without taking up much space. The brand's build quality and firm nylon bristles also give me confidence it will hold up to daily use."
survey_toilet-brush-choice__FjRNimB,persona/datasets/matraix-persona-1m/cohorts/cohort-162f4cf6eb0f/persona_stackoverflow-47c3522f018e.yaml,1.0,oxo_hideaway,OXO Hideaway Compact,19.97,4,hygiene,4,25-34,,North America,,,Early career,,,Full-time,"I want a clean, minimal look where the brush isn't visible when stored, and the auto-open canister plus ventilated tray addresses the hygiene issue I care about most. OXO is a brand I trust for well-designed everyday tools, and at $19.97 it's a reasonable price for the build quality and compact footprint."
survey_toilet-brush-choice__Fo2T5fU,persona/datasets/matraix-persona-1m/cohorts/cohort-162f4cf6eb0f/persona_gss-49934fa22dbb.yaml,1.0,jiga_3pack,JIGA 3-Pack,13.99,5,price,4,65-74,,North America,Lower-middle,Man,Retirement,,,Retired,"I'm retired on a fixed income, so getting three complete brush sets for $13.99 is unbeatable value. I have two bathrooms plus a spare, and stiff nylon bristles do the scrubbing job just fine without any fancy features I don't need."
survey_toilet-brush-choice__FoPgKYW,persona/datasets/matraix-persona-1m/cohorts/cohort-162f4cf6eb0f/persona_stackoverflow-4cd424fb4b80.yaml,1.0,oxo_hideaway,OXO Hideaway Compact,19.97,4,hygiene,4,18-24,,North America,,,Early career,,,Full-time,"I have a small bathroom and the hideaway canister keeps the brush fully out of sight, which matters to me. OXO's ventilated tray design also addresses the gross standing-water problem that plagues most holders, and the brand has a solid reputation for durable everyday tools."
survey_toilet-brush-choice__Ftv35Gt,persona/datasets/matraix-persona-1m/cohorts/cohort-162f4cf6eb0f/persona_gss-56df64d7e170.yaml,1.0,jiga_3pack,JIGA 3-Pack,13.99,5,price,4,45-54,,North America,Middle,Woman,,,,Homemaker,"With three kids and three bathrooms to keep clean, getting three brushes for $13.99 is the best value on the shelf. I don't need fancy silicone or stainless steel, just stiff bristles and a holder that does the job, and this covers every bathroom at once."
survey_toilet-brush-choice__Fv3RY8C,persona/datasets/matraix-persona-1m/cohorts/cohort-162f4cf6eb0f/persona_gss-0fcbf457536c.yaml,1.0,clorox_under_rim,Clorox Corner Under-Rim,15.5,5,hygiene,4,55-64,,North America,Lower-middle,Woman,Retirement,,,Retired,"At $15.50 it's a fair price for a brand I recognize and trust, and the corner caddy fits neatly beside the toilet without taking up much room. The dedicated under-rim scrubber and antibacterial bristles matter to me for keeping things properly clean and hygienic."
survey_toilet-brush-choice__FxgUM6Q,persona/datasets/matraix-persona-1m/cohorts/cohort-162f4cf6eb0f/persona_gss-b39d489010ac.yaml,1.0,oxo_hideaway,OXO Hideaway Compact,19.97,4,hygiene,4,18-24,,North America,Middle,Man,Student,,,Student,"I want something that looks clean and minimal in a small bathroom, and the hideaway canister means I never have to see the dirty brush. OXO is a brand I trust for good grips and practical design, and $19.97 is a fair middle price."
survey_toilet-brush-choice__G3A2w98,persona/datasets/matraix-persona-1m/cohorts/cohort-162f4cf6eb0f/persona_wiki-7dc8c6c9b463.yaml,1.0,oxo_hideaway,OXO Hideaway Compact,19.97,4,design,4,65+,Value-driven,North America,Upper-middle,Man,Retirement,Small town,null,Self-employed,"I value a clean, uncluttered bathroom and the OXO Hideaway's canister conceals the brush entirely when stored, which suits a tidy aesthetic. The automatic opening mechanism and ventilated tray show thoughtful engineering, and OXO is a brand I trust for durable, well-designed household goods at a fair price."
survey_toilet-brush-choice__GABkfSJ,persona/datasets/matraix-persona-1m/cohorts/cohort-162f4cf6eb0f/persona_amazon-0e21f27c958b.yaml,1.0,oxo_hideaway,OXO Hideaway Compact,19.97,4,hygiene,4,,,North America,,,,,,,"I want a compact, tidy set for a small bathroom, and the OXO Hideaway's auto-opening canister keeps the brush out of sight while the ventilated tray prevents water pooling. OXO's reputation for durable, well-designed household tools makes the $19.97 price feel justified compared to cheaper sets that may wear out or look messy."
survey_toilet-brush-choice__GAitpQS,persona/datasets/matraix-persona-1m/cohorts/cohort-162f4cf6eb0f/persona_gss-11ed8988fabf.yaml,1.0,oxo_hideaway,OXO Hideaway Compact,19.97,4,hygiene,4,25-34,,North America,Middle,Man,,,,Full-time,"I want a clean, uncluttered look and the auto-open hideaway canister keeps the brush out of sight while staying hygienic with its ventilated tray. The compact footprint suits my smaller bathroom, and OXO is a brand I trust for durable everyday tools at a fair price."
survey_toilet-brush-choice__GF3q5Fo,persona/datasets/matraix-persona-1m/cohorts/cohort-162f4cf6eb0f/persona_gss-199512752e21.yaml,1.0,oxo_hideaway,OXO Hideaway Compact,19.97,4,hygiene,4,18-24,,North America,Lower-middle,Woman,,,,Part-time,"I have a small bathroom, so the compact hideaway canister that keeps the brush out of sight is exactly what I want. OXO is a brand I trust and $19.97 is a fair price for something that looks tidy and dries properly."
survey_toilet-brush-choice__GHd5m89,persona/datasets/matraix-persona-1m/cohorts/cohort-162f4cf6eb0f/persona_stackoverflow-5a23629c1e99.yaml,1.0,ibergrif_silicone,Ibergrif M34152 Silicone,13.9,5,hygiene,4,65+,,North America,,,,,,Full-time,"I want silicone bristles because they rinse clean, don't hold odor, and last far longer than nylon, and this set pairs that with a ventilated quick-dry holder so water doesn't pool and breed bacteria. At $13.90 it's reasonably priced, and the replaceable head means I can keep the stainless rod and holder rather than replacing the whole unit — good value and less waste."
survey_toilet-brush-choice__GLkJPNd,persona/datasets/matraix-persona-1m/cohorts/cohort-162f4cf6eb0f/persona_gss-7e3d8d0dfa5f.yaml,1.0,oxo_hideaway,OXO Hideaway Compact,19.97,4,hygiene,4,35-44,,North America,,Woman,Student,,,Student,"I want a brush that stays hidden and tidy in a small family bathroom, and the auto-open canister plus ventilated tray keeps things hygienic without dripping water. OXO is a brand I trust to last, and at $19.97 the price is reasonable for the quality."
survey_toilet-brush-choice__GMmuwFz,persona/datasets/matraix-persona-1m/cohorts/cohort-162f4cf6eb0f/persona_gss-6c79048bdee9.yaml,1.0,oxo_hideaway,OXO Hideaway Compact,19.97,4,hygiene,4,35-44,,North America,Middle,Woman,,,,Full-time,"I want something hygienic and tidy that doesn't show a dripping brush sitting in my bathroom, and the OXO hideaway canister opens automatically and has a ventilated tray so water doesn't pool. It's a trusted brand at a fair mid-range price, and the compact footprint suits our bathroom."
survey_toilet-brush-choice__GN6i6PS,persona/datasets/matraix-persona-1m/cohorts/cohort-162f4cf6eb0f/persona_stackoverflow-5efd0e38b9ba.yaml,1.0,ibergrif_silicone,Ibergrif M34152 Silicone,13.9,5,hygiene,4,35-44,,North America,,,Parent of young kids,,,Unemployed,"Silicone bristles dry fast and don't harbor the bacteria and smell that nylon bristle brushes develop, which matters most to me in a bathroom. At $13.90 it's inexpensive enough that I can replace the head rather than the whole set, and the stainless rod plus ventilated quick-dry holder reads as solid build quality without paying for styling I don't need."
survey_toilet-brush-choice__GPXwvNv,persona/datasets/matraix-persona-1m/cohorts/cohort-162f4cf6eb0f/persona_wiki-61bc95a0cd69.yaml,1.0,oxo_hideaway,OXO Hideaway Compact,19.97,4,hygiene,4,65+,,North America,Middle,Woman,Mid-life,Small town,null,Full-time,"I live alone in a small house and keep my bathroom tidy and presentable, so the OXO's hideaway canister — which conceals the brush entirely and opens automatically when lifted — appeals to me far more than an exposed silicone head or a flashy metallic finish. OXO is a brand I've trusted for kitchen and household tools for decades, and the ventilated tray addresses the mildew problem that ruined my last brush. At $19.97 it's a reasonable middle price for something I'll use daily and look at every day."
survey_toilet-brush-choice__GS3FQuX,persona/datasets/matraix-persona-1m/cohorts/cohort-162f4cf6eb0f/persona_amazon-3df58632cf42.yaml,1.0,oxo_hideaway,OXO Hideaway Compact,19.97,4,hygiene,4,55-64,,North America,,,,,,,"I trust OXO as a brand for well-designed household tools, and the hideaway canister keeps the brush out of sight while the ventilated tray prevents water pooling. The compact footprint suits a smaller bathroom, and at $19.97 the price is reasonable for the build quality."
survey_toilet-brush-choice__GSartVs,persona/datasets/matraix-persona-1m/cohorts/cohort-162f4cf6eb0f/persona_stackoverflow-fd503fa8c974.yaml,1.0,ibergrif_silicone,Ibergrif M34152 Silicone,13.9,5,hygiene,4,18-24,,North America,,,Early career,,,Part-time,"Silicone heads don't get matted with hair and dry fast, which matters for hygiene in a small bathroom. The replaceable head means I can keep the handle and holder long-term instead of rebuying the whole set, and at $13.90 it's cheap enough to try without committing to an expensive design piece."
survey_toilet-brush-choice__GW7DT2d,persona/datasets/matraix-persona-1m/cohorts/cohort-162f4cf6eb0f/persona_stackoverflow-a1451833842a.yaml,1.0,oxo_hideaway,OXO Hideaway Compact,19.97,4,hygiene,4,25-34,,North America,,,Early career,,,Full-time,"I want a compact, tidy set that hides the brush when stored, and the OXO auto-open canister with a ventilated tray solves the dripping-water and clutter problem I dislike in bathrooms. OXO's build quality and reputation justify the mid-range price, and the small footprint suits a typical bathroom without needing a 2- or 3-pack."
survey_toilet-brush-choice__GWXpqDB,persona/datasets/matraix-persona-1m/cohorts/cohort-162f4cf6eb0f/persona_stackoverflow-e68953097002.yaml,1.0,oxo_hideaway,OXO Hideaway Compact,19.97,4,hygiene,4,45-54,,North America,,,,,,Full-time,"The OXO Hideaway's auto-open canister and ventilated tray mean the brush stays hidden and dries without pooling water, which matters to me for hygiene in a small bathroom. OXO's build quality and reputation justify the mid-range $19.97 price, and the compact footprint fits my space better than the bulkier or multi-pack options."
survey_toilet-brush-choice__GWcfC5P,persona/datasets/matraix-persona-1m/cohorts/cohort-162f4cf6eb0f/persona_wiki-2b86fdf42ccc.yaml,1.0,oxo_hideaway,OXO Hideaway Compact,19.97,5,design,4,65+,Indifferent,North America,Middle,Woman,Retirement,Small town,,Full-time,"I want a clean, uncluttered look in my bathroom, and the OXO Hideaway's canister conceals the brush entirely when stored, which suits my aesthetic standards. OXO is a brand I trust for well-designed, durable household tools, and the ventilated tray that prevents water pooling addresses hygiene without any fuss. At $19.97 for a single well-made set, it is a sensible purchase rather than a bulk bargain I do not need."
survey_toilet-brush-choice__Ga4sTG4,persona/datasets/matraix-persona-1m/cohorts/cohort-162f4cf6eb0f/persona_stackoverflow-422a3f942f18.yaml,1.0,oxo_hideaway,OXO Hideaway Compact,19.97,4,hygiene,4,25-34,,North America,,,Early career,,,Full-time,"The OXO Hideaway's auto-open canister keeps the brush completely hidden, which suits my preference for a clean, minimal bathroom look, and the ventilated tray prevents the water pooling and odor that bothers me with cheap open holders. OXO is a brand I trust for well-designed, durable household tools, and at $19.97 the price is reasonable for a set I'll use daily for years."
survey_toilet-brush-choice__GdUd8HM,persona/datasets/matraix-persona-1m/cohorts/cohort-162f4cf6eb0f/persona_stackoverflow-b0c0d455f944.yaml,1.0,oxo_hideaway,OXO Hideaway Compact,19.97,4,hygiene,4,55-64,,North America,,,,,,Full-time,"OXO is a brand I trust for well-engineered, durable household tools, and the hideaway canister means the brush stays out of sight with a ventilated tray so it doesn't sit in standing water. At $19.97 it's a fair price for a compact, no-nonsense design that will hold up in a small bathroom."
survey_toilet-brush-choice__GkPjWra,persona/datasets/matraix-persona-1m/cohorts/cohort-162f4cf6eb0f/persona_wiki-9ea88ebb1eb6.yaml,1.0,oxo_hideaway,OXO Hideaway Compact,19.97,4,hygiene,4,35-44,Indifferent,North America,Lower-middle,Man,Early career,Rural,$50k-100k,Self-employed,"I want a brush that hides the dirty head away and doesn't leave a puddle of water sitting in the base, and OXO's auto-open canister with a ventilated tray does exactly that. I've had cheap sets where the bristles splay out and the holder gets grimy; this one is compact, which matters in my small transitional bathroom, and $19.97 is a fair price for something I'll use daily for years."
survey_toilet-brush-choice__GrzC3Hq,persona/datasets/matraix-persona-1m/cohorts/cohort-162f4cf6eb0f/persona_wiki-2253a1d11b77.yaml,1.0,oxo_hideaway,OXO Hideaway Compact,19.97,4,hygiene,4,18-24,Cost-sensitive,North America,Middle,Man,Mid-life,Small town,,Self-employed,"I want a brush that disappears into a clean, minimal canister rather than sitting visibly on the floor, and the OXO's auto-opening ventilated design addresses the drainage and hygiene problem that plagues most holders. It's a modest $19.97 for a single well-engineered set, which suits a one-bathroom household that values function over bulk or gimmicks."
survey_toilet-brush-choice__Gt94Vjq,persona/datasets/matraix-persona-1m/cohorts/cohort-162f4cf6eb0f/persona_gss-fc69fafe8f46.yaml,1.0,clorox_under_rim,Clorox Corner Under-Rim,15.5,5,cleaning,4,45-54,,North America,Middle,Woman,,,,Full-time,"I have three kids and a busy household, so cleaning performance and value matter most to me. The Clorox set is affordable at $15.50, and the dedicated under-rim scrubber plus corner caddy design helps me actually get the bowl clean without storing something bulky."
survey_toilet-brush-choice__GtWL7Tt,persona/datasets/matraix-persona-1m/cohorts/cohort-162f4cf6eb0f/persona_wiki-c8abf96e0110.yaml,1.0,oxo_hideaway,OXO Hideaway Compact,19.97,4,hygiene,4,65+,Value-driven,North America,Upper-middle,Man,Retirement,Suburban,null,Retired,"I've had good luck with OXO tools over the years — solid build and sensible design. The hideaway canister that opens automatically when you lift the brush keeps the bathroom looking tidy, and the ventilated tray means no standing water in the base, which is the one thing I care about most at this stage of life."
survey_toilet-brush-choice__GuBqbn7,persona/datasets/matraix-persona-1m/cohorts/cohort-162f4cf6eb0f/persona_wiki-ca7beecefef1.yaml,1.0,oxo_hideaway,OXO Hideaway Compact,19.97,4,hygiene,4,18-24,Value-driven,North America,Upper-middle,Man,Early career,null,null,Self-employed,"I want a clean, minimal look and a hygienic setup more than a bargain, and the OXO Hideaway's auto-open canister hides the brush entirely while the ventilated tray stops water pooling. OXO has a solid reputation for well-engineered bathroom tools, so at $19.97 it's a reasonable price for something I'll use daily."
survey_toilet-brush-choice__GvSxAQN,persona/datasets/matraix-persona-1m/cohorts/cohort-162f4cf6eb0f/persona_gss-f5dc05b1f2af.yaml,1.0,oxo_hideaway,OXO Hideaway Compact,19.97,4,hygiene,4,75-84,,North America,Middle,Woman,,,,Homemaker,"I like that the brush hides away neatly in its canister so my bathroom stays tidy, and the ventilated tray keeps things from getting soggy. OXO is a brand I recognize and trust, and at $19.97 the price is reasonable for something that will last."
survey_toilet-brush-choice__GyTqFRz,persona/datasets/matraix-persona-1m/cohorts/cohort-162f4cf6eb0f/persona_wiki-bdbaaabf6316.yaml,1.0,oxo_hideaway,OXO Hideaway Compact,19.97,4,hygiene,4,65+,Value-driven,North America,High income,Woman,Retirement,Dense urban,$100k-200k,Retired,"The OXO Hideaway's concealed canister and automatic opening mechanism reflect a level of considered design I find persuasive, and the ventilated tray addresses the hygiene concern that strikes me as most consequential in a bathroom fixture. At $19.97 it sits comfortably within what I would expect to pay for a well-engineered object I intend to use daily for years. The compact footprint also suits my apartment's modest guest bath."
survey_toilet-brush-choice__HAB92b4,persona/datasets/matraix-persona-1m/cohorts/cohort-162f4cf6eb0f/persona_gss-3d6bb0113356.yaml,1.0,jiga_3pack,JIGA 3-Pack,13.99,5,price,4,45-54,,North America,Lower-middle,Man,,,,Full-time,"With two kids and a house to keep up, I go through toilet brushes and don't want to spend much on them. Three decent stiff-bristle sets with caddies for $13.99 is the best value here, so I'd grab that and keep a spare in the closet."
survey_toilet-brush-choice__HEo27YB,persona/datasets/matraix-persona-1m/cohorts/cohort-162f4cf6eb0f/persona_gss-7f1cb4de4795.yaml,1.0,clorox_under_rim,Clorox Corner Under-Rim,15.5,5,cleaning,4,18-24,,North America,Lower-middle,Woman,,,,Full-time,"I want something that actually cleans well and stays hygienic, and the Clorox name gives me trust. The under-rim scrubber head and antibacterial bristles are practical for a busy bathroom with a little one at home, and $15.50 fits my budget."
survey_toilet-brush-choice__HJbNGG9,persona/datasets/matraix-persona-1m/cohorts/cohort-162f4cf6eb0f/persona_wiki-4a2d2f6d568c.yaml,1.0,oxo_hideaway,OXO Hideaway Compact,19.97,4,design,4,65+,Indifferent,North America,Upper-middle,Woman,Retirement,Dense urban,,Retired,"I keep a tidy, uncluttered bathroom and I trust OXO's build quality and ergonomic design, so the hideaway canister that conceals the brush and opens automatically when lifted is exactly what I want. At $19.97 it is a fair mid-range price for a durable, well-designed set that will last and look neat in a compact space."
survey_toilet-brush-choice__HSArKoB,persona/datasets/matraix-persona-1m/cohorts/cohort-162f4cf6eb0f/persona_wiki-519564a6b5e3.yaml,1.0,oxo_hideaway,OXO Hideaway Compact,19.97,4,hygiene,4,55-64,,North America,Upper-middle,Man,Retirement,Suburban,null,Retired,"I want a compact, tidy set that hides the brush away and doesn't pool water in the base, and OXO's reputation for well-built household tools gives me confidence in the auto-open canister and ventilated tray. At $19.97 it's a reasonable price for something I'll use daily for years, and the slim white-gray look won't clash with my bathroom."
survey_toilet-brush-choice__HSdAyy8,persona/datasets/matraix-persona-1m/cohorts/cohort-162f4cf6eb0f/persona_gss-ba79dc1c551a.yaml,1.0,clorox_under_rim,Clorox Corner Under-Rim,15.5,5,cleaning,4,45-54,,North America,Middle,Woman,,,,Homemaker,"I like that it has a dedicated under-rim scrubber to really get the hidden spots clean, and the corner caddy saves space in my small bathroom. Clorox is a brand I recognize and trust, and the price is reasonable."
survey_toilet-brush-choice__HT5dqfM,persona/datasets/matraix-persona-1m/cohorts/cohort-162f4cf6eb0f/persona_wiki-25c84d4dc4bb.yaml,1.0,oxo_hideaway,OXO Hideaway Compact,19.97,4,hygiene,4,75-84,Value-driven,North America,High income,Man,Retirement,Suburban,,Retired,"I have used OXO Good Grips products for years and the build quality has always been reliable. The hideaway canister that opens automatically when the brush is lifted keeps the bathroom looking tidy, and the ventilated tray prevents the stagnant water and odor that plague cheaper holders. At $19.97 it is a sensible price for a well-engineered, compact set that suits a guest bathroom."
survey_toilet-brush-choice__HUrmjhe,persona/datasets/matraix-persona-1m/cohorts/cohort-162f4cf6eb0f/persona_gss-1b4a8da0733f.yaml,1.0,oxo_hideaway,OXO Hideaway Compact,19.97,4,hygiene,4,75-84,,North America,Middle,Woman,Retirement,,,Retired,"I want something simple, compact and tidy that hides the brush away, so the OXO Hideaway suits my small bathroom. The auto-open canister and ventilated tray strike me as practical and hygienic, and at under $20 the price is reasonable for a brand I trust."
survey_toilet-brush-choice__HVXyy9V,persona/datasets/matraix-persona-1m/cohorts/cohort-162f4cf6eb0f/persona_gss-01e6e96b42fb.yaml,1.0,oxo_hideaway,OXO Hideaway Compact,19.97,4,hygiene,4,35-44,,North America,Middle,Woman,,,,Part-time,"I want something that looks tidy and doesn't show the brush, and OXO is a brand I trust for everyday household items. The hideaway canister that opens automatically and the ventilated tray that keeps water from pooling matter to me for keeping the bathroom clean and presentable."
survey_toilet-brush-choice__HYj2sad,persona/datasets/matraix-persona-1m/cohorts/cohort-162f4cf6eb0f/persona_wiki-be3eb610c0ed.yaml,1.0,oxo_hideaway,OXO Hideaway Compact,19.97,4,hygiene,4,65+,Value-driven,North America,Upper-middle,Man,Retirement,Suburban,null,Self-employed,"I want a discreet, well-engineered set that keeps the brush out of sight and lets it dry properly, and OXO's reputation for durable, thoughtfully designed household tools gives me confidence in the build. The automatic hideaway canister and ventilated tray solve the two things I care about most — tidiness and hygiene — in a compact footprint that suits a suburban bathroom."
survey_toilet-brush-choice__Hc6aora,persona/datasets/matraix-persona-1m/cohorts/cohort-162f4cf6eb0f/persona_stackoverflow-2734ffc70b4e.yaml,1.0,oxo_hideaway,OXO Hideaway Compact,19.97,4,hygiene,4,25-34,,North America,,,Early career,,,Full-time,"I want a compact, clean-looking set that hides the brush when stored, and the OXO auto-open canister with a ventilated tray addresses the hygiene/water-pooling issue I actually care about. The $19.97 price is reasonable for a trusted brand, and the slim footprint fits my bathroom without visual clutter."
survey_toilet-brush-choice__HcJChq2,persona/datasets/matraix-persona-1m/cohorts/cohort-162f4cf6eb0f/persona_wiki-fda4923baddc.yaml,1.0,oxo_hideaway,OXO Hideaway Compact,19.97,4,design,3,13-17,,North America,Middle,Woman,Student,Suburban,$50k-100k,Student,"I want something that looks clean and minimal in a small bathroom, and the hideaway canister means I don't have to look at a wet brush sitting out. OXO is a brand I've seen in my parents' kitchen stuff so it feels trustworthy, and $20 is reasonable for something that'll last."
survey_toilet-brush-choice__HexirRT,persona/datasets/matraix-persona-1m/cohorts/cohort-162f4cf6eb0f/persona_gss-b263c0fe743b.yaml,1.0,oxo_hideaway,OXO Hideaway Compact,19.97,4,hygiene,4,18-24,,North America,Middle,Woman,Student,,,Student,"I want a clean, minimal look in my bathroom and the OXO Hideaway's canister hides the brush entirely, which feels tidier and more hygienic. OXO is a brand I trust for sturdy everyday tools, and the automatic opening canister plus ventilated tray keeps things dry without me having to think about it."
survey_toilet-brush-choice__Hf9xRCw,persona/datasets/matraix-persona-1m/cohorts/cohort-162f4cf6eb0f/persona_gss-c7ad453f893c.yaml,1.0,jiga_3pack,JIGA 3-Pack,13.99,5,price,4,25-34,,North America,Low income,Man,Student,,,Student,"As a low-income student, getting three complete brush sets for $13.99 is unbeatable value, and I can keep one in my bathroom and have spares for the second bathroom or to replace worn ones. The stiff nylon bristles and non-slip handles cover the basics well enough without paying extra for features I don't need."
survey_toilet-brush-choice__HgB3353,persona/datasets/matraix-persona-1m/cohorts/cohort-162f4cf6eb0f/persona_wiki-ad9e782ed077.yaml,1.0,ibergrif_silicone,Ibergrif M34152 Silicone,13.9,5,hygiene,4,65+,,North America,Upper-middle,Man,Retirement,Suburban,null,Retired,"I want a silicone head that won't scratch or harbor bacteria, and a ventilated quick-dry holder keeps things hygienic between cleanings. The replaceable head and stainless steel rod suggest it will hold up well, and at $13.90 it's a sensible everyday price for a set I'll use daily."
survey_toilet-brush-choice__HgFRYWV,persona/datasets/matraix-persona-1m/cohorts/cohort-162f4cf6eb0f/persona_wiki-3452fe2d4a07.yaml,1.0,oxo_hideaway,OXO Hideaway Compact,19.97,4,hygiene,5,,Value-driven,North America,Middle,Man,Mid-life,Small town,,Full-time,"I want a set that keeps the bathroom looking tidy, and the OXO Hideaway's canister conceals the brush entirely while the ventilated tray prevents water pooling — that combination of neatness and hygiene matters most to me. The $19.97 price is mid-range and fair for a well-known brand with a compact footprint, and the auto-open lid is a small daily convenience I would appreciate."
survey_toilet-brush-choice__HjSXEm4,persona/datasets/matraix-persona-1m/cohorts/cohort-162f4cf6eb0f/persona_stackoverflow-fe62ce0e3ce7.yaml,1.0,oxo_hideaway,OXO Hideaway Compact,19.97,4,hygiene,4,35-44,,North America,,,,,,Full-time,"I want a clean, minimal look where the brush is hidden when stored, and the auto-open canister plus ventilated tray solves the dripping-water hygiene issue that bothers me most. OXO is a brand I trust for well-designed basics, and $19.97 is reasonable for a single set I'll use daily."
survey_toilet-brush-choice__HjeN3eL,persona/datasets/matraix-persona-1m/cohorts/cohort-162f4cf6eb0f/persona_gss-b42b577f82d1.yaml,1.0,jiga_3pack,JIGA 3-Pack,13.99,5,price,4,,,North America,Low income,,,,,Part-time,"I'm on a tight budget and this gives me three complete sets for the price of one, which is practical for my home. The stiff nylon bristles and covered caddy design are simple and get the job done without spending much."
survey_toilet-brush-choice__HnxMtoz,persona/datasets/matraix-persona-1m/cohorts/cohort-162f4cf6eb0f/persona_gss-91ce34483246.yaml,1.0,oxo_hideaway,OXO Hideaway Compact,19.97,4,hygiene,4,55-64,,North America,Lower-middle,Woman,,,,Part-time,"I live alone in a small place and want something that looks tidy and disappears when stored, so the OXO hideaway canister fits my bathroom well. OXO is also a brand I've had good luck with, and at $19.97 the price is reasonable for the quality."
survey_toilet-brush-choice__HqpJ2NQ,persona/datasets/matraix-persona-1m/cohorts/cohort-162f4cf6eb0f/persona_wiki-2ddd44c58a6d.yaml,1.0,oxo_hideaway,OXO Hideaway Compact,19.97,4,hygiene,5,65+,Value-driven,North America,High income,Woman,Retirement,Dense urban,$100k-200k,Retired,"I want a brush that is out of sight when stored and that dries without pooling water, and the OXO Hideaway's auto-opening canister and ventilated tray do exactly that in a small footprint. OXO's design reputation and the firm nylon bristles give me confidence it will actually clean well and last, and at $19.97 the price is reasonable for the engineering."
survey_toilet-brush-choice__HtQpB8D,persona/datasets/matraix-persona-1m/cohorts/cohort-162f4cf6eb0f/persona_gss-dcd2683e0b86.yaml,1.0,oxo_hideaway,OXO Hideaway Compact,19.97,4,hygiene,4,75-84,,North America,,Woman,,,,Homemaker,"I'm a widow living alone now, so I want something simple and tidy that doesn't show a dirty brush sitting out. The OXO hideaway canister opens automatically when you lift the brush and has a ventilated tray so water doesn't pool, which matters for hygiene. It's a trusted brand and the compact size suits my small bathroom."
survey_toilet-brush-choice__Hxhqzzo,persona/datasets/matraix-persona-1m/cohorts/cohort-162f4cf6eb0f/persona_wiki-9a77c5c94382.yaml,1.0,oxo_hideaway,OXO Hideaway Compact,19.97,4,hygiene,4,65+,Value-driven,North America,Middle,Man,Mid-life,Small town,$50k-100k,Full-time,"I want a brush that stays out of sight and doesn't leave a puddle of dirty water in the holder, and OXO's auto-open hideaway canister with a ventilated tray does exactly that. OXO is a brand I've trusted in my kitchen for years, and at under $20 the price is fair for something that will sit in my bathroom for a decade. The compact footprint suits my small guest bath, and a firm nylon bristle actually scrubs rather than smears."
survey_toilet-brush-choice__HyGNh5i,persona/datasets/matraix-persona-1m/cohorts/cohort-162f4cf6eb0f/persona_stackoverflow-f076f7b977d4.yaml,1.0,oxo_hideaway,OXO Hideaway Compact,19.97,4,hygiene,4,35-44,,North America,,,,,,Full-time,"I want a hygienic, low-clutter setup in a small bathroom, and the OXO's auto-open hideaway canister plus ventilated tray directly addresses water pooling and odor — the main annoyance with toilet brushes. OXO's reputation for durable, well-designed household tools justifies the mid-range $19.97 price over the cheapest silicone options."
survey_toilet-brush-choice__J6hGsQG,persona/datasets/matraix-persona-1m/cohorts/cohort-162f4cf6eb0f/persona_gss-ebcbc3b314fa.yaml,1.0,jiga_3pack,JIGA 3-Pack,13.99,5,price,4,35-44,,North America,Lower-middle,Man,,,,Full-time,"I'm divorced with one kid and money's tight, so getting three brushes for $13.99 is the best deal here. Having spares for the second bathroom and for when one wears out makes more sense to me than paying extra for fancy silicone or stainless steel looks."
survey_toilet-brush-choice__J9QWBHo,persona/datasets/matraix-persona-1m/cohorts/cohort-162f4cf6eb0f/persona_wiki-94d3238c0d9f.yaml,1.0,oxo_hideaway,OXO Hideaway Compact,19.97,4,hygiene,4,75+,Indifferent,North America,Middle,Man,Retirement,Small town,null,Retired,"I'm 75 and I've learned that a brush you don't have to look at is a brush you don't mind keeping in a guest bathroom. The OXO's canister hides the brush entirely and opens automatically when you lift it, and the ventilated tray keeps it from sitting in stagnant water. I know the OXO name from kitchen tools I've used for decades, so I trust the build quality at $19.97."
survey_toilet-brush-choice__JEGHqNb,persona/datasets/matraix-persona-1m/cohorts/cohort-162f4cf6eb0f/persona_wiki-b23e2a97ef44.yaml,1.0,oxo_hideaway,OXO Hideaway Compact,19.97,4,hygiene,4,,,North America,,Man,,,,Retired,"I want a clean, uncluttered bathroom, and the OXO Hideaway keeps the brush completely out of sight while its auto-open canister and ventilated tray make it hygienic and easy to use. The compact footprint suits my space, and OXO's reputation for durable, well-designed tools justifies the mid-range price for me."
survey_toilet-brush-choice__JLYiV26,persona/datasets/matraix-persona-1m/cohorts/cohort-162f4cf6eb0f/persona_gss-b415022f15a7.yaml,1.0,oxo_hideaway,OXO Hideaway Compact,19.97,4,hygiene,4,65-74,,North America,Middle,Woman,,,,Homemaker,"I trust the OXO brand for sturdy, well-made household tools, and I like that the brush hides away neatly so my bathroom stays tidy. The ventilated tray that keeps water from pooling matters to me for hygiene, and at under $20 the price is reasonable for something that will last."
survey_toilet-brush-choice__JMfcmxu,persona/datasets/matraix-persona-1m/cohorts/cohort-162f4cf6eb0f/persona_wiki-18ba389436da.yaml,1.0,oxo_hideaway,OXO Hideaway Compact,19.97,4,hygiene,4,65-74,Value-driven,North America,Upper-middle,Man,Mid-life,Rural,null,Retired,"I want a clean, uncluttered bathroom and the OXO hideaway canister keeps the brush fully concealed while the ventilated tray prevents standing water and odor. OXO is a brand I trust for durable, well-engineered household tools, and at $19.97 the price is reasonable for something I'll use daily for years."
survey_toilet-brush-choice__JNvRjT9,persona/datasets/matraix-persona-1m/cohorts/cohort-162f4cf6eb0f/persona_stackoverflow-6746ede97630.yaml,1.0,oxo_hideaway,OXO Hideaway Compact,19.97,4,hygiene,4,65+,,North America,,,Retirement,,,Self-employed,"I value reliability and hygiene over gimmicks, and the OXO Hideaway's auto-open canister keeps the brush fully concealed while its ventilated tray prevents standing water — a real cleanliness benefit in a small bathroom. At $19.97 it's mid-priced with a brand I trust for durable, well-engineered household goods, and the compact footprint suits a bathroom where space is limited."
survey_toilet-brush-choice__JUw45r8,persona/datasets/matraix-persona-1m/cohorts/cohort-162f4cf6eb0f/persona_stackoverflow-103fbc625b55.yaml,1.0,oxo_hideaway,OXO Hideaway Compact,19.97,4,hygiene,4,35-44,,North America,,,Mid-life,,,Full-time,"I want a discreet, minimal set where the brush is hidden when stored, and the ventilated tray addresses the hygiene issue of standing water that breeds bacteria. OXO has a solid reputation for durable, well-designed household tools, and at $19.97 the price is reasonable for a product I'll use daily for years. The compact footprint also suits a small bathroom, and I'd rather buy one reliable set than a multi-pack of cheap ones."
survey_toilet-brush-choice__Jb2o9ue,persona/datasets/matraix-persona-1m/cohorts/cohort-162f4cf6eb0f/persona_stackoverflow-beb31f52e867.yaml,1.0,oxo_hideaway,OXO Hideaway Compact,19.97,4,hygiene,4,35-44,,North America,High income,,,,,Full-time,"I want a compact, tidy set that hides the brush and doesn't pool water in the base, and OXO's hideaway canister with a ventilated tray solves both without taking much floor space. At $19.97 it's a reasonable price for a brand with a solid reputation for functional design, and the automatic open-on-lift mechanism is genuinely convenient for daily use."
survey_toilet-brush-choice__JbCfpTB,persona/datasets/matraix-persona-1m/cohorts/cohort-162f4cf6eb0f/persona_wiki-2d31fca53f05.yaml,1.0,clorox_under_rim,Clorox Corner Under-Rim,15.5,3,price,3,55-64,Value-driven,North America,Lower-middle,Woman,Mid-life,Suburban,null,Self-employed,"No persona-specific answer was produced, so a neutral answer was used."
survey_toilet-brush-choice__Jia8abs,persona/datasets/matraix-persona-1m/cohorts/cohort-162f4cf6eb0f/persona_gss-60b20140c9b6.yaml,1.0,oxo_hideaway,OXO Hideaway Compact,19.97,4,hygiene,4,35-44,,North America,Middle,Man,,,,Full-time,"I want a clean, minimal look in a small bathroom, and the OXO Hideaway's auto-opening canister keeps the brush fully out of sight when stored. OXO is a brand I trust for durable everyday tools, and at $19.97 the price is reasonable for the build quality and ventilated tray that prevents water pooling."
survey_toilet-brush-choice__JqdiZtF,persona/datasets/matraix-persona-1m/cohorts/cohort-162f4cf6eb0f/persona_gss-05589d72e5c4.yaml,1.0,oxo_hideaway,OXO Hideaway Compact,19.97,4,hygiene,4,65-74,,North America,,Woman,,,,Part-time,"I live alone now and keep things tidy, so a compact set that hides the brush away and opens automatically appeals to me. The ventilated tray that prevents water pooling matters for hygiene, and the OXO brand is one I've trusted for kitchen and household tools for years. At $19.97 it's a reasonable middle price for something that looks neat in a small bathroom."
survey_toilet-brush-choice__K77TRyU,persona/datasets/matraix-persona-1m/cohorts/cohort-162f4cf6eb0f/persona_wiki-7e014f321b32.yaml,1.0,oxo_hideaway,OXO Hideaway Compact,19.97,5,hygiene,4,45-54,Premium-seeking,North America,Lower-middle,Man,Mid-life,Small town,null,Self-employed,"I want a brush that stays out of sight and doesn't leave a wet, smelly puddle in the base — the auto-open hideaway canister with a ventilated tray solves both. OXO is a brand I trust for well-made tools, and at under $20 it's a fair price for something I'll use daily."
survey_toilet-brush-choice__K8486jD,persona/datasets/matraix-persona-1m/cohorts/cohort-162f4cf6eb0f/persona_wiki-4cd4fbff37d2.yaml,1.0,oxo_hideaway,OXO Hideaway Compact,19.97,4,hygiene,4,45-54,,North America,Upper-middle,Man,Mid-life,Small town,,Full-time,"The hideaway canister keeps the brush out of sight, which matters in a small bathroom, and the auto-open lid plus ventilated tray is a genuinely well-engineered design from a brand I trust. At $19.97 it sits in a sensible mid-range where I'm paying for function and build quality rather than gimmicks."
survey_toilet-brush-choice__K9LzJuu,persona/datasets/matraix-persona-1m/cohorts/cohort-162f4cf6eb0f/persona_gss-4a694a40a300.yaml,1.0,clorox_under_rim,Clorox Corner Under-Rim,15.5,4,cleaning,4,45-54,,North America,Middle,Man,,,,Full-time,"I want a brush that actually gets under the rim without me having to contort, and the dedicated under-rim scrubber plus corner caddy suits my small bathroom. Clorox is a brand I recognize and trust, and at $15.50 it's a fair price for a set that does the job."
survey_toilet-brush-choice__KDJ6Jft,persona/datasets/matraix-persona-1m/cohorts/cohort-162f4cf6eb0f/persona_gss-70e0cebfca4a.yaml,1.0,clorox_under_rim,Clorox Corner Under-Rim,15.5,4,cleaning,4,25-34,,North America,Low income,Woman,,,,Part-time,"It's a well-known brand I trust, and the price of $15.50 is reasonable for my tight budget. The under-rim scrubber and corner storage make it practical for keeping my bathroom clean."
survey_toilet-brush-choice__KGxhRPW,persona/datasets/matraix-persona-1m/cohorts/cohort-162f4cf6eb0f/persona_wiki-ba8499e83fee.yaml,1.0,oxo_hideaway,OXO Hideaway Compact,19.97,4,hygiene,4,55-64,Value-driven,North America,Upper-middle,Woman,Mid-life,Small town,$100k-200k,Full-time,"I want a discreet, well-engineered set from a brand I trust, and the OXO's hideaway canister keeps the brush out of sight while the ventilated tray prevents standing water — a genuine hygiene benefit. The compact footprint suits my bathroom, and at $19.97 the price is reasonable for the build quality and design."
survey_toilet-brush-choice__KHyJNaf,persona/datasets/matraix-persona-1m/cohorts/cohort-162f4cf6eb0f/persona_wiki-c322ba1044bd.yaml,1.0,oxo_hideaway,OXO Hideaway Compact,19.97,4,hygiene,5,,,North America,,Man,,,,,"I want a clean, uncluttered bathroom and the OXO hideaway canister keeps the brush fully out of sight while the ventilated tray stops water pooling, which matters for hygiene. OXO is a brand I trust for sturdy everyday tools, and at $19.97 it's a fair price for something I'll use for years."
survey_toilet-brush-choice__KMBDFEW,persona/datasets/matraix-persona-1m/cohorts/cohort-162f4cf6eb0f/persona_gss-48356899068e.yaml,1.0,jiga_3pack,JIGA 3-Pack,13.99,5,price,4,35-44,,North America,Lower-middle,Woman,,,,Full-time,"With two kids and a busy household, having three brushes means I can keep one in each bathroom and always have a clean spare on hand. At $13.99 for the whole pack it fits my budget better than any single set here, and the stiff nylon bristles and caddy storage cover the basics I need."
survey_toilet-brush-choice__KMnwYmJ,persona/datasets/matraix-persona-1m/cohorts/cohort-162f4cf6eb0f/persona_wiki-c74acc581280.yaml,1.0,oxo_hideaway,OXO Hideaway Compact,19.97,4,hygiene,4,25-34,,North America,,Man,Early career,,,,"I want a compact, clean-looking set that hides the brush and doesn't pool water, and OXO's auto-open ventilated canister delivers that. The $19.97 price is reasonable for a durable, well-designed daily-use item from a brand I trust."
survey_toilet-brush-choice__KWpkAde,persona/datasets/matraix-persona-1m/cohorts/cohort-162f4cf6eb0f/persona_amazon-9a5913210471.yaml,1.0,clorox_under_rim,Clorox Corner Under-Rim,15.5,5,cleaning,4,,Value-driven,North America,,Man,,Rural,,Full-time,"I've got three kids and a house full of people using the same bathrooms, so a brush that actually gets under the rim where the crud hides matters more to me than looks. The Clorox has a dedicated under-rim scrubber head, antibacterial bristles, and a corner caddy that tucks out of the way, all for $15.50 — that's the kind of practical, no-nonsense setup I want."
survey_toilet-brush-choice__KYiqHSY,persona/datasets/matraix-persona-1m/cohorts/cohort-162f4cf6eb0f/persona_gss-e79ea243b8b1.yaml,1.0,jiga_3pack,JIGA 3-Pack,13.99,5,price,5,18-24,,North America,Lower-middle,Man,,,,Part-time,"I'm on a tight budget working part-time, so getting three complete brush-and-holder sets for $13.99 is unbeatable value. The stiff nylon bristles should scrub well, and having spares for the other bathroom or to replace a worn one makes practical sense."
survey_toilet-brush-choice__KYsroSp,persona/datasets/matraix-persona-1m/cohorts/cohort-162f4cf6eb0f/persona_gss-4c052fea2f8e.yaml,1.0,oxo_hideaway,OXO Hideaway Compact,19.97,4,hygiene,4,45-54,,North America,Middle,Man,,,,Full-time,"I want something that looks tidy and doesn't show a dripping brush sitting in the open, and OXO is a brand I've had good luck with on other household stuff. The auto-open canister and ventilated tray keep it clean and simple without being gimmicky, and $20 is a fair middle price."
survey_toilet-brush-choice__KZDRdaW,persona/datasets/matraix-persona-1m/cohorts/cohort-162f4cf6eb0f/persona_wiki-c92dd060123f.yaml,1.0,oxo_hideaway,OXO Hideaway Compact,19.97,4,hygiene,4,25-34,null,North America,null,Man,Early career,null,null,Full-time,"I want a clean, minimal look with nothing visible when it's stored, and OXO's hideaway canister opens automatically and has a ventilated tray so water doesn't pool. The compact footprint suits a smaller bathroom, and OXO is a brand I trust for durable, well-designed tools at a fair mid-range price."
survey_toilet-brush-choice__KZs9Cbs,persona/datasets/matraix-persona-1m/cohorts/cohort-162f4cf6eb0f/persona_gss-cd1363c32813.yaml,1.0,oxo_hideaway,OXO Hideaway Compact,19.97,4,hygiene,4,18-24,,North America,Middle,Man,,,,Full-time,"I want something compact and tidy for a small bathroom, and the hideaway canister that opens automatically and drains water keeps things clean and out of sight. OXO is a brand I trust for basic household tools, and $19.97 is reasonable for that."
survey_toilet-brush-choice__Kcr7nqB,persona/datasets/matraix-persona-1m/cohorts/cohort-162f4cf6eb0f/persona_gss-e62e2fd8f478.yaml,1.0,jiga_3pack,JIGA 3-Pack,13.99,5,price,4,25-34,,North America,Lower-middle,Man,,,,Unemployed,"With money tight right now, getting three complete brush and holder sets for $13.99 is the best value on the shelf. Stiff nylon bristles clean well, and having spares for each bathroom plus a backup makes sense for a household on a budget."
survey_toilet-brush-choice__Kdo9VJz,persona/datasets/matraix-persona-1m/cohorts/cohort-162f4cf6eb0f/persona_wiki-91aacd9f1bd9.yaml,1.0,oxo_hideaway,OXO Hideaway Compact,19.97,4,hygiene,4,,,North America,,Man,Mid-life,,,Full-time,"The OXO Hideaway is the only set that keeps the brush completely out of sight when stored, which suits a well-kept guest bathroom, and the ventilated tray addresses the standing-water problem that makes most holders unsanitary. At $19.97 it is a fair mid-shelf price from a brand with a solid reliability record, and the compact footprint fits a tight corner without the visual clutter of the cheaper white plastic sets."
survey_toilet-brush-choice__Kdx2898,persona/datasets/matraix-persona-1m/cohorts/cohort-162f4cf6eb0f/persona_gss-d2fb61c8ed17.yaml,1.0,jiga_3pack,JIGA 3-Pack,13.99,5,price,4,55-64,,North America,Lower-middle,Woman,Retirement,,,Retired,"I have two bathrooms and a separated household, so a 3-pack means I can put one in each bathroom and keep a spare without spending much. At $13.99 for three stiff-bristle brushes with caddies, it's the best value on the shelf and the white design matches my bathroom."
survey_toilet-brush-choice__KihUzSJ,persona/datasets/matraix-persona-1m/cohorts/cohort-162f4cf6eb0f/persona_wiki-8378be84406a.yaml,1.0,oxo_hideaway,OXO Hideaway Compact,19.97,4,hygiene,4,65+,,North America,null,Man,Retirement,null,null,Retired,"I want a clean-looking bathroom and a brush that keeps the mess hidden, so the OXO Hideaway's auto-opening canister and ventilated tray appeal to me. OXO is a brand I trust for solid, well-designed everyday tools, and the compact footprint suits a tidy, orderly setup."
survey_toilet-brush-choice__KoMAtkC,persona/datasets/matraix-persona-1m/cohorts/cohort-162f4cf6eb0f/persona_wiki-4a9b363ab070.yaml,1.0,oxo_hideaway,OXO Hideaway Compact,19.97,5,hygiene,4,65+,Value-driven,North America,High income,Woman,Retirement,Dense urban,null,Full-time,"I value a tidy, unobtrusive bathroom and the OXO Hideaway's canister conceals the brush entirely when stored, which suits my sense of order and aesthetics. OXO is a brand I trust for well-designed, durable tools, and the ventilated tray addresses hygiene concerns without the fussiness of silicone nubs or built-in tweezers I would never use."
survey_toilet-brush-choice__KtnvWMC,persona/datasets/matraix-persona-1m/cohorts/cohort-162f4cf6eb0f/persona_gss-e6e0871cf10e.yaml,1.0,oxo_hideaway,OXO Hideaway Compact,19.97,4,hygiene,4,55-64,,North America,Lower-middle,Woman,,,,Full-time,"I want a compact, tidy set that hides the brush away so my small bathroom stays presentable, and OXO's auto-open canister with a ventilated tray addresses the hygiene issue I care about most. The price is reasonable for a brand I trust, and the minimal white design blends in rather than standing out."
survey_toilet-brush-choice__KzdLgG8,persona/datasets/matraix-persona-1m/cohorts/cohort-162f4cf6eb0f/persona_gss-48d56128dff0.yaml,1.0,oxo_hideaway,OXO Hideaway Compact,19.97,4,hygiene,4,35-44,,North America,Middle,Woman,,,,Homemaker,"I want something that looks tidy and doesn't show a dripping brush sitting in my bathroom, and the OXO hideaway canister keeps the brush out of sight while the ventilated tray stops water from pooling. OXO is a brand I recognize and trust, and $19.97 is reasonable for a set that will last."
survey_toilet-brush-choice__KzsbGwa,persona/datasets/matraix-persona-1m/cohorts/cohort-162f4cf6eb0f/persona_stackoverflow-d009a903e306.yaml,1.0,oxo_hideaway,OXO Hideaway Compact,19.97,4,hygiene,4,25-34,,North America,,,Early career,,$200k+,Full-time,"I want something that looks clean and minimal and actually hides the brush, so the OXO Hideaway's auto-opening canister and ventilated tray that prevents water pooling fits how I'd use it daily. OXO is a brand I trust for well-designed basics, and at $19.97 it's a reasonable price for a small bathroom."
survey_toilet-brush-choice__L27xTQ7,persona/datasets/matraix-persona-1m/cohorts/cohort-162f4cf6eb0f/persona_wiki-9d086d733ff3.yaml,1.0,oxo_hideaway,OXO Hideaway Compact,19.97,4,design,4,55-64,,North America,Upper-middle,Man,Retirement,Suburban,,Retired,"I value a clean, uncluttered bathroom and the OXO Hideaway's auto-open canister means no visible brush when stored, which suits my preference for a tidy, minimal look. OXO is a brand I trust for well-engineered, durable household tools, and the ventilated tray that prevents water pooling addresses hygiene without adding fuss. At $19.97 it's a sensible mid-range price for the quality and design."
survey_toilet-brush-choice__LBgj5Ke,persona/datasets/matraix-persona-1m/cohorts/cohort-162f4cf6eb0f/persona_wiki-4d86f07ca984.yaml,1.0,oxo_hideaway,OXO Hideaway Compact,19.97,4,hygiene,4,85+,Value-driven,North America,High income,Man,Retirement,Rural,$200k+,Retired,"At 85 I want a brush that does its job without fuss and without being an eyesore. The OXO Hideaway keeps the brush completely out of sight when stored, opens automatically when lifted, and its ventilated tray prevents the stagnant water that makes cheaper holders smell. The $19.97 price is fair for a well-engineered, compact set from a brand with a solid reputation for grips and durability."
survey_toilet-brush-choice__LBrAp9v,persona/datasets/matraix-persona-1m/cohorts/cohort-162f4cf6eb0f/persona_gss-5b1b571f0102.yaml,1.0,jiga_3pack,JIGA 3-Pack,13.99,5,price,5,25-34,,North America,Lower-middle,Woman,,,,Homemaker,"With two kids and a tight budget, getting three complete brush and holder sets for $13.99 is the best value here — I can put one in each bathroom and have a spare. Stiff nylon bristles and covered caddy storage are exactly what I need for everyday cleaning."
survey_toilet-brush-choice__LEFe8wY,persona/datasets/matraix-persona-1m/cohorts/cohort-162f4cf6eb0f/persona_stackoverflow-9863eb662e15.yaml,1.0,oxo_hideaway,OXO Hideaway Compact,19.97,4,hygiene,4,45-54,,North America,,,,,,Full-time,"I want a compact, clean-looking set where the brush is hidden when stored, and OXO's hideaway canister with a ventilated tray solves the pooling-water problem that makes most holders gross. At $19.97 it's reasonably priced for a well-engineered, small-footprint design from a brand I trust."
survey_toilet-brush-choice__LGBDvn5,persona/datasets/matraix-persona-1m/cohorts/cohort-162f4cf6eb0f/persona_gss-631f9b271cff.yaml,1.0,oxo_hideaway,OXO Hideaway Compact,19.97,4,hygiene,4,55-64,,North America,Middle,Woman,,,,Full-time,"I want something that looks tidy and doesn't show the brush, and OXO is a brand I trust for well-made everyday tools. The auto-open canister and ventilated tray keep things hygienic and dry, and at under $20 the price is reasonable for the quality."
survey_toilet-brush-choice__LMxqFHu,persona/datasets/matraix-persona-1m/cohorts/cohort-162f4cf6eb0f/persona_gss-2b58a1e26246.yaml,1.0,jiga_3pack,JIGA 3-Pack,13.99,5,price,5,25-34,,North America,Lower-middle,Man,,,,Full-time,"With three kids and multiple bathrooms, a 3-pack at $13.99 gives me a brush and caddy for each bathroom at a very low cost per set. Stiff nylon bristles and non-slip handles cover the practical cleaning needs, and the plain white design fits any bathroom. Value and quantity matter most to me here."
survey_toilet-brush-choice__LNJJk8f,persona/datasets/matraix-persona-1m/cohorts/cohort-162f4cf6eb0f/persona_stackoverflow-241c53b46731.yaml,1.0,oxo_hideaway,OXO Hideaway Compact,19.97,4,hygiene,4,25-34,,North America,,,Early career,,,Full-time,"I want a brush that actually hides the dirty head so the bathroom doesn't look gross, and the auto-open canister with a ventilated tray means less standing water and smell. OXO is a brand I've had good luck with, and at ~$20 the price is reasonable for something I'll use daily and not think about again."
survey_toilet-brush-choice__LNueGw3,persona/datasets/matraix-persona-1m/cohorts/cohort-162f4cf6eb0f/persona_gss-48a17dd24b4a.yaml,1.0,jiga_3pack,JIGA 3-Pack,13.99,5,price,4,65-74,,North America,Lower-middle,Man,Retirement,,,Retired,"On a fixed retirement income, the JIGA 3-pack at $13.99 gives me a brush for each bathroom plus a spare for the price of one set elsewhere. Stiff nylon bristles and a covered caddy are all I really need, and I'd rather not overspend on fancy silicone features."
survey_toilet-brush-choice__LP8sHjq,persona/datasets/matraix-persona-1m/cohorts/cohort-162f4cf6eb0f/persona_gss-5de2f0bbb671.yaml,1.0,oxo_hideaway,OXO Hideaway Compact,19.97,4,hygiene,4,35-44,,North America,Upper-middle,Man,,,,Full-time,"I want a clean, uncluttered look and the hideaway canister keeps the brush out of sight, which matters in a shared bathroom. OXO is a brand I trust for practical, well-built household tools, and at $19.97 the price is reasonable for something I'll use weekly for years."
survey_toilet-brush-choice__LQ2ufTc,persona/datasets/matraix-persona-1m/cohorts/cohort-162f4cf6eb0f/persona_gss-9db4d94d1a7c.yaml,1.0,clorox_under_rim,Clorox Corner Under-Rim,15.5,4,cleaning,4,65-74,,North America,Low income,Woman,Retirement,,,Retired,"I'm on a fixed income, so the $15.50 price is reasonable, and the corner caddy saves space in my small bathroom. The under-rim scrubber and antibacterial bristles matter to me for keeping things properly clean."
survey_toilet-brush-choice__LQBu6as,persona/datasets/matraix-persona-1m/cohorts/cohort-162f4cf6eb0f/persona_gss-74961734bf55.yaml,1.0,oxo_hideaway,OXO Hideaway Compact,19.97,4,hygiene,4,25-34,,North America,Middle,Woman,Student,,,Student,"I want something compact and tidy for a small bathroom, and the hideaway canister that opens automatically and hides the brush when stored keeps things looking clean. OXO has a solid reputation, and at $19.97 the price feels fair for the design and everyday usability."
survey_toilet-brush-choice__LQJ8LB2,persona/datasets/matraix-persona-1m/cohorts/cohort-162f4cf6eb0f/persona_stackoverflow-0f021b06cd2f.yaml,1.0,oxo_hideaway,OXO Hideaway Compact,19.97,4,hygiene,4,25-34,,North America,,,,,,Self-employed,"I want a compact, minimal set that hides the brush when not in use and doesn't pool water in the base. OXO's auto-open canister and ventilated tray solve the two things I actually care about: clean looks and hygiene, at a reasonable price."
survey_toilet-brush-choice__LRHV2Ub,persona/datasets/matraix-persona-1m/cohorts/cohort-162f4cf6eb0f/persona_gss-436c6ede1eac.yaml,1.0,jiga_3pack,JIGA 3-Pack,13.99,5,price,4,25-34,,North America,Lower-middle,Woman,,,,Homemaker,"With three kids and a tight budget, getting three complete brush and holder sets for $13.99 is unbeatable value. I can put one in each bathroom and always have a spare, and the stiff nylon bristles should handle everyday scrubbing fine."
survey_toilet-brush-choice__LUEsxxo,persona/datasets/matraix-persona-1m/cohorts/cohort-162f4cf6eb0f/persona_amazon-96b8afcf2536.yaml,1.0,oxo_hideaway,OXO Hideaway Compact,19.97,4,hygiene,4,55-64,,North America,,,Mid-life,,,,"I want a compact, tidy set for my small bathroom, and I like that the canister hides the brush and opens automatically when lifted. OXO is a brand I trust, and the ventilated tray helps prevent water pooling, which matters to me for hygiene."
survey_toilet-brush-choice__LVw8Mxr,persona/datasets/matraix-persona-1m/cohorts/cohort-162f4cf6eb0f/persona_gss-5a652553ff63.yaml,1.0,oxo_hideaway,OXO Hideaway Compact,19.97,4,hygiene,4,85+,,North America,Lower-middle,Woman,Retirement,,,Retired,"At my age I want something simple, tidy, and reliable, and the OXO name has never let me down. The hideaway canister keeps the brush out of sight, which suits my small bathroom, and the ventilated tray means less mess and odor. The price is a bit more than the cheapest ones, but I trust it to last."
survey_toilet-brush-choice__LiYFM7M,persona/datasets/matraix-persona-1m/cohorts/cohort-162f4cf6eb0f/persona_wiki-67de024fbc6b.yaml,1.0,oxo_hideaway,OXO Hideaway Compact,19.97,4,design,4,70+,,North America,,Man,Retirement,,,Retired,"I want a clean, uncluttered look in my bathroom and the OXO hideaway canister keeps the brush completely out of sight while the ventilated tray prevents water pooling. OXO is a brand I trust for well-designed, durable household tools, and at $19.97 the price is reasonable for the quality."
survey_toilet-brush-choice__LnDXd9f,persona/datasets/matraix-persona-1m/cohorts/cohort-162f4cf6eb0f/persona_gss-4e1b52064984.yaml,1.0,oxo_hideaway,OXO Hideaway Compact,19.97,4,hygiene,4,55-64,,North America,Upper-middle,Man,,,,Full-time,"I want a brush that stays out of sight and doesn't leave a wet, dripping mess in the corner, so the OXO's hideaway canister with a ventilated tray is the most practical pick for a shared bathroom. The brand has a solid reputation for well-designed, durable household tools, and at $19.97 it's a reasonable price for something I'll use daily for years."
survey_toilet-brush-choice__Log2ZLb,persona/datasets/matraix-persona-1m/cohorts/cohort-162f4cf6eb0f/persona_stackoverflow-a9784dadc4ca.yaml,1.0,oxo_hideaway,OXO Hideaway Compact,19.97,4,hygiene,4,35-44,,North America,,,,,,Full-time,"The hideaway canister keeps the brush fully concealed when stored, which fits a clean minimal bathroom, and the auto-open design plus ventilated tray means less standing water and odor. OXO is a brand I trust for well-engineered, durable everyday tools, and at $19.97 it's a reasonable price for that reliability."
survey_toilet-brush-choice__LooYNY3,persona/datasets/matraix-persona-1m/cohorts/cohort-162f4cf6eb0f/persona_amazon-fa4bcff7e632.yaml,1.0,oxo_hideaway,OXO Hideaway Compact,19.97,4,design,4,,,North America,,,,,,,"I want something that looks tidy and doesn't scream 'toilet brush' when guests walk in, and the hideaway canister that opens as you lift is a smart design. OXO is a brand I trust for everyday tools, and at under $20 it's a fair price for something I'll use weekly for years."
survey_toilet-brush-choice__LrJHYv5,persona/datasets/matraix-persona-1m/cohorts/cohort-162f4cf6eb0f/persona_stackoverflow-59e0f6478ffe.yaml,1.0,oxo_hideaway,OXO Hideaway Compact,19.97,4,hygiene,4,35-44,,North America,,,,,,Full-time,"OXO is a brand I trust for practical, well-engineered household tools, and the hideaway canister with a ventilated tray directly addresses the hygiene problem of standing water in the holder. The compact footprint and firm nylon bristles suit a normal bathroom without gimmicks like tweezers or a 3-pack I don't need."
survey_toilet-brush-choice__Lw9L6AE,persona/datasets/matraix-persona-1m/cohorts/cohort-162f4cf6eb0f/persona_wiki-c26d6ce158d8.yaml,1.0,oxo_hideaway,OXO Hideaway Compact,19.97,4,hygiene,4,,Indifferent,North America,,Man,Mid-life,,,Full-time,"I want a brush that stays out of sight and doesn't pool water in the base — the hideaway canister with its ventilated tray solves both. OXO's build quality and compact footprint suit a tight bathroom, and at $19.97 the price is reasonable for something I'll use daily."
survey_toilet-brush-choice__MAtk5uQ,persona/datasets/matraix-persona-1m/cohorts/cohort-162f4cf6eb0f/persona_gss-1fbb631fc44b.yaml,1.0,jiga_3pack,JIGA 3-Pack,13.99,5,price,4,25-34,,North America,Lower-middle,Woman,,,,Homemaker,"With two kids and a husband in a lower-middle budget household, I need brushes for more than one bathroom and I can't spend $25-30 on a single set. The JIGA 3-pack gives me three complete sets with sturdy nylon bristles for $13.99, which is the best value here and the plain white look fits any bathroom."
survey_toilet-brush-choice__MEXU83g,persona/datasets/matraix-persona-1m/cohorts/cohort-162f4cf6eb0f/persona_wiki-bc993864caa6.yaml,1.0,oxo_hideaway,OXO Hideaway Compact,19.97,4,hygiene,5,65+,,North America,,Man,Retirement,,,Retired,"I want a brush that stays out of sight and doesn't leave a puddle in the holder, and OXO's auto-open canister with a ventilated tray does exactly that. The brand has earned my trust over decades, and at $19.97 it's a fair price for something I'll use weekly for years."
survey_toilet-brush-choice__MG2FLZU,persona/datasets/matraix-persona-1m/cohorts/cohort-162f4cf6eb0f/persona_gss-57c92d81011a.yaml,1.0,jiga_3pack,JIGA 3-Pack,13.99,5,price,4,25-34,,North America,Middle,Man,,,,Full-time,"I have one bathroom but three brushes for the price of one is unbeatable value at $13.99, and I can keep a spare in the garage and one for the guest bath. Stiff nylon bristles and covered caddies are exactly what I need for a straightforward, practical clean."
survey_toilet-brush-choice__MJhAeMD,persona/datasets/matraix-persona-1m/cohorts/cohort-162f4cf6eb0f/persona_gss-298238f9bb70.yaml,1.0,jiga_3pack,JIGA 3-Pack,13.99,5,price,4,75-84,,North America,Lower-middle,Man,Retirement,,,Retired,"I'm retired and on a fixed income, so getting three complete brush sets for $13.99 is the sensible buy — I can put one in each bathroom and keep a spare. Stiff nylon bristles on a long handle are what I've always used and they scrub well without any fancy silicone nonsense."
survey_toilet-brush-choice__MLtr7gg,persona/datasets/matraix-persona-1m/cohorts/cohort-162f4cf6eb0f/persona_gss-697245e594c0.yaml,1.0,clorox_under_rim,Clorox Corner Under-Rim,15.5,4,cleaning,4,25-34,,North America,Lower-middle,Man,,,,Full-time,"I want something dependable that actually gets under the rim clean, and the dedicated under-rim scrubber plus antibacterial bristles sold me. The $15.50 price fits my budget, and I trust the Clorox name for bathroom cleaning."
survey_toilet-brush-choice__Me7mFjW,persona/datasets/matraix-persona-1m/cohorts/cohort-162f4cf6eb0f/persona_gss-bfcc4268a3d0.yaml,1.0,oxo_hideaway,OXO Hideaway Compact,19.97,4,hygiene,4,18-24,,North America,Lower-middle,Woman,,,,Homemaker,"I want something tidy and hygienic that hides the brush away, and the OXO Hideaway's auto-open canister and ventilated tray keep things clean without a fuss. The compact footprint suits our small bathroom, and OXO is a brand I trust to last."
survey_toilet-brush-choice__MmtNrL9,persona/datasets/matraix-persona-1m/cohorts/cohort-162f4cf6eb0f/persona_gss-de412c3de4be.yaml,1.0,oxo_hideaway,OXO Hideaway Compact,19.97,4,hygiene,4,55-64,,North America,Middle,Man,Retirement,,,Retired,"The OXO Hideaway is a well-known, reliable brand I trust, and the auto-open canister keeps the brush out of sight, which suits my clean, minimal bathroom. At $19.97 it's a reasonable middle price for something that will last and stay hygienic with its ventilated tray."
survey_toilet-brush-choice__MpFAbuF,persona/datasets/matraix-persona-1m/cohorts/cohort-162f4cf6eb0f/persona_stackoverflow-dd6f3690b81a.yaml,1.0,oxo_hideaway,OXO Hideaway Compact,19.97,4,hygiene,4,35-44,,North America,,,Parent of young kids,,,Self-employed,"I want a brush that stays hidden when stored and doesn't leave a wet, pooling mess in the holder. The OXO's auto-open canister and ventilated tray solve exactly that, and the compact footprint suits a small bathroom. I trust OXO's build quality enough to pay a bit more than the budget silicone options."
survey_toilet-brush-choice__MqMWVuN,persona/datasets/matraix-persona-1m/cohorts/cohort-162f4cf6eb0f/persona_gss-a7e3946da4d2.yaml,1.0,clorox_under_rim,Clorox Corner Under-Rim,15.5,4,cleaning,4,35-44,,North America,Lower-middle,Man,,,,Full-time,"I trust the Clorox name for cleaning, and the under-rim scrubber head is a practical feature for getting the job done right. At $15.50 it's a fair price for a brand I know, and the corner caddy design fits neatly in my bathroom."
survey_toilet-brush-choice__MuCYNQC,persona/datasets/matraix-persona-1m/cohorts/cohort-162f4cf6eb0f/persona_gss-3b338e4f3e0c.yaml,1.0,clorox_under_rim,Clorox Corner Under-Rim,15.5,4,hygiene,4,65-74,,North America,Middle,Woman,,,,Homemaker,"I want something simple, hygienic and easy to store without spending much. The Clorox set is a trusted name, has antibacterial bristles and a dedicated under-rim scrubber, and the corner caddy keeps it tidy in my small bathroom at a reasonable $15.50."
survey_toilet-brush-choice__Mz5uCPW,persona/datasets/matraix-persona-1m/cohorts/cohort-162f4cf6eb0f/persona_wiki-898ce99626b7.yaml,1.0,clorox_under_rim,Clorox Corner Under-Rim,15.5,3,price,3,55-64,,North America,null,Woman,Mid-life,null,null,null,"No persona-specific answer was produced, so a neutral answer was used."
survey_toilet-brush-choice__N5KsouW,persona/datasets/matraix-persona-1m/cohorts/cohort-162f4cf6eb0f/persona_gss-2bc3f4f60ce8.yaml,1.0,jiga_3pack,JIGA 3-Pack,13.99,5,price,4,75-84,,North America,Lower-middle,Woman,,,,Part-time,"I have three bathrooms and grandchildren who visit often, so getting three brushes for one low price is practical for me. The stiff nylon bristles and covered caddy are what I'm used to, and white matches my bathroom fixtures."
survey_toilet-brush-choice__N7QSx8H,persona/datasets/matraix-persona-1m/cohorts/cohort-162f4cf6eb0f/persona_wiki-fbb0ffc128bc.yaml,1.0,oxo_hideaway,OXO Hideaway Compact,19.97,4,hygiene,4,65+,Value-driven,North America,High income,Woman,Retirement,Dense urban,null,Full-time,"OXO is a brand I trust for well-engineered household tools, and the hideaway canister means the brush is not visible when stored — important in a bathroom I keep orderly. The ventilated tray that prevents water pooling addresses the hygiene concern that matters most to me, and at $19.97 the price is reasonable for a durable, thoughtfully designed product."
survey_toilet-brush-choice__ND9ANgZ,persona/datasets/matraix-persona-1m/cohorts/cohort-162f4cf6eb0f/persona_gss-1a43e124c0c3.yaml,1.0,clorox_under_rim,Clorox Corner Under-Rim,15.5,4,cleaning,4,45-54,,North America,Lower-middle,Man,,,,Full-time,"I have a big family and three bathrooms to keep clean, so a brush that actually gets under the rim matters to me. The Clorox set is a trusted name, has antibacterial bristles and a corner caddy, and at $15.50 it's a fair price I can afford."
survey_toilet-brush-choice__NDpRMDP,persona/datasets/matraix-persona-1m/cohorts/cohort-162f4cf6eb0f/persona_wiki-1ff57338f0ae.yaml,1.0,oxo_hideaway,OXO Hideaway Compact,19.97,4,hygiene,4,65+,Indifferent,North America,Middle,Woman,Mid-life,Dense urban,,Self-employed,"I want a brush that disappears when it isn't in use, so the OXO Hideaway's auto-opening canister and ventilated tray appeal to me more than the open caddies. The OXO name also gives me confidence in the build quality, and at $19.97 the price is reasonable for something I'll keep for years. The compact footprint suits my small bathroom."
survey_toilet-brush-choice__NERAeeh,persona/datasets/matraix-persona-1m/cohorts/cohort-162f4cf6eb0f/persona_gss-a5b9d36ba690.yaml,1.0,clorox_under_rim,Clorox Corner Under-Rim,15.5,4,cleaning,4,55-64,,North America,Lower-middle,Man,,,,Part-time,"I want a practical, affordable set from a brand I recognize, and the under-rim scrubber plus corner caddy suits my small bathroom. The $15.50 price fits my budget and it looks simple and sturdy."
survey_toilet-brush-choice__NHWZDgQ,persona/datasets/matraix-persona-1m/cohorts/cohort-162f4cf6eb0f/persona_gss-26ae612f9dd6.yaml,1.0,oxo_hideaway,OXO Hideaway Compact,19.97,4,hygiene,4,55-64,,North America,,Woman,,,,Part-time,"I want a compact, tidy set that hides the brush away when not in use, so my bathroom stays looking clean and uncluttered. OXO is a brand I trust for well-made household tools, and the ventilated tray and auto-open canister add practical hygiene at a reasonable mid-range price."
survey_toilet-brush-choice__NM88dom,persona/datasets/matraix-persona-1m/cohorts/cohort-162f4cf6eb0f/persona_stackoverflow-263d8f6fa46a.yaml,1.0,oxo_hideaway,OXO Hideaway Compact,19.97,4,hygiene,4,55-64,,North America,,,,,,,"The OXO Hideaway is the only option that solves the actual hygiene problem: the canister opens automatically on lift and has a ventilated tray, so the brush stays hidden and doesn't sit in a puddle of water. OXO's design reputation and firm nylon bristles give me confidence it will clean well and last, and at $19.97 the price is reasonable for a single well-engineered set rather than a multi-pack of disposable ones."
survey_toilet-brush-choice__NT3r4PN,persona/datasets/matraix-persona-1m/cohorts/cohort-162f4cf6eb0f/persona_wiki-16425bb3a10f.yaml,1.0,oxo_hideaway,OXO Hideaway Compact,19.97,4,hygiene,5,65+,Indifferent,North America,Lower-middle,Man,Retirement,Small town,,Retired,"I am a practical man who values order, hygiene, and things that simply work without fuss. The OXO Hideaway's auto-opening canister keeps the brush out of sight and its ventilated tray prevents water pooling, and OXO is a brand I have trusted for years for well-engineered, durable household goods. At $19.97 the price is reasonable for the build quality and compact footprint, which suits my small-town home bathroom."
survey_toilet-brush-choice__NTeRbce,persona/datasets/matraix-persona-1m/cohorts/cohort-162f4cf6eb0f/persona_gss-3f24e8dc61bc.yaml,1.0,jiga_3pack,JIGA 3-Pack,13.99,5,price,5,35-44,,North America,Low income,Man,,,,Full-time,"With a low income and a family bathroom, getting three complete brush and holder sets for $13.99 is the best value on the shelf. Stiff nylon bristles do the scrubbing job fine, and having spares for each bathroom plus a backup means I won't need to buy again for a long time."
survey_toilet-brush-choice__NUHEW4N,persona/datasets/matraix-persona-1m/cohorts/cohort-162f4cf6eb0f/persona_wiki-b105256c1894.yaml,1.0,oxo_hideaway,OXO Hideaway Compact,19.97,4,hygiene,4,65+,Value-driven,North America,High income,Man,Retirement,Small town,$200k+,Full-time,"I value a clean, uncluttered bathroom and a design that conceals the brush entirely when not in use. OXO is a brand I trust for durable, well-engineered household tools, and the automatic hideaway canister with a ventilated tray addresses hygiene and tidiness at a reasonable $19.97."
survey_toilet-brush-choice__NY6KoHr,persona/datasets/matraix-persona-1m/cohorts/cohort-162f4cf6eb0f/persona_stackoverflow-60e44f8a7631.yaml,1.0,oxo_hideaway,OXO Hideaway Compact,19.97,4,hygiene,4,35-44,,North America,,,,,,Full-time,"I prioritize accuracy and hygiene over novelty, and the OXO Hideaway's auto-opening canister and ventilated tray directly address water pooling and visible mess, which is the main thing I evaluate in a toilet brush. OXO has a solid reputation for functional, durable bathroom tools, and at $19.97 it's a reasonable price for a single well-designed set rather than a multi-pack of items I don't need."
survey_toilet-brush-choice__NZbnsK6,persona/datasets/matraix-persona-1m/cohorts/cohort-162f4cf6eb0f/persona_gss-25a7a703f49e.yaml,1.0,oxo_hideaway,OXO Hideaway Compact,19.97,4,hygiene,4,85+,,North America,Middle,Woman,,,,Homemaker,"I'm a widow living on my own and I like things tidy and simple, so a brush that hides away in its own little canister appeals to me — no ugly brush on display. OXO is a name I recognize and trust, the price is reasonable, and the ventilated tray keeps things from getting smelly."
survey_toilet-brush-choice__NckJSuF,persona/datasets/matraix-persona-1m/cohorts/cohort-162f4cf6eb0f/persona_gss-9397bfdf3171.yaml,1.0,jiga_3pack,JIGA 3-Pack,13.99,5,price,5,25-34,,North America,Middle,Woman,,,,Unemployed,"With three kids and multiple bathrooms to keep clean, the JIGA 3-pack is the practical pick. I get a stiff-bristled brush and holder for each bathroom at a price that fits a tight single-income budget."
survey_toilet-brush-choice__NfSnJFU,persona/datasets/matraix-persona-1m/cohorts/cohort-162f4cf6eb0f/persona_gss-55d2294cfa05.yaml,1.0,oxo_hideaway,OXO Hideaway Compact,19.97,4,hygiene,4,35-44,,North America,Upper-middle,Woman,,,,Homemaker,"With three kids and a busy household, I want a brush that looks tidy and hides away neatly rather than sitting out in the open. OXO is a brand I trust for kitchen and cleaning tools, and the auto-open canister with a ventilated tray keeps things dry and hygienic without being fussy. The price is reasonable for something that will last."
survey_toilet-brush-choice__NfcaT43,persona/datasets/matraix-persona-1m/cohorts/cohort-162f4cf6eb0f/persona_gss-56fe07f8988d.yaml,1.0,oxo_hideaway,OXO Hideaway Compact,19.97,4,hygiene,4,25-34,,North America,Lower-middle,Man,,,,Full-time,"I want something compact and clean-looking for a small bathroom, and the OXO hideaway canister keeps the brush out of sight while the ventilated tray stops water pooling. OXO is a brand I trust to hold up, and at $19.97 the price is reasonable for the quality."
survey_toilet-brush-choice__NigFHpm,persona/datasets/matraix-persona-1m/cohorts/cohort-162f4cf6eb0f/persona_gss-5ff9f0d63f80.yaml,1.0,jiga_3pack,JIGA 3-Pack,13.99,5,price,4,25-34,,North America,Lower-middle,Woman,,,,Full-time,"With a family and one bathroom plus a guest bath to keep clean, a 3-pack at $13.99 is the best value and means I always have a fresh brush on hand. The stiff nylon bristles and caddy storage fit how I actually clean, and white matches my bathroom."
survey_toilet-brush-choice__NjeBnjV,persona/datasets/matraix-persona-1m/cohorts/cohort-162f4cf6eb0f/persona_gss-ccabe0794f38.yaml,1.0,oxo_hideaway,OXO Hideaway Compact,19.97,4,hygiene,4,35-44,,North America,Middle,Man,,,,Full-time,"I want a brush that stays hidden and looks tidy in a small bathroom, and the auto-open hideaway canister with a ventilated tray keeps things dry and out of sight. OXO is a brand I trust for solid everyday household tools, and at about $20 the price is reasonable."
survey_toilet-brush-choice__NkRX862,persona/datasets/matraix-persona-1m/cohorts/cohort-162f4cf6eb0f/persona_amazon-1b369e708a9a.yaml,1.0,oxo_hideaway,OXO Hideaway Compact,19.97,4,hygiene,4,,,North America,,,,,,,"I want a covered, compact set that keeps the brush out of sight and dries properly so it doesn't get gross, and the auto-open canister plus ventilated tray solves that without me having to think about it. I've had cheap open brushes before and they always end up a mess, so I'd rather pay a bit more for something that just works and lasts."
survey_toilet-brush-choice__NutgBao,persona/datasets/matraix-persona-1m/cohorts/cohort-162f4cf6eb0f/persona_wiki-3d277ce49c20.yaml,1.0,oxo_hideaway,OXO Hideaway Compact,19.97,4,hygiene,4,65+,,North America,High income,Man,Retirement,Small town,,Self-employed,"I want a neat, unobtrusive set that keeps the brush out of sight and dries properly, and the OXO name has earned my trust over years of use. The hideaway canister that opens automatically and the ventilated tray suit a tidy, well-kept bathroom, and at $19.97 the price is reasonable for the build quality."
survey_toilet-brush-choice__NwbbQjv,persona/datasets/matraix-persona-1m/cohorts/cohort-162f4cf6eb0f/persona_wiki-49e0935561d8.yaml,1.0,oxo_hideaway,OXO Hideaway Compact,19.97,4,hygiene,4,25-34,,North America,null,Man,Mid-life,null,null,Self-employed,"I want a clean, minimal look with no visible brush sitting out, and the auto-open hideaway canister plus ventilated tray keeps things dry and hygienic. OXO's build quality and firm nylon bristles give me the scrubbing power I expect from a tool I'll actually use hard."
survey_toilet-brush-choice__NxHXkG5,persona/datasets/matraix-persona-1m/cohorts/cohort-162f4cf6eb0f/persona_gss-98291233afa5.yaml,1.0,oxo_hideaway,OXO Hideaway Compact,19.97,4,design,4,25-34,,North America,Upper-middle,Woman,,,,Full-time,"I want a clean, minimal look in a small bathroom, and the hideaway canister that opens automatically when lifted keeps the brush out of sight while the ventilated tray stops water pooling. OXO is a brand I trust for well-designed everyday tools, and at $19.97 the price is fair for the build quality."
survey_toilet-brush-choice__Nzn8Rfs,persona/datasets/matraix-persona-1m/cohorts/cohort-162f4cf6eb0f/persona_stackoverflow-557856f7631f.yaml,1.0,oxo_hideaway,OXO Hideaway Compact,19.97,4,hygiene,4,25-34,,North America,,,Early career,,,Full-time,"I want a compact, hygienic set that looks tidy when stored, and the OXO's auto-open hideaway canister plus ventilated tray directly addresses water pooling and mess. The brand has a solid reputation for durable, well-designed household tools, and $19.97 is a fair mid-range price for everyday bathroom use."
survey_toilet-brush-choice__P2AUcen,persona/datasets/matraix-persona-1m/cohorts/cohort-162f4cf6eb0f/persona_gss-516b50eb2b61.yaml,1.0,oxo_hideaway,OXO Hideaway Compact,19.97,4,hygiene,4,55-64,,North America,Middle,Man,Retirement,,,Retired,"I'm a divorced retiree living alone with one bathroom, so I don't need a 2- or 3-pack, and I want something tidy that hides the brush away. OXO is a brand I've trusted for years, and the auto-open canister with a ventilated tray keeps things dry and out of sight at a fair mid-range price."
survey_toilet-brush-choice__P9TScpw,persona/datasets/matraix-persona-1m/cohorts/cohort-162f4cf6eb0f/persona_wiki-eec057ace8b3.yaml,1.0,oxo_hideaway,OXO Hideaway Compact,19.97,4,hygiene,4,65-74,null,North America,null,Man,Mid-life,null,null,null,"I'm 68, manage a chronic condition, and my hands and back aren't what they used to be, so the auto-open hideaway canister means less bending and fumbling. OXO's ergonomic grips have served me well in the kitchen for years, and the ventilated tray keeps things hygienic without me having to think about it. At under twenty dollars it's a fair price for something I'll use every day."
survey_toilet-brush-choice__PEHYNQk,persona/datasets/matraix-persona-1m/cohorts/cohort-162f4cf6eb0f/persona_gss-19db809a0419.yaml,1.0,oxo_hideaway,OXO Hideaway Compact,19.97,4,hygiene,3,75-84,,North America,,Woman,,,,Homemaker,"At my age I want something simple and tidy that doesn't show a messy brush sitting in the bathroom. The OXO hideaway canister opens on its own when you lift the brush and the ventilated tray keeps water from pooling, and the OXO name is one I've trusted for years."
survey_toilet-brush-choice__PH6SRHu,persona/datasets/matraix-persona-1m/cohorts/cohort-162f4cf6eb0f/persona_wiki-e3d5cccef83f.yaml,1.0,oxo_hideaway,OXO Hideaway Compact,19.97,5,hygiene,5,65+,,North America,High income,Man,Retirement,null,null,Retired,"I want a brush that stays out of sight and dries properly. The OXO Hideaway's auto-opening canister and ventilated tray solve both problems, and OXO's build quality justifies the modest price."
survey_toilet-brush-choice__PHHgu96,persona/datasets/matraix-persona-1m/cohorts/cohort-162f4cf6eb0f/persona_wiki-808df8116282.yaml,1.0,oxo_hideaway,OXO Hideaway Compact,19.97,4,brand,4,65-74,,North America,,Man,Retirement,,,Retired,"I've used OXO tools for years and their build quality has never let me down, so the brand trust is there. The hideaway canister that opens automatically when you lift the brush keeps the bathroom looking tidy and the ventilated tray prevents water pooling, which matters to me for hygiene. At $19.97 it's a reasonable price for a compact, well-designed set."
survey_toilet-brush-choice__PJH2DoJ,persona/datasets/matraix-persona-1m/cohorts/cohort-162f4cf6eb0f/persona_gss-02d313098760.yaml,1.0,oxo_hideaway,OXO Hideaway Compact,19.97,4,hygiene,3,65-74,,North America,Middle,Man,Retirement,,,Retired,"I'm retired and on a fixed income, but I've learned that a trusted brand like OXO lasts and the hideaway canister keeps the brush out of sight, which my wife appreciates. It's a fair price for something that stays neat and hygienic in a small bathroom."
survey_toilet-brush-choice__PPMw9Cn,persona/datasets/matraix-persona-1m/cohorts/cohort-162f4cf6eb0f/persona_wiki-608adbefd131.yaml,1.0,oxo_hideaway,OXO Hideaway Compact,19.97,4,hygiene,4,65+,,North America,High income,Man,Retirement,Small town,null,Retired,"The OXO Good Grips is the only set with a mechanism I trust: the canister opens automatically when the brush is lifted and the ventilated tray prevents standing water, which is the real hygiene problem with these products. At $19.97 it is reasonably priced for a brand with a proven track record, and the slim footprint suits a small bathroom."
survey_toilet-brush-choice__PRMWJYB,persona/datasets/matraix-persona-1m/cohorts/cohort-162f4cf6eb0f/persona_gss-419932b7e65c.yaml,1.0,oxo_hideaway,OXO Hideaway Compact,19.97,4,hygiene,4,18-24,,North America,Middle,Man,,,,Full-time,"I want a simple, tidy setup that doesn't look like a cleaning tool sitting out in the bathroom, and the OXO hideaway canister keeps the brush out of sight while the ventilated tray prevents a soggy mess. The brand has a solid reputation and the compact footprint suits a normal-sized bathroom, so the mid-range price feels justified."
survey_toilet-brush-choice__PRQUF4R,persona/datasets/matraix-persona-1m/cohorts/cohort-162f4cf6eb0f/persona_wiki-a3992d917ea6.yaml,1.0,oxo_hideaway,OXO Hideaway Compact,19.97,4,design,4,,Value-driven,North America,,,,,,,"I want a clean, minimal look in my bathroom and the OXO hideaway canister keeps the brush fully out of sight when stored, which matters more to me than saving a few dollars. OXO's design reputation plus the ventilated tray that prevents water pooling sells it for me at a reasonable mid price."
survey_toilet-brush-choice__PVBZy39,persona/datasets/matraix-persona-1m/cohorts/cohort-162f4cf6eb0f/persona_wiki-89fde163b91d.yaml,1.0,oxo_hideaway,OXO Hideaway Compact,19.97,4,hygiene,4,65+,Value-driven,North America,Upper-middle,Woman,Mid-life,Dense urban,$100k-200k,Self-employed,"The OXO Hideaway's auto-opening canister keeps the brush completely out of sight, which suits my preference for a clean, uncluttered bathroom. OXO is a brand I trust for well-engineered, durable household tools, and the ventilated tray addresses hygiene by preventing water pooling. At $19.97 it's a fair price for the design quality and compact footprint."
survey_toilet-brush-choice__PcUbvu9,persona/datasets/matraix-persona-1m/cohorts/cohort-162f4cf6eb0f/persona_wiki-f817a0c8e6c0.yaml,1.0,oxo_hideaway,OXO Hideaway Compact,19.97,4,design,4,65-74,Value-driven,North America,High income,Woman,Mid-life,Dense urban,$200k+,Self-employed,"I keep a spotless, design-forward home and cannot tolerate a wet brush on display — the OXO's hideaway canister conceals the brush entirely and its ventilated tray stops water pooling. At $19.97 it is reasonably priced for a brand with a reputation for well-engineered, durable goods, and the compact footprint suits my bathroom."
survey_toilet-brush-choice__PdBj4u8,persona/datasets/matraix-persona-1m/cohorts/cohort-162f4cf6eb0f/persona_stackoverflow-f34755766d9c.yaml,1.0,oxo_hideaway,OXO Hideaway Compact,19.97,4,hygiene,4,45-54,,North America,,,Mid-life,,,Full-time,"I want a compact, tidy set for a small bathroom, and the OXO hideaway canister keeps the brush completely out of sight while the ventilated tray prevents water pooling and odor. OXO's reputation for durable, well-designed cleaning tools gives me confidence in the build quality at a reasonable $19.97."
survey_toilet-brush-choice__PkNHxtT,persona/datasets/matraix-persona-1m/cohorts/cohort-162f4cf6eb0f/persona_wiki-4404fe40cec6.yaml,1.0,oxo_hideaway,OXO Hideaway Compact,19.97,5,hygiene,5,65+,Indifferent,North America,High income,Woman,Retirement,Small town,,Full-time,"The OXO Good Grips Hideaway offers the cleanest, most functional design: the canister conceals the brush entirely when stored and opens automatically on lifting, and the ventilated tray prevents water pooling — a genuine hygiene advantage I value. OXO's reputation for well-engineered household tools and its compact footprint suit my bathroom, and at $19.97 the price is reasonable for the build quality."
survey_toilet-brush-choice__PsKK3GC,persona/datasets/matraix-persona-1m/cohorts/cohort-162f4cf6eb0f/persona_wiki-41f99018f890.yaml,1.0,oxo_hideaway,OXO Hideaway Compact,19.97,4,hygiene,4,,Cost-sensitive,North America,Lower-middle,Man,,,,Full-time,"I want a compact, tidy setup for a small bathroom, and the auto-open hideaway canister keeps the brush out of sight while the ventilated tray stops water pooling. OXO's build quality and firm nylon bristles make it worth the modest extra cost over the cheapest silicone sets."
survey_toilet-brush-choice__PvxMg8g,persona/datasets/matraix-persona-1m/cohorts/cohort-162f4cf6eb0f/persona_stackoverflow-3fd63ef5a319.yaml,1.0,oxo_hideaway,OXO Hideaway Compact,19.97,4,hygiene,4,25-34,,North America,,,Early career,,,Part-time,"The OXO Hideaway's auto-open canister keeps the brush fully concealed when stored, which matters to me for a clean, minimal bathroom look, and the ventilated tray prevents the standing water and odor that plague cheap holders. At $19.97 it's a reasonable mid-range price for a brand I trust to hold up over years of daily use."
survey_toilet-brush-choice__PxV2UHx,persona/datasets/matraix-persona-1m/cohorts/cohort-162f4cf6eb0f/persona_stackoverflow-80ee5aff9c92.yaml,1.0,oxo_hideaway,OXO Hideaway Compact,19.97,4,hygiene,4,25-34,,North America,,,,,,Full-time,"I want a compact, clean-looking set that hides the brush when stored, and OXO's auto-open canister with a ventilated tray solves the pooling-water hygiene problem without any fuss. At $19.97 it's a fair mid-range price for a brand I trust and a design that fits a small bathroom."
survey_toilet-brush-choice__Pxvg8Ps,persona/datasets/matraix-persona-1m/cohorts/cohort-162f4cf6eb0f/persona_wiki-4ecb078e953f.yaml,1.0,oxo_hideaway,OXO Hideaway Compact,19.97,5,material,4,65+,Premium-seeking,North America,High income,Man,Mid-life,Rural,$200k+,Retired,"The OXO Good Grips Hideaway is the only set that combines a genuinely concealed, ventilated canister with a reputable brand's build quality, which suits a properly kept bathroom. I have no need for novelty tweezers or multi-packs, and I am unwilling to trade durability for a marginal saving of a few dollars. At $19.97 it is sensibly priced for a single well-executed product."
survey_toilet-brush-choice__PzN5AmH,persona/datasets/matraix-persona-1m/cohorts/cohort-162f4cf6eb0f/persona_wiki-4cf0c6c34478.yaml,1.0,oxo_hideaway,OXO Hideaway Compact,19.97,4,hygiene,4,65+,,North America,,Man,Retirement,,,,"I want a clean, uncluttered bathroom and the OXO Hideaway keeps the brush completely out of sight until you lift it, which suits my minimalist taste. OXO is a brand I trust for well-engineered, durable everyday tools, and the ventilated tray that prevents water pooling addresses hygiene without any fuss. At $19.97 it's a fair price for something that's built to last and looks tidy."
survey_toilet-brush-choice__PzZKkPT,persona/datasets/matraix-persona-1m/cohorts/cohort-162f4cf6eb0f/persona_wiki-1f70f9f26bcd.yaml,1.0,oxo_hideaway,OXO Hideaway Compact,19.97,4,hygiene,4,65+,Value-driven,North America,Upper-middle,Man,Mid-life,Small town,null,Full-time,"L'OXO Good Grips offre une conception épurée avec un boîtier dissimulé qui s'ouvre automatiquement, ce qui garde la salle de bain propre et sans odeurs. La marque OXO est reconnue pour sa durabilité et son ergonomie, et le prix de 19,97 $ est raisonnable pour un produit de cette qualité. Le format compact convient bien à mon espace."
survey_toilet-brush-choice__Q3MacgC,persona/datasets/matraix-persona-1m/cohorts/cohort-162f4cf6eb0f/persona_wiki-59c2a6f47270.yaml,1.0,oxo_hideaway,OXO Hideaway Compact,19.97,4,hygiene,4,65+,,North America,,Man,Retirement,,,Retired,"I've spent decades around team sports and equipment that has to hold up, and OXO has a track record I trust. The hideaway canister keeps the brush out of sight and the ventilated tray stops water pooling, which matters for hygiene. At $19.97 it's a fair price for a compact, well-built set."
survey_toilet-brush-choice__Q8iLQAM,persona/datasets/matraix-persona-1m/cohorts/cohort-162f4cf6eb0f/persona_gss-3025e1a9cf13.yaml,1.0,clorox_under_rim,Clorox Corner Under-Rim,15.5,5,hygiene,4,55-64,,North America,Middle,Woman,,,,Full-time,"I want a set from a brand I know and trust, and Clorox is a name I've relied on for cleaning products for years. The under-rim scrubber and antibacterial bristles matter to me for real hygiene in a house with a big family, and the corner caddy keeps things tidy. At $15.50 it's a fair, sensible price rather than paying extra for a stylish look."
survey_toilet-brush-choice__QCKLrJ4,persona/datasets/matraix-persona-1m/cohorts/cohort-162f4cf6eb0f/persona_stackoverflow-3bd195390e4b.yaml,1.0,oxo_hideaway,OXO Hideaway Compact,19.97,4,hygiene,4,25-34,,North America,,,Early career,,,Full-time,"I want a brush that stays hidden and doesn't sit in pooled water, and OXO's auto-open canister with a ventilated tray solves both while staying compact for a small bathroom. The brand has a solid reliability track record and $19.97 is a reasonable one-time cost for something I'll use daily for years."
survey_toilet-brush-choice__QDYbijh,persona/datasets/matraix-persona-1m/cohorts/cohort-162f4cf6eb0f/persona_stackoverflow-ace1a5e191e4.yaml,1.0,oxo_hideaway,OXO Hideaway Compact,19.97,4,design,4,55-64,,North America,,,,,,Full-time,"The OXO Hideaway's auto-open canister keeps the brush fully concealed when stored, which suits my preference for a clean, minimal bathroom look. OXO is a brand I trust for well-designed, durable household tools, and at $19.97 the price is reasonable for the build quality and compact footprint."
survey_toilet-brush-choice__QJb2cQG,persona/datasets/matraix-persona-1m/cohorts/cohort-162f4cf6eb0f/persona_gss-8a8b2acf7c38.yaml,1.0,jiga_3pack,JIGA 3-Pack,13.99,5,price,4,25-34,,North America,Low income,Man,,,,Unemployed,"With money tight and no steady income, getting three complete sets for $13.99 is the best value on the shelf and means I won't have to buy another for a long time. The stiff nylon bristles and covered caddy bases cover the basics without paying extra for features I don't need."
survey_toilet-brush-choice__QKUK8Vb,persona/datasets/matraix-persona-1m/cohorts/cohort-162f4cf6eb0f/persona_gss-f196df2a1063.yaml,1.0,oxo_hideaway,OXO Hideaway Compact,19.97,4,brand,4,45-54,,North America,Middle,Man,,,,Full-time,"I want a clean, tidy bathroom and the OXO Hideaway keeps the brush completely out of sight in a compact canister that opens automatically. OXO is a brand I know and trust for everyday household items, and at $19.97 the price is reasonable for the quality and small footprint."
survey_toilet-brush-choice__QPvr66b,persona/datasets/matraix-persona-1m/cohorts/cohort-162f4cf6eb0f/persona_amazon-b87259c409f2.yaml,1.0,oxo_hideaway,OXO Hideaway Compact,19.97,4,hygiene,4,,,North America,,,,,,Self-employed,"I run a tight ship at home and in my businesses, so a compact canister that hides the brush entirely and has a ventilated tray to keep things dry is exactly what I want. OXO is a brand I've had good luck with, and at under $20 it's a fair price for something that won't look gross sitting next to the toilet."
survey_toilet-brush-choice__QQRnRiF,persona/datasets/matraix-persona-1m/cohorts/cohort-162f4cf6eb0f/persona_gss-83f9a23fa4e8.yaml,1.0,oxo_hideaway,OXO Hideaway Compact,19.97,4,hygiene,4,65-74,,North America,Lower-middle,Woman,,,,Part-time,"I'm 70 and live alone in a small apartment, so a compact set that hides the brush away is worth the modest extra cost to me. The OXO name is one I've trusted for years and the auto-open canister with a ventilated tray keeps things tidy and dry between uses."
survey_toilet-brush-choice__QVGuuwp,persona/datasets/matraix-persona-1m/cohorts/cohort-162f4cf6eb0f/persona_gss-7af6a94c672d.yaml,1.0,oxo_hideaway,OXO Hideaway Compact,19.97,4,hygiene,4,18-24,,North America,Middle,Woman,,,,Homemaker,"I want something that looks tidy and doesn't show a dirty brush sitting out, and the OXO hideaway canister opens automatically when you lift the brush. The ventilated tray keeps water from pooling, which matters for hygiene, and the compact footprint suits a normal family bathroom. At $19.97 it's a reasonable mid-range price for a brand I trust."
survey_toilet-brush-choice__QVSn3kj,persona/datasets/matraix-persona-1m/cohorts/cohort-162f4cf6eb0f/persona_stackoverflow-7c5dbb34dbb2.yaml,1.0,oxo_hideaway,OXO Hideaway Compact,19.97,4,hygiene,4,25-34,,North America,,,Early career,,,Full-time,"I want a clean, minimal look where the brush isn't visible when stored, and OXO's hideaway canister auto-opens on lift while the ventilated tray stops water pooling. At $19.97 it's a reasonable mid-price for a compact, well-designed set from a brand I trust for kitchen and bath tools."
survey_toilet-brush-choice__QfKvVcP,persona/datasets/matraix-persona-1m/cohorts/cohort-162f4cf6eb0f/persona_gss-42e512116fd1.yaml,1.0,clorox_under_rim,Clorox Corner Under-Rim,15.5,4,cleaning,4,25-34,,North America,Middle,Man,,,,Full-time,"I want a brush that actually gets the job done, and the dedicated under-rim scrubber plus antibacterial bristles from a brand I already trust for bathroom cleaning sold me. The corner caddy saves space and the price is fair for the extra cleaning capability."
survey_toilet-brush-choice__QhuJpsM,persona/datasets/matraix-persona-1m/cohorts/cohort-162f4cf6eb0f/persona_amazon-82ed76f1bf99.yaml,1.0,jiga_3pack,JIGA 3-Pack,13.99,5,price,4,,,North America,,,,,,,"I'm a bargain hunter, so getting 3 complete brush-and-holder sets for $13.99 is unbeatable value. With multiple bathrooms and a cat, having spares on hand makes sense, and stiff nylon bristles are what I trust for a real scrub."
survey_toilet-brush-choice__QkvMJ9g,persona/datasets/matraix-persona-1m/cohorts/cohort-162f4cf6eb0f/persona_stackoverflow-e61bff9763f1.yaml,1.0,oxo_hideaway,OXO Hideaway Compact,19.97,4,hygiene,4,35-44,,North America,,,,,,Full-time,"I want a clean, minimal look with no visible brush when stored, and OXO's auto-open canister plus ventilated tray addresses hygiene without fuss. At $19.97 it's reasonable for a well-engineered design from a brand with a solid track record."
survey_toilet-brush-choice__QntQydi,persona/datasets/matraix-persona-1m/cohorts/cohort-162f4cf6eb0f/persona_gss-f8878ce3f794.yaml,1.0,clorox_under_rim,Clorox Corner Under-Rim,15.5,4,cleaning,4,45-54,,North America,Lower-middle,Woman,,,,Full-time,I trust the Clorox brand name for bathroom cleaning and the under-rim scrubber actually gets at the spot that always gets missed. The price is reasonable and I like that it fits in a corner instead of taking up space.
survey_toilet-brush-choice__QnzdHFK,persona/datasets/matraix-persona-1m/cohorts/cohort-162f4cf6eb0f/persona_gss-9782fe842350.yaml,1.0,jiga_3pack,JIGA 3-Pack,13.99,5,price,4,55-64,,North America,Lower-middle,Man,,,,Unemployed,"I'm on a tight budget being out of work, so getting three complete brush sets for $13.99 is the best value here. Stiff nylon bristles clean well and I can keep spares for the other bathroom or replace them as they wear out."
survey_toilet-brush-choice__QpSnd9Y,persona/datasets/matraix-persona-1m/cohorts/cohort-162f4cf6eb0f/persona_wiki-789264e11e40.yaml,1.0,oxo_hideaway,OXO Hideaway Compact,19.97,4,hygiene,4,,,North America,,Man,,Small town,,Full-time,"The OXO Hideaway's auto-open canister keeps the brush fully concealed when stored, which matters in a small bathroom where tidiness is visible to guests. OXO's reputation for durable, well-designed household tools gives me confidence it will hold up, and at $19.97 it's a reasonable mid-range price for a set I'll use daily for years."
survey_toilet-brush-choice__Qsawud4,persona/datasets/matraix-persona-1m/cohorts/cohort-162f4cf6eb0f/persona_stackoverflow-848968f6ee5a.yaml,1.0,oxo_hideaway,OXO Hideaway Compact,19.97,4,hygiene,4,35-44,,North America,,,,,,Full-time,"I want a clean, minimal look with no visible brush when stored, and the auto-open canister plus ventilated tray solves the hygiene and drip issues I care about. OXO's design quality and compact footprint fit my bathroom, and at $19.97 the price is reasonable for a set I'll use daily for years."
survey_toilet-brush-choice__QuyWhPv,persona/datasets/matraix-persona-1m/cohorts/cohort-162f4cf6eb0f/persona_gss-22b82b5c6b71.yaml,1.0,oxo_hideaway,OXO Hideaway Compact,19.97,4,hygiene,4,25-34,,North America,Middle,Man,,,,Unemployed,"I want something clean-looking and compact for a small bathroom, and the hideaway canister that opens automatically keeps the brush out of sight. OXO is a brand I trust to hold up, and $19.97 is a fair price for that quality."
survey_toilet-brush-choice__Qyigr5G,persona/datasets/matraix-persona-1m/cohorts/cohort-162f4cf6eb0f/persona_stackoverflow-d037e51679c6.yaml,1.0,oxo_hideaway,OXO Hideaway Compact,19.97,4,hygiene,4,55-64,,North America,,,,,$100k-200k,Full-time,"I want a set that stays clean and out of sight—the OXO Hideaway's canister opens automatically when lifted and its ventilated tray prevents water pooling, which matters for hygiene in a small bathroom. OXO is a design-driven brand I trust for durable, well-engineered everyday tools, and at $19.97 the price is reasonable for the build quality."
survey_toilet-brush-choice__QzVzn73,persona/datasets/matraix-persona-1m/cohorts/cohort-162f4cf6eb0f/persona_wiki-56d3cfb4643d.yaml,1.0,oxo_hideaway,OXO Hideaway Compact,19.97,4,hygiene,4,85+,Value-driven,North America,Middle,Woman,Retirement,Small town,null,Self-employed,"I've had good luck with OXO products and the hideaway canister keeps the brush out of sight, which matters in a guest-visible bathroom. The auto-open lid and ventilated tray address the hygiene and water-pooling problems I've dealt with in cheaper sets, and at $19.97 the price is reasonable for the build quality."
survey_toilet-brush-choice__RAqxp7E,persona/datasets/matraix-persona-1m/cohorts/cohort-162f4cf6eb0f/persona_gss-8293c59453a4.yaml,1.0,clorox_under_rim,Clorox Corner Under-Rim,15.5,5,cleaning,4,65-74,,North America,Middle,Man,Retirement,,,Retired,"I'm a practical man on a fixed retirement income, and this Clorox set is a trusted name at a fair price. The under-rim scrubber and corner caddy mean it actually does the job and tucks neatly out of the way in my bathroom."
survey_toilet-brush-choice__RC5YVQP,persona/datasets/matraix-persona-1m/cohorts/cohort-162f4cf6eb0f/persona_amazon-7461cc8aae24.yaml,1.0,oxo_hideaway,OXO Hideaway Compact,19.97,4,hygiene,4,,,North America,,Man,,Dense urban,,,"I want a compact, tidy set that hides the brush when stored, and OXO's auto-open canister with a ventilated tray keeps things hygienic without water pooling. The brand's build quality and minimal white design fit my small, structured bathroom routine, and $19.97 is a reasonable middle price."
survey_toilet-brush-choice__RCTjmZA,persona/datasets/matraix-persona-1m/cohorts/cohort-162f4cf6eb0f/persona_wiki-ceb7492b2d0e.yaml,1.0,oxo_hideaway,OXO Hideaway Compact,19.97,5,hygiene,5,35-44,Value-driven,North America,null,Woman,Mid-life,null,null,Full-time,"I want a clean, minimal look and the hideaway canister that conceals the brush entirely — appearance matters in my bathroom. OXO's build quality and the ventilated tray that prevents water pooling match my high standards for hygiene and durability, and at $19.97 it's a fair price for something I'll use daily."
survey_toilet-brush-choice__RD5zSLG,persona/datasets/matraix-persona-1m/cohorts/cohort-162f4cf6eb0f/persona_wiki-a82500f024ad.yaml,1.0,oxo_hideaway,OXO Hideaway Compact,19.97,4,hygiene,4,35-44,Value-driven,North America,Upper-middle,Man,Mid-life,Suburban,$200k+,Retired,"I want a clean, minimal look that hides the brush entirely and a ventilated tray so it doesn't sit in dirty water. OXO's hideaway canister and compact footprint fit my bathroom, and the brand's build quality justifies the mid-range price."
survey_toilet-brush-choice__RJhAati,persona/datasets/matraix-persona-1m/cohorts/cohort-162f4cf6eb0f/persona_gss-14a4d2f8d1b3.yaml,1.0,jiga_3pack,JIGA 3-Pack,13.99,5,price,4,25-34,,North America,Low income,Man,Student,,,Student,"Money is tight with one child and school, so getting three brushes for $13.99 is the best value here. We have two bathrooms plus a spare, and stiff nylon bristles get the job done without any fancy features I don't need."
survey_toilet-brush-choice__RL4gTpv,persona/datasets/matraix-persona-1m/cohorts/cohort-162f4cf6eb0f/persona_gss-466a18cb826a.yaml,1.0,clorox_under_rim,Clorox Corner Under-Rim,15.5,4,cleaning,4,25-34,,North America,Middle,Woman,,,,Part-time,"I want a brush that actually gets under the rim where the staining builds up, and the dedicated under-rim scrubber head plus antibacterial bristles sold me. The corner caddy is a bonus since our bathroom is small, and $15.50 is a fair price for a brand I already trust for cleaning products."
survey_toilet-brush-choice__RLFAdDa,persona/datasets/matraix-persona-1m/cohorts/cohort-162f4cf6eb0f/persona_amazon-cc6d842a551a.yaml,1.0,clorox_under_rim,Clorox Corner Under-Rim,15.5,3,price,3,55-64,,North America,,,Mid-life,,,,"No persona-specific answer was produced, so a neutral answer was used."
survey_toilet-brush-choice__RLxWauH,persona/datasets/matraix-persona-1m/cohorts/cohort-162f4cf6eb0f/persona_gss-30fd42989d8c.yaml,1.0,oxo_hideaway,OXO Hideaway Compact,19.97,4,hygiene,4,35-44,,North America,Middle,Man,,,,Full-time,"I want a clean, uncluttered bathroom and this one hides the brush away entirely in a compact canister that opens automatically when you lift it. OXO is a brand I trust to actually hold up, and at under $20 it's a fair price for something that looks tidy and works."
survey_toilet-brush-choice__RR5vhdE,persona/datasets/matraix-persona-1m/cohorts/cohort-162f4cf6eb0f/persona_gss-278b5ad033e2.yaml,1.0,clorox_under_rim,Clorox Corner Under-Rim,15.5,5,cleaning,5,55-64,,North America,Lower-middle,Woman,,,,Full-time,"I want a brush that really gets under the rim where the dirt hides, and the Clorox set has a dedicated under-rim scrubber with antibacterial bristles. The corner caddy saves space in my small bathroom, and at $15.50 the price fits my budget."
survey_toilet-brush-choice__RbEcPsW,persona/datasets/matraix-persona-1m/cohorts/cohort-162f4cf6eb0f/persona_gss-1143e20d9394.yaml,1.0,oxo_hideaway,OXO Hideaway Compact,19.97,4,hygiene,4,35-44,,North America,,Woman,,,,Part-time,"I want something that keeps the brush out of sight and doesn't leave a puddle of dirty water sitting in the base, and OXO is a brand I've had good luck with in the kitchen. The hideaway canister and ventilated tray make it feel more hygienic for a family bathroom, and $19.97 is a fair price for that."
survey_toilet-brush-choice__ReJzJdx,persona/datasets/matraix-persona-1m/cohorts/cohort-162f4cf6eb0f/persona_wiki-6a3cdca217cd.yaml,1.0,oxo_hideaway,OXO Hideaway Compact,19.97,4,hygiene,4,,,North America,,Man,,,,,"I want a compact, tidy set that hides the brush away and keeps the bathroom looking clean — the OXO auto-open canister does exactly that with a ventilated tray to prevent water pooling. OXO is a brand I trust for solid everyday tools, and at $19.97 the price is reasonable for something I'll use daily."
survey_toilet-brush-choice__RemMPyK,persona/datasets/matraix-persona-1m/cohorts/cohort-162f4cf6eb0f/persona_gss-59eecfffde92.yaml,1.0,jiga_3pack,JIGA 3-Pack,13.99,5,price,4,25-34,,North America,Middle,Man,,,,Part-time,"With a kid and a part-time income, I want something cheap and practical that I can replace without thinking twice. Three sets for $13.99 means I can put one in each bathroom and still have a spare, and stiff nylon bristles do the scrubbing job fine."
survey_toilet-brush-choice__RjChQNU,persona/datasets/matraix-persona-1m/cohorts/cohort-162f4cf6eb0f/persona_stackoverflow-d4aaa8f8862d.yaml,1.0,oxo_hideaway,OXO Hideaway Compact,19.97,4,hygiene,4,45-54,,North America,,,Mid-life,,,Full-time,"I want a brush that stays hidden and doesn't drip water into a pool at the bottom of a base, and OXO's hideaway canister with a ventilated tray solves both. OXO is a brand I've used for kitchen tools for years and their build quality has held up, so I'm willing to pay $19.97 for something that stays clean and compact. The silicone and 2-pack options are cheaper, but they either look flimsy or leave me storing a spare brush I don't need."
survey_toilet-brush-choice__RoHFMbP,persona/datasets/matraix-persona-1m/cohorts/cohort-162f4cf6eb0f/persona_wiki-8ce9bc92f120.yaml,1.0,oxo_hideaway,OXO Hideaway Compact,19.97,4,hygiene,4,65+,,North America,null,Man,Retirement,null,null,Retired,"I'm retired and keep my bathroom neat, so the OXO Hideaway's auto-open canister that hides the brush entirely appeals to me. OXO is a brand I trust for solid ergonomics, and the ventilated tray that prevents water pooling addresses the hygiene issue that bothers me most."
survey_toilet-brush-choice__RpqFmwS,persona/datasets/matraix-persona-1m/cohorts/cohort-162f4cf6eb0f/persona_amazon-63d7b22e1691.yaml,1.0,oxo_hideaway,OXO Hideaway Compact,19.97,4,hygiene,4,,Value-driven,North America,,,,Suburban,,,"I want a brush that stays hidden and tidy, and the auto-open canister with a ventilated tray keeps things dry and hygienic without looking like a toilet brush is on display. The compact footprint suits my bathroom, and OXO is a brand I trust for practical, well-designed basics at a fair price."
survey_toilet-brush-choice__RrX4FYV,persona/datasets/matraix-persona-1m/cohorts/cohort-162f4cf6eb0f/persona_stackoverflow-abd5b0f1cef9.yaml,1.0,oxo_hideaway,OXO Hideaway Compact,19.97,4,hygiene,4,35-44,,North America,,,,,,Full-time,"The OXO Hideaway's auto-open canister keeps the brush fully concealed when stored, which matters for a clean-looking bathroom, and the ventilated tray prevents the stagnant water and odor that plague most holders. At $19.97 it's reasonably priced for a brand with a strong reputation for durable, well-designed household tools."
survey_toilet-brush-choice__RvJRzhR,persona/datasets/matraix-persona-1m/cohorts/cohort-162f4cf6eb0f/persona_wiki-92eeab676f8c.yaml,1.0,oxo_hideaway,OXO Hideaway Compact,19.97,4,hygiene,4,,Value-driven,North America,Middle,Man,Mid-life,,,Self-employed,"I've learned to trust OXO's build quality and practical design, and the auto-open hideaway canister keeps the brush out of sight while the ventilated tray prevents water pooling — a real hygiene benefit. At $19.97 it sits in a reasonable middle range, and the compact footprint suits a normal bathroom without clutter."
survey_toilet-brush-choice__RzytdYA,persona/datasets/matraix-persona-1m/cohorts/cohort-162f4cf6eb0f/persona_stackoverflow-abe33e001df7.yaml,1.0,oxo_hideaway,OXO Hideaway Compact,19.97,4,hygiene,4,25-34,,North America,,,Early career,,,Full-time,"I want a clean, minimal look with no visible brush when stored, and OXO's auto-open canister with a ventilated tray solves the standing-water and hygiene problem that most of these cheap sets ignore. The compact footprint fits a small bathroom, and OXO's build quality and ergonomics justify the mid-range $19.97 over the flimsier no-name silicone sets."
survey_toilet-brush-choice__SFTt7sR,persona/datasets/matraix-persona-1m/cohorts/cohort-162f4cf6eb0f/persona_gss-885024e47fb0.yaml,1.0,oxo_hideaway,OXO Hideaway Compact,19.97,4,hygiene,4,65-74,,North America,Upper-middle,Woman,,,,Homemaker,"I want a tidy, covered brush that hides the bristles when not in use, and OXO is a brand I trust for kitchen and bath tools. The auto-open canister and ventilated tray keep things neat and dry, and the compact footprint suits my bathroom."
survey_toilet-brush-choice__SG9qZHv,persona/datasets/matraix-persona-1m/cohorts/cohort-162f4cf6eb0f/persona_gss-7552f65dbfcd.yaml,1.0,jiga_3pack,JIGA 3-Pack,13.99,5,price,4,45-54,,North America,Lower-middle,Woman,,,,Full-time,"With three kids and three bathrooms to keep clean, a 3-pack of stiff nylon brushes for $13.99 is the practical, budget-friendly pick. Stiff bristles scrub well, and having a spare set on hand means I'm not caught short when one wears out."
survey_toilet-brush-choice__SKzvxnz,persona/datasets/matraix-persona-1m/cohorts/cohort-162f4cf6eb0f/persona_wiki-4b6960ca22cc.yaml,1.0,jiga_3pack,JIGA 3-Pack,13.99,5,price,4,65+,Value-driven,North America,Lower-middle,Man,Mid-life,Small town,null,Full-time,"With five or more people in the house and three bathrooms to keep clean, three complete sets for $13.99 is by far the best value on this shelf. Stiff nylon bristles and covered caddies are exactly what I want for heavy daily use, and I don't need to fuss over styling in a busy family bathroom."
survey_toilet-brush-choice__SM3QFCV,persona/datasets/matraix-persona-1m/cohorts/cohort-162f4cf6eb0f/persona_gss-23fda9039b83.yaml,1.0,oxo_hideaway,OXO Hideaway Compact,19.97,4,hygiene,4,35-44,,North America,Middle,Man,,,,Full-time,"I want a clean, tidy look in the bathroom and the OXO hideaway canister keeps the brush out of sight while staying compact for our small bathroom. OXO is a brand I trust for durable everyday tools, and the ventilated tray helps it stay hygienic between cleanings."
survey_toilet-brush-choice__SPexadQ,persona/datasets/matraix-persona-1m/cohorts/cohort-162f4cf6eb0f/persona_gss-6021f1200e56.yaml,1.0,jiga_3pack,JIGA 3-Pack,13.99,5,price,4,55-64,,North America,Middle,Man,,,,Full-time,"With three bathrooms to keep clean and a tight household budget, the JIGA 3-pack gives me a brush and holder for each bathroom at $13.99 total — the best value on the shelf. Stiff nylon bristles are what I'm used to and trust for scrubbing, and having separate sets means no carrying one brush around the house."
survey_toilet-brush-choice__STCE2qC,persona/datasets/matraix-persona-1m/cohorts/cohort-162f4cf6eb0f/persona_stackoverflow-1ee6fad91904.yaml,1.0,oxo_hideaway,OXO Hideaway Compact,19.97,4,hygiene,4,25-34,,North America,,,Early career,,,Full-time,"I want a brush that stays out of sight and doesn't leave a puddle of standing water in the holder, and the OXO's auto-open canister with a ventilated tray solves both. OXO is a brand I trust for practical household tools, and at $19.97 the price is reasonable for something I'll use daily. The compact footprint also suits a small bathroom without being an eyesore."
survey_toilet-brush-choice__SVFwbTm,persona/datasets/matraix-persona-1m/cohorts/cohort-162f4cf6eb0f/persona_gss-28a0c1260407.yaml,1.0,clorox_under_rim,Clorox Corner Under-Rim,15.5,4,cleaning,4,65-74,,North America,Middle,Man,Retirement,,,Retired,"I'm widowed and do all my own cleaning now, so a brush with a dedicated under-rim scrubber and a corner caddy that tucks away neatly is practical for me. The Clorox name is one I've trusted for years, and at $15.50 it's a fair price without being fancy."
survey_toilet-brush-choice__Sb5qwk8,persona/datasets/matraix-persona-1m/cohorts/cohort-162f4cf6eb0f/persona_wiki-dbb94f8e76ce.yaml,1.0,oxo_hideaway,OXO Hideaway Compact,19.97,4,hygiene,4,35-44,,North America,Middle,Man,Mid-life,Suburban,,Retired,"I want a clean, minimal look and the OXO's hideaway canister keeps the brush out of sight while the ventilated tray prevents water pooling, which matters for hygiene. OXO is a brand I trust for well-built tools, and at $19.97 the price is reasonable for the quality and small footprint."
survey_toilet-brush-choice__SfiFjRv,persona/datasets/matraix-persona-1m/cohorts/cohort-162f4cf6eb0f/persona_wiki-aab86f29500d.yaml,1.0,oxo_hideaway,OXO Hideaway Compact,19.97,4,hygiene,4,65+,,North America,null,Man,Retirement,null,null,Retired,"I've spent decades in public administration and learned to trust established, well-engineered products over flashy gimmicks. The OXO Hideaway's auto-open canister keeps the brush out of sight and the ventilated tray prevents standing water, which matters for hygiene in a bathroom. At $19.97 it's a fair price for a brand with a solid reputation for ergonomic design."
survey_toilet-brush-choice__SgHwZoK,persona/datasets/matraix-persona-1m/cohorts/cohort-162f4cf6eb0f/persona_stackoverflow-3cfa9573ff9a.yaml,1.0,oxo_hideaway,OXO Hideaway Compact,19.97,4,hygiene,4,45-54,,North America,High income,,,,,Full-time,"I value order, structure, and clean design, and the OXO Hideaway's auto-open canister means no visible brush or pooled water sitting out — a real hygiene and tidiness win. At $19.97 it's a reasonable price for a brand with a solid reputation for well-engineered, durable household tools, which fits my accuracy-first, quality-over-cheap mindset. The compact footprint also keeps my bathroom looking intentional rather than cluttered."
survey_toilet-brush-choice__Sm2DH4t,persona/datasets/matraix-persona-1m/cohorts/cohort-162f4cf6eb0f/persona_gss-f2b0bfeb50cd.yaml,1.0,jiga_3pack,JIGA 3-Pack,13.99,5,price,4,55-64,,North America,Lower-middle,Woman,,,,Full-time,"I have three bathrooms and a big family, so getting three brush sets for $13.99 is the practical, budget-friendly pick. I don't need fancy silicone or stainless steel — stiff nylon bristles and a covered caddy do the job fine."
survey_toilet-brush-choice__Smy3TnY,persona/datasets/matraix-persona-1m/cohorts/cohort-162f4cf6eb0f/persona_wiki-d77564ffa20b.yaml,1.0,oxo_hideaway,OXO Hideaway Compact,19.97,4,hygiene,4,65+,Value-driven,North America,Middle,Woman,Retirement,Dense urban,,Self-employed,"The OXO Hideaway's auto-opening canister means the brush stays fully out of sight when stored, which suits the clean, uncluttered look I want in a bathroom. OXO is a brand I trust for well-designed, durable everyday tools, and the ventilated tray that prevents water pooling addresses the hygiene concern that matters most to me. At $19.97 it's a reasonable price for that quality."
survey_toilet-brush-choice__SnXthfU,persona/datasets/matraix-persona-1m/cohorts/cohort-162f4cf6eb0f/persona_gss-ce7ff38e4e58.yaml,1.0,jiga_3pack,JIGA 3-Pack,13.99,5,price,4,25-34,,North America,Lower-middle,Woman,,,,Homemaker,"With two kids and a tight budget, the JIGA 3-pack gives me a brush for each bathroom for only $13.99, which is the best value on the shelf. Stiff nylon bristles and covered caddies are exactly what I need for everyday scrubbing."
survey_toilet-brush-choice__StUEbkU,persona/datasets/matraix-persona-1m/cohorts/cohort-162f4cf6eb0f/persona_wiki-b7a61c08ae2f.yaml,1.0,oxo_hideaway,OXO Hideaway Compact,19.97,4,hygiene,4,65+,Value-driven,North America,High income,Man,Retirement,Suburban,null,Self-employed,"I have used OXO Good Grips tools for years and have found their build quality and ergonomics consistently reliable. The hideaway canister keeps the brush entirely out of sight when stored, which suits a tidy bathroom, and the ventilated tray addresses the standing-water problem that ruins most brush holders. At $19.97 for a single well-made set, the price is reasonable for something I will keep for a decade."
survey_toilet-brush-choice__SvpcMpF,persona/datasets/matraix-persona-1m/cohorts/cohort-162f4cf6eb0f/persona_wiki-2d7ccac052e2.yaml,1.0,oxo_hideaway,OXO Hideaway Compact,19.97,4,hygiene,4,45-54,,North America,Middle,Man,Mid-life,Small town,,Retired,"I want a clean, uncluttered look and a holder that doesn't pool water, and OXO's hideaway canister does both while staying compact enough for a small bathroom. The brand has a solid reputation for durable, well-designed tools, and at $19.97 the price is reasonable for something I'll use daily for years."
survey_toilet-brush-choice__T4zpLXu,persona/datasets/matraix-persona-1m/cohorts/cohort-162f4cf6eb0f/persona_stackoverflow-46fbe1ad2f16.yaml,1.0,oxo_hideaway,OXO Hideaway Compact,19.97,4,hygiene,4,25-34,,North America,,,,,$200k+,Full-time,"I want a clean, minimal look where the brush is fully hidden when stored, and OXO's auto-open canister with a ventilated tray solves the dripping-water hygiene problem without me thinking about it. It's a brand I trust for well-engineered household tools, and at $19.97 the price is reasonable for a single, well-made set rather than a multi-pack I don't need."
survey_toilet-brush-choice__T6uK2xW,persona/datasets/matraix-persona-1m/cohorts/cohort-162f4cf6eb0f/persona_wiki-618fbe8624dd.yaml,1.0,oxo_hideaway,OXO Hideaway Compact,19.97,4,hygiene,4,65+,Value-driven,North America,Upper-middle,Woman,Retirement,Dense urban,$100k-200k,Full-time,"I want a brush that stays out of sight and dries properly, and the OXO Hideaway's auto-opening canister with a ventilated tray solves both without fuss. OXO is a brand I trust for well-designed, durable household tools, and at $19.97 the price is reasonable for something I'll use daily."
survey_toilet-brush-choice__TCJeBYp,persona/datasets/matraix-persona-1m/cohorts/cohort-162f4cf6eb0f/persona_gss-051dc61137ce.yaml,1.0,clorox_under_rim,Clorox Corner Under-Rim,15.5,4,cleaning,4,25-34,,North America,Low income,Woman,,,,,"With three kids and a tight budget, I need something practical that actually cleans well. The Clorox set is affordable at $15.50, and the under-rim scrubber plus antibacterial bristles give me confidence it will get the job done in a busy family bathroom."
survey_toilet-brush-choice__TCWgWvK,persona/datasets/matraix-persona-1m/cohorts/cohort-162f4cf6eb0f/persona_gss-46bc09f84ef1.yaml,1.0,oxo_hideaway,OXO Hideaway Compact,19.97,4,hygiene,4,25-34,,North America,Middle,Woman,,,,Full-time,"I want a brush that stays out of sight and doesn't look like a cleaning tool sitting in my bathroom, and the OXO hideaway canister hides the brush completely while the ventilated tray keeps it from getting gross. OXO is a brand I trust for everyday household items, and at $19.97 the price is reasonable for something I'll use weekly for years."
survey_toilet-brush-choice__THUgzBd,persona/datasets/matraix-persona-1m/cohorts/cohort-162f4cf6eb0f/persona_gss-27657755fc74.yaml,1.0,oxo_hideaway,OXO Hideaway Compact,19.97,4,hygiene,4,18-24,,North America,Middle,Man,,,,Part-time,"I want a clean, minimal look and the auto-open hideaway canister keeps the brush out of sight, which suits a small shared bathroom. OXO is a brand I recognize for decent quality, and at $19.97 it's a fair middle price."
survey_toilet-brush-choice__TcPtHyD,persona/datasets/matraix-persona-1m/cohorts/cohort-162f4cf6eb0f/persona_wiki-0bd61182b009.yaml,1.0,oxo_hideaway,OXO Hideaway Compact,19.97,4,hygiene,4,65+,,North America,Middle,Woman,Mid-life,Small town,null,Full-time,"I want a brush that stays out of sight and doesn't hold standing water, and the OXO Hideaway's auto-opening canister and ventilated tray do exactly that. The compact footprint suits my bathroom, and OXO is a brand I trust for durable, well-designed household tools at a fair price."
survey_toilet-brush-choice__TcxsFz3,persona/datasets/matraix-persona-1m/cohorts/cohort-162f4cf6eb0f/persona_wiki-a1d9eb36f0af.yaml,1.0,oxo_hideaway,OXO Hideaway Compact,19.97,4,hygiene,4,35-44,Value-driven,North America,Middle,Man,Mid-life,Suburban,,Self-employed,"The OXO Hideaway's auto-open canister keeps the brush fully out of sight, which suits my preference for a clean, uncluttered bathroom aesthetic, and the ventilated tray addresses water pooling that breeds odor. At $19.97 it sits comfortably mid-range, and OXO's reputation for well-designed functional housewares aligns with my accuracy-first, quality-first approach to buying."
survey_toilet-brush-choice__TfH4Gx3,persona/datasets/matraix-persona-1m/cohorts/cohort-162f4cf6eb0f/persona_gss-5fff9753a6f3.yaml,1.0,oxo_hideaway,OXO Hideaway Compact,19.97,4,hygiene,4,55-64,,North America,Lower-middle,Woman,,,,Homemaker,"I like that the brush hides away completely in the canister when stored, so it looks tidy and keeps things hygienic in a small bathroom. OXO is a brand I recognize and trust, and the ventilated tray that prevents water pooling matters to me. At $19.97 it's a reasonable middle price I can manage."
survey_toilet-brush-choice__TiwLDMR,persona/datasets/matraix-persona-1m/cohorts/cohort-162f4cf6eb0f/persona_gss-adca26f94e44.yaml,1.0,oxo_hideaway,OXO Hideaway Compact,19.97,4,hygiene,4,65-74,,North America,Middle,Man,,,,Full-time,"I'm 70 and don't want to fuss with messy brushes — the OXO hideaway canister keeps the brush out of sight and opens automatically when lifted, and the ventilated tray prevents water pooling, which matters for hygiene. The brand has a solid reputation and the compact footprint suits my bathroom, and at $19.97 the price is reasonable for the quality."
survey_toilet-brush-choice__TnEidau,persona/datasets/matraix-persona-1m/cohorts/cohort-162f4cf6eb0f/persona_stackoverflow-232adba5da88.yaml,1.0,oxo_hideaway,OXO Hideaway Compact,19.97,4,hygiene,4,45-54,,North America,,,,,,Full-time,"I want a brush that stays hidden and doesn't look like a toilet brush sitting out, and the OXO hideaway canister does that with a ventilated tray so it won't pool water and get gross. OXO is a brand I trust for durable, well-designed basics, and $19.97 is reasonable for something that will last years in my bathroom."
survey_toilet-brush-choice__TquCK6G,persona/datasets/matraix-persona-1m/cohorts/cohort-162f4cf6eb0f/persona_stackoverflow-98e3a4666e5b.yaml,1.0,oxo_hideaway,OXO Hideaway Compact,19.97,4,hygiene,4,35-44,,North America,,,,,,Full-time,"I want a covered holder that keeps the brush out of sight and ventilates so it doesn't sit in stagnant water — the auto-open canister does both without extra effort. OXO is a brand I trust for durable, well-designed household tools, and at $19.97 the price is reasonable for a single set that will actually last."
survey_toilet-brush-choice__TrxswjH,persona/datasets/matraix-persona-1m/cohorts/cohort-162f4cf6eb0f/persona_gss-4fdf26ecdfa5.yaml,1.0,oxo_hideaway,OXO Hideaway Compact,19.97,4,hygiene,4,45-54,,North America,Middle,Man,,,,Full-time,"I want a clean, minimal look in the bathroom and the OXO hideaway canister keeps the brush out of sight, which matters with three kids and guests around. The auto-open lid and ventilated tray also help it dry out and stay hygienic, and at under $20 it's a reasonable price for a brand I already trust for kitchen and bath tools."
survey_toilet-brush-choice__Tt6Kkes,persona/datasets/matraix-persona-1m/cohorts/cohort-162f4cf6eb0f/persona_gss-f0d13dac7396.yaml,1.0,oxo_hideaway,OXO Hideaway Compact,19.97,4,hygiene,4,45-54,,North America,Lower-middle,Woman,,,,Full-time,"I want a brush that stays out of sight and doesn't leave a puddle of standing water in the holder, and the OXO auto-open canister with its ventilated tray does exactly that. The price is reasonable for a brand I recognize, and the compact footprint suits my small bathroom."
survey_toilet-brush-choice__U5Qgzs8,persona/datasets/matraix-persona-1m/cohorts/cohort-162f4cf6eb0f/persona_gss-60cc201875c9.yaml,1.0,clorox_under_rim,Clorox Corner Under-Rim,15.5,4,cleaning,4,45-54,,North America,Low income,Woman,,,,Part-time,"I'm on a tight budget and $15.50 is a fair middle price. The corner caddy saves space in my small bathroom and the under-rim scrubber plus antibacterial bristles make me feel it actually gets the job clean, which matters with two kids in the house."
survey_toilet-brush-choice__UAWgyzE,persona/datasets/matraix-persona-1m/cohorts/cohort-162f4cf6eb0f/persona_wiki-da8efaae19b8.yaml,1.0,oxo_hideaway,OXO Hideaway Compact,19.97,4,hygiene,4,45-54,Value-driven,North America,Middle,Woman,Mid-life,Small town,null,Full-time,"I value a tidy, minimal bathroom and the hideaway canister means no brush is visible when stored, which suits my aesthetic sense. The ventilated tray that prevents water pooling addresses hygiene, and OXO's reputation for well-designed, durable household tools gives me confidence in a mid-range price of $19.97."
survey_toilet-brush-choice__UCLty4b,persona/datasets/matraix-persona-1m/cohorts/cohort-162f4cf6eb0f/persona_gss-bda9d6a3bdb4.yaml,1.0,oxo_hideaway,OXO Hideaway Compact,19.97,4,hygiene,4,45-54,,North America,Upper-middle,Woman,,,,Full-time,"I want a clean, minimal look in my bathroom and I trust OXO as a brand for everyday household tools. The hideaway canister that opens automatically and the ventilated tray that prevents water pooling matter to me because I have three kids and I need something hygienic and easy to keep tidy without fuss."
survey_toilet-brush-choice__ULtNtZi,persona/datasets/matraix-persona-1m/cohorts/cohort-162f4cf6eb0f/persona_wiki-4e2552e89e66.yaml,1.0,oxo_hideaway,OXO Hideaway Compact,19.97,4,hygiene,4,,,North America,,Man,Mid-life,,,Full-time,"I value order, hygiene, and durable construction over the lowest price. The OXO Hideaway keeps the brush fully concealed, has a ventilated tray to prevent standing water, and comes from a brand with a solid reputation for well-engineered household tools. Its compact footprint suits a tidy bathroom, and the price is reasonable for that quality."
survey_toilet-brush-choice__UTN8oyA,persona/datasets/matraix-persona-1m/cohorts/cohort-162f4cf6eb0f/persona_gss-16509664af4b.yaml,1.0,jiga_3pack,JIGA 3-Pack,13.99,5,price,4,45-54,,North America,Lower-middle,Woman,,,,Part-time,"I have three bathrooms and money is tight, so getting three complete sets for $13.99 is the best value by far. Stiff nylon bristles are what I'm used to and the plain white caddy fits my bathroom fine."
survey_toilet-brush-choice__UY4jBUZ,persona/datasets/matraix-persona-1m/cohorts/cohort-162f4cf6eb0f/persona_gss-0d9904c7a183.yaml,1.0,oxo_hideaway,OXO Hideaway Compact,19.97,4,hygiene,4,65-74,,North America,Middle,Woman,Retirement,,,Retired,"I'm widowed and live alone, so I don't need multiple brushes or a big set. The OXO hideaway canister keeps the brush out of sight and its ventilated tray prevents water pooling, which matters to me for hygiene. The brand is one I trust and the compact size suits my small bathroom."
survey_toilet-brush-choice__UZ9iAX5,persona/datasets/matraix-persona-1m/cohorts/cohort-162f4cf6eb0f/persona_stackoverflow-224e2097c924.yaml,1.0,oxo_hideaway,OXO Hideaway Compact,19.97,4,design,4,35-44,,North America,,,,,,Full-time,"I want a clean, minimal look on the bathroom floor, and the OXO Hideaway canister hides the brush entirely when stored, which is the main thing I care about day to day. OXO is a brand I trust for well-designed household tools, and at $19.97 the price is reasonable for the auto-open mechanism and ventilated tray that prevents water pooling."
survey_toilet-brush-choice__UZoG2RW,persona/datasets/matraix-persona-1m/cohorts/cohort-162f4cf6eb0f/persona_gss-738648d12fc4.yaml,1.0,jiga_3pack,JIGA 3-Pack,13.99,5,price,4,55-64,,North America,Lower-middle,Woman,,,,Full-time,"I have three bathrooms and a tight budget, so getting three complete brush sets for $13.99 is the best value here. Stiff nylon bristles clean well and the simple white design fits any bathroom."
survey_toilet-brush-choice__Ucww3en,persona/datasets/matraix-persona-1m/cohorts/cohort-162f4cf6eb0f/persona_amazon-bfa78fa7d0c1.yaml,1.0,oxo_hideaway,OXO Hideaway Compact,19.97,4,hygiene,4,55-64,,North America,,,Mid-life,,,,"I'm a cautious buyer who trusts established brands I've used before, and OXO has earned that loyalty with me. The auto-open hideaway canister keeps the brush out of sight, which matters for a tidy bathroom, and the ventilated tray addresses hygiene without me having to think about it. At $19.97 it's mid-range and reasonable for something I'll use daily."
survey_toilet-brush-choice__Uda4fvN,persona/datasets/matraix-persona-1m/cohorts/cohort-162f4cf6eb0f/persona_gss-6b5d895694ce.yaml,1.0,oxo_hideaway,OXO Hideaway Compact,19.97,4,hygiene,4,75-84,,North America,Lower-middle,Woman,Retirement,,,Retired,"I live in a small house and I like that the brush hides away inside the canister so guests don't see it sitting out. OXO is a brand I've trusted for years in my kitchen, and at $19.97 it's a fair price for something that will last."
survey_toilet-brush-choice__UiDbs8F,persona/datasets/matraix-persona-1m/cohorts/cohort-162f4cf6eb0f/persona_gss-9a88b8b7ce06.yaml,1.0,oxo_hideaway,OXO Hideaway Compact,19.97,4,hygiene,4,35-44,,North America,Lower-middle,Woman,,,,Full-time,"I want something compact and tidy that hides the brush away, since a visible toilet brush in a small bathroom looks unpleasant. The OXO Hideaway has a ventilated tray that keeps things from getting soggy, and the price is reasonable for a brand I trust. It's simple, white, and won't clash with my bathroom."
survey_toilet-brush-choice__UmAPuWV,persona/datasets/matraix-persona-1m/cohorts/cohort-162f4cf6eb0f/persona_wiki-45e49be266dd.yaml,1.0,oxo_hideaway,OXO Hideaway Compact,19.97,4,hygiene,4,65+,Indifferent,North America,Upper-middle,Man,Retirement,Suburban,$100k-200k,Retired,"The hideaway canister keeps the brush fully out of sight and opens automatically, which suits a tidy bathroom and avoids the unsightly open-brush look. OXO's reputation for durable, well-designed household tools and the ventilated tray that prevents water pooling make it the best balance of hygiene, build quality, and a compact footprint at a reasonable price."
survey_toilet-brush-choice__UohPY6c,persona/datasets/matraix-persona-1m/cohorts/cohort-162f4cf6eb0f/persona_gss-7bbde1bd4639.yaml,1.0,jiga_3pack,JIGA 3-Pack,13.99,5,price,4,35-44,,North America,Lower-middle,Man,,,,Full-time,"With a tight budget and a family bathroom, the JIGA 3-pack gives me brushes for every bathroom plus a spare at the lowest price per set. Stiff nylon bristles and covered caddy storage cover the basics without overspending."
survey_toilet-brush-choice__Us2vPHr,persona/datasets/matraix-persona-1m/cohorts/cohort-162f4cf6eb0f/persona_stackoverflow-69700ba2c942.yaml,1.0,oxo_hideaway,OXO Hideaway Compact,19.97,4,hygiene,4,25-34,,North America,,,Early career,,,Full-time,"I want a compact set that keeps the brush out of sight and doesn't pool water, and the OXO Hideaway's auto-open canister with ventilated tray nails both. At $19.97 it's a reasonable middle price for a brand I trust, and the small footprint suits a typical bathroom."
survey_toilet-brush-choice__UutFL4g,persona/datasets/matraix-persona-1m/cohorts/cohort-162f4cf6eb0f/persona_gss-d623eb3b84c4.yaml,1.0,oxo_hideaway,OXO Hideaway Compact,19.97,4,hygiene,4,25-34,,North America,Lower-middle,Man,,,,Part-time,"I want something compact and clean-looking for a small bathroom, and the OXO hideaway canister keeps the brush out of sight, which matters with a toddler around. OXO is a brand I trust for everyday household items, and $19.97 is reasonable for the quality."
survey_toilet-brush-choice__V3dp7rM,persona/datasets/matraix-persona-1m/cohorts/cohort-162f4cf6eb0f/persona_gss-efd0b8ffbbb7.yaml,1.0,oxo_hideaway,OXO Hideaway Compact,19.97,4,hygiene,4,18-24,,North America,Lower-middle,Woman,,,,Full-time,"I have a small bathroom and a toddler, so a compact set that hides the brush away and drains water properly matters most to me. OXO's auto-open canister and ventilated tray keep things tidy and hygienic, and the brand is one I trust for everyday household items at a fair price."
survey_toilet-brush-choice__V5VCA5q,persona/datasets/matraix-persona-1m/cohorts/cohort-162f4cf6eb0f/persona_amazon-4e6a895f223a.yaml,1.0,oxo_hideaway,OXO Hideaway Compact,19.97,4,hygiene,4,,Value-driven,North America,,,Mid-life,Suburban,,,"I want something hygienic and tidy in a small bathroom — the OXO canister hides the brush and the ventilated tray keeps water from pooling, which matters with my health issues. At $19.97 it's a fair middle price from a brand I trust, and I don't need a 2- or 3-pack of brushes."
survey_toilet-brush-choice__V6VZLJ7,persona/datasets/matraix-persona-1m/cohorts/cohort-162f4cf6eb0f/persona_wiki-01dcf345c932.yaml,1.0,oxo_hideaway,OXO Hideaway Compact,19.97,4,hygiene,4,65+,Indifferent,North America,Upper-middle,Man,Mid-life,Small town,null,Retired,"I want a clean, unobtrusive look in a small bathroom, and the OXO Hideaway's auto-opening canister keeps the brush out of sight while the ventilated tray prevents standing water. OXO is a brand I trust for durable, well-designed household tools, and at $19.97 the price is reasonable for that quality."
survey_toilet-brush-choice__VBaE64V,persona/datasets/matraix-persona-1m/cohorts/cohort-162f4cf6eb0f/persona_gss-c91819831623.yaml,1.0,oxo_hideaway,OXO Hideaway Compact,19.97,4,hygiene,4,18-24,,North America,Middle,Woman,Student,,,Student,"I want a clean, minimal look in my bathroom and the hideaway canister keeps the brush out of sight, which matters to me for hygiene and tidiness. OXO is a brand I trust, and $19.97 is reasonable for something well-designed that will last through my student years."
survey_toilet-brush-choice__VC4N8Mt,persona/datasets/matraix-persona-1m/cohorts/cohort-162f4cf6eb0f/persona_stackoverflow-4a09abb4030c.yaml,1.0,oxo_hideaway,OXO Hideaway Compact,19.97,4,hygiene,4,25-34,,North America,,,Early career,,,Full-time,"I want a clean, minimal look where the brush isn't visible when stored, and the auto-open canister plus ventilated tray solves the standing-water and hygiene problem that cheap holders have. OXO's build quality and compact footprint fit a small bathroom, and at $19.97 the price is reasonable for something that will sit out permanently."
survey_toilet-brush-choice__VCKobZk,persona/datasets/matraix-persona-1m/cohorts/cohort-162f4cf6eb0f/persona_gss-f45bab9c4307.yaml,1.0,oxo_hideaway,OXO Hideaway Compact,19.97,4,hygiene,4,55-64,,North America,Middle,Woman,Retirement,,,Retired,"The OXO Hideaway is the most practical pick for a guest bathroom: the canister hides the brush completely and opens automatically, and the ventilated tray keeps things from getting soggy. OXO is a brand I trust for kitchen and bath tools, and at under $20 the price is reasonable for the quality."
survey_toilet-brush-choice__VCzR5eV,persona/datasets/matraix-persona-1m/cohorts/cohort-162f4cf6eb0f/persona_wiki-a4bd24b38e8d.yaml,1.0,oxo_hideaway,OXO Hideaway Compact,19.97,4,hygiene,4,65+,,North America,,Man,Retirement,,,Retired,"At my age I value a tidy, hygienic bathroom and a brand I know well, and OXO Good Grips has a long track record of well-designed, durable household tools. The hideaway canister keeps the brush out of sight and the ventilated tray prevents water pooling, which matters for hygiene and for a small bathroom. At $19.97 it's a fair mid-range price for something I'll use daily for years."
survey_toilet-brush-choice__VGjsrBi,persona/datasets/matraix-persona-1m/cohorts/cohort-162f4cf6eb0f/persona_gss-6090b45f77c0.yaml,1.0,jiga_3pack,JIGA 3-Pack,13.99,5,price,4,75-84,,North America,Lower-middle,Man,Retirement,,,Retired,"I'm retired on a fixed income, so getting three brushes for $13.99 is the best value on the shelf. With three bathrooms in the house and a wife who likes things kept clean, having spares on hand makes sense, and the stiff nylon bristles are what I've always used. The white sets will look fine in any of our bathrooms."
survey_toilet-brush-choice__VKEhdod,persona/datasets/matraix-persona-1m/cohorts/cohort-162f4cf6eb0f/persona_wiki-b9a59475e5bf.yaml,1.0,oxo_hideaway,OXO Hideaway Compact,19.97,5,hygiene,4,65+,Value-driven,North America,Middle,Woman,Retirement,Dense urban,null,Self-employed,"At 65 in a dense urban two-person household, I want a brush that disappears discreetly into a small bathroom and dries without pooling water. The OXO Hideaway's auto-open canister and ventilated tray solve the hygiene and clutter problem, and OXO is a brand I've trusted for decades of kitchen and household goods. The $19.97 price is reasonable for something I'll use weekly for years."
survey_toilet-brush-choice__VNTaxN5,persona/datasets/matraix-persona-1m/cohorts/cohort-162f4cf6eb0f/persona_gss-6ebbd7342386.yaml,1.0,oxo_hideaway,OXO Hideaway Compact,19.97,4,hygiene,4,35-44,,North America,,Woman,,,,Full-time,"With three kids and a busy household, I want something that stays tidy and hidden rather than looking like a cleaning tool on display. The OXO hideaway canister opens automatically when lifted and its ventilated tray keeps water from pooling, which matters for hygiene in a shared family bathroom. The brand has earned my trust and the mid-range price is reasonable for the quality."
survey_toilet-brush-choice__VcBYEwF,persona/datasets/matraix-persona-1m/cohorts/cohort-162f4cf6eb0f/persona_gss-8ed633c6a2d5.yaml,1.0,clorox_under_rim,Clorox Corner Under-Rim,15.5,4,cleaning,4,65-74,,North America,Lower-middle,Man,,,,Part-time,"I want something simple and reliable that I know will clean well, and the under-rim scrubber is a practical feature. At $15.50 it's a fair price, and the corner caddy saves space without being fancy. Clorox is a name I recognize and trust."
survey_toilet-brush-choice__VduyPEb,persona/datasets/matraix-persona-1m/cohorts/cohort-162f4cf6eb0f/persona_wiki-cd2e621668c0.yaml,1.0,oxo_hideaway,OXO Hideaway Compact,19.97,4,hygiene,4,55-64,Value-driven,North America,Middle,Man,Retirement,Suburban,null,Self-employed,"I value a clean, uncluttered bathroom and reliable function, and OXO's hideaway canister keeps the brush out of sight while the ventilated tray prevents standing water and odor. OXO is a brand I trust for well-designed, durable household tools, and at $19.97 the price is reasonable for the quality and compact footprint."
survey_toilet-brush-choice__VfuUzJi,persona/datasets/matraix-persona-1m/cohorts/cohort-162f4cf6eb0f/persona_gss-1bc890d85e08.yaml,1.0,jiga_3pack,JIGA 3-Pack,13.99,5,price,4,45-54,,North America,Low income,Man,,,,Unemployed,"I'm on a tight budget and unemployed, so getting three complete brush sets for $13.99 is the best value here. I have multiple bathrooms to keep clean, and these are simple white sets with stiff nylon bristles that should get the job done without any fancy features I don't need."
survey_toilet-brush-choice__Vo8hrFE,persona/datasets/matraix-persona-1m/cohorts/cohort-162f4cf6eb0f/persona_wiki-8d957241b4fe.yaml,1.0,oxo_hideaway,OXO Hideaway Compact,19.97,4,hygiene,4,65+,Value-driven,North America,High income,Man,Mid-life,Small town,$100k-200k,Full-time,"The OXO Good Grips name is one I trust for well-engineered household tools, and the auto-opening hideaway canister keeps the brush out of sight, which suits a tidy bathroom. At $19.97 the price is reasonable for a compact, ventilated design that prevents water pooling. Firm nylon bristles also strike me as more effective for real scrubbing than silicone nubs."
survey_toilet-brush-choice__VoG2ng5,persona/datasets/matraix-persona-1m/cohorts/cohort-162f4cf6eb0f/persona_wiki-068b9ac6add6.yaml,1.0,oxo_hideaway,OXO Hideaway Compact,19.97,4,hygiene,4,65+,Indifferent,North America,High income,Woman,Mid-life,Dense urban,$200k+,Self-employed,"I value a tidy, uncluttered bathroom, and the OXO Hideaway's canister conceals the brush entirely while its ventilated tray prevents the stagnant water and odor that plague open holders. The automatic opening mechanism and compact footprint suit my space, and OXO is a brand I trust for well-designed, durable household tools. The $19.97 price is reasonable for that combination of hygiene and thoughtful engineering."
survey_toilet-brush-choice__Vpc6ajr,persona/datasets/matraix-persona-1m/cohorts/cohort-162f4cf6eb0f/persona_gss-8073d1eccda6.yaml,1.0,jiga_3pack,JIGA 3-Pack,13.99,5,price,4,45-54,,North America,Lower-middle,Woman,,,,Part-time,"I keep a tight budget, and getting three complete brush and holder sets for $13.99 is the best value on the shelf. I can put one in each bathroom and have a spare, and the stiff nylon bristles and non-slip handles are what I'm used to using."
survey_toilet-brush-choice__VuYETEp,persona/datasets/matraix-persona-1m/cohorts/cohort-162f4cf6eb0f/persona_wiki-3715a27c931a.yaml,1.0,oxo_hideaway,OXO Hideaway Compact,19.97,4,hygiene,4,65+,Value-driven,North America,High income,Man,Mid-life,Small town,null,Retired,"I value order and a tidy, uncluttered bathroom, and the OXO hideaway canister conceals the brush entirely while the ventilated tray prevents standing water — a genuine hygiene benefit. OXO is a brand I trust for well-engineered household tools, and at $19.97 the price is reasonable for the build quality and compact footprint."
survey_toilet-brush-choice__Vzv8mjR,persona/datasets/matraix-persona-1m/cohorts/cohort-162f4cf6eb0f/persona_stackoverflow-62c2ee1b5f9c.yaml,1.0,oxo_hideaway,OXO Hideaway Compact,19.97,4,hygiene,4,18-24,,North America,,,Early career,,,Full-time,"I prefer a simple, well-designed set from a brand with a solid reputation, and the auto-open hideaway canister keeps the brush out of sight while the ventilated tray prevents water pooling. The compact footprint suits my bathroom, and the price feels reasonable for the build quality."
survey_toilet-brush-choice__W2oyKAb,persona/datasets/matraix-persona-1m/cohorts/cohort-162f4cf6eb0f/persona_gss-71440966dbd0.yaml,1.0,oxo_hideaway,OXO Hideaway Compact,19.97,4,hygiene,4,65-74,,North America,Lower-middle,Woman,Retirement,,,Retired,"I'm widowed and live alone, so I only need one brush and I don't want to see it sitting out. The OXO hideaway canister keeps the brush out of sight and the ventilated tray stops water pooling, which matters for hygiene. At $19.97 it's a reasonable price for a brand I've trusted for years."
survey_toilet-brush-choice__W8yXu3s,persona/datasets/matraix-persona-1m/cohorts/cohort-162f4cf6eb0f/persona_amazon-ab17bb1cb583.yaml,1.0,oxo_hideaway,OXO Hideaway Compact,19.97,4,hygiene,4,,,North America,,Woman,Retirement,Suburban,,Retired,"I'm retired and live in a small suburban bathroom, so a compact set that hides the brush away matters more to me than saving a few dollars. The OXO's automatic hideaway canister keeps things looking tidy and the ventilated tray means less standing water and odor, which is worth the mid-range price."
survey_toilet-brush-choice__WEhGfRd,persona/datasets/matraix-persona-1m/cohorts/cohort-162f4cf6eb0f/persona_gss-788073d47a30.yaml,1.0,oxo_hideaway,OXO Hideaway Compact,19.97,4,hygiene,4,55-64,,North America,Upper-middle,Man,,,,Unemployed,"I live alone now in a smaller place, so a compact set that hides the brush away is what I want. OXO is a brand I've trusted for kitchen and bath items, and the auto-open canister with a ventilated tray keeps things tidy and dry. The price is reasonable for the quality."
survey_toilet-brush-choice__WF6Lr3M,persona/datasets/matraix-persona-1m/cohorts/cohort-162f4cf6eb0f/persona_wiki-dfac7e57fa09.yaml,1.0,oxo_hideaway,OXO Hideaway Compact,19.97,4,hygiene,4,,,North America,Middle,Woman,Mid-life,Small town,,Full-time,"I want a brush that stays out of sight and doesn't drip on the floor, and the OXO Hideaway's canister opens automatically when you lift the brush and has a ventilated tray, which keeps things tidy in a small bathroom. At $19.97 it's a reasonable middle price from a brand I trust for durable, well-designed household tools."
survey_toilet-brush-choice__WFHJnM6,persona/datasets/matraix-persona-1m/cohorts/cohort-162f4cf6eb0f/persona_wiki-4ac4c8e19a3e.yaml,1.0,oxo_hideaway,OXO Hideaway Compact,19.97,4,hygiene,4,,,North America,,,,,,,"I value a clean, uncluttered look, and the OXO Hideaway hides the brush entirely in a slim canister that opens automatically when lifted. The ventilated tray prevents water pooling, which keeps things hygienic and dry, and the compact footprint fits a small bathroom. At $19.97 it's a fair price for a trusted brand's thoughtful design."
survey_toilet-brush-choice__WGu6raH,persona/datasets/matraix-persona-1m/cohorts/cohort-162f4cf6eb0f/persona_gss-97bcac6024af.yaml,1.0,jiga_3pack,JIGA 3-Pack,13.99,5,price,4,35-44,,North America,Low income,Woman,,,,Full-time,"With three kids and a tight budget, three brushes for $13.99 is the best value here. I can keep one in each bathroom and replace them without worrying about the cost."
survey_toilet-brush-choice__WH7JuGD,persona/datasets/matraix-persona-1m/cohorts/cohort-162f4cf6eb0f/persona_gss-b90c34fbf725.yaml,1.0,jiga_3pack,JIGA 3-Pack,13.99,5,price,4,75-84,,North America,Low income,Woman,Retirement,,,Retired,"I live on a fixed retirement income, so getting three brush sets for $13.99 is the best value on this shelf. I have three bathrooms and grown kids who visit, so having a spare brush and holder on hand makes practical sense to me."
survey_toilet-brush-choice__WKTjRBF,persona/datasets/matraix-persona-1m/cohorts/cohort-162f4cf6eb0f/persona_amazon-ed16a5c479c8.yaml,1.0,oxo_hideaway,OXO Hideaway Compact,19.97,4,hygiene,4,,,North America,,,,,,,"I want a clean, minimal look in the bathroom, and the OXO Hideaway keeps the brush fully concealed in a compact canister that opens automatically when lifted. The ventilated tray prevents water pooling, which matters for hygiene, and at $19.97 the price is reasonable for a well-known brand."
survey_toilet-brush-choice__WLrJLsm,persona/datasets/matraix-persona-1m/cohorts/cohort-162f4cf6eb0f/persona_wiki-3a1265e65d36.yaml,1.0,oxo_hideaway,OXO Hideaway Compact,19.97,4,hygiene,4,65+,Value-driven,North America,Upper-middle,Woman,Mid-life,Dense urban,$100k-200k,Full-time,"I want a brush that looks tidy when not in use and won't leave standing water breeding bacteria in a small, shared bathroom. The OXO's hideaway canister opens automatically, has a ventilated tray, and the brand's ergonomics and durability have earned my trust over decades. It's reasonably priced for the build quality."
survey_toilet-brush-choice__WU4bSF4,persona/datasets/matraix-persona-1m/cohorts/cohort-162f4cf6eb0f/persona_wiki-9dfac21bd4df.yaml,1.0,clorox_under_rim,Clorox Corner Under-Rim,15.5,3,price,3,65-74,Value-driven,North America,Upper-middle,Woman,Mid-life,Dense urban,$100k-200k,Part-time,"No persona-specific answer was produced, so a neutral answer was used."
survey_toilet-brush-choice__WVcQFHY,persona/datasets/matraix-persona-1m/cohorts/cohort-162f4cf6eb0f/persona_wiki-69e579dca229.yaml,1.0,oxo_hideaway,OXO Hideaway Compact,19.97,4,hygiene,4,80+,Value-driven,North America,Middle,Man,Retirement,Small town,,Self-employed,"I want a clean, unobtrusive look in the bathroom and the hideaway canister means no visible brush between uses, which suits my preference for order and structure. OXO is a brand I trust for durable, well-engineered household tools, and at $19.97 the price is reasonable for the build quality and ventilated tray that prevents water pooling."
survey_toilet-brush-choice__WW5qDX6,persona/datasets/matraix-persona-1m/cohorts/cohort-162f4cf6eb0f/persona_gss-891af6e23e34.yaml,1.0,clorox_under_rim,Clorox Corner Under-Rim,15.5,5,cleaning,4,45-54,,North America,Lower-middle,Man,,,,Full-time,"I want a set that actually cleans well without spending much, and the Clorox name is one I trust around the bathroom. The under-rim scrubber and corner caddy are practical extras my wife would appreciate, and $15.50 fits what I'm willing to pay for a toilet brush."
survey_toilet-brush-choice__WcZR7iv,persona/datasets/matraix-persona-1m/cohorts/cohort-162f4cf6eb0f/persona_amazon-d8fe1542a602.yaml,1.0,oxo_hideaway,OXO Hideaway Compact,19.97,4,hygiene,4,,,North America,,Woman,,Suburban,,,"I want a compact set that keeps the brush hidden and looks clean in a guest-visible bathroom. The OXO's auto-open canister and ventilated tray address hygiene and tidiness, and at $19.97 the price is reasonable for a trusted brand."
survey_toilet-brush-choice__WciE7eB,persona/datasets/matraix-persona-1m/cohorts/cohort-162f4cf6eb0f/persona_wiki-9b4210cab796.yaml,1.0,oxo_hideaway,OXO Hideaway Compact,19.97,4,hygiene,4,65+,Value-driven,North America,High income,Woman,Mid-life,Dense urban,$200k+,Homemaker,"I keep a spotless, well-appointed home and I value a bathroom that looks tidy, so a brush that hides away completely in a slim canister is exactly what I want. OXO is a brand I trust for sturdy, well-designed tools, and the ventilated tray that prevents standing water appeals to my sense of hygiene and order. At $19.97 it is a sensible price for something I will use daily for years."
survey_toilet-brush-choice__WcxaCPs,persona/datasets/matraix-persona-1m/cohorts/cohort-162f4cf6eb0f/persona_wiki-2a4fba8c054b.yaml,1.0,oxo_hideaway,OXO Hideaway Compact,19.97,4,hygiene,4,65+,Value-driven,North America,High income,Man,Retirement,Suburban,$200k+,Self-employed,"I want a clean, uncluttered bathroom and the OXO Hideaway stores the brush completely out of sight while the ventilated tray keeps it from sitting in dirty water. OXO's build quality and reputation justify the modest $19.97, and the compact footprint suits my space. The auto-open canister is a small but genuinely useful touch."
survey_toilet-brush-choice__WmMucRN,persona/datasets/matraix-persona-1m/cohorts/cohort-162f4cf6eb0f/persona_gss-3163de894256.yaml,1.0,jiga_3pack,JIGA 3-Pack,13.99,5,price,4,65-74,,North America,Lower-middle,Man,Retirement,,,Retired,"I have three bathrooms and my budget is tight since I'm retired on a fixed income, so getting three brushes for $13.99 is the practical choice. The stiff nylon bristles and simple white look suit me fine, and having a spare on hand is handy."
survey_toilet-brush-choice__WpLAH53,persona/datasets/matraix-persona-1m/cohorts/cohort-162f4cf6eb0f/persona_gss-0dfce6ee5987.yaml,1.0,oxo_hideaway,OXO Hideaway Compact,19.97,4,hygiene,4,35-44,,North America,Upper-middle,Woman,,,,Part-time,"I want a clean, minimal look where the brush isn't visible when stored, and the OXO brand has a solid reputation for durable, well-designed household tools. The auto-open canister and ventilated tray address the hygiene and water-pooling issues that bother me most, and at $19.97 the price is reasonable for something I'll use daily."
survey_toilet-brush-choice__WuHQYUZ,persona/datasets/matraix-persona-1m/cohorts/cohort-162f4cf6eb0f/persona_gss-6f7543674114.yaml,1.0,clorox_under_rim,Clorox Corner Under-Rim,15.5,4,cleaning,4,75-84,,North America,Lower-middle,Man,,,,Full-time,"I'm a widower living on a fixed budget, so $15.50 is a fair price for a set from a brand I know and trust. The corner caddy saves space and the under-rim scrubber gets the job done properly, which matters to me since I do all my own cleaning now."
survey_toilet-brush-choice__Wyd27jP,persona/datasets/matraix-persona-1m/cohorts/cohort-162f4cf6eb0f/persona_gss-1c42fafb446f.yaml,1.0,jiga_3pack,JIGA 3-Pack,13.99,5,price,4,18-24,,North America,Lower-middle,Woman,,,,Full-time,"I have two kids and a busy household, so having three brushes means I can keep one in each bathroom and still have a spare, all for under $14. The white set matches my bathroom and the stiff nylon bristles should scrub well. Price matters a lot for me right now, so this is the best value on the shelf."
survey_toilet-brush-choice__X2T3T5C,persona/datasets/matraix-persona-1m/cohorts/cohort-162f4cf6eb0f/persona_gss-aff5647d6b7c.yaml,1.0,oxo_hideaway,OXO Hideaway Compact,19.97,4,hygiene,4,45-54,,North America,Middle,Man,,,,Full-time,"I want something that looks clean and tidy in the bathroom, and the OXO hideaway canister keeps the brush completely out of sight while the ventilated tray keeps it from sitting in dirty water. OXO is a brand I trust for solid everyday tools, and $19.97 is a fair price for that kind of build quality."
survey_toilet-brush-choice__XHeWee7,persona/datasets/matraix-persona-1m/cohorts/cohort-162f4cf6eb0f/persona_gss-4103b4ae772c.yaml,1.0,oxo_hideaway,OXO Hideaway Compact,19.97,4,hygiene,4,45-54,,North America,Middle,Man,,,,Full-time,"I want a compact, tidy set that hides the brush away and doesn't pool water, and OXO is a brand I've trusted in the kitchen for years. The auto-open canister and ventilated tray address the hygiene and small-space concerns that matter most to me, and at about $20 it's a reasonable mid-range price."
survey_toilet-brush-choice__XPvNCgt,persona/datasets/matraix-persona-1m/cohorts/cohort-162f4cf6eb0f/persona_wiki-78a44b9a54c5.yaml,1.0,oxo_hideaway,OXO Hideaway Compact,19.97,4,hygiene,4,65+,Value-driven,North America,Upper-middle,Man,Mid-life,Small town,null,Retired,"I want a tidy, well-engineered set for a single guest-visible bathroom, and the OXO Hideaway's auto-opening canister keeps the brush out of sight while the ventilated tray addresses the hygiene issue that matters most to me. OXO is a brand I trust for durable, thoughtfully designed household tools, and at $19.97 the price is reasonable for that quality."
survey_toilet-brush-choice__XQYqvVS,persona/datasets/matraix-persona-1m/cohorts/cohort-162f4cf6eb0f/persona_stackoverflow-fef732bda728.yaml,1.0,oxo_hideaway,OXO Hideaway Compact,19.97,4,hygiene,4,25-34,,North America,,,Early career,,,Full-time,"I want a compact, minimal set that hides the brush entirely in a ventilated canister so it doesn't look like a toilet brush sitting out, and OXO is a brand I've had good luck with on other household tools. The auto-open canister and drainage tray address the two things I actually care about — looks and not having a soggy brush sitting in standing water."
survey_toilet-brush-choice__XZf9QAP,persona/datasets/matraix-persona-1m/cohorts/cohort-162f4cf6eb0f/persona_gss-6f27c7c2da75.yaml,1.0,jiga_3pack,JIGA 3-Pack,13.99,4,price,3,45-54,,North America,Low income,Man,,,,Unemployed,"I'm on a fixed income and can't afford to spend much on something like this. Getting three brushes for $13.99 means I have backups for a long time without spending much, and the stiff nylon bristles should do the job."
survey_toilet-brush-choice__XdioY4Y,persona/datasets/matraix-persona-1m/cohorts/cohort-162f4cf6eb0f/persona_gss-ae3b8113b614.yaml,1.0,clorox_under_rim,Clorox Corner Under-Rim,15.5,5,cleaning,4,25-34,,North America,Middle,Woman,,,,Full-time,"I have three kids and a busy household, so a brush with a dedicated under-rim scrubber and antibacterial bristles gets the toilet genuinely clean. Clorox is a brand I already trust for bathroom cleaning, and at $15.50 the corner caddy is a fair price for something that will actually hold up."
survey_toilet-brush-choice__XsEpmVS,persona/datasets/matraix-persona-1m/cohorts/cohort-162f4cf6eb0f/persona_wiki-7dde553c1ccb.yaml,1.0,oxo_hideaway,OXO Hideaway Compact,19.97,5,hygiene,4,65+,,North America,High income,Man,Retirement,,,Retired,"I'm buying for a modest bathroom and I value order and cleanliness over flash. The OXO's hideaway canister means the brush is out of sight and the ventilated tray keeps water from pooling, which is the hygiene issue that actually matters. At $19.97 from a brand with a solid reputation, the price is reasonable for a tool I'll use for years."
survey_toilet-brush-choice__XshHS3E,persona/datasets/matraix-persona-1m/cohorts/cohort-162f4cf6eb0f/persona_stackoverflow-ec1657feaf11.yaml,1.0,oxo_hideaway,OXO Hideaway Compact,19.97,4,hygiene,4,55-64,,North America,,,,,,Full-time,"I want a brush that stays out of sight and doesn't collect standing water, and the OXO hideaway canister opens automatically and has a ventilated tray. OXO is a brand I trust for durable household tools, and at $19.97 the price is reasonable for the build quality and compact footprint."
survey_toilet-brush-choice__Y6HPuQZ,persona/datasets/matraix-persona-1m/cohorts/cohort-162f4cf6eb0f/persona_gss-eee1dbe948d6.yaml,1.0,oxo_hideaway,OXO Hideaway Compact,19.97,4,hygiene,4,18-24,,North America,Middle,Man,Student,,,Student,"As a student on a budget I want something reliable but not ugly sitting in my bathroom. The OXO hideaway canister keeps the brush out of sight, has a ventilated tray so it doesn't stay wet, and OXO is a brand I trust for decent build quality at a fair price."
survey_toilet-brush-choice__Y8gJujf,persona/datasets/matraix-persona-1m/cohorts/cohort-162f4cf6eb0f/persona_amazon-afd379b63b05.yaml,1.0,oxo_hideaway,OXO Hideaway Compact,19.97,4,hygiene,5,,,North America,,Woman,Mid-life,,,Retired,"I'm retired and keep a tidy, uncluttered bathroom, so I want a brush that hides away completely rather than sitting out looking unsightly. The OXO Hideaway's canister opens automatically when you lift the brush and its ventilated tray keeps water from pooling, which matters to me because I manage a chronic condition and try to keep everything as hygienic and easy to clean as possible. OXO is a brand I've trusted for years in the kitchen, and at $19.97 it's a fair price for something that will last."
survey_toilet-brush-choice__YM8ktND,persona/datasets/matraix-persona-1m/cohorts/cohort-162f4cf6eb0f/persona_stackoverflow-b9d58acc2684.yaml,1.0,sellemer_silicone,Sellemer Silicone,12.99,5,hygiene,4,18-24,,North America,,,Student,,,Student,"At $12.99 it's the best balance of price and hygiene for me: the silicone nubbed head is tangle-free and won't harbor bacteria like nylon bristles, and the ventilated slot base dries quickly so it doesn't sit in stagnant water. It also works wall-mounted or freestanding, which is handy in a small bathroom, and the flexible flat head should reach under the rim."
survey_toilet-brush-choice__YQypsc3,persona/datasets/matraix-persona-1m/cohorts/cohort-162f4cf6eb0f/persona_gss-e4f8028c0784.yaml,1.0,oxo_hideaway,OXO Hideaway Compact,19.97,4,hygiene,4,18-24,,North America,Middle,Woman,Student,,,Student,"I want something that looks tidy and doesn't show a dripping brush, and the OXO hideaway canister opens automatically and has a ventilated tray so water doesn't pool. At $19.97 it's a reasonable mid-range price for a brand I already trust for kitchen and bath basics."
survey_toilet-brush-choice__YRb8mDh,persona/datasets/matraix-persona-1m/cohorts/cohort-162f4cf6eb0f/persona_wiki-a728976b84b7.yaml,1.0,oxo_hideaway,OXO Hideaway Compact,19.97,4,design,4,18-24,Indifferent,North America,null,Man,Early career,Small town,null,Self-employed,"OXO is a brand I trust for genuinely well-engineered household stuff, and the auto-open hideaway canister means I never have to look at a dirty brush sitting out. At $19.97 it's mid-range but the ventilated tray and compact footprint solve the two things that actually annoy me about toilet brushes."
survey_toilet-brush-choice__YTTr4mt,persona/datasets/matraix-persona-1m/cohorts/cohort-162f4cf6eb0f/persona_gss-ce232ffae255.yaml,1.0,oxo_hideaway,OXO Hideaway Compact,19.97,4,hygiene,4,25-34,,North America,Middle,Woman,,,,Full-time,"I want something compact and tidy that hides the brush away, and OXO is a brand I trust for durable, well-designed household items. The auto-open canister and ventilated tray keep things hygienic without looking cluttered in my bathroom."
survey_toilet-brush-choice__YTsrUyc,persona/datasets/matraix-persona-1m/cohorts/cohort-162f4cf6eb0f/persona_gss-c28f3c481082.yaml,1.0,jiga_3pack,JIGA 3-Pack,13.99,5,price,4,25-34,,North America,Low income,Woman,,,,Unemployed,"I'm on a tight budget with one kid at home, so getting three brushes for $13.99 is unbeatable value. I can keep one in each bathroom and have a spare, and the stiff nylon bristles do the scrubbing job I need."
survey_toilet-brush-choice__YV2DBAR,persona/datasets/matraix-persona-1m/cohorts/cohort-162f4cf6eb0f/persona_stackoverflow-54582e5057ea.yaml,1.0,oxo_hideaway,OXO Hideaway Compact,19.97,4,hygiene,4,35-44,,North America,,,,,,Full-time,"I want a brush that stays hidden and hygienic, and the OXO Hideaway's auto-open canister with a ventilated tray prevents water pooling, which matters most to me in a bathroom. OXO's reputation for solid build quality and the compact footprint also fit my accuracy-first, durability-minded approach. The $19.97 price is reasonable for a set I'll use for years."
survey_toilet-brush-choice__YXiS3FC,persona/datasets/matraix-persona-1m/cohorts/cohort-162f4cf6eb0f/persona_wiki-c6f794cc5df7.yaml,1.0,oxo_hideaway,OXO Hideaway Compact,19.97,4,hygiene,4,65+,,North America,null,Man,Mid-life,null,null,Retired,"I'm a practical, no-nonsense buyer and OXO is a brand I trust for durable everyday tools. The hideaway canister keeps the brush out of sight and the ventilated tray stops water pooling, which matters for hygiene. At $19.97 it's a fair price for something that will last and look tidy in a small bathroom."
survey_toilet-brush-choice__YYvMPNF,persona/datasets/matraix-persona-1m/cohorts/cohort-162f4cf6eb0f/persona_gss-bbbc7735a235.yaml,1.0,jiga_3pack,JIGA 3-Pack,13.99,5,price,4,35-44,,North America,Middle,Woman,,,,Part-time,"With three kids and multiple bathrooms, a 3-pack of brushes for $13.99 is the practical, budget-friendly choice that covers every toilet in the house at once. The stiff nylon bristles and covered caddy bases give reliable everyday cleaning without paying extra for features I don't really need."
survey_toilet-brush-choice__YZ6R4b4,persona/datasets/matraix-persona-1m/cohorts/cohort-162f4cf6eb0f/persona_gss-44e0629977ba.yaml,1.0,oxo_hideaway,OXO Hideaway Compact,19.97,4,hygiene,4,35-44,,North America,Lower-middle,Man,,,,Homemaker,"I'm divorced with two kids and money's tight, but I've had cheap plastic brushes fall apart and silicone heads that just smear things around. The OXO Hideaway at $19.97 is a fair middle price from a brand I trust, and the canister hides the brush and has a ventilated tray so it doesn't sit in dirty water. The compact footprint also suits my small bathroom."
survey_toilet-brush-choice__YZsddrq,persona/datasets/matraix-persona-1m/cohorts/cohort-162f4cf6eb0f/persona_wiki-62ab35b23370.yaml,1.0,oxo_hideaway,OXO Hideaway Compact,19.97,4,hygiene,4,65+,,North America,High income,Man,Retirement,null,null,Retired,"I want a set that stays out of sight and doesn't look like a toilet brush sitting in the open — the OXO hideaway canister does exactly that, and OXO is a brand I trust to hold up. The ventilated tray that prevents water pooling matters more to me than saving a few dollars, and the compact footprint suits a tidy, orderly bathroom."
survey_toilet-brush-choice__Yarrua7,persona/datasets/matraix-persona-1m/cohorts/cohort-162f4cf6eb0f/persona_wiki-4a160b192e12.yaml,1.0,oxo_hideaway,OXO Hideaway Compact,19.97,4,hygiene,4,25-34,Value-driven,North America,Lower-middle,Man,Early career,Small town,null,Full-time,"The OXO Hideaway's auto-open canister and ventilated tray solve the two things I actually care about: keeping the brush out of sight and preventing a pool of dirty water in the base. At $19.97 it's a reasonable middle price, and OXO's reputation for durable, well-designed household tools makes it feel like the safest buy for something I'll use daily for years."
survey_toilet-brush-choice__Ycm6Qck,persona/datasets/matraix-persona-1m/cohorts/cohort-162f4cf6eb0f/persona_wiki-232754324453.yaml,1.0,oxo_hideaway,OXO Hideaway Compact,19.97,4,design,4,65+,Value-driven,North America,Upper-middle,Woman,Mid-life,Dense urban,,Self-employed,"I want a single well-made set that looks tidy in a guest-visible bathroom, and the OXO hideaway canister keeps the brush fully out of sight while its ventilated tray prevents the standing water that makes brushes unpleasant. The brand has earned my trust over decades of kitchen and cleaning tools, and at $19.97 the price is reasonable for something I'll use daily for years."
survey_toilet-brush-choice__Yect4HM,persona/datasets/matraix-persona-1m/cohorts/cohort-162f4cf6eb0f/persona_stackoverflow-04ebbb98f975.yaml,1.0,oxo_hideaway,OXO Hideaway Compact,19.97,4,hygiene,4,35-44,,North America,,,,,,Full-time,"I want a brush that stays hidden and doesn't look like a toilet brush sitting out, and the OXO hideaway canister with a ventilated tray addresses the standing-water hygiene problem that silicone sets with open slots don't fully solve. OXO's build quality and the firm nylon bristles also give me more confidence in actual scrubbing performance than soft silicone nubs, which I'm skeptical clean a bowl's texture well."
survey_toilet-brush-choice__YfzGM5x,persona/datasets/matraix-persona-1m/cohorts/cohort-162f4cf6eb0f/persona_wiki-463b0c5c0725.yaml,1.0,oxo_hideaway,OXO Hideaway Compact,19.97,4,hygiene,4,65+,Indifferent,North America,High income,Man,Retirement,Small town,$200k+,Retired,"I prefer a reputable brand with a clean, minimal appearance that hides the brush when not in use, which suits a well-kept bathroom. The auto-opening canister and ventilated tray address hygiene and water pooling, and at $19.97 the price is reasonable for the build quality and design."
survey_toilet-brush-choice__YjTPPms,persona/datasets/matraix-persona-1m/cohorts/cohort-162f4cf6eb0f/persona_stackoverflow-0356bf9415fc.yaml,1.0,oxo_hideaway,OXO Hideaway Compact,19.97,4,hygiene,4,25-34,,North America,,,Early career,,,Full-time,"The auto-open hideaway canister keeps the brush fully concealed when stored, which looks clean and minimal in a bathroom, and the ventilated tray prevents water pooling — a hygiene detail I care about. OXO is a brand I trust for well-designed, durable household tools, and $19.97 is a fair price for that combination of design and function."
survey_toilet-brush-choice__YoZXErR,persona/datasets/matraix-persona-1m/cohorts/cohort-162f4cf6eb0f/persona_stackoverflow-75573bb09d8c.yaml,1.0,oxo_hideaway,OXO Hideaway Compact,19.97,4,hygiene,4,35-44,,North America,,,,,,Full-time,"I want a compact, tidy set that hides the brush when stored and lets the head dry without pooling water, which matters for hygiene in a small bathroom. OXO's hideaway canister with a ventilated tray and firm nylon bristles gives reliable cleaning performance from a brand with a solid reputation, and at $19.97 it's a reasonable mid-range price."
survey_toilet-brush-choice__YofHP3H,persona/datasets/matraix-persona-1m/cohorts/cohort-162f4cf6eb0f/persona_wiki-c1787e86dc27.yaml,1.0,oxo_hideaway,OXO Hideaway Compact,19.97,4,hygiene,4,65+,Value-driven,North America,Upper-middle,Man,Mid-life,Small town,null,Self-employed,"I want a clean, minimal look in the guest bathroom and the OXO Hideaway's auto-opening canister keeps the brush entirely out of sight while its ventilated tray prevents standing water. OXO is a brand I trust for durable, well-engineered household tools, and at $19.97 the price is reasonable for that build quality."
survey_toilet-brush-choice__Ys2yF6j,persona/datasets/matraix-persona-1m/cohorts/cohort-162f4cf6eb0f/persona_stackoverflow-8a5d052f27ce.yaml,1.0,oxo_hideaway,OXO Hideaway Compact,19.97,4,hygiene,4,35-44,,North America,,,,,,Full-time,"I want a compact set that hides the brush when stored and has a ventilated tray so water doesn't pool — that's the hygiene factor I care about most. OXO's design is minimal and clean, fits a small bathroom, and the brand has a solid reputation for durable everyday tools, so the ~$20 price feels justified."
survey_toilet-brush-choice__Ysd3A28,persona/datasets/matraix-persona-1m/cohorts/cohort-162f4cf6eb0f/persona_wiki-9d8daf03af6c.yaml,1.0,oxo_hideaway,OXO Hideaway Compact,19.97,4,hygiene,4,65+,Indifferent,North America,Middle,Woman,Mid-life,Small town,$50k-100k,Self-employed,"I want a brush that stays out of sight and doesn't leave a puddle in the holder, and the OXO hideaway canister opens automatically when you lift the brush, which suits my small bathroom. At $19.97 it's a reasonable middle price for a brand I've trusted for kitchen and cleaning tools for years. I care more about a holder that dries out properly and looks tidy than about gimmicks like tweezers or a three-pack."
survey_toilet-brush-choice__Ysp7Vwt,persona/datasets/matraix-persona-1m/cohorts/cohort-162f4cf6eb0f/persona_wiki-02eeb7dbbb0a.yaml,1.0,oxo_hideaway,OXO Hideaway Compact,19.97,4,hygiene,4,65+,Indifferent,North America,High income,Woman,Retirement,Dense urban,null,Full-time,"The OXO Hideaway's auto-open canister keeps the brush fully concealed when stored, which suits the clean, minimal look I want in a guest-visible bathroom, and the ventilated tray addresses the hygiene concern that matters most to me. OXO is a brand I trust for well-designed, durable household tools, and at $19.97 the price is reasonable for that quality."
survey_toilet-brush-choice__YxUvCTk,persona/datasets/matraix-persona-1m/cohorts/cohort-162f4cf6eb0f/persona_gss-f05e2b7ac545.yaml,1.0,oxo_hideaway,OXO Hideaway Compact,19.97,4,hygiene,4,25-34,,North America,Lower-middle,Man,,,,Full-time,"I want something that looks clean and tidy in a small bathroom, and the hideaway canister that opens automatically means I never have to see the brush. OXO is a brand I trust for sturdy, no-nonsense household stuff, and at under $20 it's a fair price for the build quality."
survey_toilet-brush-choice__YzzA3Wb,persona/datasets/matraix-persona-1m/cohorts/cohort-162f4cf6eb0f/persona_stackoverflow-f8e1b4ab8bf8.yaml,1.0,clorox_under_rim,Clorox Corner Under-Rim,15.5,3,price,3,35-44,,North America,,,,,,Full-time,"No persona-specific answer was produced, so a neutral answer was used."
survey_toilet-brush-choice__Z7Tsf3h,persona/datasets/matraix-persona-1m/cohorts/cohort-162f4cf6eb0f/persona_wiki-753d41a533a7.yaml,1.0,oxo_hideaway,OXO Hideaway Compact,19.97,4,hygiene,4,65+,,North America,Middle,Man,Retirement,Small town,null,Retired,"I want a tidy, covered set that hides the brush and keeps water from pooling, and OXO's reputation for well-made household tools gives me confidence in the build. The compact footprint and auto-open canister suit a modest bathroom, and the price is reasonable for the quality."
survey_toilet-brush-choice__Z7znFXa,persona/datasets/matraix-persona-1m/cohorts/cohort-162f4cf6eb0f/persona_wiki-2a17e5e245f7.yaml,1.0,oxo_hideaway,OXO Hideaway Compact,19.97,4,hygiene,4,35-44,,North America,null,Woman,Mid-life,null,null,null,"I want a compact, minimal set that stays clean and out of the way, and the OXO hideaway canister opens automatically with a ventilated tray to prevent water pooling. OXO's reputation for durable, well-designed tools makes the $19.97 price reasonable for something I'll use daily."
survey_toilet-brush-choice__Z8cTznV,persona/datasets/matraix-persona-1m/cohorts/cohort-162f4cf6eb0f/persona_wiki-2fc801f705fb.yaml,1.0,oxo_hideaway,OXO Hideaway Compact,19.97,4,hygiene,4,65+,Indifferent,North America,Middle,Man,Mid-life,Rural,null,null,"I live alone in a small rural house and keep a tidy, orderly bathroom, so a compact canister that hides the brush entirely and opens automatically when lifted suits me well. OXO is a brand I have learned to trust over the years, and the ventilated tray that prevents water pooling addresses hygiene without any fuss. At $19.97 it is a fair, middle-of-the-road price for something I will use daily for years."
survey_toilet-brush-choice__ZGrcbu9,persona/datasets/matraix-persona-1m/cohorts/cohort-162f4cf6eb0f/persona_stackoverflow-6f2822e7c34f.yaml,1.0,oxo_hideaway,OXO Hideaway Compact,19.97,4,hygiene,4,18-24,,North America,,,Early career,,$200k+,Full-time,"The hideaway canister that opens automatically when you lift the brush is the feature I'd actually appreciate daily — no visible dirty brush, and the ventilated tray prevents water pooling, which matters for hygiene. OXO's build quality and compact footprint suit a small bathroom, and at $19.97 the price is reasonable for the design and reliability."
survey_toilet-brush-choice__ZQCAdKw,persona/datasets/matraix-persona-1m/cohorts/cohort-162f4cf6eb0f/persona_gss-63acf3ec3db6.yaml,1.0,oxo_hideaway,OXO Hideaway Compact,19.97,4,hygiene,4,25-34,,North America,Middle,Man,,,,Full-time,"With three young kids, a compact set that hides the brush away and has a ventilated tray to prevent water pooling is what I want for hygiene. OXO is a brand I trust, and the $19.97 price is reasonable for a well-designed, minimal look that fits a small bathroom."
survey_toilet-brush-choice__ZYtin7N,persona/datasets/matraix-persona-1m/cohorts/cohort-162f4cf6eb0f/persona_gss-cc94efa71998.yaml,1.0,oxo_hideaway,OXO Hideaway Compact,19.97,4,hygiene,4,65-74,,North America,Middle,Man,Retirement,,,Retired,"I want a simple, sensible set from a brand I recognize, and the OXO hideaway canister keeps the brush out of sight which suits my wife's preference for a tidy bathroom. The ventilated tray that prevents water pooling is a practical hygiene feature, and at under twenty dollars the price is fair for the quality."
survey_toilet-brush-choice__ZZ3sbpA,persona/datasets/matraix-persona-1m/cohorts/cohort-162f4cf6eb0f/persona_gss-b6ffb39dd5f3.yaml,1.0,clorox_under_rim,Clorox Corner Under-Rim,15.5,4,cleaning,4,65-74,,North America,Middle,Man,Retirement,,,Retired,"I trust the Clorox name and want a brush that actually gets under the rim where the stains hide. The corner caddy keeps it tidy and out of the way, and the price of $15.50 is reasonable for a well-known brand."
survey_toilet-brush-choice__Zapzsfk,persona/datasets/matraix-persona-1m/cohorts/cohort-162f4cf6eb0f/persona_wiki-3a68812659e2.yaml,1.0,oxo_hideaway,OXO Hideaway Compact,19.97,4,hygiene,4,65+,Premium-seeking,North America,High income,Man,Mid-life,Rural,$200k+,Self-employed,"I am a firm believer that a bathroom should look orderly, and the OXO Hideaway keeps the brush entirely out of sight in a slim, well-made canister that opens automatically when lifted. OXO is a brand I trust for durable goods, and the ventilated tray addresses the hygiene problem that plagues most holders. At $19.97 it is reasonably priced for a product I expect to last years in a household of five or more."
survey_toilet-brush-choice__ZdQg7ts,persona/datasets/matraix-persona-1m/cohorts/cohort-162f4cf6eb0f/persona_wiki-3d4bc36d0050.yaml,1.0,oxo_hideaway,OXO Hideaway Compact,19.97,4,hygiene,4,65+,,North America,Upper-middle,Man,Retirement,Small town,null,Retired,"At 65 I want a bathroom that looks tidy and a tool that works without fuss. The OXO Hideaway keeps the brush completely out of sight in a compact canister that opens automatically when lifted, and its ventilated tray prevents the stagnant water and odor that plague cheap holders. OXO's reputation for well-engineered household goods and the reasonable $19.97 price make it the sensible, durable pick."
survey_toilet-brush-choice__ZeD9m8c,persona/datasets/matraix-persona-1m/cohorts/cohort-162f4cf6eb0f/persona_gss-263bc49ab640.yaml,1.0,boomjoy_tweezer,BOOMJOY Silicone+Tweezers,12.99,5,price,4,65-74,,North America,Low income,Woman,Retirement,,,Retired,"At $12.99 it fits my fixed retirement budget, and the built-in tweezers are a real help for lifting hair out of the bowl when my hands aren't as steady as they used to be. The ventilated quick-dry base and light aluminum handle also mean less bending and scrubbing for me."
survey_toilet-brush-choice__ZeN8Pje,persona/datasets/matraix-persona-1m/cohorts/cohort-162f4cf6eb0f/persona_gss-7f8c3cfb2255.yaml,1.0,oxo_hideaway,OXO Hideaway Compact,19.97,4,hygiene,4,35-44,,North America,Middle,Woman,,,,Full-time,"With three kids and a busy household, I want something that hides the brush away neatly and dries properly so it doesn't get gross. The OXO hideaway canister opens automatically and has a ventilated tray, and the brand has a good reputation for durable everyday items. It's a reasonable price for something that will last."
survey_toilet-brush-choice__ZnUzmYX,persona/datasets/matraix-persona-1m/cohorts/cohort-162f4cf6eb0f/persona_gss-ac1e3a1a5bcb.yaml,1.0,oxo_hideaway,OXO Hideaway Compact,19.97,4,hygiene,4,45-54,,North America,Upper-middle,Man,,,,Full-time,"I want a clean, minimal look in the bathroom and the OXO's hideaway canister keeps the brush out of sight, which my wife and I both prefer aesthetically. The ventilated tray that prevents water pooling addresses the hygiene issue that matters most to me, and OXO is a brand I trust for solid everyday design at a fair price."
survey_toilet-brush-choice__ZrZjikA,persona/datasets/matraix-persona-1m/cohorts/cohort-162f4cf6eb0f/persona_wiki-d28510e8a2dc.yaml,1.0,oxo_hideaway,OXO Hideaway Compact,19.97,4,hygiene,4,65+,,North America,Upper-middle,Man,Retirement,Suburban,$100k-200k,Retired,"I want a brush that stays out of sight and doesn't pool water in the base, and the OXO Hideaway's auto-opening canister with a ventilated tray does exactly that. The compact footprint suits my guest bathroom, and OXO is a brand I've trusted for kitchen and household tools for years."
survey_toilet-brush-choice__ZxgcYbi,persona/datasets/matraix-persona-1m/cohorts/cohort-162f4cf6eb0f/persona_wiki-48657cbff807.yaml,1.0,oxo_hideaway,OXO Hideaway Compact,19.97,5,hygiene,4,65+,Indifferent,North America,High income,Woman,Retirement,Suburban,,Full-time,"I have a strong preference for objects that disappear when not in use, and the OXO Hideaway's auto-opening canister means no visible brush sitting out in the bathroom. The ventilated tray addresses the hygiene concern that matters most to me, and OXO's design reputation gives me confidence in the mechanism holding up over years of daily use."
survey_toilet-brush-choice__Zxmt3SG,persona/datasets/matraix-persona-1m/cohorts/cohort-162f4cf6eb0f/persona_wiki-145a6cb1428d.yaml,1.0,oxo_hideaway,OXO Hideaway Compact,19.97,5,hygiene,4,65+,Value-driven,North America,High income,Woman,Mid-life,Dense urban,$100k-200k,Retired,"I want a brush that stays out of sight and doesn't pool water in its base — the OXO's auto-opening hideaway canister and ventilated tray solve both, and OXO's build quality has never let me down. At $19.97 for a single well-designed set, it's a fair price for something I'll use daily for years."
survey_toilet-brush-choice__a4MHcJk,persona/datasets/matraix-persona-1m/cohorts/cohort-162f4cf6eb0f/persona_wiki-831dabc20880.yaml,1.0,oxo_hideaway,OXO Hideaway Compact,19.97,4,hygiene,4,,Value-driven,North America,High income,Man,Mid-life,Small town,,Self-employed,"The OXO Hideaway's auto-opening canister keeps the brush completely out of sight, which suits a tidy bathroom, and the ventilated tray prevents the stagnant water pooling that makes most holders unhygienic. OXO's design reputation and the compact footprint justify the mid-range $19.97 price for a single well-made set."
survey_toilet-brush-choice__a8pZP2w,persona/datasets/matraix-persona-1m/cohorts/cohort-162f4cf6eb0f/persona_gss-385ca5af82ff.yaml,1.0,jiga_3pack,JIGA 3-Pack,13.99,5,price,4,35-44,,North America,Lower-middle,Man,,,,Unemployed,"Money is tight since I'm out of work, so the 3-pack at $13.99 gives me a brush for each bathroom plus a spare for the best value here. Stiff nylon bristles and a covered caddy are all I really need — nothing fancy."
survey_toilet-brush-choice__aBEpgru,persona/datasets/matraix-persona-1m/cohorts/cohort-162f4cf6eb0f/persona_gss-7e09866c2da2.yaml,1.0,jiga_3pack,JIGA 3-Pack,13.99,5,price,4,65-74,,North America,Low income,Woman,Retirement,,,Retired,"I am on a fixed retirement income, so the JIGA 3-pack gives me three complete brush sets for only $13.99, which is the best value here. Having extras means I can keep one in each bathroom and still have a spare, and the stiff nylon bristles are what I am used to for scrubbing."
survey_toilet-brush-choice__aBUEi4J,persona/datasets/matraix-persona-1m/cohorts/cohort-162f4cf6eb0f/persona_gss-ed2aa75cbff3.yaml,1.0,oxo_hideaway,OXO Hideaway Compact,19.97,4,hygiene,4,18-24,,North America,Lower-middle,Woman,Student,,,Student,"I want a set that stays clean and tidy in a small student bathroom, and the OXO Hideaway's auto-open canister hides the brush and has a ventilated tray so water doesn't pool. It's a trusted brand and the compact white design fits my space without being fussy."
survey_toilet-brush-choice__aFzHDx8,persona/datasets/matraix-persona-1m/cohorts/cohort-162f4cf6eb0f/persona_gss-fdbf56f6982b.yaml,1.0,oxo_hideaway,OXO Hideaway Compact,19.97,4,hygiene,4,65-74,,North America,Middle,Woman,Retirement,,,Retired,"I want something that looks tidy and hides the brush away, and OXO is a brand I've trusted for years with kitchen and household items. The ventilated tray that keeps water from pooling matters to me at my age, since I don't want a mildewy smell in the bathroom. At under $20 it's a fair price for something well made."
survey_toilet-brush-choice__aGVG28a,persona/datasets/matraix-persona-1m/cohorts/cohort-162f4cf6eb0f/persona_gss-528fb9e0fc71.yaml,1.0,oxo_hideaway,OXO Hideaway Compact,19.97,4,hygiene,4,55-64,,North America,Lower-middle,Man,,,,Full-time,"I want something simple that hides the brush away and doesn't take up much space in a small bathroom. OXO is a brand I recognize and trust, and the ventilated tray helps keep it from getting gross. The price is a bit more than the cheapest ones but still reasonable for the quality."
survey_toilet-brush-choice__aKrvERF,persona/datasets/matraix-persona-1m/cohorts/cohort-162f4cf6eb0f/persona_gss-904491ff2904.yaml,1.0,oxo_hideaway,OXO Hideaway Compact,19.97,4,hygiene,4,35-44,,North America,Upper-middle,Woman,,,,Full-time,"I have two kids and a busy household, so a compact hideaway canister that opens automatically and keeps the brush out of sight is exactly what I want in a guest-visible bathroom. OXO is a brand I trust for practical, well-designed tools, and at $19.97 the price is reasonable for the build quality."
survey_toilet-brush-choice__aM92t4r,persona/datasets/matraix-persona-1m/cohorts/cohort-162f4cf6eb0f/persona_wiki-05c122391f9e.yaml,1.0,oxo_hideaway,OXO Hideaway Compact,19.97,4,hygiene,4,65+,Indifferent,North America,Upper-middle,Woman,Retirement,Dense urban,null,Retired,"I want a hygienic, well-designed set that hides the brush and drains properly, and OXO's build quality and reputation make it the most reliable option on this shelf. The auto-open canister and ventilated tray address the real problem with toilet brushes — sitting in dirty water — and the compact footprint suits a tight bathroom. Price is reasonable for something I'll use daily for years."
survey_toilet-brush-choice__aP3Tv5Q,persona/datasets/matraix-persona-1m/cohorts/cohort-162f4cf6eb0f/persona_gss-1ff865aa4a1e.yaml,1.0,oxo_hideaway,OXO Hideaway Compact,19.97,4,hygiene,4,45-54,,North America,Lower-middle,Woman,,,,Part-time,"I want a brush that stays hidden and looks tidy in a small bathroom, and the auto-open canister with a ventilated tray means less standing water and odor. OXO is a brand I trust for everyday durability, and at $19.97 the price is reasonable for something I'll use daily."
survey_toilet-brush-choice__aXVnHHU,persona/datasets/matraix-persona-1m/cohorts/cohort-162f4cf6eb0f/persona_wiki-189c4f32d4cc.yaml,1.0,oxo_hideaway,OXO Hideaway Compact,19.97,4,hygiene,4,45-54,Value-driven,North America,Upper-middle,Man,Mid-life,Small town,$100k-200k,Full-time,"I want a reputable, well-engineered set that keeps the brush fully hidden and ventilated, which matters in a small bathroom and for hygiene. OXO's auto-open canister and drainage tray solve the pooling-water problem, and at $19.97 the price is fair for the build quality."
survey_toilet-brush-choice__aYmJhYk,persona/datasets/matraix-persona-1m/cohorts/cohort-162f4cf6eb0f/persona_wiki-dc1c6eba9501.yaml,1.0,clorox_under_rim,Clorox Corner Under-Rim,15.5,4,cleaning,4,65+,,North America,Lower-middle,Man,,Small town,null,Retired,"The dedicated under-rim scrubber head and antibacterial bristles speak to real cleaning performance, which I care about more than looks. The corner caddy design keeps it tucked out of the way in a small bathroom, and at $15.50 it is a fair price without paying for style gimmicks."
survey_toilet-brush-choice__ab6Xkmk,persona/datasets/matraix-persona-1m/cohorts/cohort-162f4cf6eb0f/persona_wiki-2079f70ce45d.yaml,1.0,oxo_hideaway,OXO Hideaway Compact,19.97,4,hygiene,4,85+,null,North America,Upper-middle,Woman,Retirement,Small town,,Full-time,"At 85 I want a brush that is simple, tidy, and doesn't show its bristles when stored. The OXO Hideaway's auto-opening canister and ventilated tray keep the bathroom looking neat and avoid standing water, and OXO is a brand I've trusted for years. The $19.97 price is reasonable for a product that will last."
survey_toilet-brush-choice__aco2wVC,persona/datasets/matraix-persona-1m/cohorts/cohort-162f4cf6eb0f/persona_gss-e3f665fb62c2.yaml,1.0,oxo_hideaway,OXO Hideaway Compact,19.97,4,hygiene,4,25-34,,North America,Lower-middle,Man,,,,Full-time,"I want a discreet, well-built set that hides the brush away and dries cleanly, and OXO's reputation for solid everyday tools makes the $19.97 price feel justified. The auto-open canister and ventilated tray fit my small bathroom and my preference for keeping things tidy and hygienic without spending much."
survey_toilet-brush-choice__aekGcLf,persona/datasets/matraix-persona-1m/cohorts/cohort-162f4cf6eb0f/persona_gss-e961e46757b8.yaml,1.0,oxo_hideaway,OXO Hideaway Compact,19.97,4,hygiene,4,45-54,,North America,Middle,Man,,,,Full-time,"I want a compact, tidy set for a small bathroom, and the OXO Hideaway's auto-open canister hides the brush while the ventilated tray keeps it from sitting in water. The brand has a solid reputation for practical, well-built household tools, and at $19.97 it's a reasonable middle price."
survey_toilet-brush-choice__anPgVRe,persona/datasets/matraix-persona-1m/cohorts/cohort-162f4cf6eb0f/persona_gss-043575ca949d.yaml,1.0,oxo_hideaway,OXO Hideaway Compact,19.97,4,hygiene,4,25-34,,North America,Lower-middle,Woman,,,,Full-time,"I want a hygienic, tidy option that hides the brush when not in use, and OXO's auto-open ventilated canister fits my small bathroom well. The brand has a solid reputation and $19.97 is reasonable for something I'll use daily."
survey_toilet-brush-choice__apgpbja,persona/datasets/matraix-persona-1m/cohorts/cohort-162f4cf6eb0f/persona_gss-9ed219d8751b.yaml,1.0,jiga_3pack,JIGA 3-Pack,13.99,5,price,4,85+,,North America,Lower-middle,Man,Retirement,,,Retired,"I'm on a fixed retirement income, so getting three complete brush sets for $13.99 is the best value on this shelf. Stiff nylon bristles are what I've always used and they scrub a bowl properly, and having spares for the other bathrooms and the garage is practical."
survey_toilet-brush-choice__aqkqhwm,persona/datasets/matraix-persona-1m/cohorts/cohort-162f4cf6eb0f/persona_wiki-91fe6b9bbaa3.yaml,1.0,oxo_hideaway,OXO Hideaway Compact,19.97,4,hygiene,4,65+,,North America,High income,Man,Retirement,Small town,,Full-time,"I want a set that keeps the brush fully concealed and the bathroom looking tidy, and OXO's hideaway canister with its ventilated tray addresses hygiene without visual clutter. The brand's reputation for durable, well-designed tools and the compact footprint also suit a small-town bathroom where order and longevity matter to me."
survey_toilet-brush-choice__arGpBcN,persona/datasets/matraix-persona-1m/cohorts/cohort-162f4cf6eb0f/persona_wiki-2a7019699a47.yaml,1.0,oxo_hideaway,OXO Hideaway Compact,19.97,4,hygiene,4,35-44,,North America,Middle,Woman,Early career,Suburban,null,Self-employed,"The OXO Hideaway is the one that actually solves the problem I care about: the canister closes so you never see the used brush, and the ventilated tray keeps water from pooling and getting gross. At $19.97 it's mid-range but reasonable for a brand I trust, and the compact footprint suits the small bathroom I rent. Aesthetics are clean and minimal, which matters to me, and it doesn't rely on gimmicks like tweezers or bulk multi-packs I don't need as a single person."
survey_toilet-brush-choice__auS6Phe,persona/datasets/matraix-persona-1m/cohorts/cohort-162f4cf6eb0f/persona_stackoverflow-c1b02d14f59a.yaml,1.0,oxo_hideaway,OXO Hideaway Compact,19.97,4,hygiene,4,25-34,,North America,,,,,,Full-time,"I want a brush that stays out of sight and doesn't leave a pool of dirty water sitting in the holder, and the OXO's auto-opening canister with a ventilated tray solves both without being bulky. I've had good luck with OXO Good Grips build quality, and $19.97 is reasonable for something I'll use every week for years."
survey_toilet-brush-choice__aw3GskT,persona/datasets/matraix-persona-1m/cohorts/cohort-162f4cf6eb0f/persona_gss-177cf694d7ab.yaml,1.0,jiga_3pack,JIGA 3-Pack,13.99,5,price,4,45-54,,North America,Lower-middle,Woman,,,,Homemaker,"With two kids and a husband in the house, I go through toilet brushes faster than I'd like, so getting three sets for $13.99 is the kind of value that makes sense for our budget. The white caddy design is simple and clean, which fits our bathroom, and stiff nylon bristles are what I trust to actually scrub a bowl properly."
survey_toilet-brush-choice__ayhfaPA,persona/datasets/matraix-persona-1m/cohorts/cohort-162f4cf6eb0f/persona_gss-c9fe5779234c.yaml,1.0,oxo_hideaway,OXO Hideaway Compact,19.97,4,hygiene,4,25-34,,North America,Middle,Woman,,,,Full-time,"I want a brush that stays hidden and looks tidy in a small bathroom, and the OXO auto-open canister with a ventilated tray keeps things cleaner between uses. The brand has a solid reputation and the $19.97 price is reasonable for something I'll use regularly."
survey_toilet-brush-choice__b4FXHGY,persona/datasets/matraix-persona-1m/cohorts/cohort-162f4cf6eb0f/persona_amazon-14fdb5b27f3f.yaml,1.0,oxo_hideaway,OXO Hideaway Compact,19.97,4,hygiene,5,,,North America,,,,,,,"I want a clean, minimal look where the brush isn't visible when stored, and the auto-open canister plus ventilated tray keeps things hygienic. OXO is a brand I trust and the compact footprint fits my bathroom."
survey_toilet-brush-choice__b5cTcE3,persona/datasets/matraix-persona-1m/cohorts/cohort-162f4cf6eb0f/persona_wiki-a7d7d887e26c.yaml,1.0,oxo_hideaway,OXO Hideaway Compact,19.97,4,hygiene,4,65+,,North America,High income,Man,Retirement,Small town,null,Retired,"I want a discreet, well-engineered set from a brand with a reputation for durable, thoughtfully designed household goods, and the hideaway canister keeps the brush out of sight while the ventilated tray prevents standing water. The compact footprint suits a small bathroom, and at $19.97 the price is reasonable for the build quality and hygiene design."
survey_toilet-brush-choice__b6SiQ8D,persona/datasets/matraix-persona-1m/cohorts/cohort-162f4cf6eb0f/persona_wiki-842adc5a5dbb.yaml,1.0,oxo_hideaway,OXO Hideaway Compact,19.97,4,material,4,85+,Value-driven,North America,Middle,Man,Mid-life,Rural,null,Self-employed,"I've spent decades around tools and equipment and I trust OXO's build quality and honest design; the auto-open hideaway canister keeps the brush out of sight and the ventilated tray stops water pooling, which matters in a shared bathroom. At $19.97 it's a fair price for something that will still work in ten years, and the compact footprint suits a modest rural bathroom."
survey_toilet-brush-choice__bG8x62E,persona/datasets/matraix-persona-1m/cohorts/cohort-162f4cf6eb0f/persona_gss-34f40680272a.yaml,1.0,oxo_hideaway,OXO Hideaway Compact,19.97,4,hygiene,4,25-34,,North America,Lower-middle,Woman,,,,Full-time,"I want something compact and tidy that hides the brush away — I don't want a dripping brush sitting out in the open. The OXO auto-open canister with a ventilated tray keeps things dry and hygienic, and at $19.97 it's a reasonable middle price for a brand I trust."
survey_toilet-brush-choice__bL25Ku3,persona/datasets/matraix-persona-1m/cohorts/cohort-162f4cf6eb0f/persona_stackoverflow-f52ae9f87164.yaml,1.0,oxo_hideaway,OXO Hideaway Compact,19.97,4,hygiene,4,45-54,,North America,,,,,,Full-time,"I want a brush that stays hidden and doesn't pool water, and OXO's hideaway canister with a ventilated tray solves both while keeping a small footprint for my bathroom. OXO is a brand I've trusted for kitchen and household tools for years, so the $19.97 price is worth it over cheaper silicone sets with heads I'd have to replace or clean constantly."
survey_toilet-brush-choice__bLEUarU,persona/datasets/matraix-persona-1m/cohorts/cohort-162f4cf6eb0f/persona_gss-64b95e6e7060.yaml,1.0,oxo_hideaway,OXO Hideaway Compact,19.97,4,hygiene,4,25-34,,North America,Middle,Man,,,,Full-time,"I want something that hides the brush and looks clean rather than a visible brush sitting in a caddy. The OXO hideaway canister opens automatically when lifted and has a ventilated tray to prevent water pooling, which matters for hygiene in a small bathroom. At $19.97 it's a reasonable middle price for a brand I trust."
survey_toilet-brush-choice__bNo3YD2,persona/datasets/matraix-persona-1m/cohorts/cohort-162f4cf6eb0f/persona_gss-e3926f144b91.yaml,1.0,oxo_hideaway,OXO Hideaway Compact,19.97,4,hygiene,4,45-54,,North America,Middle,Man,,,,Full-time,"I want something that hides the brush away neatly and keeps the bathroom looking tidy, and OXO is a brand I trust for everyday household items. The auto-open canister and ventilated tray also mean less standing water and mess, which matters with a busy household of kids. At $19.97 it's a reasonable middle price for the quality."
survey_toilet-brush-choice__bRu7sXx,persona/datasets/matraix-persona-1m/cohorts/cohort-162f4cf6eb0f/persona_gss-084271b2b5a6.yaml,1.0,oxo_hideaway,OXO Hideaway Compact,19.97,4,hygiene,4,35-44,,North America,Middle,Man,,,,Full-time,"With three kids and a busy household, I want something that looks tidy and stays hygienic. The OXO Hideaway keeps the brush completely out of sight and its ventilated tray prevents water pooling, which matters for cleanliness. At $19.97 it's a fair price for a trusted brand's smart design."
survey_toilet-brush-choice__bSbpcLo,persona/datasets/matraix-persona-1m/cohorts/cohort-162f4cf6eb0f/persona_wiki-dcf4f261ffd1.yaml,1.0,oxo_hideaway,OXO Hideaway Compact,19.97,4,hygiene,4,35-44,Value-driven,North America,Middle,Non-binary,Mid-life,Small town,null,Full-time,"I want a set that stays visually tidy and doesn't advertise itself as a toilet accessory, and the OXO's hideaway canister does exactly that while keeping the brush ventilated rather than sitting in stagnant water. The auto-open lid and compact footprint suit my small bathroom, and the firm nylon bristles are the kind of conventional, effective cleaning head I trust over silicone nubs. It's a modest splurge over the cheapest options, but the design and hygiene engineering justify it."
survey_toilet-brush-choice__bY2Dvtr,persona/datasets/matraix-persona-1m/cohorts/cohort-162f4cf6eb0f/persona_amazon-a56eb2f4abce.yaml,1.0,oxo_hideaway,OXO Hideaway Compact,19.97,4,hygiene,5,,,North America,,,,,,Self-employed,"I'm analytical about purchases and prefer a clean, minimal look with no visible brush when stored. The OXO's auto-open canister and ventilated tray address the hygiene and water-pooling issues I care about, and the brand's reputation plus compact footprint justify the mid-range price."
survey_toilet-brush-choice__baLWbJt,persona/datasets/matraix-persona-1m/cohorts/cohort-162f4cf6eb0f/persona_wiki-6c984236ad0b.yaml,1.0,oxo_hideaway,OXO Hideaway Compact,19.97,4,hygiene,4,,,North America,,Man,Mid-life,,,Full-time,"I want a clean, uncluttered bathroom and the OXO Hideaway's auto-open canister keeps the brush fully out of sight while the ventilated tray prevents standing water and odor. OXO is a brand I trust for durable, well-designed household tools, and at $19.97 the price is reasonable for a set I'll use daily for years."
survey_toilet-brush-choice__bcoSEdo,persona/datasets/matraix-persona-1m/cohorts/cohort-162f4cf6eb0f/persona_wiki-40c38eb760aa.yaml,1.0,oxo_hideaway,OXO Hideaway Compact,19.97,4,hygiene,4,65+,Value-driven,North America,High income,Woman,Retirement,Dense urban,null,Retired,"I want a discreet, well-engineered set that keeps the brush out of sight and prevents standing water, and OXO's reputation for thoughtful, durable design earns my trust. The auto-open canister and ventilated tray address hygiene and tidiness, which matter more to me than a few dollars of savings."
survey_toilet-brush-choice__bekCxY8,persona/datasets/matraix-persona-1m/cohorts/cohort-162f4cf6eb0f/persona_wiki-d1953df64acb.yaml,1.0,oxo_hideaway,OXO Hideaway Compact,19.97,4,hygiene,5,25-34,,North America,null,Man,Early career,null,null,null,"I want a clean, minimal look in my bathroom and the OXO hideaway canister keeps the brush fully concealed while the ventilated tray prevents water pooling. The auto-open mechanism and compact footprint make it practical for daily use, and the price is reasonable for a brand I trust."
survey_toilet-brush-choice__bj6KPZ9,persona/datasets/matraix-persona-1m/cohorts/cohort-162f4cf6eb0f/persona_wiki-58a391c89b28.yaml,1.0,oxo_hideaway,OXO Hideaway Compact,19.97,4,design,4,65-74,Indifferent,North America,Upper-middle,Man,Mid-life,Small town,null,Full-time,"I have used OXO Good Grips products for years and find their build quality and ergonomics reliable. The hideaway canister keeps the brush out of sight, which suits a tidy bathroom, and the ventilated tray addresses the hygiene concern of standing water. The compact footprint fits my space without looking cluttered."
survey_toilet-brush-choice__bp8yoTi,persona/datasets/matraix-persona-1m/cohorts/cohort-162f4cf6eb0f/persona_gss-38ff2e439653.yaml,1.0,jiga_3pack,JIGA 3-Pack,13.99,5,price,4,35-44,,North America,Lower-middle,Woman,,,,Homemaker,"With three kids and three bathrooms, I need a brush for each one, and getting three sets for $13.99 is the only option that fits my tight budget. The stiff nylon bristles and covered caddy are practical for everyday family cleaning."
survey_toilet-brush-choice__brGczWb,persona/datasets/matraix-persona-1m/cohorts/cohort-162f4cf6eb0f/persona_wiki-b70a82388ce4.yaml,1.0,oxo_hideaway,OXO Hideaway Compact,19.97,4,hygiene,4,,,North America,,Man,Early career,,,Full-time,"I want a clean, uncluttered bathroom and the OXO Hideaway keeps the brush completely out of sight while the auto-open canister and ventilated tray address hygiene. OXO's reputation for durable, well-designed tools makes the $19.97 price feel like a fair trade for something I'll use daily."
survey_toilet-brush-choice__bsGuZvZ,persona/datasets/matraix-persona-1m/cohorts/cohort-162f4cf6eb0f/persona_wiki-9698e01be7da.yaml,1.0,oxo_hideaway,OXO Hideaway Compact,19.97,4,hygiene,4,65+,Value-driven,North America,High income,Man,Mid-life,Rural,$100k-200k,Self-employed,"I value a clean, uncluttered bathroom and a holder that conceals the brush entirely, so the OXO Hideaway's auto-opening canister and ventilated tray suit me well. OXO is a brand I trust for durable, thoughtfully designed household tools, and at $19.97 the price is reasonable for the build quality and compact footprint."
survey_toilet-brush-choice__btcpkpR,persona/datasets/matraix-persona-1m/cohorts/cohort-162f4cf6eb0f/persona_stackoverflow-322488245149.yaml,1.0,oxo_hideaway,OXO Hideaway Compact,19.97,4,hygiene,4,45-54,,North America,,,,,,Full-time,"I want a brush that stays out of sight and dries properly, and the OXO Hideaway's auto-open canister and ventilated tray solve both without clutter. OXO is a brand I trust for well-engineered, durable household tools, and at $19.97 the price is reasonable for that reliability."
survey_toilet-brush-choice__c7Q7efn,persona/datasets/matraix-persona-1m/cohorts/cohort-162f4cf6eb0f/persona_gss-177cd613c216.yaml,1.0,clorox_under_rim,Clorox Corner Under-Rim,15.5,5,cleaning,4,25-34,,North America,Lower-middle,Woman,,,,Full-time,"I have two kids so keeping the bathroom clean is a constant job, and the under-rim scrubber plus antibacterial bristles give me confidence it's actually getting the hard-to-reach spots. The price is reasonable for a brand I trust, and the corner caddy design keeps it tidy and out of the way."
survey_toilet-brush-choice__cBNtpxX,persona/datasets/matraix-persona-1m/cohorts/cohort-162f4cf6eb0f/persona_wiki-e336f58538bf.yaml,1.0,oxo_hideaway,OXO Hideaway Compact,19.97,4,design,4,45-54,Value-driven,North America,Upper-middle,Man,Mid-life,Suburban,$100k-200k,Self-employed,"I want something that looks tidy and doesn't scream 'toilet brush' sitting next to the sink, and the OXO hideaway canister tucks the brush out of sight while still opening automatically when you lift it. OXO is a brand I've trusted for kitchen and cleaning gear for years, and the ventilated tray solves the gross standing-water problem."
survey_toilet-brush-choice__cEjdj9F,persona/datasets/matraix-persona-1m/cohorts/cohort-162f4cf6eb0f/persona_wiki-bc315f12f14f.yaml,1.0,oxo_hideaway,OXO Hideaway Compact,19.97,4,hygiene,4,35-44,,North America,Upper-middle,Woman,Mid-life,Suburban,null,Full-time,"I want a brush that stays completely hidden and looks tidy in a compact bathroom, and the OXO's auto-open canister plus ventilated tray solves the two things I care about most: neat appearance and no standing water. OXO's reputation for durable, well-designed tools makes the $19.97 price easy to justify over cheaper silicone sets that tend to look flimsy."
survey_toilet-brush-choice__cJYW44F,persona/datasets/matraix-persona-1m/cohorts/cohort-162f4cf6eb0f/persona_amazon-697d14cdf441.yaml,1.0,oxo_hideaway,OXO Hideaway Compact,19.97,4,hygiene,4,,,North America,,,,,,,"I want a clean, minimal look that hides the brush when it's not in use, and OXO's hideaway canister does that while keeping the footprint small for my bathroom. The ventilated tray also helps it dry out instead of sitting in gunk, which matters to me."
survey_toilet-brush-choice__cKtm98C,persona/datasets/matraix-persona-1m/cohorts/cohort-162f4cf6eb0f/persona_wiki-fbe686fd6e36.yaml,1.0,oxo_hideaway,OXO Hideaway Compact,19.97,4,hygiene,5,35-44,,North America,,Woman,Mid-life,,,,"I want a clean, compact setup that keeps the brush completely out of sight, and the OXO hideaway canister does exactly that while its ventilated tray stops water pooling. My low vision makes me favor simple, high-contrast, uncluttered designs, and the OXO's minimal white-and-gray look and trusted build quality fit that well at a fair price."
survey_toilet-brush-choice__cLBF6Kt,persona/datasets/matraix-persona-1m/cohorts/cohort-162f4cf6eb0f/persona_wiki-3c1c3ce56b5b.yaml,1.0,oxo_hideaway,OXO Hideaway Compact,19.97,4,hygiene,4,65+,,North America,Middle,Man,Mid-life,Small town,null,Full-time,"At 68 with a back that has been through surgery, I want a brush that stores out of sight and doesn't require bending or fiddling—the OXO's canister opens automatically when you lift the brush, which my hands appreciate. OXO is a brand I trust for durable, well-designed household tools, and the ventilated tray keeps things from getting sour. The compact footprint suits my small-town bathroom, and at $19.97 the price is fair for the build quality."
survey_toilet-brush-choice__cMhyu5x,persona/datasets/matraix-persona-1m/cohorts/cohort-162f4cf6eb0f/persona_stackoverflow-128552c6ae8e.yaml,1.0,oxo_hideaway,OXO Hideaway Compact,19.97,4,hygiene,4,35-44,,North America,High income,,,,,Full-time,"The OXO Hideaway's auto-open canister keeps the brush fully concealed, which fits my strong privacy and hygiene preferences, and the ventilated tray prevents the water pooling that causes odor. OXO is a brand I trust for durable, well-designed household tools, and at $19.97 the price is reasonable for a set I'd use daily for years."
survey_toilet-brush-choice__cPovnDK,persona/datasets/matraix-persona-1m/cohorts/cohort-162f4cf6eb0f/persona_gss-399a72d46cda.yaml,1.0,oxo_hideaway,OXO Hideaway Compact,19.97,4,hygiene,4,35-44,,North America,Middle,Man,,,,Full-time,"OXO is a brand I trust for well-made household tools, and the hideaway canister keeps the brush out of sight so the bathroom stays tidy. The ventilated tray that prevents water pooling addresses hygiene, and at $19.97 it's a reasonable price for that build quality."
survey_toilet-brush-choice__cQme6Fe,persona/datasets/matraix-persona-1m/cohorts/cohort-162f4cf6eb0f/persona_gss-c02a835cdb14.yaml,1.0,boomjoy_tweezer,BOOMJOY Silicone+Tweezers,12.99,5,cleaning,4,25-34,,North America,,Woman,,,,Homemaker,"I have long hair and a child, so a brush with built-in tweezers to pull out tangled hair is genuinely useful for me. The price is affordable, the ventilated base helps it dry quickly, and the white-gray look fits my bathroom without being fussy."
survey_toilet-brush-choice__cUiJ4oV,persona/datasets/matraix-persona-1m/cohorts/cohort-162f4cf6eb0f/persona_wiki-557c8167e828.yaml,1.0,oxo_hideaway,OXO Hideaway Compact,19.97,5,hygiene,4,65+,Value-driven,North America,Upper-middle,Woman,Retirement,Dense urban,$100k-200k,Retired,"The hideaway canister that opens automatically when the brush is lifted is the most thoughtfully engineered option here, and it keeps the brush fully concealed, which matters in a bathroom I actually look at every day. OXO has a long track record of well-designed household tools, and at $19.97 the price is entirely reasonable for something I will use for years."
survey_toilet-brush-choice__cyQMFsA,persona/datasets/matraix-persona-1m/cohorts/cohort-162f4cf6eb0f/persona_gss-99c09da5d0be.yaml,1.0,clorox_under_rim,Clorox Corner Under-Rim,15.5,4,brand,4,85+,,North America,Middle,Man,Retirement,,,Retired,"I've trusted the Clorox name for cleaning products for decades, and at $15.50 it's reasonably priced. The corner caddy saves space and the dedicated under-rim scrubber is a practical touch for getting the job done properly."
survey_toilet-brush-choice__cyuyASg,persona/datasets/matraix-persona-1m/cohorts/cohort-162f4cf6eb0f/persona_wiki-d496b9d342d3.yaml,1.0,oxo_hideaway,OXO Hideaway Compact,19.97,4,hygiene,4,65+,Value-driven,North America,Middle,Woman,Retirement,Small town,$50k-100k,Retired,"The OXO Good Grips Hideaway is the one I'd actually buy: the canister hides the brush entirely, which keeps the bathroom looking tidy, and the ventilated tray prevents water pooling — a hygiene detail I care about. I've trusted OXO's build quality for years, and at $19.97 the price is reasonable for something I'll use daily."
survey_toilet-brush-choice__d4ZBauV,persona/datasets/matraix-persona-1m/cohorts/cohort-162f4cf6eb0f/persona_stackoverflow-3d62706664a0.yaml,1.0,oxo_hideaway,OXO Hideaway Compact,19.97,4,hygiene,3,45-54,,North America,High income,,,,,Full-time,"I want a brush that stays hidden and doesn't look like a toilet brush sitting in my bathroom, and OXO's hideaway canister with a ventilated tray solves the standing-water smell problem that plagues cheap holders. OXO is a brand I actually trust for durable everyday tools, and at $19.97 it's a reasonable one-time cost rather than a 2- or 3-pack of junk I don't need."
survey_toilet-brush-choice__d62QfzB,persona/datasets/matraix-persona-1m/cohorts/cohort-162f4cf6eb0f/persona_wiki-54c06ec6c96e.yaml,1.0,oxo_hideaway,OXO Hideaway Compact,19.97,4,hygiene,4,65+,,North America,High income,Woman,Mid-life,Dense urban,,Full-time,"The OXO Good Grips Hideaway offers the most thoughtful engineering of the shelf: the canister opens automatically on lifting, and the ventilated tray prevents standing water, which is the main hygiene failure mode of conventional holders. At $19.97 it is a reasonable price for a well-designed, compact unit from a brand with a strong reputation for durable, ergonomic household tools."
survey_toilet-brush-choice__d7t3Vo7,persona/datasets/matraix-persona-1m/cohorts/cohort-162f4cf6eb0f/persona_gss-2177536b5c52.yaml,1.0,oxo_hideaway,OXO Hideaway Compact,19.97,4,hygiene,4,55-64,,North America,Middle,Man,,,,Full-time,"I want a set that keeps things tidy and out of sight in a shared family bathroom, and the OXO hideaway canister does that with a brand I already trust for kitchen and bath tools. The ventilated tray that prevents water pooling matters to me for hygiene, and the compact footprint suits my bathroom. At $19.97 it is a fair middle price for something that will last with three kids using it."
survey_toilet-brush-choice__d828oVm,persona/datasets/matraix-persona-1m/cohorts/cohort-162f4cf6eb0f/persona_gss-e4c551bd650e.yaml,1.0,oxo_hideaway,OXO Hideaway Compact,19.97,4,hygiene,4,85+,,North America,Middle,Woman,,,,Homemaker,"I'm 85 and live alone, so I want something tidy, safe, and easy to use without bending or fussing. The OXO hideaway canister keeps the brush out of sight and ventilated so it doesn't sit in dirty water, and the brand has a good reputation for sturdy, comfortable grips. It's a reasonable price for something that will last."
survey_toilet-brush-choice__dAL3DQV,persona/datasets/matraix-persona-1m/cohorts/cohort-162f4cf6eb0f/persona_amazon-7c79caf947d4.yaml,1.0,oxo_hideaway,OXO Hideaway Compact,19.97,4,hygiene,4,65+,Value-driven,North America,,,Retirement,,,,"I value order, hygiene, and a tidy bathroom, so a slim white set that hides the brush away and has a ventilated tray to prevent water pooling appeals to me. OXO is a brand I trust, and at $19.97 the price is reasonable for something that will last and keep things looking neat."
survey_toilet-brush-choice__dAx6x8F,persona/datasets/matraix-persona-1m/cohorts/cohort-162f4cf6eb0f/persona_gss-4d4f092555a1.yaml,1.0,oxo_hideaway,OXO Hideaway Compact,19.97,4,hygiene,4,55-64,,North America,Middle,Man,,,,Full-time,"I want a clean-looking brush that stays hidden when not in use, and OXO is a brand I trust for everyday household items. The auto-open canister and ventilated tray keep things tidy without a lot of fuss, and at under $20 the price is reasonable."
survey_toilet-brush-choice__dBSdNir,persona/datasets/matraix-persona-1m/cohorts/cohort-162f4cf6eb0f/persona_wiki-a2b7061223fd.yaml,1.0,oxo_hideaway,OXO Hideaway Compact,19.97,4,hygiene,4,65+,,North America,Middle,Man,Mid-life,Small town,null,Full-time,"I am a practical man who values a tidy, uncluttered bathroom, and the OXO Hideaway's canister conceals the brush entirely when stored, which suits my preference for neatness. OXO is a brand I trust for durable, well-designed household tools, and at $19.97 the price is reasonable for a compact, ventilated design that won't pool water and breed bacteria."
survey_toilet-brush-choice__dKFfwp3,persona/datasets/matraix-persona-1m/cohorts/cohort-162f4cf6eb0f/persona_gss-b56b54a70707.yaml,1.0,jiga_3pack,JIGA 3-Pack,13.99,5,price,4,35-44,,North America,Lower-middle,Man,,,,Full-time,"With three kids and three bathrooms to keep clean, a 3-pack for $13.99 is the best value on the shelf and gets every bathroom covered at once. The long handles and stiff nylon bristles are what I'm used to, and the white caddy bases match my bathroom."
survey_toilet-brush-choice__dPbvJUE,persona/datasets/matraix-persona-1m/cohorts/cohort-162f4cf6eb0f/persona_gss-cc5d1304ae62.yaml,1.0,oxo_hideaway,OXO Hideaway Compact,19.97,4,hygiene,4,35-44,,North America,Middle,Woman,,,,Homemaker,"I want something that looks tidy and hides the brush away, since my bathroom is small and guests see it. OXO is a brand I trust, the auto-open canister keeps things clean and organized, and $19.97 is reasonable for the quality."
survey_toilet-brush-choice__dPjBdWx,persona/datasets/matraix-persona-1m/cohorts/cohort-162f4cf6eb0f/persona_wiki-a8adc41fab12.yaml,1.0,oxo_hideaway,OXO Hideaway Compact,19.97,4,hygiene,4,65+,,North America,Upper-middle,Man,Mid-life,Small town,null,Self-employed,"As a career veteran with a physical disability and a strong preference for order and reliability, the OXO's hideaway canister that opens automatically when lifted means no stooping, no fumbling, and no visible brush cluttering the bathroom. OXO is a brand I trust for durable, well-engineered household tools, and the compact ventilated tray keeps things hygienic without fuss. At $19.97 it is sensibly priced for the build quality."
survey_toilet-brush-choice__dY2vVuJ,persona/datasets/matraix-persona-1m/cohorts/cohort-162f4cf6eb0f/persona_gss-8e524cc10103.yaml,1.0,oxo_hideaway,OXO Hideaway Compact,19.97,4,hygiene,4,25-34,,North America,,Woman,,,,Homemaker,"I want something that looks tidy and hides the brush away, since I keep it right beside the toilet where my child can see and reach it. The OXO hideaway canister opens automatically, has a ventilated tray so it doesn't sit in dirty water, and the compact footprint fits my small bathroom. It's a trusted brand at a reasonable price."
survey_toilet-brush-choice__dfgkFJR,persona/datasets/matraix-persona-1m/cohorts/cohort-162f4cf6eb0f/persona_gss-f44444784671.yaml,1.0,jiga_3pack,JIGA 3-Pack,13.99,5,price,4,25-34,,North America,Lower-middle,Woman,,,,Full-time,"With three kids and a tight budget, getting three complete brush sets for $13.99 is the practical choice — I can put one in each bathroom and have a spare. White matches my bathroom and stiff nylon bristles get the job done without spending much."
survey_toilet-brush-choice__dgswBFU,persona/datasets/matraix-persona-1m/cohorts/cohort-162f4cf6eb0f/persona_gss-43847704e6dc.yaml,1.0,jiga_3pack,JIGA 3-Pack,13.99,5,price,5,45-54,,North America,Lower-middle,Woman,,,,Part-time,"With two kids and two bathrooms to keep clean, a 3-pack for under $14 is the best value on the shelf. The stiff nylon bristles and non-slip long handles should do a solid job, and having spares means I'm not running out to buy another one soon."
survey_toilet-brush-choice__dhGr5xU,persona/datasets/matraix-persona-1m/cohorts/cohort-162f4cf6eb0f/persona_stackoverflow-1411924b5661.yaml,1.0,oxo_hideaway,OXO Hideaway Compact,19.97,4,hygiene,4,25-34,,North America,,,Early career,,$200k+,Full-time,"I want a clean, minimal look with no visible brush when stored, and the auto-open canister plus ventilated tray addresses hygiene without me thinking about it. OXO is a brand I trust for durable everyday tools, and at $19.97 the price is reasonable for something I'll use daily for years."
survey_toilet-brush-choice__diSNvjz,persona/datasets/matraix-persona-1m/cohorts/cohort-162f4cf6eb0f/persona_stackoverflow-862be0b2c527.yaml,1.0,oxo_hideaway,OXO Hideaway Compact,19.97,4,hygiene,4,18-24,,North America,,,Early career,,,Unemployed,"I want a hygienic, low-clutter setup: the hideaway canister conceals the brush and its ventilated tray prevents water pooling, which is the main hygiene failure mode of toilet brushes. OXO's build quality and $19.97 price are acceptable, and the compact footprint suits a small bathroom better than the 2-packs or oversized bases."
survey_toilet-brush-choice__dvwBCSX,persona/datasets/matraix-persona-1m/cohorts/cohort-162f4cf6eb0f/persona_wiki-5ae16d580221.yaml,1.0,oxo_hideaway,OXO Hideaway Compact,19.97,4,hygiene,4,65+,,North America,Upper-middle,Man,Retirement,Small town,null,Retired,"I want a tidy, covered set that hides the brush and dries without pooling water, and OXO's reputation for durable, well-designed household tools gives me confidence. The compact footprint suits a modest bathroom, and at under $20 the price is reasonable for the quality."
survey_toilet-brush-choice__e2LrrTs,persona/datasets/matraix-persona-1m/cohorts/cohort-162f4cf6eb0f/persona_gss-914b154a5c22.yaml,1.0,ibergrif_silicone,Ibergrif M34152 Silicone,13.9,4,hygiene,4,25-34,,North America,Lower-middle,Woman,,,,Full-time,"It's a reasonable price at $13.90 and the silicone bristles with a quick-dry ventilated holder seem hygienic and easy to keep clean. The replaceable head is a practical touch, and the simple white and black design fits my bathroom without being fussy."
survey_toilet-brush-choice__e736kDk,persona/datasets/matraix-persona-1m/cohorts/cohort-162f4cf6eb0f/persona_gss-79e9d2ab9bad.yaml,1.0,clorox_under_rim,Clorox Corner Under-Rim,15.5,4,cleaning,4,65-74,,North America,Lower-middle,Woman,Retirement,,,Retired,"I'm on a fixed retirement income and this is a sensible price at $15.50. The under-rim scrubber and antibacterial bristles matter to me for keeping things properly clean, and the corner caddy saves space in my small bathroom. Clorox is a name I trust for bathroom cleaning."
survey_toilet-brush-choice__eHddMS4,persona/datasets/matraix-persona-1m/cohorts/cohort-162f4cf6eb0f/persona_stackoverflow-4c5930025bd8.yaml,1.0,oxo_hideaway,OXO Hideaway Compact,19.97,4,hygiene,4,18-24,,North America,,,Early career,,,Full-time,"I want a compact, minimal set that hides the brush entirely when stored, and OXO's hideaway canister with a ventilated tray solves the dripping-water and looks problem cleanly. At $19.97 it's a fair mid-range price for a brand with a solid reputation for durable, well-designed household tools."
survey_toilet-brush-choice__eKGwLJx,persona/datasets/matraix-persona-1m/cohorts/cohort-162f4cf6eb0f/persona_gss-451ff1522596.yaml,1.0,clorox_under_rim,Clorox Corner Under-Rim,15.5,4,cleaning,4,55-64,,North America,Lower-middle,Woman,,,,,"I need something that actually scrubs under the rim, and the Clorox name is one I trust for cleaning. At $15.50 it fits my tight budget, and the corner caddy keeps it tidy in my small bathroom."
survey_toilet-brush-choice__eMUcaeg,persona/datasets/matraix-persona-1m/cohorts/cohort-162f4cf6eb0f/persona_gss-db037a5b8e1f.yaml,1.0,oxo_hideaway,OXO Hideaway Compact,19.97,4,design,4,18-24,,North America,Middle,Man,,,,Part-time,"I want something that looks clean and minimal in my bathroom, and the hideaway canister means I don't have to look at a used brush. OXO is a brand I trust for everyday household stuff, and at under $20 the price is reasonable."
survey_toilet-brush-choice__eR8LzDD,persona/datasets/matraix-persona-1m/cohorts/cohort-162f4cf6eb0f/persona_stackoverflow-f5a81d7a5f5f.yaml,1.0,oxo_hideaway,OXO Hideaway Compact,19.97,4,hygiene,4,35-44,,North America,,,,,,Full-time,"The OXO Hideaway's auto-open canister keeps the brush completely out of sight and its ventilated tray prevents water pooling, which fits my preference for a hygienic, tidy bathroom. At $19.97 it's reasonably priced for a well-reviewed brand with a compact footprint, and I trust OXO's build quality more than the no-name silicone sets."
survey_toilet-brush-choice__eW5S7JH,persona/datasets/matraix-persona-1m/cohorts/cohort-162f4cf6eb0f/persona_stackoverflow-7d45c6952ab3.yaml,1.0,clorox_under_rim,Clorox Corner Under-Rim,15.5,3,price,3,25-34,,North America,,,,,,Full-time,"No persona-specific answer was produced, so a neutral answer was used."
survey_toilet-brush-choice__eYYQ587,persona/datasets/matraix-persona-1m/cohorts/cohort-162f4cf6eb0f/persona_wiki-bf4e803af4cc.yaml,1.0,oxo_hideaway,OXO Hideaway Compact,19.97,4,hygiene,4,65+,Indifferent,North America,null,Man,Retirement,null,null,Retired,"I'm a practical, brand-trust-oriented buyer and OXO's Hideaway design keeps the brush out of sight while the ventilated tray stops water pooling — a real hygiene plus. At $19.97 it's reasonably priced for a durable, well-made set that fits a small bathroom."
survey_toilet-brush-choice__eZYu9Ew,persona/datasets/matraix-persona-1m/cohorts/cohort-162f4cf6eb0f/persona_wiki-9bf71f0b7dc2.yaml,1.0,oxo_hideaway,OXO Hideaway Compact,19.97,4,design,4,,,North America,,Man,Mid-life,,,Full-time,"I want a clean, orderly bathroom with no visible clutter, and the OXO hideaway canister keeps the brush out of sight while the ventilated tray prevents water pooling. OXO is a brand I trust for durable, well-designed household tools, and at $19.97 the price is reasonable for the build quality."
survey_toilet-brush-choice__eg4QBXx,persona/datasets/matraix-persona-1m/cohorts/cohort-162f4cf6eb0f/persona_gss-cbc8fbd53dfe.yaml,1.0,sellemer_silicone,Sellemer Silicone,12.99,5,hygiene,4,35-44,,North America,Lower-middle,Woman,,,,Full-time,"With a tight budget and a small bathroom, the Sellemer set gives me a flexible silicone head that reaches under the rim plus a ventilated quick-dry holder to cut down on mildew and odor. At $12.99 it's affordable, tangle-free, and can be wall-mounted or freestanding, which fits my space without paying for features I don't need."
survey_toilet-brush-choice__en4V2U3,persona/datasets/matraix-persona-1m/cohorts/cohort-162f4cf6eb0f/persona_gss-a168323d0350.yaml,1.0,oxo_hideaway,OXO Hideaway Compact,19.97,4,hygiene,4,55-64,,North America,Middle,Man,,,,,"The OXO Hideaway's auto-opening canister keeps the brush out of sight and its ventilated tray stops water pooling, which matters for hygiene. It's compact enough for a small bathroom and OXO is a brand I trust for well-designed, durable basics."
survey_toilet-brush-choice__eszcZ5r,persona/datasets/matraix-persona-1m/cohorts/cohort-162f4cf6eb0f/persona_gss-0d0312a2b72f.yaml,1.0,clorox_under_rim,Clorox Corner Under-Rim,15.5,4,cleaning,4,55-64,,North America,Middle,Man,,,,Full-time,I trust the Clorox name and the dedicated under-rim scrubber head is exactly the feature I need for keeping the bowl clean. The corner caddy saves space and the price of $15.50 is reasonable for a set with antimicrobial bristles.
survey_toilet-brush-choice__euZPqdT,persona/datasets/matraix-persona-1m/cohorts/cohort-162f4cf6eb0f/persona_wiki-d638a7b2c513.yaml,1.0,oxo_hideaway,OXO Hideaway Compact,19.97,4,hygiene,4,55-64,Value-driven,North America,Upper-middle,Woman,Retirement,Suburban,$100k-200k,Full-time,"I live alone and clean my own bathroom, so I value a set that looks tidy and stores the brush out of sight rather than displaying it. The OXO Hideaway's auto-opening canister and ventilated tray address hygiene and appearance without gimmicks, and the brand has a solid reputation for well-designed household tools. At $19.97 it sits comfortably in the mid-range where quality usually justifies the price."
survey_toilet-brush-choice__eyj9yx6,persona/datasets/matraix-persona-1m/cohorts/cohort-162f4cf6eb0f/persona_wiki-e1b2dca5dea6.yaml,1.0,oxo_hideaway,OXO Hideaway Compact,19.97,4,hygiene,4,65+,Indifferent,North America,High income,Man,Retirement,Small town,$200k+,Full-time,"I keep a tidy, orderly home and dislike the sight of a brush sitting out, so the OXO's hideaway canister that conceals the brush and opens automatically when lifted appeals to me. OXO is a brand I trust for well-built, sensibly engineered household tools, and the ventilated tray that prevents water pooling speaks to proper hygiene and maintenance."
survey_toilet-brush-choice__f7HtwUw,persona/datasets/matraix-persona-1m/cohorts/cohort-162f4cf6eb0f/persona_gss-42cfec28e3aa.yaml,1.0,jiga_3pack,JIGA 3-Pack,13.99,5,price,4,75-84,,North America,Middle,Woman,,,,Homemaker,"I'm a widow on a fixed income, so getting three brushes for $13.99 is the practical choice for me. I keep one in each bathroom and one spare, and the simple white design with a covered caddy suits my home fine."
survey_toilet-brush-choice__f9GRhP5,persona/datasets/matraix-persona-1m/cohorts/cohort-162f4cf6eb0f/persona_gss-acbf1f5e95c3.yaml,1.0,oxo_hideaway,OXO Hideaway Compact,19.97,4,hygiene,4,18-24,,North America,Lower-middle,Woman,,,,Full-time,"I want a brush that stays out of sight and doesn't look messy in a small bathroom, and the auto-open hideaway canister with a ventilated tray keeps things tidy and dry. At $19.97 it's a reasonable mid-range price for a trusted brand with a compact footprint."
survey_toilet-brush-choice__fEuqhbo,persona/datasets/matraix-persona-1m/cohorts/cohort-162f4cf6eb0f/persona_wiki-cd4b41fd59b5.yaml,1.0,oxo_hideaway,OXO Hideaway Compact,19.97,4,hygiene,4,25-34,,North America,Upper-middle,Man,Early career,Suburban,,Full-time,"The OXO Hideaway's auto-open canister keeps the brush fully concealed, which suits a clean, minimal bathroom look, and the ventilated tray addresses hygiene by preventing water pooling. At $19.97, the build quality and brand reliability feel worth the modest premium over the cheaper silicone options."
survey_toilet-brush-choice__fFJdjEj,persona/datasets/matraix-persona-1m/cohorts/cohort-162f4cf6eb0f/persona_stackoverflow-4f27dac33e58.yaml,1.0,oxo_hideaway,OXO Hideaway Compact,19.97,4,hygiene,4,25-34,,North America,,,Early career,,,Full-time,"I want a compact, hygienic set that looks clean and stores the brush out of sight; the OXO's auto-open hideaway canister and ventilated tray directly address water pooling and odor, and OXO is a brand I trust for durable household goods. At $19.97 it's mid-priced but reasonable for a well-designed, small-footprint set."
survey_toilet-brush-choice__fFUS2Yy,persona/datasets/matraix-persona-1m/cohorts/cohort-162f4cf6eb0f/persona_gss-3a73571beb0e.yaml,1.0,oxo_hideaway,OXO Hideaway Compact,19.97,4,hygiene,4,25-34,,North America,Lower-middle,Man,,,,Full-time,"I want something that looks tidy and doesn't show a wet brush sitting in the open, and the OXO hideaway canister does that with a ventilated tray so it isn't a mildew magnet. At $19.97 it's a reasonable middle price, and I trust OXO to hold up better than the cheap silicone sets."
survey_toilet-brush-choice__fPSBrAq,persona/datasets/matraix-persona-1m/cohorts/cohort-162f4cf6eb0f/persona_gss-bb2de7117d3d.yaml,1.0,jiga_3pack,JIGA 3-Pack,13.99,5,price,5,35-44,,North America,Lower-middle,Man,,,,Full-time,"With three kids and multiple bathrooms, getting three brush sets for $13.99 is the obvious value play. Stiff nylon bristles do the job, and I don't need fancy silicone or stainless steel to scrub a toilet."
survey_toilet-brush-choice__fQbKJf9,persona/datasets/matraix-persona-1m/cohorts/cohort-162f4cf6eb0f/persona_wiki-a00fa8432632.yaml,1.0,oxo_hideaway,OXO Hideaway Compact,19.97,4,hygiene,4,65+,Indifferent,North America,Upper-middle,Woman,Mid-life,Dense urban,null,Full-time,"I want a discreet, well-engineered set that keeps the brush out of sight and stays hygienic between cleanings, and the OXO Hideaway's auto-opening ventilated canister does exactly that with a footprint small enough for a dense urban bathroom. I trust OXO's build quality and the $19.97 price is reasonable for something I'll use for years. The stiff nylon bristles also suit my preference for a firm, effective scrub over silicone nubs."
survey_toilet-brush-choice__fThz3du,persona/datasets/matraix-persona-1m/cohorts/cohort-162f4cf6eb0f/persona_wiki-c5609113d82c.yaml,1.0,oxo_hideaway,OXO Hideaway Compact,19.97,4,hygiene,4,65+,,North America,Middle,Man,Retirement,Small town,,Retired,"I want a clean, uncluttered bathroom and this set hides the brush entirely when stored, which suits my preference for order and neatness. OXO has a solid reputation for well-built, functional household tools, and the ventilated tray that prevents water pooling addresses hygiene without any fuss."
survey_toilet-brush-choice__fTnsmKb,persona/datasets/matraix-persona-1m/cohorts/cohort-162f4cf6eb0f/persona_stackoverflow-2fbe05b6de4f.yaml,1.0,oxo_hideaway,OXO Hideaway Compact,19.97,4,hygiene,4,45-54,,North America,,,Mid-life,,,Full-time,"OXO is a brand I've trusted for years for kitchen and household tools, and the hideaway canister design keeps the brush fully concealed and out of sight, which matters to me in a bathroom. The ventilated tray that prevents water pooling addresses the hygiene concern I care about most, and the compact footprint fits a small bathroom without clutter. At $19.97 it's a reasonable price for something I'll use daily for years."
survey_toilet-brush-choice__fUUfzCU,persona/datasets/matraix-persona-1m/cohorts/cohort-162f4cf6eb0f/persona_stackoverflow-eca1eb743ed9.yaml,1.0,oxo_hideaway,OXO Hideaway Compact,19.97,4,hygiene,4,45-54,,North America,,,,,,Full-time,"I want a compact, tidy set that hides the brush when not in use, and OXO's auto-open canister with a ventilated tray keeps things hygienic without looking like a cleaning tool on display. The build quality and brand reputation justify the mid-range price for something I'll use daily."
survey_toilet-brush-choice__fXAmayg,persona/datasets/matraix-persona-1m/cohorts/cohort-162f4cf6eb0f/persona_gss-c0204c8f6b66.yaml,1.0,oxo_hideaway,OXO Hideaway Compact,19.97,4,hygiene,4,45-54,,North America,Lower-middle,Man,,,,Full-time,"I want something tidy and simple that hides the brush away and doesn't take up much room in a small bathroom. OXO is a brand I've had good luck with, and at $19.97 the price is reasonable for the quality."
survey_toilet-brush-choice__fZzpsyU,persona/datasets/matraix-persona-1m/cohorts/cohort-162f4cf6eb0f/persona_wiki-3300f95de1be.yaml,1.0,oxo_hideaway,OXO Hideaway Compact,19.97,4,hygiene,4,,,North America,,Man,Retirement,,,Self-employed,"I've spent decades around equipment that has to work every single day without fuss, and OXO has earned my trust for that. The hideaway canister keeps the brush out of sight and the ventilated tray stops water pooling, which matters in a small bathroom. At $19.97 it's a fair price for something I'll use daily for years."
survey_toilet-brush-choice__fcYtXbW,persona/datasets/matraix-persona-1m/cohorts/cohort-162f4cf6eb0f/persona_wiki-7f777260daaa.yaml,1.0,oxo_hideaway,OXO Hideaway Compact,19.97,4,hygiene,5,25-34,,North America,Middle,Man,Early career,Small town,null,Full-time,"I want a clean, no-nonsense set that keeps the brush out of sight and doesn't pool dirty water in the base. The OXO's auto-opening hideaway canister and ventilated tray give me that hygiene and tidiness, and the brand's reputation for durable, well-designed tools makes the $19.97 price worth it."
survey_toilet-brush-choice__fgDKxu6,persona/datasets/matraix-persona-1m/cohorts/cohort-162f4cf6eb0f/persona_gss-f4f16c70c187.yaml,1.0,jiga_3pack,JIGA 3-Pack,13.99,5,price,4,45-54,,North America,Lower-middle,Woman,Retirement,,,Retired,"I'm retired on a fixed income, so getting three complete brush and holder sets for $13.99 is the best value on the shelf. With three bathrooms in the house and my health making deep cleaning hard, having a fresh brush ready in each one matters more to me than fancy materials or design."
survey_toilet-brush-choice__fkwp3H5,persona/datasets/matraix-persona-1m/cohorts/cohort-162f4cf6eb0f/persona_gss-2f0b62045abe.yaml,1.0,oxo_hideaway,OXO Hideaway Compact,19.97,4,hygiene,4,75-84,,North America,Middle,Man,Retirement,,,Retired,"I've had good luck with OXO products over the years and trust the brand. The hideaway canister keeps the brush out of sight, which my wife prefers, and the ventilated tray means it won't sit in dirty water. It's a fair price for something that will last."
survey_toilet-brush-choice__fngjUoS,persona/datasets/matraix-persona-1m/cohorts/cohort-162f4cf6eb0f/persona_gss-e727582c9558.yaml,1.0,oxo_hideaway,OXO Hideaway Compact,19.97,4,hygiene,4,55-64,,North America,Upper-middle,Woman,,,,Full-time,"I prefer a clean, uncluttered bathroom, and this set hides the brush entirely inside a compact canister that opens automatically when lifted. OXO is a brand I trust for sturdy, well-made household tools, and the ventilated tray keeps things sanitary without a fussy look."
survey_toilet-brush-choice__ftdD4Lq,persona/datasets/matraix-persona-1m/cohorts/cohort-162f4cf6eb0f/persona_gss-40009315ade9.yaml,1.0,oxo_hideaway,OXO Hideaway Compact,19.97,4,design,4,45-54,,North America,Middle,Woman,,,,Full-time,"I want a clean, minimal look and the hideaway canister means I never have to see the brush, which matters in a small guest-visible bathroom. OXO is a brand I trust for quality, and at $19.97 the price is reasonable for something that will last."
survey_toilet-brush-choice__fvTVX9k,persona/datasets/matraix-persona-1m/cohorts/cohort-162f4cf6eb0f/persona_wiki-9db4558a1719.yaml,1.0,oxo_hideaway,OXO Hideaway Compact,19.97,4,hygiene,4,85+,Indifferent,North America,Lower-middle,Man,Retirement,Suburban,null,Full-time,"I've owned OXO Good Grips tools for decades and they hold up to hard use, so the brand earns my trust. The hideaway canister that opens automatically when lifted and the ventilated tray that prevents water pooling are exactly the hygiene features I want in a shared household bathroom, and the compact footprint suits my space. At $19.97 it's a fair price for something I'll use daily for years."
survey_toilet-brush-choice__fvzbgzj,persona/datasets/matraix-persona-1m/cohorts/cohort-162f4cf6eb0f/persona_gss-e7beebe5c56d.yaml,1.0,jiga_3pack,JIGA 3-Pack,13.99,5,price,4,25-34,,North America,,Woman,,,,Homemaker,"With three kids and multiple bathrooms to keep clean, a 3-pack for $13.99 is the best value here — I get a brush for every bathroom without spending much. The stiff nylon bristles and covered caddy bases are exactly what I need for everyday scrubbing."
survey_toilet-brush-choice__fzbh8VH,persona/datasets/matraix-persona-1m/cohorts/cohort-162f4cf6eb0f/persona_gss-adf1fd226c14.yaml,1.0,jiga_3pack,JIGA 3-Pack,13.99,5,price,4,65-74,,North America,Low income,Woman,Retirement,,,Retired,"On a fixed retirement income, getting three complete brush sets for $13.99 is the best value on the shelf. With three bathrooms and a large family visiting, I can keep one in each bathroom and still have a spare. The stiff nylon bristles and non-slip handles are practical basics that get the job done."
survey_toilet-brush-choice__g2A6zma,persona/datasets/matraix-persona-1m/cohorts/cohort-162f4cf6eb0f/persona_gss-e01feb8a124c.yaml,1.0,oxo_hideaway,OXO Hideaway Compact,19.97,4,hygiene,4,45-54,,North America,Lower-middle,Woman,,,,Full-time,"I have a small bathroom, so the compact hideaway canister that keeps the brush out of sight and has a ventilated tray for drying is what I want. OXO is a brand I recognize and trust, and at $19.97 the price is reasonable for something that will last."
survey_toilet-brush-choice__g2YW49C,persona/datasets/matraix-persona-1m/cohorts/cohort-162f4cf6eb0f/persona_wiki-02b972858e04.yaml,1.0,oxo_hideaway,OXO Hideaway Compact,19.97,4,hygiene,4,65+,,North America,,Woman,Retirement,,,Retired,"I want a clean, uncluttered bathroom and this one hides the brush entirely when stored, which suits my standards. OXO is a brand I trust for solid ergonomics and durable build, and the ventilated tray that prevents water pooling is exactly the kind of practical design I look for."
survey_toilet-brush-choice__g5oTD4y,persona/datasets/matraix-persona-1m/cohorts/cohort-162f4cf6eb0f/persona_gss-4ba0b5cd0068.yaml,1.0,oxo_hideaway,OXO Hideaway Compact,19.97,4,hygiene,4,45-54,,North America,Upper-middle,Man,,,,Full-time,"I want a clean, minimal look in the guest bathroom, and the OXO hideaway canister keeps the brush out of sight, which my wife prefers. The ventilated tray and compact footprint are practical, and OXO's build quality justifies the mid-range price."
survey_toilet-brush-choice__g6p85E7,persona/datasets/matraix-persona-1m/cohorts/cohort-162f4cf6eb0f/persona_gss-3476f02ee3f8.yaml,1.0,oxo_hideaway,OXO Hideaway Compact,19.97,4,hygiene,4,55-64,,North America,Lower-middle,Man,Retirement,,,Retired,"I want a brand I can trust and a holder that hides the brush so the bathroom stays tidy. The OXO Hideaway's auto-open canister and ventilated tray keep things clean and dry, and at $19.97 the price is reasonable for the quality."
survey_toilet-brush-choice__g7hgbst,persona/datasets/matraix-persona-1m/cohorts/cohort-162f4cf6eb0f/persona_amazon-0e64cf1007da.yaml,1.0,oxo_hideaway,OXO Hideaway Compact,19.97,4,hygiene,4,55-64,,North America,,,,Suburban,,Retired,"I've had good luck with OXO kitchen gadgets over the years, so the brand trust is there for me. I like that the canister hides the brush completely and opens automatically when you lift it — no bending over or fumbling, and it won't pool water. The compact footprint suits my guest bathroom, and $19.97 is a reasonable middle-of-the-road price."
survey_toilet-brush-choice__g8zEvc6,persona/datasets/matraix-persona-1m/cohorts/cohort-162f4cf6eb0f/persona_amazon-d813ab5afcd7.yaml,1.0,oxo_hideaway,OXO Hideaway Compact,19.97,4,hygiene,4,,,North America,,,,,,,"I want a clean, minimal look and the OXO hideaway canister keeps the brush out of sight while the ventilated tray stops water pooling, which matters for hygiene. OXO is a brand I trust for well-designed everyday tools, and at $19.97 the price is reasonable for the build quality."
survey_toilet-brush-choice__gHEr9vv,persona/datasets/matraix-persona-1m/cohorts/cohort-162f4cf6eb0f/persona_wiki-ee0a11b5cc3a.yaml,1.0,oxo_hideaway,OXO Hideaway Compact,19.97,4,hygiene,4,75-84,Value-driven,North America,Upper-middle,Woman,Mid-life,Small town,null,Full-time,"I want a clean, uncluttered look in a small bathroom, and the OXO Hideaway hides the brush entirely while its ventilated tray keeps things from getting soggy. OXO is a brand I trust for well-designed, durable household tools, and at $19.97 the price is reasonable for the quality."
survey_toilet-brush-choice__gKw28u5,persona/datasets/matraix-persona-1m/cohorts/cohort-162f4cf6eb0f/persona_wiki-02e0e5d2af0a.yaml,1.0,oxo_hideaway,OXO Hideaway Compact,19.97,4,hygiene,5,65+,Value-driven,North America,Upper-middle,Man,Mid-life,Small town,$100k-200k,Full-time,"I want a brush that stays out of sight and doesn't leave a puddle of standing water in the holder, and the OXO's auto-open canister with a ventilated tray solves both problems cleanly. OXO is a brand I trust for well-engineered household tools, and the compact footprint suits a small bathroom. At $19.97 the price is fair for the build quality and hygiene design."
survey_toilet-brush-choice__gN2upAS,persona/datasets/matraix-persona-1m/cohorts/cohort-162f4cf6eb0f/persona_amazon-ecf800e63fc7.yaml,1.0,oxo_hideaway,OXO Hideaway Compact,19.97,4,hygiene,4,,,North America,,,Parent of young kids,Suburban,,,"With two young kids, I want something compact and tidy that hides the brush so it doesn't look gross in the bathroom. The OXO auto-open canister and ventilated tray keep things dry and contained, and the brand is reliable at a fair price."
survey_toilet-brush-choice__ggPxwGj,persona/datasets/matraix-persona-1m/cohorts/cohort-162f4cf6eb0f/persona_wiki-b12379088a2c.yaml,1.0,oxo_hideaway,OXO Hideaway Compact,19.97,4,hygiene,4,,,North America,,Woman,Mid-life,,,Full-time,"In a small bathroom I value a compact, tidy footprint and the hideaway canister that keeps the brush out of sight, which fits my preference for a clean, uncluttered look. OXO is a brand I trust for durable, well-designed household tools, and at $19.97 the price is reasonable for the quality and the ventilated tray that prevents water pooling."
survey_toilet-brush-choice__gjzQmyY,persona/datasets/matraix-persona-1m/cohorts/cohort-162f4cf6eb0f/persona_gss-290cfa024e50.yaml,1.0,oxo_hideaway,OXO Hideaway Compact,19.97,4,hygiene,4,35-44,,North America,Middle,Woman,,,,Full-time,"I want something that looks tidy and doesn't leave a wet brush sitting out, and OXO is a brand I trust for household basics. The hideaway canister that opens when you lift the brush and the ventilated tray keep things clean and out of sight, which matters in a small bathroom with two kids."
survey_toilet-brush-choice__gmZHWqQ,persona/datasets/matraix-persona-1m/cohorts/cohort-162f4cf6eb0f/persona_gss-7ef3ec69184d.yaml,1.0,clorox_under_rim,Clorox Corner Under-Rim,15.5,4,price,4,85+,,North America,Lower-middle,Woman,,,,,"I am a widow on a fixed income, so I need something affordable and sturdy that will last. The Clorox set costs only $15.50, has a well-known brand I trust, and the under-rim scrubber helps me keep my bathroom truly clean without bending and straining. The corner caddy also saves space in my small bathroom."
survey_toilet-brush-choice__go8Xse4,persona/datasets/matraix-persona-1m/cohorts/cohort-162f4cf6eb0f/persona_gss-30d831b69249.yaml,1.0,oxo_hideaway,OXO Hideaway Compact,19.97,4,hygiene,4,55-64,,North America,Middle,Woman,,,,Full-time,"I want a clean, minimal look in my bathroom and I trust OXO's build quality. The hideaway canister keeps the brush out of sight and the ventilated tray helps it dry, which matters for hygiene with a busy household."
survey_toilet-brush-choice__gxJfh4L,persona/datasets/matraix-persona-1m/cohorts/cohort-162f4cf6eb0f/persona_gss-8f73f833e253.yaml,1.0,oxo_hideaway,OXO Hideaway Compact,19.97,4,hygiene,4,45-54,,North America,Middle,Man,,,,Full-time,"I want something that looks tidy and hides the brush away, and OXO is a brand I trust for solid everyday quality. The auto-open canister and ventilated tray mean less mess and odor, and the compact footprint suits my bathroom."
survey_toilet-brush-choice__gzy4TsK,persona/datasets/matraix-persona-1m/cohorts/cohort-162f4cf6eb0f/persona_gss-39825dbad8eb.yaml,1.0,jiga_3pack,JIGA 3-Pack,13.99,5,price,4,,,North America,Lower-middle,Man,,,,Full-time,"I'm on a tight budget, so getting three complete brush and caddy sets for $13.99 is far better value than paying similar money for a single set. I can keep one in my bathroom and have spares for the second bathroom and cleaning closet. Stiff nylon bristles do the scrubbing job fine, and I don't need silicone or fancy features."
survey_toilet-brush-choice__h7SV4xW,persona/datasets/matraix-persona-1m/cohorts/cohort-162f4cf6eb0f/persona_wiki-33d4ca751608.yaml,1.0,oxo_hideaway,OXO Hideaway Compact,19.97,4,hygiene,4,,,North America,,Man,Mid-life,,,Self-employed,"The OXO Hideaway's auto-open canister and ventilated tray keep the brush completely concealed and dry between uses, which matters most to me in a bathroom. OXO's design reputation and compact footprint justify the mid-range price for a set I'll use daily."
survey_toilet-brush-choice__hAB4hQV,persona/datasets/matraix-persona-1m/cohorts/cohort-162f4cf6eb0f/persona_gss-2c6e50adefb6.yaml,1.0,jiga_3pack,JIGA 3-Pack,13.99,5,price,4,45-54,,North America,Lower-middle,Man,,,,Full-time,"Money is tight, so getting three complete brush-and-holder sets for $13.99 is the best value on the shelf. I can keep one in my bathroom and have spares for the second bathroom or to replace one when the bristles wear out."
survey_toilet-brush-choice__hF2fR7t,persona/datasets/matraix-persona-1m/cohorts/cohort-162f4cf6eb0f/persona_gss-125057a7b64a.yaml,1.0,jiga_3pack,JIGA 3-Pack,13.99,5,price,4,55-64,,North America,Lower-middle,Man,Retirement,,,Retired,"I'm widowed with a big family and three bathrooms, so a three-pack for $13.99 is the best value by far. Stiff nylon bristles and non-slip handles are simple and reliable, which is all I need."
survey_toilet-brush-choice__hK88dw6,persona/datasets/matraix-persona-1m/cohorts/cohort-162f4cf6eb0f/persona_gss-a05355870d0c.yaml,1.0,oxo_hideaway,OXO Hideaway Compact,19.97,4,hygiene,4,35-44,,North America,Middle,Woman,,,,Part-time,"I'm divorced and manage my own household budget, so I want something that's hygienic and looks neat without being flashy. The OXO Hideaway's auto-open canister keeps the brush out of sight and the ventilated tray prevents water pooling, which matters to me for cleanliness. At $19.97 it's a fair middle price for a brand I trust."
survey_toilet-brush-choice__hKXRkym,persona/datasets/matraix-persona-1m/cohorts/cohort-162f4cf6eb0f/persona_stackoverflow-1f991dbe918d.yaml,1.0,oxo_hideaway,OXO Hideaway Compact,19.97,4,hygiene,4,55-64,,North America,,,Mid-life,,,,"I want a set that stays hygienic and looks tidy, and the OXO Hideaway's auto-opening canister keeps the brush fully out of sight while its ventilated tray prevents standing water and mildew. OXO's reputation for well-engineered, durable household tools gives me confidence it will hold up, and at $19.97 the price is reasonable for that build quality."
survey_toilet-brush-choice__hRi4dWs,persona/datasets/matraix-persona-1m/cohorts/cohort-162f4cf6eb0f/persona_stackoverflow-aafd1424cc53.yaml,1.0,oxo_hideaway,OXO Hideaway Compact,19.97,4,hygiene,4,25-34,,North America,,,Student,,,,"I want a compact, clean-looking set that hides the brush when not in use, and the OXO Hideaway's auto-open canister and ventilated tray solve the two things I care about most: looks and hygiene. At $19.97 it's reasonably priced for a trusted brand, and the small footprint fits a tight bathroom."
survey_toilet-brush-choice__hSTPGTN,persona/datasets/matraix-persona-1m/cohorts/cohort-162f4cf6eb0f/persona_wiki-5d0fa08a13d9.yaml,1.0,oxo_hideaway,OXO Hideaway Compact,19.97,4,hygiene,4,55-64,Value-driven,North America,Upper-middle,Man,Mid-life,Suburban,,Self-employed,"I live alone in a suburban home and value order, hygiene, and clean design in my space. The OXO Hideaway's auto-opening canister keeps the brush fully concealed, and its ventilated tray prevents the water pooling and odor that plague open caddies. At $19.97 it is a reasonable price for a well-known brand's compact, tidy solution."
survey_toilet-brush-choice__hWMGvRv,persona/datasets/matraix-persona-1m/cohorts/cohort-162f4cf6eb0f/persona_stackoverflow-b09cf16fe82a.yaml,1.0,oxo_hideaway,OXO Hideaway Compact,19.97,4,hygiene,4,65+,,North America,,,Retirement,,,Full-time,"I have used OXO Good Grips products for years and their build quality has never disappointed me. The hideaway canister that opens automatically when the brush is lifted keeps the bathroom looking tidy, and the ventilated tray addresses the water-pooling problem I have had with every previous holder. At $19.97 it is a reasonable middle price for a brand I trust and a design that solves real problems."
survey_toilet-brush-choice__hemu3mo,persona/datasets/matraix-persona-1m/cohorts/cohort-162f4cf6eb0f/persona_gss-3043d431b7f5.yaml,1.0,clorox_under_rim,Clorox Corner Under-Rim,15.5,4,cleaning,4,25-34,,North America,Lower-middle,Man,,,,Full-time,"I want a brush that actually gets the job done, and the dedicated under-rim scrubber plus antibacterial bristles is practical for real cleaning. Clorox is a brand I trust for bathroom products, and at $15.50 the price is fair without being cheap junk."
survey_toilet-brush-choice__hjVAi5x,persona/datasets/matraix-persona-1m/cohorts/cohort-162f4cf6eb0f/persona_gss-147be543c4d4.yaml,1.0,oxo_hideaway,OXO Hideaway Compact,19.97,4,hygiene,4,25-34,,North America,Lower-middle,Woman,,,,Homemaker,"I want something that looks neat and hides the brush, since I keep it right next to the toilet in a small bathroom. The OXO hideaway canister opens when you lift it and has a ventilated tray so water doesn't pool, and the price is reasonable for a brand I trust."
survey_toilet-brush-choice__hn37A5A,persona/datasets/matraix-persona-1m/cohorts/cohort-162f4cf6eb0f/persona_gss-4578977c077b.yaml,1.0,oxo_hideaway,OXO Hideaway Compact,19.97,4,hygiene,4,35-44,,North America,Middle,Woman,,,,Full-time,"I want a clean, minimal look in my bathroom, and the OXO Hideaway's canister completely conceals the brush when stored, which keeps things tidy and hygienic. OXO is a brand I trust for well-designed household tools, and the ventilated tray that prevents water pooling matters to me for hygiene. At $19.97 it's a reasonable mid-range price for the quality and thoughtful design."
survey_toilet-brush-choice__hoZUsen,persona/datasets/matraix-persona-1m/cohorts/cohort-162f4cf6eb0f/persona_wiki-95c269158c73.yaml,1.0,oxo_hideaway,OXO Hideaway Compact,19.97,4,hygiene,4,65+,Indifferent,North America,Lower-middle,Woman,Retirement,Small town,null,Retired,"I keep a tidy, small bathroom and I dislike the sight of a wet brush sitting out, so the OXO's hideaway canister that opens as you lift and ventilated tray for drying suits how I actually live. The brand has earned my trust over decades, and at $19.97 for a well-built, compact set the price is fair without being extravagant."
survey_toilet-brush-choice__hpKuAkj,persona/datasets/matraix-persona-1m/cohorts/cohort-162f4cf6eb0f/persona_wiki-5f92e892f2d1.yaml,1.0,oxo_hideaway,OXO Hideaway Compact,19.97,4,design,4,35-44,Value-driven,North America,Middle,Man,Mid-life,Suburban,null,Self-employed,"I want a clean, uncluttered bathroom, and the OXO Hideaway's canister conceals the brush entirely while its auto-open lid and ventilated tray keep things hygienic and dry. OXO is a brand I trust for well-designed, durable everyday tools, and at $19.97 the price is reasonable for the build quality and small footprint."
survey_toilet-brush-choice__hqSSW3C,persona/datasets/matraix-persona-1m/cohorts/cohort-162f4cf6eb0f/persona_gss-535ad02c9860.yaml,1.0,clorox_under_rim,Clorox Corner Under-Rim,15.5,5,cleaning,4,25-34,,North America,Lower-middle,Woman,,,,Full-time,"I want a brush that actually cleans well and stays hygienic, and the dedicated under-rim scrubber plus antimicrobial bristles sold me. At $15.50 it's affordable for our budget, and the corner caddy saves space in our small bathroom."
survey_toilet-brush-choice__hwcc4U6,persona/datasets/matraix-persona-1m/cohorts/cohort-162f4cf6eb0f/persona_gss-294299d48ff8.yaml,1.0,clorox_under_rim,Clorox Corner Under-Rim,15.5,4,cleaning,4,45-54,,North America,Upper-middle,Woman,,,,Homemaker,"I have three kids and a busy household, so I need a brush that actually gets under the rim without extra scrubbing. Clorox is a brand I trust for cleaning and disinfecting, the antibacterial bristles and corner caddy are practical for our bathroom, and the price is reasonable."
survey_toilet-brush-choice__hz7Ya8z,persona/datasets/matraix-persona-1m/cohorts/cohort-162f4cf6eb0f/persona_wiki-cd1892771b8d.yaml,1.0,oxo_hideaway,OXO Hideaway Compact,19.97,4,hygiene,3,65+,Value-driven,North America,High income,Woman,Retirement,Dense urban,$100k-200k,Full-time,"The hideaway canister is the deciding factor for me: I want the brush fully concealed when stored, and the auto-open mechanism with a ventilated tray addresses the water-pooling and odor problem that plagues most holders. OXO's design and build quality justify the $19.97, and the compact footprint suits a small urban bathroom."
survey_toilet-brush-choice__i7MCqNu,persona/datasets/matraix-persona-1m/cohorts/cohort-162f4cf6eb0f/persona_wiki-ffcb550322dc.yaml,1.0,oxo_hideaway,OXO Hideaway Compact,19.97,4,hygiene,4,,,North America,,Woman,,,,Self-employed,"I want a clean, minimal look in my bathroom, and the OXO Hideaway canister hides the brush entirely when stored, which keeps things tidy. The auto-open mechanism and ventilated tray also mean it dries properly and doesn't pool water, and at $19.97 it's a fair price for a well-designed, trusted brand."
survey_toilet-brush-choice__iAUiMWg,persona/datasets/matraix-persona-1m/cohorts/cohort-162f4cf6eb0f/persona_gss-8189e689d5e3.yaml,1.0,jiga_3pack,JIGA 3-Pack,13.99,5,price,4,55-64,,North America,Lower-middle,Woman,,,,Homemaker,"With three kids and three bathrooms to keep clean, a three-pack at $13.99 is the sensible buy — I get a brush for each bathroom without spending much. Stiff nylon bristles and covered caddies are exactly what I want in a basic, practical set."
survey_toilet-brush-choice__iAf3t74,persona/datasets/matraix-persona-1m/cohorts/cohort-162f4cf6eb0f/persona_wiki-0152178a9484.yaml,1.0,oxo_hideaway,OXO Hideaway Compact,19.97,4,hygiene,4,65+,,North America,High income,Woman,Retirement,Dense urban,null,Full-time,"I prefer a covered, hideaway design that conceals the brush and keeps the bathroom looking tidy, and OXO's ventilated tray addresses the water-pooling and hygiene problem common to open holders. The brand's reputation for durable, well-designed household tools and the compact footprint suit my bathroom, and $19.97 is a reasonable price for a product I will use daily for years."
survey_toilet-brush-choice__iGJksUG,persona/datasets/matraix-persona-1m/cohorts/cohort-162f4cf6eb0f/persona_wiki-ffa685c93c88.yaml,1.0,oxo_hideaway,OXO Hideaway Compact,19.97,4,design,4,65+,Value-driven,North America,High income,Woman,Retirement,Small town,null,Self-employed,"I favor the OXO Good Grips Hideaway Compact because it is a well-designed, tidy object: the canister conceals the brush entirely when stored, which suits my orderly sensibility, and the ventilated tray prevents standing water and odor. OXO is a brand I trust for durable, thoughtfully engineered housewares, and at $19.97 the price is reasonable for a single well-made set."
survey_toilet-brush-choice__iJMYbLL,persona/datasets/matraix-persona-1m/cohorts/cohort-162f4cf6eb0f/persona_wiki-838b4a4795fc.yaml,1.0,oxo_hideaway,OXO Hideaway Compact,19.97,4,hygiene,4,,Indifferent,North America,Middle,Man,Early career,Small town,,Self-employed,"I want a compact, hygienic set that keeps the brush hidden and doesn't leave a wet mess in the base, and OXO's auto-open ventilated canister does exactly that. The firm nylon bristles give the scrubbing power I want, and at $19.97 it's a fair price for a brand I trust."
survey_toilet-brush-choice__iQUqhaL,persona/datasets/matraix-persona-1m/cohorts/cohort-162f4cf6eb0f/persona_gss-de77af43b96b.yaml,1.0,oxo_hideaway,OXO Hideaway Compact,19.97,4,hygiene,4,55-64,,North America,,Man,,,,Full-time,"I prefer a well-known, trusted brand and a clean, minimal look that hides the brush when not in use. The OXO Hideaway's auto-opening canister and ventilated tray keep things tidy and hygienic, and the compact footprint suits a normal bathroom without clutter. At $19.97 the price is reasonable for the build quality."
survey_toilet-brush-choice__iREL79G,persona/datasets/matraix-persona-1m/cohorts/cohort-162f4cf6eb0f/persona_wiki-a6ee357f6aa1.yaml,1.0,oxo_hideaway,OXO Hideaway Compact,19.97,4,hygiene,4,,Value-driven,North America,Middle,Man,Mid-life,Rural,,Self-employed,"I value a clean, uncluttered bathroom, and the OXO Hideaway's canister fully conceals the brush when stored, which suits my preference for order and good design. The auto-open mechanism and ventilated tray address hygiene without the visual clutter of exposed bristles, and at $19.97 the price is reasonable for a trusted, well-built brand."
survey_toilet-brush-choice__iZLEwp4,persona/datasets/matraix-persona-1m/cohorts/cohort-162f4cf6eb0f/persona_wiki-97342e0b0a52.yaml,1.0,oxo_hideaway,OXO Hideaway Compact,19.97,4,hygiene,4,65+,Value-driven,North America,Middle,Man,Retirement,Rural,,Retired,"I'm past the point of fussing over gadgets, and OXO's reputation for well-engineered, durable household goods is one I trust. The hideaway canister keeps the brush out of sight, which suits a tidy bathroom, and the ventilated tray addresses the one thing that actually matters to me — no standing water and no odor."
survey_toilet-brush-choice__ig8S8a3,persona/datasets/matraix-persona-1m/cohorts/cohort-162f4cf6eb0f/persona_gss-428bd8b50614.yaml,1.0,oxo_hideaway,OXO Hideaway Compact,19.97,4,hygiene,4,35-44,,North America,Lower-middle,Man,,,,Full-time,"The OXO Hideaway is a mid-priced set from a brand I trust, and the canister hides the brush so the bathroom stays looking tidy. The ventilated tray and compact footprint suit my small bathroom, and the auto-open lid makes it easy to use without touching a dirty brush."
survey_toilet-brush-choice__igoQm9b,persona/datasets/matraix-persona-1m/cohorts/cohort-162f4cf6eb0f/persona_wiki-5cabd9edbbf7.yaml,1.0,oxo_hideaway,OXO Hideaway Compact,19.97,4,hygiene,5,65+,,North America,null,Man,Retirement,null,null,Retired,"I'm 65 and retired, and I've learned to pay for gear that just works and lasts. The OXO Hideaway keeps the brush out of sight, opens automatically on lift, and the ventilated tray stops water pooling — that's smart, hygienic engineering from a brand I trust. At $19.97 it's a fair middle price for something I'll use every week for years."
survey_toilet-brush-choice__ihd5Qs9,persona/datasets/matraix-persona-1m/cohorts/cohort-162f4cf6eb0f/persona_wiki-dacbb827ea07.yaml,1.0,oxo_hideaway,OXO Hideaway Compact,19.97,4,hygiene,4,65+,Value-driven,North America,High income,Woman,Mid-life,Dense urban,null,Full-time,"I want a brush that disappears when stored — the auto-open hideaway canister keeps a wet, bristled brush out of sight and the ventilated tray stops water pooling, which matters in a small urban bathroom. OXO's design and build quality have been reliable in my kitchen for decades, and at $19.97 it's a reasonable price for something I'll use daily."
survey_toilet-brush-choice__iiNXTqW,persona/datasets/matraix-persona-1m/cohorts/cohort-162f4cf6eb0f/persona_gss-feb602fe1466.yaml,1.0,clorox_under_rim,Clorox Corner Under-Rim,15.5,4,cleaning,4,55-64,,North America,Lower-middle,Man,,,,Full-time,"I want a brush that actually cleans under the rim, and the Clorox set has a dedicated under-rim scrubber for that. At $15.50 it is a fair price, and I trust the Clorox name for bathroom cleaning."
survey_toilet-brush-choice__ijEAkas,persona/datasets/matraix-persona-1m/cohorts/cohort-162f4cf6eb0f/persona_amazon-a012f3f3a357.yaml,1.0,oxo_hideaway,OXO Hideaway Compact,19.97,4,hygiene,4,,Value-driven,North America,,,,,,,"The OXO Hideaway's auto-open canister keeps the brush completely out of sight and the ventilated tray stops water pooling, which matters most to me for bathroom hygiene and looks. At $19.97 it's mid-priced, and OXO is a brand I trust for practical, well-designed household tools."
survey_toilet-brush-choice__imQTGTL,persona/datasets/matraix-persona-1m/cohorts/cohort-162f4cf6eb0f/persona_gss-d5c9a49b8516.yaml,1.0,jiga_3pack,JIGA 3-Pack,13.99,5,price,4,55-64,,North America,Lower-middle,Man,,,,Full-time,"I have a busy household with three or more kids and multiple bathrooms, so getting three brushes for $13.99 is the practical, budget-friendly pick. The stiff nylon bristles and covered caddy bases cover what I need without spending much."
survey_toilet-brush-choice__iqyu2QG,persona/datasets/matraix-persona-1m/cohorts/cohort-162f4cf6eb0f/persona_wiki-0208e575535a.yaml,1.0,oxo_hideaway,OXO Hideaway Compact,19.97,4,hygiene,4,65+,Value-driven,North America,Upper-middle,Woman,Retirement,Small town,null,Retired,"At this stage of life I want one thing done well and nothing fussy to look at. The OXO's hideaway canister keeps the brush out of sight and its ventilated tray prevents the standing water that breeds odor, which matters more to me than saving a few dollars. OXO is a brand I have trusted for years, and the compact footprint suits a small bathroom."
survey_toilet-brush-choice__irwL4fN,persona/datasets/matraix-persona-1m/cohorts/cohort-162f4cf6eb0f/persona_stackoverflow-d506a78dc10f.yaml,1.0,oxo_hideaway,OXO Hideaway Compact,19.97,4,hygiene,4,35-44,,North America,,,,,,Full-time,"The OXO Hideaway's auto-open canister keeps the brush fully concealed and its ventilated tray prevents water pooling, which matters most to me for bathroom hygiene and looks. At under $20 it's reasonably priced, and OXO's design reputation gives me confidence it'll hold up. It also has a compact footprint that fits a small bathroom without looking cluttered."
survey_toilet-brush-choice__is47JUP,persona/datasets/matraix-persona-1m/cohorts/cohort-162f4cf6eb0f/persona_gss-cd20e68fb346.yaml,1.0,jiga_3pack,JIGA 3-Pack,13.99,5,price,4,25-34,,North America,Lower-middle,Woman,,,,Part-time,"With three kids and a tight budget, getting 3 complete brush and holder sets for $13.99 is the best value on this shelf. Stiff nylon bristles clean well, and having spares for each bathroom means I'm not rebuying anytime soon."
survey_toilet-brush-choice__isRHHAN,persona/datasets/matraix-persona-1m/cohorts/cohort-162f4cf6eb0f/persona_stackoverflow-622ba076086f.yaml,1.0,oxo_hideaway,OXO Hideaway Compact,19.97,4,hygiene,4,25-34,,North America,,,Early career,,,Full-time,"I want a compact, minimal set that hides the brush entirely when stored, since I'm in a small remote-work apartment bathroom. OXO's auto-open canister and ventilated tray address the hygiene and water-pooling issues I care about, and the $19.97 price is reasonable for a trusted brand with a clean design."
survey_toilet-brush-choice__ivpHT6q,persona/datasets/matraix-persona-1m/cohorts/cohort-162f4cf6eb0f/persona_gss-6dea460253c4.yaml,1.0,oxo_hideaway,OXO Hideaway Compact,19.97,4,hygiene,4,75-84,,North America,Middle,Woman,Retirement,,,Retired,"I want a neat, unobtrusive set that hides the brush away — at my age I don't care for a brush sitting out in the open. OXO is a brand I've trusted in my kitchen for years, and the auto-open canister with a ventilated tray keeps things tidy and dry without fuss. The price is reasonable for the quality."
survey_toilet-brush-choice__j7TY3Zs,persona/datasets/matraix-persona-1m/cohorts/cohort-162f4cf6eb0f/persona_wiki-bbb48e051f29.yaml,1.0,oxo_hideaway,OXO Hideaway Compact,19.97,4,hygiene,4,,,North America,,Woman,Mid-life,,,Full-time,"The OXO Hideaway's canister conceals the brush entirely when stored and opens automatically on lift, which keeps a small bathroom looking tidy. OXO's reputation for durable, well-designed household tools makes the $19.97 price feel justified for something I'll use daily, and the ventilated tray addresses the hygiene issue that matters most in a brush holder."
survey_toilet-brush-choice__j7aDu76,persona/datasets/matraix-persona-1m/cohorts/cohort-162f4cf6eb0f/persona_stackoverflow-b4f04e2bb082.yaml,1.0,oxo_hideaway,OXO Hideaway Compact,19.97,4,hygiene,4,25-34,,North America,,,,,,Full-time,"The hideaway canister keeps the brush completely out of sight when stored, which matters most to me in a bathroom, and the auto-open lid plus ventilated tray solves the pooling-water and hygiene issue that plagues most cheap holders. OXO's build quality and compact footprint justify the ~$20 price for something I'll use daily for years."
survey_toilet-brush-choice__j8Ep8t3,persona/datasets/matraix-persona-1m/cohorts/cohort-162f4cf6eb0f/persona_gss-79ffe06bd978.yaml,1.0,oxo_hideaway,OXO Hideaway Compact,19.97,4,hygiene,4,35-44,,North America,Middle,Man,,,,Full-time,"I want a clean, minimal look in a small bathroom, and the OXO hideaway canister keeps the brush out of sight while its ventilated tray prevents water pooling. It's a trusted brand at a reasonable mid-range price, and the auto-open design is practical for everyday use."
survey_toilet-brush-choice__j8rimek,persona/datasets/matraix-persona-1m/cohorts/cohort-162f4cf6eb0f/persona_gss-bca5aba84886.yaml,1.0,jiga_3pack,JIGA 3-Pack,13.99,5,price,4,45-54,,North America,Lower-middle,Woman,,,,Homemaker,"I have two bathrooms plus a guest powder room, so a 3-pack of simple white brushes with holders covers all of them at a very low price. The stiff nylon bristles and covered caddy design are what I'm used to, and at $13.99 for three it fits our tight household budget."
survey_toilet-brush-choice__jBKLyUA,persona/datasets/matraix-persona-1m/cohorts/cohort-162f4cf6eb0f/persona_wiki-859597bb5635.yaml,1.0,oxo_hideaway,OXO Hideaway Compact,19.97,4,hygiene,4,65+,Value-driven,North America,High income,Woman,Retirement,Dense urban,,Retired,"I value a hygienic, unobtrusive design and the OXO brand's reputation for durable, well-engineered household tools. The hideaway canister keeps the brush out of sight and the ventilated tray prevents the pooling water that breeds bacteria, which matters most to me in a bathroom. The compact footprint suits my space and the price is reasonable for the build quality."
survey_toilet-brush-choice__jBj8RGP,persona/datasets/matraix-persona-1m/cohorts/cohort-162f4cf6eb0f/persona_stackoverflow-81c4b4bc44ad.yaml,1.0,oxo_hideaway,OXO Hideaway Compact,19.97,4,hygiene,4,35-44,,North America,,,,,,Full-time,"OXO's Hideaway canister keeps the brush fully concealed and ventilated, which matters most for a bathroom I actually look at every day, and the auto-open mechanism plus compact footprint fits a small space. At $19.97 it's mid-priced but the build quality and brand reliability justify the premium over the $13 silicone sets."
survey_toilet-brush-choice__jDm7MbB,persona/datasets/matraix-persona-1m/cohorts/cohort-162f4cf6eb0f/persona_stackoverflow-8f253de9e25b.yaml,1.0,oxo_hideaway,OXO Hideaway Compact,19.97,4,hygiene,4,25-34,,North America,,,Early career,,,Full-time,"OXO is a brand I trust for well-designed functional products, and the hideaway canister that opens automatically and vents to prevent water pooling solves the main hygiene annoyance of toilet brushes. At $19.97 it's reasonably priced for the build quality and compact footprint, and the clean minimal look fits a normal bathroom without being an eyesore."
survey_toilet-brush-choice__jFCY3Sb,persona/datasets/matraix-persona-1m/cohorts/cohort-162f4cf6eb0f/persona_wiki-c5bc2e66fc0d.yaml,1.0,oxo_hideaway,OXO Hideaway Compact,19.97,4,hygiene,4,,,North America,,Man,Retirement,,,,"I want a clean, minimal look with no visible brush when it's stored, and the auto-open canister plus ventilated tray keeps things hygienic and dry. At $19.97 the OXO is a reasonable mid-range price for a compact, well-designed set that fits a small bathroom."
survey_toilet-brush-choice__jFq2Fcf,persona/datasets/matraix-persona-1m/cohorts/cohort-162f4cf6eb0f/persona_wiki-a78fc27ebac6.yaml,1.0,oxo_hideaway,OXO Hideaway Compact,19.97,4,hygiene,4,,Value-driven,North America,High income,Woman,Retirement,Small town,$200k+,Self-employed,"I value a clean, uncluttered bathroom and a tool that actually works, so the OXO Hideaway appeals to me most: the canister conceals the brush entirely and opens automatically, which reads as both hygienic and well-engineered. At $19.97 it is reasonably priced for a brand with a solid reputation for durable, thoughtfully designed household goods."
survey_toilet-brush-choice__jJAMvMK,persona/datasets/matraix-persona-1m/cohorts/cohort-162f4cf6eb0f/persona_amazon-674bf479b191.yaml,1.0,oxo_hideaway,OXO Hideaway Compact,19.97,4,hygiene,5,,,North America,,,,,,Full-time,"I want a brush that hides the dirty head so my small bathroom doesn't look gross, and the auto-open canister with a ventilated tray stops water from pooling and getting funky. OXO's build quality is a known quantity for me, and $19.97 is a fair middle price."
survey_toilet-brush-choice__jPqPBcR,persona/datasets/matraix-persona-1m/cohorts/cohort-162f4cf6eb0f/persona_gss-9e40f134ff13.yaml,1.0,oxo_hideaway,OXO Hideaway Compact,19.97,4,hygiene,4,45-54,,North America,Upper-middle,Woman,,,,Part-time,"I prefer a clean, minimal look in my bathroom, and the OXO Hideaway's auto-open canister keeps the brush completely out of sight, which matters to me for guests. OXO is a brand I trust for kitchen and household tools, and the ventilated tray that prevents water pooling addresses my main hygiene concern at a reasonable $19.97."
survey_toilet-brush-choice__jR2GQK9,persona/datasets/matraix-persona-1m/cohorts/cohort-162f4cf6eb0f/persona_stackoverflow-e1ddbd5c428f.yaml,1.0,oxo_hideaway,OXO Hideaway Compact,19.97,4,hygiene,5,35-44,,North America,,,,,,Full-time,"I want a brush that stays out of sight and doesn't leave a puddle in the holder, and the OXO's auto-open canister with a ventilated tray solves both without any fuss. OXO is a brand I trust for well-engineered household tools, and at $19.97 the price is reasonable for something I'll use daily and keep for years. The compact footprint also suits a small bathroom where I don't want a brush on display."
survey_toilet-brush-choice__jShE2KM,persona/datasets/matraix-persona-1m/cohorts/cohort-162f4cf6eb0f/persona_wiki-be02f1035ec9.yaml,1.0,nacena_long,nacena 2-Pack Long Handle,23.5,5,material,4,,null,North America,,Man,Mid-life,,,Full-time,"I want order, durability, and a covered, minimal look that doesn't clutter the bathroom, and the extra-long handles mean I don't have to stoop or strain to do the job properly. The 2-pack is sensible value since I keep a spare for the second bathroom, and the matte black covered bases fit a clean, traditional setup."
survey_toilet-brush-choice__jUBXZfd,persona/datasets/matraix-persona-1m/cohorts/cohort-162f4cf6eb0f/persona_stackoverflow-b251683474d5.yaml,1.0,oxo_hideaway,OXO Hideaway Compact,19.97,4,hygiene,4,25-34,,North America,,,Early career,,,Full-time,"I want a covered canister that hides the brush and doesn't pool water, and OXO's auto-open hideaway design plus ventilated tray solves both without being bulky. The $19.97 price is reasonable for a well-designed, brand-trusted set, and it fits a small bathroom."
survey_toilet-brush-choice__jUzE8Xo,persona/datasets/matraix-persona-1m/cohorts/cohort-162f4cf6eb0f/persona_wiki-11d7c6ef8d8e.yaml,1.0,oxo_hideaway,OXO Hideaway Compact,19.97,4,hygiene,5,,,North America,,Man,Retirement,,,Retired,"I've spent my career around teams and equipment where reliability and clean design matter, and OXO has earned my trust over decades of kitchen and household tools. The hideaway canister keeps the brush out of sight and the ventilated tray prevents standing water, which suits a tidy, well-run household. At $19.97 it's a fair price for something I'll use daily for years."
survey_toilet-brush-choice__jhMTMV7,persona/datasets/matraix-persona-1m/cohorts/cohort-162f4cf6eb0f/persona_gss-7e3152e989d0.yaml,1.0,jiga_3pack,JIGA 3-Pack,13.99,5,price,4,35-44,,North America,Lower-middle,Man,,,,Full-time,"With three kids and three bathrooms, a 3-pack of stiff nylon brushes for $13.99 is the best value here — I get a set for each bathroom without spending much. Stiff bristles actually scrub, and the covered caddy keeps things tidy."
survey_toilet-brush-choice__jjdz6GY,persona/datasets/matraix-persona-1m/cohorts/cohort-162f4cf6eb0f/persona_wiki-24684fc1c1e1.yaml,1.0,oxo_hideaway,OXO Hideaway Compact,19.97,5,hygiene,4,65+,Value-driven,North America,High income,Woman,Mid-life,Dense urban,$200k+,Self-employed,"I have used OXO Good Grips products for years and trust the build quality; the hideaway canister design means no visible brush, which suits my bathroom's clean aesthetic. The ventilated tray that prevents water pooling addresses the hygiene concern that matters most to me, and at $19.97 the price is reasonable for a well-designed, compact set."
survey_toilet-brush-choice__jkS7mqv,persona/datasets/matraix-persona-1m/cohorts/cohort-162f4cf6eb0f/persona_gss-f0e14589c606.yaml,1.0,oxo_hideaway,OXO Hideaway Compact,19.97,4,hygiene,4,45-54,,North America,Middle,Man,,,,Full-time,"I want a brush that actually hides the head away when it's not in use, so the bathroom looks tidy and there's no standing water smell. OXO is a brand I trust for everyday tools, and the auto-open canister with ventilated tray fits my smaller bathroom without taking up much room."
survey_toilet-brush-choice__jkoJvKs,persona/datasets/matraix-persona-1m/cohorts/cohort-162f4cf6eb0f/persona_stackoverflow-b2fc8354f9d0.yaml,1.0,oxo_hideaway,OXO Hideaway Compact,19.97,4,hygiene,5,25-34,,North America,,,Early career,,,Full-time,"I want a clean-looking bathroom and a holder that actually dries out instead of pooling water, so the OXO's auto-open hideaway canister and ventilated tray are exactly the hygiene features I care about. OXO is a brand I trust for well-designed, durable household tools, and at $19.97 the price is reasonable for something I'll use daily for years. The compact footprint also suits a small bathroom."
survey_toilet-brush-choice__jmkCrqC,persona/datasets/matraix-persona-1m/cohorts/cohort-162f4cf6eb0f/persona_gss-e057ea8ed870.yaml,1.0,jiga_3pack,JIGA 3-Pack,13.99,5,price,4,85+,,North America,Low income,Woman,,,,Homemaker,"I am a widow on a fixed income, so getting three brushes for $13.99 is the best value and means I have a spare for each bathroom and one to keep in the closet. White bristles and a simple white caddy suit my bathroom, and stiff nylon bristles scrub well without fuss."
survey_toilet-brush-choice__jnDe3Dz,persona/datasets/matraix-persona-1m/cohorts/cohort-162f4cf6eb0f/persona_wiki-503675021996.yaml,1.0,oxo_hideaway,OXO Hideaway Compact,19.97,4,hygiene,4,18-24,,North America,Middle,Woman,Early career,Dense urban,null,Full-time,"I rent a small apartment bathroom, so the hideaway canister that conceals the brush and auto-opens when lifted is exactly the space-saving, clean look I want. OXO's build quality and the ventilated tray that prevents water pooling justify the mid-range price for something I'll use daily."
survey_toilet-brush-choice__jnwaYhs,persona/datasets/matraix-persona-1m/cohorts/cohort-162f4cf6eb0f/persona_stackoverflow-d925ef022bba.yaml,1.0,oxo_hideaway,OXO Hideaway Compact,19.97,4,hygiene,4,25-34,,North America,,,Early career,,,Full-time,"I want a compact, clean-looking set that hides the dirty brush and doesn't pool water, and OXO is a brand I trust for functional design. The auto-open canister and ventilated tray address the hygiene and space concerns I care about, and at $19.97 it's a reasonable middle price for something I'll use daily."
survey_toilet-brush-choice__jqNEyEX,persona/datasets/matraix-persona-1m/cohorts/cohort-162f4cf6eb0f/persona_wiki-0aae55a34312.yaml,1.0,oxo_hideaway,OXO Hideaway Compact,19.97,4,hygiene,4,65+,Value-driven,North America,Upper-middle,Woman,Retirement,Dense urban,$100k-200k,Retired,"I want a discreet, well-engineered set that looks tidy in a compact bathroom, and the OXO auto-open hideaway canister with a ventilated tray keeps the brush out of sight and prevents water pooling. The brand's reputation for durable, thoughtfully designed household tools justifies the modest price premium over the budget silicone options."
survey_toilet-brush-choice__jtGfuoW,persona/datasets/matraix-persona-1m/cohorts/cohort-162f4cf6eb0f/persona_wiki-121cf2427268.yaml,1.0,oxo_hideaway,OXO Hideaway Compact,19.97,4,hygiene,4,65+,,North America,Middle,Man,Retirement,Small town,null,Retired,"I've had good luck with OXO products over the years, and the hideaway canister that opens automatically when you lift the brush is a genuinely clever design — no fiddling, no mess. At $19.97 it's a fair middle price for a well-built set that keeps the brush out of sight in a small bathroom."
survey_toilet-brush-choice__jvR9XFL,persona/datasets/matraix-persona-1m/cohorts/cohort-162f4cf6eb0f/persona_gss-1cbfea5156e8.yaml,1.0,oxo_hideaway,OXO Hideaway Compact,19.97,4,hygiene,4,35-44,,North America,Middle,Woman,,,,Full-time,"The OXO Hideaway keeps the brush fully out of sight when stored, which matters to me for a tidy, hygienic bathroom. The ventilated tray prevents water pooling, and the compact footprint suits a smaller bathroom like mine."
survey_toilet-brush-choice__kAy9WUP,persona/datasets/matraix-persona-1m/cohorts/cohort-162f4cf6eb0f/persona_gss-e6503692cdd9.yaml,1.0,clorox_under_rim,Clorox Corner Under-Rim,15.5,4,cleaning,4,25-34,,North America,Low income,Woman,,,,Homemaker,At $15.50 it fits my tight budget and the Clorox name is one I trust for bathroom cleaning. The dedicated under-rim scrubber and corner caddy make sense for a small family bathroom where I'm the one doing all the scrubbing.
survey_toilet-brush-choice__kB76EKY,persona/datasets/matraix-persona-1m/cohorts/cohort-162f4cf6eb0f/persona_stackoverflow-76ff771fa66c.yaml,1.0,oxo_hideaway,OXO Hideaway Compact,19.97,4,hygiene,4,45-54,,North America,,,,,,Full-time,"The OXO Hideaway has a clean, minimal look and the auto-open canister hides the brush entirely, which suits my bathroom. The ventilated tray and compact footprint are practical, and OXO's design reputation gives me confidence without overspending."
survey_toilet-brush-choice__kCsSee6,persona/datasets/matraix-persona-1m/cohorts/cohort-162f4cf6eb0f/persona_gss-07d4561d50e9.yaml,1.0,jiga_3pack,JIGA 3-Pack,13.99,5,price,4,35-44,,North America,Middle,Woman,,,,Homemaker,"With two kids and three bathrooms to keep clean, a 3-pack of white brushes with caddy holders for $13.99 is the practical, budget-friendly pick. Stiff nylon bristles scrub well and white matches our bathrooms, so I get value without sacrificing function."
survey_toilet-brush-choice__kHTpynn,persona/datasets/matraix-persona-1m/cohorts/cohort-162f4cf6eb0f/persona_gss-7b9d8cd43db8.yaml,1.0,oxo_hideaway,OXO Hideaway Compact,19.97,4,hygiene,4,55-64,,North America,Lower-middle,Woman,,,,Full-time,"I want a brush that hides the dirty head away so my bathroom stays looking neat, and OXO is a brand I've seen in stores for years. The ventilated tray that keeps water from pooling matters to me because I don't want a mildewy smell, and at under $20 it fits my budget. The compact size suits my small bathroom too."
survey_toilet-brush-choice__kJHRGtr,persona/datasets/matraix-persona-1m/cohorts/cohort-162f4cf6eb0f/persona_stackoverflow-a41ab06fca7d.yaml,1.0,oxo_hideaway,OXO Hideaway Compact,19.97,4,hygiene,4,55-64,,North America,,,,,,Full-time,"I want a brush that stays hidden and doesn't drip water on the floor, and the OXO hideaway canister opens automatically when lifted with a ventilated tray to prevent pooling. OXO is a brand I've trusted for kitchen and bath tools for years, and at $19.97 the price is reasonable for something I'll use daily for a decade."
survey_toilet-brush-choice__kPqdkJT,persona/datasets/matraix-persona-1m/cohorts/cohort-162f4cf6eb0f/persona_stackoverflow-03b2cc5562b3.yaml,1.0,oxo_hideaway,OXO Hideaway Compact,19.97,4,hygiene,4,25-34,,North America,,,Early career,,,Full-time,"The OXO Hideaway's auto-open canister hides the brush entirely, which keeps a small bathroom looking tidy, and I trust OXO's build quality. At $19.97 it's a reasonable mid-range price for a design that avoids the dripping, exposed-brush problem most cheap sets have."
survey_toilet-brush-choice__kVNQNnN,persona/datasets/matraix-persona-1m/cohorts/cohort-162f4cf6eb0f/persona_gss-248efc1b1ae3.yaml,1.0,clorox_under_rim,Clorox Corner Under-Rim,15.5,5,cleaning,4,65-74,,North America,Lower-middle,Man,Retirement,,,Retired,"I'm on a fixed retirement budget, so the $15.50 price is comfortable, and the Clorox name is one I've trusted for cleaning products for years. The corner caddy saves space in my small bathroom and the under-rim scrubber head sounds like it gets the job done without bending and straining."
survey_toilet-brush-choice__kaMJFrT,persona/datasets/matraix-persona-1m/cohorts/cohort-162f4cf6eb0f/persona_gss-d4938b73d182.yaml,1.0,sellemer_silicone,Sellemer Silicone,12.99,5,price,4,18-24,,North America,Low income,Man,,,,Full-time,"I'm on a tight budget so $12.99 is about my ceiling, and this set gives me the most for that money. The silicone nubbed head reaches under the rim for a real clean, and the ventilated holder dries fast instead of sitting in dirty water, which matters more to me than looks. The wall-mount option is a nice bonus in a small bathroom."
survey_toilet-brush-choice__kb4ff9L,persona/datasets/matraix-persona-1m/cohorts/cohort-162f4cf6eb0f/persona_stackoverflow-05c5ad6a35df.yaml,1.0,oxo_hideaway,OXO Hideaway Compact,19.97,4,hygiene,4,18-24,,North America,,,Student,,,Student,"I want a brush that stays out of sight and doesn't leave a puddle of standing water in the holder, and the OXO's auto-opening ventilated canister does exactly that. It's a compact, well-reviewed design from a brand I trust, and $19.97 is reasonable for something I'll use regularly for years rather than a disposable-feeling set."
survey_toilet-brush-choice__kc6DGyd,persona/datasets/matraix-persona-1m/cohorts/cohort-162f4cf6eb0f/persona_gss-e728426dc24b.yaml,1.0,oxo_hideaway,OXO Hideaway Compact,19.97,4,hygiene,3,75-84,,North America,Middle,Man,Retirement,,,Retired,"At my age I want something simple, tidy, and reliable rather than fancy. The OXO Hideaway keeps the brush out of sight, has a ventilated tray so it doesn't sit in dirty water, and the auto-open canister is easy on my hands. The $19.97 price is reasonable for a trusted brand that should last."
survey_toilet-brush-choice__kfrfHkV,persona/datasets/matraix-persona-1m/cohorts/cohort-162f4cf6eb0f/persona_stackoverflow-522065bf072e.yaml,1.0,oxo_hideaway,OXO Hideaway Compact,19.97,4,hygiene,4,25-34,,North America,,,Early career,,,Full-time,"I want a compact set that hides the brush when stored, and OXO's auto-open canister with a ventilated tray solves the dripping-water and looks problem without being fussy. At $19.97 it's a reasonable middle price for a brand I trust and a design that fits a small bathroom."
survey_toilet-brush-choice__kgDzNzn,persona/datasets/matraix-persona-1m/cohorts/cohort-162f4cf6eb0f/persona_wiki-100f8b837587.yaml,1.0,oxo_hideaway,OXO Hideaway Compact,19.97,4,hygiene,4,,,North America,,Man,Retirement,,,Retired,"OXO is a brand I trust, and the hideaway canister keeps the brush out of sight while the ventilated tray prevents water pooling — a hygiene detail that matters to me. At $19.97 it's a fair price for a compact, well-designed set that fits a small bathroom."
survey_toilet-brush-choice__ki3PPq5,persona/datasets/matraix-persona-1m/cohorts/cohort-162f4cf6eb0f/persona_wiki-c3b88c4effdc.yaml,1.0,oxo_hideaway,OXO Hideaway Compact,19.97,4,hygiene,5,55-64,,North America,Upper-middle,Woman,Mid-life,Suburban,null,Retired,"I want a compact, tidy set that keeps the brush fully hidden and lets it drain without pooling water, and OXO's build quality and reputation give me confidence it will hold up. The $19.97 price is reasonable for a well-designed, ventilated canister that fits a small bathroom."
survey_toilet-brush-choice__kia2KkC,persona/datasets/matraix-persona-1m/cohorts/cohort-162f4cf6eb0f/persona_wiki-10a89801a29e.yaml,1.0,oxo_hideaway,OXO Hideaway Compact,19.97,4,hygiene,4,,,North America,,Man,Mid-life,,,Full-time,"I value a clean, uncluttered bathroom and the OXO Hideaway's auto-open canister keeps the brush completely out of sight while the ventilated tray prevents water pooling and odor. OXO is a brand I trust for durable, well-designed household tools, and at $19.97 the price is reasonable for the build quality and small footprint that fits my space."
survey_toilet-brush-choice__kjx9bvQ,persona/datasets/matraix-persona-1m/cohorts/cohort-162f4cf6eb0f/persona_wiki-c3fda693021d.yaml,1.0,oxo_hideaway,OXO Hideaway Compact,19.97,4,hygiene,5,,,North America,,Man,,,,,"I want a brush that looks clean and tidy in a small bathroom, and the OXO Hideaway's auto-open canister keeps the brush fully out of sight while the ventilated tray prevents water pooling. The $19.97 price is reasonable for a trusted, well-designed set that should hold up to daily use."
survey_toilet-brush-choice__ktJk3Aq,persona/datasets/matraix-persona-1m/cohorts/cohort-162f4cf6eb0f/persona_wiki-56bdde8b1995.yaml,1.0,oxo_hideaway,OXO Hideaway Compact,19.97,4,brand,4,65+,,North America,,Woman,Retirement,,,,"I've used OXO Good Grips products for years and their build quality has never let me down, so the brand trust matters to me. The hideaway canister that opens automatically and the ventilated tray keep things tidy and dry, which suits my daily-routine, no-fuss approach. At $19.97 it's a fair price for something I'll use every day."
survey_toilet-brush-choice__kwjHFkU,persona/datasets/matraix-persona-1m/cohorts/cohort-162f4cf6eb0f/persona_wiki-c35ff17400b6.yaml,1.0,oxo_hideaway,OXO Hideaway Compact,19.97,4,hygiene,4,,,North America,,Man,Retirement,,,Retired,"I want a clean, uncluttered look and the OXO Hideaway keeps the brush completely out of sight while the auto-open canister and ventilated tray make it hygienic and easy to use. OXO is a brand I trust for durable, well-designed tools, and at $19.97 the price is reasonable for that quality."
survey_toilet-brush-choice__kxZTDpv,persona/datasets/matraix-persona-1m/cohorts/cohort-162f4cf6eb0f/persona_gss-b85d3941e089.yaml,1.0,oxo_hideaway,OXO Hideaway Compact,19.97,4,hygiene,4,75-84,,North America,Lower-middle,Woman,Retirement,,,Retired,"I like that the brush hides away inside the canister so it isn't an eyesore in my bathroom, and the ventilated tray keeps it from sitting in dirty water. OXO is a brand I recognize and trust, and at under $20 the price is reasonable for something that will last."
survey_toilet-brush-choice__m6kQACn,persona/datasets/matraix-persona-1m/cohorts/cohort-162f4cf6eb0f/persona_wiki-8fa61b8dcc9a.yaml,1.0,oxo_hideaway,OXO Hideaway Compact,19.97,4,hygiene,4,65+,,North America,Upper-middle,Man,Mid-life,Small town,null,Full-time,"I am long past the age of wanting to see a toilet brush sitting out, and the OXO Hideaway keeps the brush completely concealed until you lift it, which suits my preference for an orderly, tidy bathroom. OXO is a brand I trust for well-engineered household tools, and the ventilated tray that prevents water pooling addresses the hygiene concern that matters most to me. At $19.97 for a single well-made set, it is a sensible middle-ground purchase rather than a false economy."
survey_toilet-brush-choice__m8ifuXq,persona/datasets/matraix-persona-1m/cohorts/cohort-162f4cf6eb0f/persona_gss-eb841f8c549c.yaml,1.0,jiga_3pack,JIGA 3-Pack,13.99,5,price,4,25-34,,North America,Middle,Woman,,,,Homemaker,"With three kids and multiple bathrooms, I need several brushes and value matters on a single income. The JIGA 3-pack gives me three complete sets for the price of one, and stiff nylon bristles actually scrub hard rather than just pushing mess around."
survey_toilet-brush-choice__mGnGMNz,persona/datasets/matraix-persona-1m/cohorts/cohort-162f4cf6eb0f/persona_wiki-eb933a9c5c00.yaml,1.0,oxo_hideaway,OXO Hideaway Compact,19.97,4,hygiene,4,65+,Indifferent,North America,Upper-middle,Woman,Retirement,Dense urban,null,Retired,"I want a clean, unobtrusive look in a small bathroom, and OXO's hideaway canister keeps the brush fully concealed while the ventilated tray prevents soggy water pooling — a genuine hygiene win. OXO's reputation for well-designed, durable household tools makes the mid-range price easy to justify."
survey_toilet-brush-choice__mM5GNvS,persona/datasets/matraix-persona-1m/cohorts/cohort-162f4cf6eb0f/persona_wiki-6ef77829f6bb.yaml,1.0,oxo_hideaway,OXO Hideaway Compact,19.97,4,design,4,65+,Value-driven,North America,Middle,Man,Retirement,Suburban,null,Self-employed,"I am particular about how things look in my home, and the OXO Hideaway's smooth minimal canister keeps the brush entirely out of sight, which suits a tidy bathroom. The auto-open lid and ventilated tray also address the hygiene and water-pooling issues I dislike in open brush designs, and OXO's reputation for well-engineered household tools gives me confidence in the build."
survey_toilet-brush-choice__mPV9fZ7,persona/datasets/matraix-persona-1m/cohorts/cohort-162f4cf6eb0f/persona_wiki-80710f06503d.yaml,1.0,oxo_hideaway,OXO Hideaway Compact,19.97,4,hygiene,4,75-84,Value-driven,North America,High income,Woman,Retirement,Small town,$100k-200k,Retired,"I have mobility limitations and use a mobility aid, so the OXO Hideaway's automatic canister that opens when the brush is lifted means I can use it one-handed without bending or fiddling with a lid. The ventilated tray keeps it hygienic and the compact, minimal white design suits my bathroom without visual clutter. OXO is a brand I trust, and at $19.97 the price is reasonable for the quality and convenience it offers."
survey_toilet-brush-choice__mPgntyD,persona/datasets/matraix-persona-1m/cohorts/cohort-162f4cf6eb0f/persona_stackoverflow-5cb6483e5e03.yaml,1.0,oxo_hideaway,OXO Hideaway Compact,19.97,4,hygiene,4,55-64,,North America,,,,,,Full-time,"I value a clean, uncluttered look and the OXO Hideaway hides the brush entirely with an auto-open canister and a ventilated tray that prevents standing water — good hygiene without fuss. At $19.97 it's a reasonable price for a brand with a solid reputation for durable, well-designed household tools, and the compact footprint suits a small bathroom."
survey_toilet-brush-choice__mPreTE3,persona/datasets/matraix-persona-1m/cohorts/cohort-162f4cf6eb0f/persona_stackoverflow-e72d4249db8c.yaml,1.0,oxo_hideaway,OXO Hideaway Compact,19.97,4,hygiene,4,25-34,,North America,,,Early career,,$200k+,Full-time,"The OXO Hideaway's auto-opening canister keeps the brush fully concealed and the ventilated tray prevents standing water, which matters most to me for hygiene in a small bathroom. OXO's build quality and design track record justify the mid-range price, and I've had good long-term durability from their products."
survey_toilet-brush-choice__mQZPVQw,persona/datasets/matraix-persona-1m/cohorts/cohort-162f4cf6eb0f/persona_wiki-7db0cdc66a8b.yaml,1.0,oxo_hideaway,OXO Hideaway Compact,19.97,4,hygiene,4,65+,Indifferent,North America,Middle,Man,Retirement,Suburban,null,Retired,"I want a hygienic, well-designed set that hides the brush when not in use, and OXO is a brand whose ergonomics and build quality I've trusted for years in the kitchen. The auto-open canister and ventilated tray directly address the two things that bother me most — visible mess and standing water in the base. At $19.97 for a single, thoughtfully engineered unit, the price is reasonable for a tool I'll use daily for years."
survey_toilet-brush-choice__mavAPXF,persona/datasets/matraix-persona-1m/cohorts/cohort-162f4cf6eb0f/persona_stackoverflow-0c04819d58e9.yaml,1.0,oxo_hideaway,OXO Hideaway Compact,19.97,4,hygiene,4,25-34,,North America,,,Early career,,,Full-time,"I want a compact, no-fuss set that looks clean when stored and doesn't leave a wet brush sitting in a puddle. The OXO's auto-opening hideaway canister and ventilated tray solve exactly that, and at $19.97 the price is reasonable for a well-known brand with solid build quality."
survey_toilet-brush-choice__mb5c5y8,persona/datasets/matraix-persona-1m/cohorts/cohort-162f4cf6eb0f/persona_gss-981367d8162d.yaml,1.0,clorox_under_rim,Clorox Corner Under-Rim,15.5,4,cleaning,4,65-74,,North America,Middle,Woman,,,,Full-time,"I trust the Clorox brand for bathroom cleaning, and the corner caddy design saves space while the under-rim scrubber gets the hard-to-reach spots. At $15.50 it's a fair price for a set that will actually get the job done."
survey_toilet-brush-choice__mcmJbEG,persona/datasets/matraix-persona-1m/cohorts/cohort-162f4cf6eb0f/persona_gss-f41ed77f7b79.yaml,1.0,oxo_hideaway,OXO Hideaway Compact,19.97,4,hygiene,4,65-74,,North America,Middle,Woman,,,,Homemaker,"I want a tidy, covered brush that doesn't show the dirty bristles in my bathroom, and I trust the OXO name for a sturdy, well-designed product. The auto-open canister and ventilated tray that keeps water from pooling appeal to me for hygiene, and at just under $20 the price is reasonable."
survey_toilet-brush-choice__meyUAmF,persona/datasets/matraix-persona-1m/cohorts/cohort-162f4cf6eb0f/persona_amazon-95d27ea6c924.yaml,1.0,sellemer_silicone,Sellemer Silicone,12.99,5,hygiene,4,,Value-driven,North America,,,,,,,"I want something that actually dries out instead of sitting in a puddle of gross water, and the ventilated quick-dry base plus tangle-free silicone head checks that box. It's cheap at $12.99, and the flexible flat head reaching under the rim matters more to me than looks."
survey_toilet-brush-choice__mfjVKQT,persona/datasets/matraix-persona-1m/cohorts/cohort-162f4cf6eb0f/persona_amazon-311c6827d6d4.yaml,1.0,oxo_hideaway,OXO Hideaway Compact,19.97,4,hygiene,4,,,North America,,,,,,,"I want a compact, clean-looking set that hides the brush when not in use, and the OXO's auto-open ventilated canister keeps things tidy and dry without a bulky footprint. The $19.97 price is reasonable for the build quality, and I trust OXO's design to be reliable and easy to use daily."
survey_toilet-brush-choice__mfndYUv,persona/datasets/matraix-persona-1m/cohorts/cohort-162f4cf6eb0f/persona_gss-f7b6b4dc6b1a.yaml,1.0,oxo_hideaway,OXO Hideaway Compact,19.97,4,hygiene,4,55-64,,North America,Middle,Woman,,,,Full-time,"I like that the brush hides away completely in the canister, so it looks tidy and the ventilated tray keeps things from getting gross. OXO is a brand I trust, and at $19.97 it's a fair price for something that will last and not clutter my small bathroom."
survey_toilet-brush-choice__mhSutZ2,persona/datasets/matraix-persona-1m/cohorts/cohort-162f4cf6eb0f/persona_wiki-35f36bd19b33.yaml,1.0,oxo_hideaway,OXO Hideaway Compact,19.97,4,hygiene,4,65+,,North America,High income,Man,Retirement,Small town,null,Retired,"I want a tidy, well-engineered set from a brand with a solid reputation, and the OXO Hideaway's auto-opening canister keeps the brush out of sight while its ventilated tray prevents water pooling. At $19.97 the price is reasonable for the build quality and compact footprint, which suits a small bathroom."
survey_toilet-brush-choice__mk5A6Pv,persona/datasets/matraix-persona-1m/cohorts/cohort-162f4cf6eb0f/persona_gss-25d0fcfd2e33.yaml,1.0,jiga_3pack,JIGA 3-Pack,13.99,5,price,4,35-44,,North America,Lower-middle,Man,,,,Full-time,"With three kids and three bathrooms, a 3-pack at $13.99 is the practical, budget-friendly pick. Stiff nylon bristles and covered caddy storage cover what I need without spending much."
survey_toilet-brush-choice__mm6TGNw,persona/datasets/matraix-persona-1m/cohorts/cohort-162f4cf6eb0f/persona_wiki-c7107039fd39.yaml,1.0,oxo_hideaway,OXO Hideaway Compact,19.97,4,hygiene,4,65+,,North America,High income,Woman,Retirement,Dense urban,null,Full-time,"The OXO Good Grips Hideaway Compact is the most thoughtfully engineered set here: the canister conceals the brush entirely when stored and opens automatically when lifted, and the ventilated tray prevents standing water, which is the main hygiene problem with toilet brushes. At $19.97 it sits in the sensible middle of the price range, and OXO's build quality and firm nylon bristles will outlast the silicone-nub designs that tend to smear rather than scrub."
survey_toilet-brush-choice__moxzrzL,persona/datasets/matraix-persona-1m/cohorts/cohort-162f4cf6eb0f/persona_wiki-a8cb6b57edde.yaml,1.0,oxo_hideaway,OXO Hideaway Compact,19.97,4,hygiene,4,65+,Value-driven,North America,Upper-middle,Man,Mid-life,Small town,$100k-200k,Retired,"I want a brush that stays out of sight and doesn't leave a wet, dripping mess in the base. The OXO Hideaway's auto-opening canister and ventilated tray address exactly that, and OXO is a brand I know and trust for well-designed utility goods. At $19.97 it's a fair price for something I'll use daily."
survey_toilet-brush-choice__msHLxaL,persona/datasets/matraix-persona-1m/cohorts/cohort-162f4cf6eb0f/persona_wiki-b924e84ee4ca.yaml,1.0,oxo_hideaway,OXO Hideaway Compact,19.97,4,hygiene,4,45-54,,North America,Middle,Man,Mid-life,Small town,,Self-employed,"I want a clean, minimal look in my bathroom, and the OXO Hideaway's canister hides the brush entirely when stored, which keeps things tidy. The auto-open mechanism and ventilated tray solve the two things I actually care about — no visible mess and no standing water — and OXO's build quality justifies the mid-range price."
survey_toilet-brush-choice__mtUysZi,persona/datasets/matraix-persona-1m/cohorts/cohort-162f4cf6eb0f/persona_gss-148f21a266a6.yaml,1.0,oxo_hideaway,OXO Hideaway Compact,19.97,4,hygiene,4,25-34,,North America,Lower-middle,Man,,,,Full-time,"I want a set that stays hidden and hygienic without looking cluttered, and the OXO Hideaway's auto-open canister and ventilated tray fit that. At $19.97 it's a reasonable middle price, and OXO's reputation for durable, well-designed tools makes it worth the extra over the cheapest silicone sets."
survey_toilet-brush-choice__my8zoXY,persona/datasets/matraix-persona-1m/cohorts/cohort-162f4cf6eb0f/persona_gss-1d76868211e3.yaml,1.0,jiga_3pack,JIGA 3-Pack,13.99,5,price,4,55-64,,North America,Middle,Man,,,,Homemaker,"I have more than one bathroom and these plain white sets look tidy and traditional, which suits me fine. Three brushes with holders for $13.99 is sensible value, and I don't care for the fancy silicone gadgets or bronze finishes."
survey_toilet-brush-choice__mzvZZvX,persona/datasets/matraix-persona-1m/cohorts/cohort-162f4cf6eb0f/persona_amazon-46becd36dc36.yaml,1.0,oxo_hideaway,OXO Hideaway Compact,19.97,4,hygiene,4,,,North America,,Woman,,Suburban,,Part-time,"I want a compact, tidy set that hides the brush when stored so my small suburban bathroom stays looking clean, and the auto-open canister with ventilated tray addresses hygiene by preventing water pooling. OXO's reputation for durable, well-designed tools makes the $19.97 price feel justified."
survey_toilet-brush-choice__n8btUnk,persona/datasets/matraix-persona-1m/cohorts/cohort-162f4cf6eb0f/persona_gss-2586ba75238b.yaml,1.0,jiga_3pack,JIGA 3-Pack,13.99,5,price,4,55-64,,North America,Lower-middle,Woman,,,,Part-time,"I have three bathrooms to keep clean, so getting three brushes and holders for $13.99 is the sensible, thrifty choice. The stiff nylon bristles and covered caddy bases are exactly what I'm used to, and the white sets will match everything."
survey_toilet-brush-choice__n9yRiUC,persona/datasets/matraix-persona-1m/cohorts/cohort-162f4cf6eb0f/persona_stackoverflow-f9f28ae1b18b.yaml,1.0,oxo_hideaway,OXO Hideaway Compact,19.97,4,hygiene,4,35-44,,North America,,,,,,Full-time,"I want a brush that stays hidden and looks tidy, and the OXO hideaway canister opens automatically when you lift the brush so there's no fiddling with a lid. The ventilated tray keeps water from pooling in the base, which is the main thing that makes these sets gross over time. It's a brand I trust and the price is reasonable for something I'll use daily."
survey_toilet-brush-choice__nALSsVn,persona/datasets/matraix-persona-1m/cohorts/cohort-162f4cf6eb0f/persona_gss-067ee27bb9db.yaml,1.0,oxo_hideaway,OXO Hideaway Compact,19.97,4,hygiene,4,18-24,,North America,,Woman,,,,Full-time,"I want a clean, minimal look in my bathroom, and the OXO Hideaway keeps the brush completely out of sight when stored, which matters to me for hygiene and tidiness. The auto-open canister and ventilated tray that prevents water pooling are practical features I trust from a brand I know, and at $19.97 it's a reasonable mid-range price."
survey_toilet-brush-choice__nJ2cnms,persona/datasets/matraix-persona-1m/cohorts/cohort-162f4cf6eb0f/persona_gss-dee5348440af.yaml,1.0,oxo_hideaway,OXO Hideaway Compact,19.97,4,hygiene,4,55-64,,North America,Middle,Woman,,,,Full-time,"I keep a tidy, modest bathroom and don't want a brush on display, so the hideaway canister that opens automatically and has a ventilated tray suits me well. OXO is a brand I've trusted for years, and at $19.97 the price is reasonable for something that hides the brush and dries properly."
survey_toilet-brush-choice__nNKnmMd,persona/datasets/matraix-persona-1m/cohorts/cohort-162f4cf6eb0f/persona_wiki-d5cd714dc75c.yaml,1.0,ixo_stainless,IXO 2-Pack Stainless,28.6,4,material,4,,,North America,,Man,Early career,,,,"I want something that will last and look sharp, not plastic that yellows and cracks. The 304 stainless long handles give better reach and durability, and the two-pack means I have a spare for the second bathroom without buying again."
survey_toilet-brush-choice__nNnC6Cn,persona/datasets/matraix-persona-1m/cohorts/cohort-162f4cf6eb0f/persona_wiki-054605ca835e.yaml,1.0,oxo_hideaway,OXO Hideaway Compact,19.97,4,hygiene,4,65+,,North America,null,Man,Retirement,null,null,Retired,"I've owned OXO Good Grips products for years and their build quality and ergonomics have never let me down. The hideaway canister keeps the brush out of sight and the ventilated tray prevents water pooling, which matters in a small bathroom. At $19.97, it's a fair price for something I'll use daily for years."
survey_toilet-brush-choice__nUJc76Q,persona/datasets/matraix-persona-1m/cohorts/cohort-162f4cf6eb0f/persona_stackoverflow-4b766887b6d7.yaml,1.0,oxo_hideaway,OXO Hideaway Compact,19.97,4,hygiene,4,45-54,,North America,,,,,,Full-time,"I'm a practitioner who distrusts marketing claims until proven, so I lean on a brand with a track record and a design that solves a real problem rather than gimmicks. The OXO Hideaway's auto-open canister and ventilated tray directly address the standing-water and drip mess that makes most brush holders gross, and its compact footprint suits a small bathroom. The tweezers, 2-packs, and '3 for 1' bundles feel like filler I don't need for a single bathroom."
survey_toilet-brush-choice__nUJivjv,persona/datasets/matraix-persona-1m/cohorts/cohort-162f4cf6eb0f/persona_wiki-c3f55ee8c638.yaml,1.0,oxo_hideaway,OXO Hideaway Compact,19.97,4,hygiene,4,65+,,North America,null,Man,Retirement,null,null,Retired,"I want a set that keeps the brush fully hidden and the bathroom looking tidy, and OXO's hideaway canister opens automatically so I never have to touch a wet, messy brush. The ventilated tray stops water pooling, which matters to me for hygiene, and the compact footprint suits my bathroom without clutter."
survey_toilet-brush-choice__nXswxit,persona/datasets/matraix-persona-1m/cohorts/cohort-162f4cf6eb0f/persona_stackoverflow-633a93183607.yaml,1.0,oxo_hideaway,OXO Hideaway Compact,19.97,4,hygiene,4,25-34,,North America,,,,,,Full-time,"I want a set that stays clean and out of sight, and the OXO Hideaway's auto-opening ventilated canister solves the pooling-water and visible-brush problems that bother me most. At $19.97 it's mid-priced but the brand's build quality and compact footprint justify it for a small bathroom."
survey_toilet-brush-choice__nYkov8M,persona/datasets/matraix-persona-1m/cohorts/cohort-162f4cf6eb0f/persona_stackoverflow-fe0832f2854a.yaml,1.0,oxo_hideaway,OXO Hideaway Compact,19.97,4,hygiene,4,25-34,,North America,,,Early career,,,Full-time,"I want a discreet, well-built set that hides the brush and doesn't leave a pool of dirty water sitting in the base, and the OXO's auto-open canister and ventilated tray solve exactly that. It's a trusted brand I've had good luck with, and at $19.97 the price is reasonable for the build quality and compact footprint."
survey_toilet-brush-choice__nds4VQx,persona/datasets/matraix-persona-1m/cohorts/cohort-162f4cf6eb0f/persona_gss-df1b7e340603.yaml,1.0,jiga_3pack,JIGA 3-Pack,13.99,5,price,4,35-44,,North America,,Woman,,,,Full-time,"I have three bathrooms and three kids, so a 3-pack of sturdy stiff-bristle brushes with holders for $13.99 is the best value for my money. White matches my bathroom, and having a spare set on hand means I'm not running out to buy another one when one wears out."
survey_toilet-brush-choice__nfbG3yH,persona/datasets/matraix-persona-1m/cohorts/cohort-162f4cf6eb0f/persona_stackoverflow-09a0c1964fa0.yaml,1.0,oxo_hideaway,OXO Hideaway Compact,19.97,4,hygiene,4,45-54,,North America,,,Mid-life,,,Full-time,"I want a brush that stays hidden and doesn't pool water in the base, and OXO's hideaway canister with a ventilated tray solves both without taking much floor space in a small bathroom. OXO has a solid reputation for durable, well-designed household tools, and at $19.97 the price is reasonable for a set I'll use for years."
survey_toilet-brush-choice__ngHVaqS,persona/datasets/matraix-persona-1m/cohorts/cohort-162f4cf6eb0f/persona_wiki-6e4121a45066.yaml,1.0,oxo_hideaway,OXO Hideaway Compact,19.97,4,hygiene,4,65+,Premium-seeking,North America,High income,Woman,Retirement,Rural,$200k+,Self-employed,"I have used OXO Good Grips tools for years and find their build quality and ergonomics consistently excellent, so this set earns my trust on brand alone. The hideaway canister that opens automatically when lifted keeps the brush out of sight and the ventilated tray prevents water pooling, which suits a well-kept bathroom. At $19.97 it is reasonably priced for a compact, hygienic, thoughtfully designed set."
survey_toilet-brush-choice__ngsN8Ux,persona/datasets/matraix-persona-1m/cohorts/cohort-162f4cf6eb0f/persona_stackoverflow-ff85faefa336.yaml,1.0,oxo_hideaway,OXO Hideaway Compact,19.97,4,hygiene,4,18-24,,North America,,,Early career,,,Full-time,"I want a compact, minimal set that looks tidy and hides the brush when stored, and OXO's auto-open hideaway canister plus ventilated tray addresses the hygiene/water-pooling issue I care about. At $19.97 it's a reasonable mid-range price for a durable, well-designed everyday object."
survey_toilet-brush-choice__nnMkScD,persona/datasets/matraix-persona-1m/cohorts/cohort-162f4cf6eb0f/persona_gss-e80b67e9b363.yaml,1.0,oxo_hideaway,OXO Hideaway Compact,19.97,4,hygiene,4,55-64,,North America,Middle,Man,Retirement,,,Retired,"I want a simple, well-made set from a brand I recognize, and the hideaway canister keeps the brush out of sight which suits my wife and me. The ventilated tray that prevents water pooling matters for keeping things clean and dry."
survey_toilet-brush-choice__nnjhvNn,persona/datasets/matraix-persona-1m/cohorts/cohort-162f4cf6eb0f/persona_gss-a65d86a15d93.yaml,1.0,oxo_hideaway,OXO Hideaway Compact,19.97,4,hygiene,4,55-64,,North America,Middle,Man,,,,Full-time,"I want a clean, tidy look in my bathroom, and the OXO hideaway canister keeps the brush out of sight while the ventilated tray prevents that musty water pooling. OXO is a brand I've trusted for years, and at $19.97 the quality is worth the modest extra cost."
survey_toilet-brush-choice__nsB3SMb,persona/datasets/matraix-persona-1m/cohorts/cohort-162f4cf6eb0f/persona_gss-e89f7e0d01ff.yaml,1.0,oxo_hideaway,OXO Hideaway Compact,19.97,4,hygiene,4,75-84,,North America,Upper-middle,Woman,Retirement,,,Retired,"I want a neat, unobtrusive set that hides the brush away and dries hygienically, and OXO is a brand I trust for well-designed everyday tools. The auto-opening canister and ventilated tray make it practical for a small guest bathroom, and at $19.97 the price is reasonable for the quality."
survey_toilet-brush-choice__nt8dVE3,persona/datasets/matraix-persona-1m/cohorts/cohort-162f4cf6eb0f/persona_wiki-eb92d01cd6d8.yaml,1.0,oxo_hideaway,OXO Hideaway Compact,19.97,4,hygiene,4,55-64,,North America,Middle,Woman,Mid-life,Small town,,Full-time,"I want a hygienic, covered set that actually hides the brush and drains properly, and OXO's hideaway canister with a ventilated tray does exactly that. The brand has a solid reputation for durable kitchen and bath tools, and at $19.97 the price is reasonable for something I'll use daily for years."
survey_toilet-brush-choice__ntMumyZ,persona/datasets/matraix-persona-1m/cohorts/cohort-162f4cf6eb0f/persona_gss-3fc7c77e2ce4.yaml,1.0,jiga_3pack,JIGA 3-Pack,13.99,5,price,4,65-74,,North America,Lower-middle,Man,Retirement,,,Retired,"I'm retired and on a fixed income, so getting three complete brush sets for $13.99 is a sensible value. I have two bathrooms plus a spare to keep on hand, so the multi-pack covers everything without spending much."
survey_toilet-brush-choice__oGXsAdY,persona/datasets/matraix-persona-1m/cohorts/cohort-162f4cf6eb0f/persona_stackoverflow-1eb136ddc4e7.yaml,1.0,oxo_hideaway,OXO Hideaway Compact,19.97,4,hygiene,4,55-64,,North America,,,,,,Full-time,"I want a compact, tidy set where the brush is hidden when stored, and OXO's ventilated tray addresses the water-pooling hygiene problem that silicone quick-dry bases also target. At $19.97 it sits in the mid-range, and OXO's design reputation gives me confidence in build quality without paying the $25-29 tier."
survey_toilet-brush-choice__oLurJzM,persona/datasets/matraix-persona-1m/cohorts/cohort-162f4cf6eb0f/persona_wiki-035d5bb0684b.yaml,1.0,oxo_hideaway,OXO Hideaway Compact,19.97,4,hygiene,4,65+,Value-driven,North America,Upper-middle,Woman,Retirement,Dense urban,null,Self-employed,"The OXO Hideaway's auto-open canister keeps the brush fully concealed when stored, which suits the clean, minimal look I want in a bathroom. OXO is a brand I trust for well-engineered, durable household tools, and the ventilated tray addresses the hygiene issue that matters most to me."
survey_toilet-brush-choice__oMGvxFy,persona/datasets/matraix-persona-1m/cohorts/cohort-162f4cf6eb0f/persona_gss-9a9736b86dc0.yaml,1.0,jiga_3pack,JIGA 3-Pack,13.99,5,price,5,35-44,,North America,Lower-middle,Woman,,,,Full-time,"With two kids and three bathrooms, I need a brush for each one and the JIGA 3-Pack covers all of them for just $13.99. White matches my bathroom, and the stiff nylon bristles do the scrubbing I need without spending a lot."
survey_toilet-brush-choice__oSgqKUa,persona/datasets/matraix-persona-1m/cohorts/cohort-162f4cf6eb0f/persona_wiki-8000f06147e7.yaml,1.0,oxo_hideaway,OXO Hideaway Compact,19.97,4,hygiene,4,65-74,Value-driven,North America,Middle,Woman,Mid-life,Dense urban,$50k-100k,Self-employed,"I want a brush that disappears when it's not in use, and the OXO Hideaway's auto-opening canister keeps the brush out of sight while its ventilated tray prevents water pooling — important for hygiene in a small, humid bathroom. OXO is a brand I trust for well-designed, durable household tools, and at $19.97 the price is reasonable for something I'll use daily for years."
survey_toilet-brush-choice__oSkoHj7,persona/datasets/matraix-persona-1m/cohorts/cohort-162f4cf6eb0f/persona_amazon-db9e0610bd4e.yaml,1.0,oxo_hideaway,OXO Hideaway Compact,19.97,4,hygiene,4,55-64,,North America,,Woman,Retirement,Rural,,Retired,"I know and trust the OXO brand, and the hideaway canister keeps the brush out of sight, which suits my tidy bathroom. The ventilated tray that prevents water pooling matters to me for hygiene, and the compact footprint fits my space at a fair price."
survey_toilet-brush-choice__odxWY9V,persona/datasets/matraix-persona-1m/cohorts/cohort-162f4cf6eb0f/persona_wiki-a2c53be11f37.yaml,1.0,oxo_hideaway,OXO Hideaway Compact,19.97,4,hygiene,4,65+,Indifferent,North America,Upper-middle,Woman,Mid-life,Dense urban,null,Full-time,"I keep a small, tidy bathroom and dislike seeing a dripping brush on display; the OXO's hideaway canister conceals the brush entirely and its ventilated tray stops water pooling, which matters for hygiene. OXO is a brand I trust for well-considered household tools, and at $19.97 the price is fair for the design quality."
survey_toilet-brush-choice__ogMKfsw,persona/datasets/matraix-persona-1m/cohorts/cohort-162f4cf6eb0f/persona_gss-c306c67a2a62.yaml,1.0,jiga_3pack,JIGA 3-Pack,13.99,5,price,4,18-24,,North America,Lower-middle,Woman,Student,,,Student,"As a student on a tight budget, the JIGA 3-pack gives me three complete sets for $13.99, which is by far the best value here. Stiff nylon bristles clean well and I can keep spares for the other bathroom or replace one later. It's simple, practical, and fits what I can actually afford."
survey_toilet-brush-choice__omCFUQx,persona/datasets/matraix-persona-1m/cohorts/cohort-162f4cf6eb0f/persona_wiki-550c245ec1d4.yaml,1.0,oxo_hideaway,OXO Hideaway Compact,19.97,4,hygiene,4,65+,Value-driven,North America,Upper-middle,Man,Mid-life,Small town,null,Retired,"I have used OXO Good Grips products for years and trust the build quality; the hideaway canister keeps the brush out of sight, which suits a tidy bathroom, and the ventilated tray prevents the standing water and odor that cheaper holders develop. At $19.97 it is a sensible price for something I will use daily for years, and the compact footprint fits my space."
survey_toilet-brush-choice__omx85Gi,persona/datasets/matraix-persona-1m/cohorts/cohort-162f4cf6eb0f/persona_wiki-da3dce506edc.yaml,1.0,oxo_hideaway,OXO Hideaway Compact,19.97,4,hygiene,4,55-64,,North America,null,Woman,Mid-life,null,null,Retired,"I want a discreet, well-designed set from a brand I trust, and the hideaway canister that opens automatically keeps the brush out of sight while the ventilated tray prevents water pooling. At $19.97 it is a reasonable mid-range price for the build quality and small-bathroom footprint I need."
survey_toilet-brush-choice__otiLDDV,persona/datasets/matraix-persona-1m/cohorts/cohort-162f4cf6eb0f/persona_gss-afef440244a1.yaml,1.0,jiga_3pack,JIGA 3-Pack,13.99,5,price,4,25-34,,North America,Low income,Woman,,,,Part-time,"I'm on a tight budget and this gives me three full brush and holder sets for basically the price of one. Having spares for the main bathroom and the half bath is practical, and stiff nylon bristles get the job done without any fuss."
survey_toilet-brush-choice__oy97DRR,persona/datasets/matraix-persona-1m/cohorts/cohort-162f4cf6eb0f/persona_gss-577d417fe91a.yaml,1.0,oxo_hideaway,OXO Hideaway Compact,19.97,4,hygiene,4,25-34,,North America,Middle,Man,,,,Full-time,"I want a clean, minimal look in my bathroom and a holder that hides the brush and drains properly so it doesn't sit in dirty water. The OXO Hideaway's auto-open canister and ventilated tray give me the hygiene and compact footprint I care about, and the brand's reputation for durable, well-designed tools justifies the modest price."
survey_toilet-brush-choice__ozHWjFw,persona/datasets/matraix-persona-1m/cohorts/cohort-162f4cf6eb0f/persona_gss-77abecd33bf3.yaml,1.0,oxo_hideaway,OXO Hideaway Compact,19.97,4,hygiene,4,65-74,,North America,Middle,Woman,Retirement,,,Retired,"I like that the brush is completely hidden away inside a compact canister, which keeps the bathroom looking neat and tidy. OXO is a brand I recognize and trust, and the ventilated tray means it won't sit in dirty water. At just under $20, the price is reasonable for something well made that will last."
survey_toilet-brush-choice__p2XqgaC,persona/datasets/matraix-persona-1m/cohorts/cohort-162f4cf6eb0f/persona_wiki-a5e9d0c7c06d.yaml,1.0,oxo_hideaway,OXO Hideaway Compact,19.97,4,hygiene,4,,Value-driven,North America,,,,,,,"The OXO Hideaway Compact's auto-opening canister and ventilated tray keep things tidy and dry, which fits my need for order and hygiene in a shared bathroom. OXO is a brand I trust for durable, well-designed tools, and the compact footprint suits a small space without looking cluttered."
survey_toilet-brush-choice__p8Xvy9E,persona/datasets/matraix-persona-1m/cohorts/cohort-162f4cf6eb0f/persona_wiki-962a83de7658.yaml,1.0,oxo_hideaway,OXO Hideaway Compact,19.97,4,hygiene,4,65+,,North America,,Man,,,,,"I've spent decades around teams and equipment that just work, and OXO has that reputation for solid, no-nonsense design. The hideaway canister that opens automatically and the ventilated tray that keeps water from pooling are the kind of practical details I appreciate. At $19.97 it's a fair price for something that stays out of sight and does its job."
survey_toilet-brush-choice__pDvEvbp,persona/datasets/matraix-persona-1m/cohorts/cohort-162f4cf6eb0f/persona_wiki-f9a8f0c0acd5.yaml,1.0,oxo_hideaway,OXO Hideaway Compact,19.97,5,hygiene,4,65+,Value-driven,North America,High income,Woman,Retirement,Dense urban,null,Full-time,"The OXO Hideaway's auto-opening canister conceals the brush entirely when stored, which suits the restrained aesthetic of my bathroom, and OXO's design engineering is reliably thoughtful. The ventilated tray that prevents water pooling addresses the hygiene concern that matters most to me in a shared household."
survey_toilet-brush-choice__pGfjrRR,persona/datasets/matraix-persona-1m/cohorts/cohort-162f4cf6eb0f/persona_amazon-d18e6af3aa8e.yaml,1.0,oxo_hideaway,OXO Hideaway Compact,19.97,4,hygiene,4,,,North America,,,,,,,"I'm skeptical of flashy no-name brands, but OXO is a brand I've had good experiences with and reviews for the Hideaway are consistently strong. The auto-open canister hides the brush, has a ventilated tray so it doesn't pool water, and the compact footprint suits my small bathroom at a fair $19.97."
survey_toilet-brush-choice__pGkYxrj,persona/datasets/matraix-persona-1m/cohorts/cohort-162f4cf6eb0f/persona_wiki-18d70cec9cb8.yaml,1.0,oxo_hideaway,OXO Hideaway Compact,19.97,4,hygiene,4,,,North America,Upper-middle,Woman,Mid-life,Dense urban,,Self-employed,"The auto-open hideaway canister keeps the brush fully concealed, which suits the clean, minimal look I want in a bathroom, and the ventilated tray addresses the hygiene issue that matters most to me. OXO's design reputation and the compact footprint justify the mid-range price, and I trust the firm nylon bristles to actually scrub rather than smear."
survey_toilet-brush-choice__pLCvdRU,persona/datasets/matraix-persona-1m/cohorts/cohort-162f4cf6eb0f/persona_gss-0950e11804da.yaml,1.0,oxo_hideaway,OXO Hideaway Compact,19.97,4,hygiene,4,,,North America,Middle,Woman,,,,Homemaker,"I want something that looks tidy and clean in my bathroom, and the hideaway canister keeps the brush out of sight, which suits my standards for a presentable home. OXO is a brand I recognize and trust, and the ventilated tray helps it stay hygienic between cleanings. At $19.97 it is a reasonable middle price for something that will last and look neat."
survey_toilet-brush-choice__pSbPSb7,persona/datasets/matraix-persona-1m/cohorts/cohort-162f4cf6eb0f/persona_wiki-244c84345a40.yaml,1.0,oxo_hideaway,OXO Hideaway Compact,19.97,4,hygiene,4,,,North America,,Man,,,,,"The auto-open hideaway canister keeps the brush out of sight, which suits a small, tidy bathroom, and OXO's ventilated tray solves the soggy-base problem I actually care about. At $19.97 it sits in the sensible middle of the shelf, and the brand's reputation for well-designed household tools gives me confidence it will last."
survey_toilet-brush-choice__pTZp6ep,persona/datasets/matraix-persona-1m/cohorts/cohort-162f4cf6eb0f/persona_gss-fc0a095cdd38.yaml,1.0,jiga_3pack,JIGA 3-Pack,13.99,5,price,4,25-34,,North America,Lower-middle,Woman,,,,Part-time,"I'm on a tight budget and this gives me three complete sets for the price of one, so I can keep one in my bathroom and have spares for the second bathroom or for when one wears out. The stiff nylon bristles and non-slip handles cover the basics I need, and I can't justify spending more on a single fancier set."
survey_toilet-brush-choice__pUQCDff,persona/datasets/matraix-persona-1m/cohorts/cohort-162f4cf6eb0f/persona_wiki-3c69181534aa.yaml,1.0,oxo_hideaway,OXO Hideaway Compact,19.97,4,design,4,65+,Indifferent,North America,Middle,Man,Mid-life,Small town,null,Self-employed,"I value order and neatness in the home, and this set keeps the brush completely hidden while the canister opens automatically on lifting. OXO is a brand I trust for durable, well-designed tools, and the ventilated tray addresses hygiene without any fuss."
survey_toilet-brush-choice__pV9JFeM,persona/datasets/matraix-persona-1m/cohorts/cohort-162f4cf6eb0f/persona_gss-c3eb3911125c.yaml,1.0,clorox_under_rim,Clorox Corner Under-Rim,15.5,4,cleaning,4,18-24,,North America,Lower-middle,Man,,,,Full-time,"I want a brush that actually gets under the rim where the grime hides, and the dedicated under-rim scrubber plus antibacterial bristles sold me. The corner caddy keeps it tucked out of the way, and at $15.50 it's a fair price for a trusted household name."
survey_toilet-brush-choice__pVGgxHV,persona/datasets/matraix-persona-1m/cohorts/cohort-162f4cf6eb0f/persona_gss-ec40bc45f4ce.yaml,1.0,oxo_hideaway,OXO Hideaway Compact,19.97,4,hygiene,4,65-74,,North America,Middle,Woman,Retirement,,,Retired,"At my age I want something simple and hygienic that doesn't splash or leave a wet mess, and the OXO hideaway canister opens automatically and has a ventilated tray so water doesn't pool. It's a trusted brand, compact for my small bathroom, and at under $20 the price is reasonable for the quality."
survey_toilet-brush-choice__pYU8iSH,persona/datasets/matraix-persona-1m/cohorts/cohort-162f4cf6eb0f/persona_gss-489060fa3fb9.yaml,1.0,jiga_3pack,JIGA 3-Pack,13.99,5,price,4,45-54,,North America,Lower-middle,Woman,,,,Full-time,"I have two bathrooms and a tight budget, so getting three complete brush and holder sets for $13.99 is the best value on the shelf. Stiff nylon bristles and a covered caddy are all I really need for everyday cleaning."
survey_toilet-brush-choice__pYikk5n,persona/datasets/matraix-persona-1m/cohorts/cohort-162f4cf6eb0f/persona_gss-ebc1814dd5b7.yaml,1.0,jiga_3pack,JIGA 3-Pack,13.99,5,price,4,35-44,,North America,Lower-middle,Woman,,,,Homemaker,"With two kids and three bathrooms, I go through toilet brushes faster than I'd like, so getting three sets for $13.99 is the practical choice for our budget. The stiff nylon bristles and covered caddy bases cover what I need without spending much."
survey_toilet-brush-choice__paSjXnD,persona/datasets/matraix-persona-1m/cohorts/cohort-162f4cf6eb0f/persona_wiki-2ceaae55ec57.yaml,1.0,oxo_hideaway,OXO Hideaway Compact,19.97,4,hygiene,4,65+,Value-driven,North America,High income,Woman,Retirement,Dense urban,$200k+,Full-time,"I want a hygienic, well-engineered set that conceals the brush and doesn't leave standing water in the base, and OXO's hideaway canister with its ventilated tray does exactly that. The brand has earned my trust over decades of reliable kitchen and household tools, and the compact footprint suits my bathroom without visual clutter. The price is reasonable for the design and build quality."
survey_toilet-brush-choice__paj9dXP,persona/datasets/matraix-persona-1m/cohorts/cohort-162f4cf6eb0f/persona_wiki-72c2008e150a.yaml,1.0,oxo_hideaway,OXO Hideaway Compact,19.97,4,design,4,65+,Value-driven,North America,Upper-middle,Woman,Retirement,Dense urban,null,Self-employed,"I want a brush that disappears into a clean, minimal canister rather than sitting out looking utilitarian — the OXO Hideaway's auto-opening canister and ventilated tray solve both aesthetics and the water-pooling hygiene problem. OXO is a brand I trust for well-considered, durable household tools, and at $19.97 it's a reasonable price for something I'll use daily for years."
survey_toilet-brush-choice__pdFjr2p,persona/datasets/matraix-persona-1m/cohorts/cohort-162f4cf6eb0f/persona_wiki-860774a5fef3.yaml,1.0,oxo_hideaway,OXO Hideaway Compact,19.97,4,design,4,,,North America,,Man,Retirement,,,,"I want a clean, uncluttered bathroom and the OXO Hideaway keeps the brush completely out of sight in a compact ventilated canister that opens automatically. OXO is a brand I trust for durable, well-engineered household tools, and at $19.97 the price is reasonable for that quality."
survey_toilet-brush-choice__peWh2X2,persona/datasets/matraix-persona-1m/cohorts/cohort-162f4cf6eb0f/persona_wiki-e529b87664bd.yaml,1.0,oxo_hideaway,OXO Hideaway Compact,19.97,4,hygiene,4,,,North America,,Man,Mid-life,,,Full-time,"I want a clean, minimal look where the brush stays hidden, and OXO's auto-open canister with a ventilated tray solves the two things I care about most: discreet design and no standing water. At $19.97 it's reasonably priced for a brand I trust to last."
survey_toilet-brush-choice__phpfQr9,persona/datasets/matraix-persona-1m/cohorts/cohort-162f4cf6eb0f/persona_gss-75789ceaa30a.yaml,1.0,jiga_3pack,JIGA 3-Pack,13.99,5,price,4,35-44,,North America,Lower-middle,Man,,,,Full-time,"With three kids and three bathrooms, I need a brush for each one, and getting three sets for $13.99 fits my budget far better than paying $25-30 for a single set. The stiff nylon bristles and covered caddy bases give me the scrubbing power and neat storage I want without spending much."
survey_toilet-brush-choice__piGUhRo,persona/datasets/matraix-persona-1m/cohorts/cohort-162f4cf6eb0f/persona_stackoverflow-48c259dd8506.yaml,1.0,oxo_hideaway,OXO Hideaway Compact,19.97,4,hygiene,4,45-54,,North America,,,Mid-life,,,Part-time,"I want a brush that stays completely out of sight when stored, and the OXO's hideaway canister with a ventilated tray addresses the two things I actually care about: no visible soiled brush and no standing water breeding bacteria. OXO is a brand whose build quality I've trusted for years in the kitchen, and at $19.97 the price is reasonable for something I'll use daily for a decade."
survey_toilet-brush-choice__ptDsMgy,persona/datasets/matraix-persona-1m/cohorts/cohort-162f4cf6eb0f/persona_wiki-476c77f8ce98.yaml,1.0,oxo_hideaway,OXO Hideaway Compact,19.97,4,hygiene,4,,Indifferent,North America,Low income,Woman,Mid-life,Small town,,Self-employed,"I keep a modest bathroom and value a clean, uncluttered look, so the OXO Hideaway's auto-open canister that conceals the brush entirely appeals to me. The ventilated tray that prevents water pooling matters for hygiene, and at $19.97 the price is reasonable for a well-designed tool from a brand I trust. Its compact footprint suits a small space without sacrificing cleaning performance."
survey_toilet-brush-choice__pwaCqRk,persona/datasets/matraix-persona-1m/cohorts/cohort-162f4cf6eb0f/persona_wiki-ea2b48559b20.yaml,1.0,oxo_hideaway,OXO Hideaway Compact,19.97,4,hygiene,4,65+,,North America,Upper-middle,Woman,Retirement,Dense urban,null,Retired,"I want a clean, unobtrusive look in a guest-visible bathroom, and the OXO hideaway canister keeps the brush entirely out of sight while its ventilated tray prevents standing water. OXO has a solid reputation for well-engineered household tools, and at $19.97 the price is reasonable for a single quality set rather than a multi-pack I don't need."
survey_toilet-brush-choice__q6BsnKL,persona/datasets/matraix-persona-1m/cohorts/cohort-162f4cf6eb0f/persona_gss-1777273913b2.yaml,1.0,oxo_hideaway,OXO Hideaway Compact,19.97,4,brand,4,85+,,North America,Middle,Woman,Retirement,,,Retired,"I remember the OXO name from my kitchen gadgets and always found their products well made and easy to grip. The hideaway canister keeps the brush out of sight, which suits my tidy bathroom, and it is compact enough for the small space beside my toilet. At just under twenty dollars it feels like a fair price for something that will last."
survey_toilet-brush-choice__q6q6YvY,persona/datasets/matraix-persona-1m/cohorts/cohort-162f4cf6eb0f/persona_wiki-8a68d61ff7d7.yaml,1.0,oxo_hideaway,OXO Hideaway Compact,19.97,4,hygiene,4,65+,,North America,Upper-middle,Man,Retirement,Suburban,null,Retired,"I want a clean, uncluttered bathroom and a brush that stays out of sight when stored. The OXO Hideaway's auto-open canister and ventilated tray that prevents water pooling hit exactly the hygiene and tidy-design notes I care about, and the brand has a solid reputation for durable everyday tools. At $19.97 the price is reasonable for something I'll use weekly for years."
survey_toilet-brush-choice__q9EyP5W,persona/datasets/matraix-persona-1m/cohorts/cohort-162f4cf6eb0f/persona_gss-7c4bca0d87e5.yaml,1.0,oxo_hideaway,OXO Hideaway Compact,19.97,4,hygiene,4,35-44,,North America,Lower-middle,Man,,,,Full-time,"I want a clean, minimal look in my bathroom and the OXO hideaway canister keeps the brush out of sight, which matters to me. It's a brand I recognize for durable everyday products, and at $19.97 the price is reasonable for something that won't need replacing soon."
survey_toilet-brush-choice__qA8ZBGP,persona/datasets/matraix-persona-1m/cohorts/cohort-162f4cf6eb0f/persona_wiki-3637a668665e.yaml,1.0,oxo_hideaway,OXO Hideaway Compact,19.97,4,hygiene,4,65+,Value-driven,North America,Upper-middle,Woman,Retirement,Dense urban,,Retired,"I have used OXO Good Grips products for years and find their build quality and ergonomics consistently reliable. The hideaway canister keeps the brush entirely out of sight and the ventilated tray prevents the standing water and odor that plague open holders, which suits the tidy, orderly standard I keep in my home. At $19.97 it is a reasonable price for a trusted brand and a design that will last."
survey_toilet-brush-choice__qBXD5Ab,persona/datasets/matraix-persona-1m/cohorts/cohort-162f4cf6eb0f/persona_wiki-f8c66d009f43.yaml,1.0,oxo_hideaway,OXO Hideaway Compact,19.97,4,hygiene,4,65+,Value-driven,North America,High income,Man,Mid-life,Rural,,Self-employed,"I want a covered, compact set that hides the brush and drains properly, and OXO's reputation for durable, well-engineered household goods gives me confidence. The auto-open canister and ventilated tray address hygiene and tidiness, which matter more to me than saving a few dollars."
survey_toilet-brush-choice__qMPq4DB,persona/datasets/matraix-persona-1m/cohorts/cohort-162f4cf6eb0f/persona_stackoverflow-c28d03f1e156.yaml,1.0,oxo_hideaway,OXO Hideaway Compact,19.97,4,hygiene,4,35-44,,North America,,,,,,Full-time,"I want a clean, uncluttered look and the hideaway canister means I never see the brush head when it's stored, which matters in a small bathroom. OXO is a brand I trust for well-designed, durable everyday tools, and the ventilated tray that prevents water pooling addresses the hygiene issue I care about most. At $19.97 it's a reasonable price for something I'll use weekly for years."
survey_toilet-brush-choice__qRQ6dHa,persona/datasets/matraix-persona-1m/cohorts/cohort-162f4cf6eb0f/persona_wiki-8f6e2a8c6af6.yaml,1.0,oxo_hideaway,OXO Hideaway Compact,19.97,4,hygiene,4,25-34,Value-driven,North America,Upper-middle,Man,Early career,Small town,null,Full-time,"I want a clean, minimal look and the hideaway canister that opens automatically when lifted is genuinely useful — no dripping brush on display, and the ventilated tray stops water pooling. OXO's build quality and brand trust justify the mid-tier price, and the compact footprint suits a small bathroom."
survey_toilet-brush-choice__qVzq4vs,persona/datasets/matraix-persona-1m/cohorts/cohort-162f4cf6eb0f/persona_stackoverflow-98bfb8f464eb.yaml,1.0,oxo_hideaway,OXO Hideaway Compact,19.97,4,hygiene,4,55-64,,North America,,,,,,Self-employed,"The OXO Hideaway's auto-open canister keeps the brush fully hidden and its ventilated tray prevents water pooling, which matters most to me for hygiene in a small bathroom. At $19.97 it's a fair price for a design that solves the storage and cleanliness problem without being flashy."
survey_toilet-brush-choice__qdwjAjj,persona/datasets/matraix-persona-1m/cohorts/cohort-162f4cf6eb0f/persona_gss-78b41170ccf0.yaml,1.0,jiga_3pack,JIGA 3-Pack,13.99,5,price,4,45-54,,North America,Middle,Man,,,,Full-time,"With three kids and multiple bathrooms, the 3-pack gives me a brush for each bathroom at a price that fits our budget. Stiff nylon bristles and covered caddies are practical and easy to keep clean, and the value is hard to beat."
survey_toilet-brush-choice__qe3gu5k,persona/datasets/matraix-persona-1m/cohorts/cohort-162f4cf6eb0f/persona_amazon-237adaf99b39.yaml,1.0,oxo_hideaway,OXO Hideaway Compact,19.97,4,hygiene,4,45-54,,North America,,,,,,,"I want a brush that disappears when stored, and the OXO hideaway canister opens automatically and has a ventilated tray so it won't sit in dirty water. The compact footprint suits my bathroom, and at $19.97 it's a fair mid-range price from a brand I can reasonably trust."
survey_toilet-brush-choice__qeaxKxC,persona/datasets/matraix-persona-1m/cohorts/cohort-162f4cf6eb0f/persona_wiki-923c28eaa8ae.yaml,1.0,oxo_hideaway,OXO Hideaway Compact,19.97,5,hygiene,4,,Value-driven,North America,Upper-middle,Woman,Mid-life,Dense urban,,Full-time,"I want a brush that disappears when stored and does not sit in a puddle of dirty water, and the OXO's auto-opening canister with a ventilated tray solves exactly that. The brand has a long track record in my kitchen, the footprint is small for a secondary bathroom, and $19.97 is a reasonable price for something I will use weekly for years."
survey_toilet-brush-choice__qj2Kai2,persona/datasets/matraix-persona-1m/cohorts/cohort-162f4cf6eb0f/persona_stackoverflow-0bd0cd967efc.yaml,1.0,oxo_hideaway,OXO Hideaway Compact,19.97,4,hygiene,4,35-44,,North America,,,Mid-life,,,,"I want a covered, minimal set that hides the brush entirely and has a ventilated tray so it dries without pooling water — the OXO auto-open canister delivers exactly that. It's a mid-range price from a brand with a solid track record, which fits my preference for reliability over novelty."
survey_toilet-brush-choice__qjH89xp,persona/datasets/matraix-persona-1m/cohorts/cohort-162f4cf6eb0f/persona_stackoverflow-63ae28592f83.yaml,1.0,oxo_hideaway,OXO Hideaway Compact,19.97,4,hygiene,4,45-54,,North America,High income,,,,,Full-time,"I want a hygienic, low-clutter setup in a small bathroom, and the OXO Hideaway's auto-opening canister keeps the brush hidden while its ventilated tray prevents water pooling and mildew. OXO is a brand I trust for well-designed, durable everyday tools, and $19.97 is reasonable for that quality."
survey_toilet-brush-choice__qmTaWmw,persona/datasets/matraix-persona-1m/cohorts/cohort-162f4cf6eb0f/persona_gss-abcf54779233.yaml,1.0,boomjoy_tweezer,BOOMJOY Silicone+Tweezers,12.99,5,price,4,55-64,,North America,Lower-middle,Woman,,,,Full-time,"At $12.99 it's the cheapest option that actually solves a real problem for me — the built-in tweezers for pulling out tangled hair, and the ventilated base should dry fast and stay less gross. I'm divorced, live alone, and don't want to spend much on a bathroom accessory, so a low price plus a practical, hygienic design wins over fancy looks."
survey_toilet-brush-choice__qmZw2bK,persona/datasets/matraix-persona-1m/cohorts/cohort-162f4cf6eb0f/persona_stackoverflow-a75cfa1e3e69.yaml,1.0,oxo_hideaway,OXO Hideaway Compact,19.97,4,hygiene,4,35-44,,North America,,,,,,Full-time,"I want a compact, tidy set that hides the brush when not in use, and OXO's hideaway canister with a ventilated tray fits that without looking cheap. The $19.97 price is reasonable for a brand I trust, and the small footprint suits a bathroom where I don't want a bulky caddy."
survey_toilet-brush-choice__qmv2rG3,persona/datasets/matraix-persona-1m/cohorts/cohort-162f4cf6eb0f/persona_amazon-999eb6f9a54b.yaml,1.0,oxo_hideaway,OXO Hideaway Compact,19.97,4,hygiene,4,,,North America,,,,Suburban,,Self-employed,"I've had cheap brushes that look gross sitting in a puddle of water, so the auto-open hideaway canister with a ventilated tray is exactly what I want. OXO stuff generally holds up, and the compact footprint suits my bathroom without being an eyesore."
survey_toilet-brush-choice__qpDbaed,persona/datasets/matraix-persona-1m/cohorts/cohort-162f4cf6eb0f/persona_stackoverflow-551e664b14c5.yaml,1.0,oxo_hideaway,OXO Hideaway Compact,19.97,4,hygiene,4,18-24,,North America,,,Early career,,,Full-time,"I want a covered, minimal set that hides the brush and doesn't pool water, and OXO's auto-open ventilated canister does exactly that. It's mid-priced at $19.97, a known brand, and the simple white-gray look fits a bathroom without being gimmicky."
survey_toilet-brush-choice__qsQukmu,persona/datasets/matraix-persona-1m/cohorts/cohort-162f4cf6eb0f/persona_amazon-85f953259e86.yaml,1.0,oxo_hideaway,OXO Hideaway Compact,19.97,4,hygiene,4,,,North America,,Man,Mid-life,Suburban,,Self-employed,"I want a compact, clean-looking set that hides the brush when not in use, and OXO's auto-open canister with a ventilated tray fits that perfectly. The $19.97 price is reasonable for a well-known brand with solid build quality, and it won't look like an eyesore in a small bathroom."
survey_toilet-brush-choice__r5bfUCQ,persona/datasets/matraix-persona-1m/cohorts/cohort-162f4cf6eb0f/persona_wiki-5367b820b02e.yaml,1.0,oxo_hideaway,OXO Hideaway Compact,19.97,4,hygiene,4,65+,,North America,,Man,Retirement,,,Retired,"After twenty-plus years of coaching teams, I value gear that's reliable, tidy, and well-engineered—and OXO has a long track record of exactly that. The hideaway canister keeps the brush out of sight, the ventilated tray stops water pooling, and the compact footprint suits a small bathroom. At $19.97 it's a fair price for a brand I trust to hold up."
survey_toilet-brush-choice__r5gRKPK,persona/datasets/matraix-persona-1m/cohorts/cohort-162f4cf6eb0f/persona_gss-8faa38dff9a7.yaml,1.0,oxo_hideaway,OXO Hideaway Compact,19.97,4,hygiene,3,75-84,,North America,Middle,Woman,Retirement,,,Retired,"At my age I want something simple, tidy and trustworthy, and OXO is a brand I know and have had good luck with in the kitchen. The hideaway canister keeps the brush out of sight so the bathroom looks neat when guests come, and the ventilated tray means it won't sit in dirty water. The compact size suits my small guest bathroom, and at just under $20 the price is reasonable for the quality."
survey_toilet-brush-choice__r6ZSat6,persona/datasets/matraix-persona-1m/cohorts/cohort-162f4cf6eb0f/persona_gss-1a62fb054c4e.yaml,1.0,clorox_under_rim,Clorox Corner Under-Rim,15.5,4,brand,4,85+,,North America,Lower-middle,Man,Retirement,,,Retired,"I've used Clorox cleaning products for years and trust the name. The under-rim scrubber and corner caddy are practical for a small bathroom, and at $15.50 the price is reasonable for a brand I know."
survey_toilet-brush-choice__rCtBgtz,persona/datasets/matraix-persona-1m/cohorts/cohort-162f4cf6eb0f/persona_gss-3022bf422463.yaml,1.0,oxo_hideaway,OXO Hideaway Compact,19.97,4,hygiene,4,25-34,,North America,,Man,,,,Full-time,"I want something compact and tidy for a small bathroom, and the hideaway canister that opens automatically and keeps the brush out of sight is exactly the clean, minimal look I prefer. At $19.97 it's a reasonable mid-range price and OXO is a brand I trust for well-designed everyday tools."
survey_toilet-brush-choice__rLXcwz7,persona/datasets/matraix-persona-1m/cohorts/cohort-162f4cf6eb0f/persona_wiki-5fa82eb4bc15.yaml,1.0,oxo_hideaway,OXO Hideaway Compact,19.97,4,hygiene,4,65+,,North America,,Man,Retirement,,,Retired,"I want a clean, uncluttered bathroom and the OXO Hideaway keeps the brush completely out of sight while its auto-open canister and ventilated tray address hygiene and water pooling. OXO is a brand I trust, and at $19.97 the price is reasonable for the quality and compact footprint."
survey_toilet-brush-choice__rLYMdY7,persona/datasets/matraix-persona-1m/cohorts/cohort-162f4cf6eb0f/persona_wiki-aa4a1d8ea357.yaml,1.0,oxo_hideaway,OXO Hideaway Compact,19.97,4,hygiene,4,65+,Value-driven,North America,High income,Man,Mid-life,Small town,$100k-200k,Self-employed,"I want a discreet, well-engineered set that looks tidy and keeps the brush out of sight, and OXO's reputation for durable, thoughtfully designed household tools gives me confidence in the build quality. The hideaway canister that opens automatically and the ventilated tray address hygiene and small-space practicality, which matter more to me than saving a few dollars."
survey_toilet-brush-choice__rPVakEv,persona/datasets/matraix-persona-1m/cohorts/cohort-162f4cf6eb0f/persona_gss-28cf85eb5db3.yaml,1.0,oxo_hideaway,OXO Hideaway Compact,19.97,4,hygiene,4,35-44,,North America,Lower-middle,Man,,,,Full-time,"I want something that keeps the brush hidden and doesn't look messy in a small bathroom, and the auto-open canister with a ventilated tray seems hygienic. OXO is a brand I recognize and the price is reasonable for the quality."
survey_toilet-brush-choice__rTheJAj,persona/datasets/matraix-persona-1m/cohorts/cohort-162f4cf6eb0f/persona_wiki-432ee6461983.yaml,1.0,clorox_under_rim,Clorox Corner Under-Rim,15.5,4,cleaning,4,,,North America,,Man,,,,Full-time,"I want a brush that actually gets under the rim, and the dedicated under-rim scrubber head plus antibacterial bristles covers that job better than the silicone or plain bristle options. The corner caddy keeps it tidy in a tight bathroom, and at $15.50 it's a fair price for a name I already trust."
survey_toilet-brush-choice__rWCfSQh,persona/datasets/matraix-persona-1m/cohorts/cohort-162f4cf6eb0f/persona_stackoverflow-5ba389a0a2eb.yaml,1.0,oxo_hideaway,OXO Hideaway Compact,19.97,4,hygiene,4,35-44,,North America,,,,,,Full-time,"As a professional developer who reads specs carefully and distrusts vague claims, I want a set that solves the actual problem: a ventilated tray that prevents water pooling and a canister that hides the brush so it doesn't look like a bathroom tool in plain sight. OXO's hideaway design and compact footprint fit a small bathroom, and the brand has a track record I can verify rather than trust marketing copy. At $19.97 it's mid-priced but justified by build quality and hygiene design."
survey_toilet-brush-choice__rWMLRaY,persona/datasets/matraix-persona-1m/cohorts/cohort-162f4cf6eb0f/persona_gss-b89a0e2e82b0.yaml,1.0,jiga_3pack,JIGA 3-Pack,13.99,5,price,4,65-74,,North America,Lower-middle,Woman,,,,Part-time,"I'm a widow on a fixed income, so getting three brushes for $13.99 is the best value on the shelf. I have three bathrooms and a spare, and stiff nylon bristles do the job just fine like the ones I've always used."
survey_toilet-brush-choice__rWn5YQi,persona/datasets/matraix-persona-1m/cohorts/cohort-162f4cf6eb0f/persona_gss-9d253045bffd.yaml,1.0,oxo_hideaway,OXO Hideaway Compact,19.97,4,hygiene,4,25-34,,North America,Lower-middle,Man,,,,Full-time,"I want something that looks clean and hides the brush, and OXO is a brand I trust for functional design. The auto-open canister with a ventilated tray fits my small bathroom and keeps things from getting gross."
survey_toilet-brush-choice__rYshB55,persona/datasets/matraix-persona-1m/cohorts/cohort-162f4cf6eb0f/persona_wiki-bbcf5b432647.yaml,1.0,oxo_hideaway,OXO Hideaway Compact,19.97,4,hygiene,4,65+,,North America,Upper-middle,Man,Retirement,Suburban,$200k+,Retired,"I favor the OXO Good Grips Hideaway because the automatic-opening canister keeps the brush fully concealed and the ventilated tray prevents standing water, which matters to me for hygiene. OXO is a brand I trust for well-engineered household tools, and at $19.97 the price is reasonable for the build quality and compact footprint."
survey_toilet-brush-choice__rgSzWhJ,persona/datasets/matraix-persona-1m/cohorts/cohort-162f4cf6eb0f/persona_gss-b7325ea270f0.yaml,1.0,clorox_under_rim,Clorox Corner Under-Rim,15.5,4,cleaning,4,18-24,,North America,Lower-middle,Woman,,,,Homemaker,"I need something that actually gets the toilet clean, and the under-rim scrubber plus antibacterial bristles sounds like it does the job. The Clorox name is one I trust for cleaning products, and at $15.50 the price is reasonable for a homemaker on a budget."
survey_toilet-brush-choice__rjPf2Bq,persona/datasets/matraix-persona-1m/cohorts/cohort-162f4cf6eb0f/persona_gss-e3b13b9efa38.yaml,1.0,oxo_hideaway,OXO Hideaway Compact,19.97,4,hygiene,4,,,North America,Middle,Woman,Retirement,,,Retired,"The OXO Hideaway's auto-open canister keeps the brush completely out of sight when stored, which suits my clean, minimal bathroom. OXO is a brand I trust for durable everyday tools, and the ventilated tray means less standing water and odor."
survey_toilet-brush-choice__rnRfuQx,persona/datasets/matraix-persona-1m/cohorts/cohort-162f4cf6eb0f/persona_wiki-7c7fc892efd5.yaml,1.0,ixo_stainless,IXO 2-Pack Stainless,28.6,4,material,4,65+,,North America,null,Man,Retirement,null,null,null,"I'm a car guy who's spent decades around tools and metalwork, so 304 stainless steel rods and a clean navy-and-silver look appeal to me far more than plastic gimmicks. The 2-pack means I've got one for the master bath and one for the shop bathroom, and stainless won't rust or look cheap after a couple years. At $28.60 for two, that's solid value for something that'll actually hold up."
survey_toilet-brush-choice__rpsN6tK,persona/datasets/matraix-persona-1m/cohorts/cohort-162f4cf6eb0f/persona_wiki-122825cf3176.yaml,1.0,oxo_hideaway,OXO Hideaway Compact,19.97,4,hygiene,4,65+,Value-driven,North America,Upper-middle,Woman,Mid-life,Dense urban,null,Self-employed,"I want a discreet, well-engineered set that disappears into a small bathroom rather than advertising itself, and the OXO's hideaway canister with a ventilated tray addresses the hygiene problem I actually care about. OXO's design record and the $19.97 price make it the sensible, durable choice."
survey_toilet-brush-choice__rrBRDKN,persona/datasets/matraix-persona-1m/cohorts/cohort-162f4cf6eb0f/persona_amazon-3116f36638a8.yaml,1.0,oxo_hideaway,OXO Hideaway Compact,19.97,4,hygiene,4,,,North America,,Man,,Suburban,,,"I trust OXO as a brand for well-designed everyday tools, and the hideaway canister keeps the brush out of sight which suits a clean bathroom look. The ventilated tray that prevents water pooling addresses the hygiene issue I care about most, and at $19.97 the price is reasonable for the build quality."
survey_toilet-brush-choice__rtwFRBN,persona/datasets/matraix-persona-1m/cohorts/cohort-162f4cf6eb0f/persona_gss-8e6ed850990b.yaml,1.0,oxo_hideaway,OXO Hideaway Compact,19.97,4,hygiene,4,55-64,,North America,Middle,Woman,,,,Full-time,"I want a brush that stays hidden and tidy in a small bathroom, and OXO is a brand I trust for everyday household items. The auto-open canister and ventilated tray mean less mess and no standing water, which matters to me more than saving a few dollars."
survey_toilet-brush-choice__rw95Pcf,persona/datasets/matraix-persona-1m/cohorts/cohort-162f4cf6eb0f/persona_gss-cf2880e6d4fa.yaml,1.0,clorox_under_rim,Clorox Corner Under-Rim,15.5,5,brand,4,75-84,,North America,Middle,Woman,Retirement,,,Retired,"I trust the Clorox name and the corner caddy keeps it tucked out of the way in my small bathroom. The under-rim scrubber and antibacterial bristles suit how I like to keep things properly clean, and the price is reasonable."
survey_toilet-brush-choice__rzdwoyi,persona/datasets/matraix-persona-1m/cohorts/cohort-162f4cf6eb0f/persona_gss-a197deffb4c4.yaml,1.0,oxo_hideaway,OXO Hideaway Compact,19.97,4,hygiene,4,65-74,,North America,Middle,Man,Retirement,,,Retired,"I'm a practical man and I trust OXO as a brand — I've had good luck with their kitchen tools over the years. The hideaway canister keeps the brush out of sight, which suits a tidy bathroom, and the ventilated tray means it won't sit in a puddle of water. At just under twenty dollars it's a fair price for something that will last and not look cheap."
survey_toilet-brush-choice__s2LzAet,persona/datasets/matraix-persona-1m/cohorts/cohort-162f4cf6eb0f/persona_stackoverflow-1752fdc7a03a.yaml,1.0,oxo_hideaway,OXO Hideaway Compact,19.97,4,hygiene,4,35-44,,North America,,,,,,Self-employed,"I want a brush that stays clean and out of sight, and the OXO's hideaway canister opens automatically when lifted while its ventilated tray prevents water pooling at the base. The compact footprint suits a small bathroom, and OXO is a brand whose build quality I've had good experience with, which justifies the mid-range $19.97 price over the cheaper silicone sets."
survey_toilet-brush-choice__s4a3mEJ,persona/datasets/matraix-persona-1m/cohorts/cohort-162f4cf6eb0f/persona_amazon-a77cdefa924a.yaml,1.0,oxo_hideaway,OXO Hideaway Compact,19.97,4,hygiene,4,25-34,,North America,,Woman,,Suburban,,Self-employed,"I want a compact set that hides the brush away so my bathroom stays tidy, and OXO's hideaway canister auto-opens when you lift the brush, which is a smart design I trust. The ventilated tray prevents water pooling, which fits my preference for hygienic, well-organized products, and at $19.97 the price is reasonable for the quality."
survey_toilet-brush-choice__sE8Vz4E,persona/datasets/matraix-persona-1m/cohorts/cohort-162f4cf6eb0f/persona_stackoverflow-1112d94d0a6f.yaml,1.0,oxo_hideaway,OXO Hideaway Compact,19.97,4,hygiene,4,25-34,,North America,,,Early career,,,Full-time,"I've had cheap bristle brushes that pool water in the base and get gross within weeks, so the ventilated tray and hideaway canister that opens automatically when lifted solves the two things I actually care about. OXO is a brand I trust for kitchen and bath tools, and at $19.97 it's a reasonable one-time cost for something I'll use daily for years."
survey_toilet-brush-choice__sEdYYFU,persona/datasets/matraix-persona-1m/cohorts/cohort-162f4cf6eb0f/persona_stackoverflow-6f4161100fe1.yaml,1.0,oxo_hideaway,OXO Hideaway Compact,19.97,4,hygiene,4,55-64,,North America,,,,,,Full-time,"I want a brush that stays out of sight and doesn't pool water—the OXO Hideaway's auto-open canister and ventilated tray solve both, and OXO is a brand I trust for durable everyday tools. At $19.97 it's a fair price for something I'll use daily for years, and the compact footprint fits my bathroom without clutter."
survey_toilet-brush-choice__sJNv7Mi,persona/datasets/matraix-persona-1m/cohorts/cohort-162f4cf6eb0f/persona_gss-7ed0e616ccec.yaml,1.0,oxo_hideaway,OXO Hideaway Compact,19.97,4,hygiene,4,55-64,,North America,Middle,Man,,,,Part-time,"I trust the OXO brand and the hideaway canister keeps the brush out of sight, which suits my wife's preference for a tidy bathroom. The ventilated tray that prevents water pooling is a practical hygiene feature, and at $19.97 the price is reasonable for the quality."
survey_toilet-brush-choice__sM2S5xg,persona/datasets/matraix-persona-1m/cohorts/cohort-162f4cf6eb0f/persona_gss-cec330a61256.yaml,1.0,jiga_3pack,JIGA 3-Pack,13.99,5,price,4,55-64,,North America,Lower-middle,Man,,,,Unemployed,"I have a couple of bathrooms and a downstairs powder room, so a 3-pack at $13.99 covers all of them without spending much. I'm not fussy about fancy silicone or stainless looks — stiff nylon bristles do the job and the price is right for someone on a tight budget."
survey_toilet-brush-choice__sN94ib3,persona/datasets/matraix-persona-1m/cohorts/cohort-162f4cf6eb0f/persona_wiki-c1223cae6566.yaml,1.0,oxo_hideaway,OXO Hideaway Compact,19.97,4,hygiene,4,65-74,,North America,Upper-middle,Man,Retirement,Small town,null,Retired,"I want a tidy, well-organized bathroom and the OXO Hideaway's canister conceals the brush entirely when stored, which keeps the room looking clean and orderly. OXO is a brand I trust for durable, thoughtfully engineered household tools, and at $19.97 the price is reasonable for the automatic open/close mechanism and ventilated tray that prevents water pooling."
survey_toilet-brush-choice__sTp3GhF,persona/datasets/matraix-persona-1m/cohorts/cohort-162f4cf6eb0f/persona_gss-70c419c516fd.yaml,1.0,oxo_hideaway,OXO Hideaway Compact,19.97,4,hygiene,4,65-74,,North America,Middle,Man,Retirement,,,Retired,"I'm retired and want something simple and tidy that keeps the brush out of sight in a small bathroom. OXO is a brand I've had good luck with, the hideaway canister opens automatically, and the ventilated tray keeps it from sitting in water."
survey_toilet-brush-choice__sb3St4a,persona/datasets/matraix-persona-1m/cohorts/cohort-162f4cf6eb0f/persona_wiki-35a3140725f4.yaml,1.0,oxo_hideaway,OXO Hideaway Compact,19.97,4,hygiene,4,65+,Value-driven,North America,Middle,Woman,Retirement,Small town,$50k-100k,Retired,"I want a brush that disappears into a clean, compact canister — the auto-open lid keeps things tidy and the ventilated tray stops water from pooling, which matters for hygiene. OXO has a solid reputation for well-engineered household tools, and at $19.97 it's a fair price for something I'll use daily for years."
survey_toilet-brush-choice__sfq8Qya,persona/datasets/matraix-persona-1m/cohorts/cohort-162f4cf6eb0f/persona_wiki-bbf388ff5b84.yaml,1.0,oxo_hideaway,OXO Hideaway Compact,19.97,4,hygiene,3,65+,,North America,High income,Woman,Retirement,Rural,$100k-200k,Self-employed,"I am a single person in a rural home with a small, tidy bathroom, and I value a clean, uncluttered look. The OXO Hideaway's auto-opening canister means the brush is never visible when stored, and its ventilated tray prevents the standing water that breeds bacteria — a genuine hygiene benefit rather than a gimmick. At $19.97 it is a modest, well-justified purchase from a brand I trust."
survey_toilet-brush-choice__skAyKD4,persona/datasets/matraix-persona-1m/cohorts/cohort-162f4cf6eb0f/persona_gss-dd012b1729e0.yaml,1.0,clorox_under_rim,Clorox Corner Under-Rim,15.5,4,cleaning,4,55-64,,North America,Lower-middle,Man,,,,,"I want a brush that actually scrubs well, and the dedicated under-rim scrubber plus antibacterial bristles sold me. The price is reasonable and I trust the Clorox name for cleaning products."
survey_toilet-brush-choice__smUM4GH,persona/datasets/matraix-persona-1m/cohorts/cohort-162f4cf6eb0f/persona_gss-e92e7c56c256.yaml,1.0,clorox_under_rim,Clorox Corner Under-Rim,15.5,4,cleaning,4,75-84,,North America,Lower-middle,Man,Retirement,,,Retired,"I want a simple, affordable set from a brand I recognize and trust, and the corner caddy plus under-rim scrubber covers the cleaning I need. At $15.50 it fits my retirement budget without fuss."
survey_toilet-brush-choice__sqotWZt,persona/datasets/matraix-persona-1m/cohorts/cohort-162f4cf6eb0f/persona_stackoverflow-33c5f7075b91.yaml,1.0,oxo_hideaway,OXO Hideaway Compact,19.97,4,hygiene,4,25-34,,North America,,,Early career,,,Full-time,"I want a clean, minimal look where the brush isn't visible when stored, and OXO's hideaway canister with a ventilated tray solves the water-pooling hygiene problem. At $19.97 it's reasonably priced for a brand I trust, and the compact footprint suits my bathroom."
survey_toilet-brush-choice__suZXUUm,persona/datasets/matraix-persona-1m/cohorts/cohort-162f4cf6eb0f/persona_wiki-58c22d21497c.yaml,1.0,oxo_hideaway,OXO Hideaway Compact,19.97,4,hygiene,4,25-34,,North America,null,Man,Early career,null,null,Retired,"I want a set that looks clean and hides the brush entirely when stored, and OXO's auto-open canister with a ventilated tray keeps things hygienic without any fuss. The compact footprint suits a tidy bathroom, and at $19.97 the trusted brand and build quality are worth the small premium over the cheapest options."
survey_toilet-brush-choice__svYb42e,persona/datasets/matraix-persona-1m/cohorts/cohort-162f4cf6eb0f/persona_wiki-c579f74e3a8f.yaml,1.0,oxo_hideaway,OXO Hideaway Compact,19.97,4,hygiene,4,65+,,North America,High income,Woman,Mid-life,Dense urban,null,Full-time,"I want a discreet, well-engineered set that keeps the brush out of sight and the canister from pooling water, and OXO's reputation for durable, thoughtfully designed household tools is one I trust. The compact footprint suits a small urban bathroom, and at $19.97 the price is reasonable for the build quality and the auto-open hideaway mechanism."
survey_toilet-brush-choice__swrEddu,persona/datasets/matraix-persona-1m/cohorts/cohort-162f4cf6eb0f/persona_gss-e7647dfb3edb.yaml,1.0,clorox_under_rim,Clorox Corner Under-Rim,15.5,4,cleaning,4,65-74,,North America,Lower-middle,Woman,,,,Homemaker,"I want a brush that really gets under the rim and the corner caddy keeps it tucked out of the way in my small bathroom. Clorox is a brand I know and trust, and the price of $15.50 fits what I can spend."
survey_toilet-brush-choice__sxH6doq,persona/datasets/matraix-persona-1m/cohorts/cohort-162f4cf6eb0f/persona_gss-41c099a6a045.yaml,1.0,oxo_hideaway,OXO Hideaway Compact,19.97,4,hygiene,4,25-34,,North America,Middle,Woman,,,,Part-time,"I want a clean, uncluttered look in my bathroom and I trust the OXO brand for solid everyday quality. The hideaway canister keeps the brush out of sight and the ventilated tray helps it dry, which matters for hygiene with two young kids in the house. At just under $20 it's a reasonable middle-ground price for something we'll use daily."
survey_toilet-brush-choice__t2S4G4x,persona/datasets/matraix-persona-1m/cohorts/cohort-162f4cf6eb0f/persona_stackoverflow-4f544af2e6c7.yaml,1.0,oxo_hideaway,OXO Hideaway Compact,19.97,4,hygiene,4,25-34,,North America,,,Early career,,,Full-time,"I want a compact, clean-looking set for a small bathroom, and the hideaway canister that opens automatically when lifted plus the ventilated tray keeps things tidy and dry. OXO is a brand I trust, and at $19.97 the price feels reasonable for the design and hygiene features."
survey_toilet-brush-choice__tFESGZt,persona/datasets/matraix-persona-1m/cohorts/cohort-162f4cf6eb0f/persona_stackoverflow-dbb3983de2b6.yaml,1.0,oxo_hideaway,OXO Hideaway Compact,19.97,4,hygiene,4,45-54,,North America,,,Mid-life,,,Full-time,"I want a compact, covered set that hides the brush and doesn't pool water, and OXO's auto-open ventilated canister plus trusted build quality fits that. At $19.97 it's a reasonable mid-range price for something used daily, and the minimal white look suits my bathroom."
survey_toilet-brush-choice__tFYMcBg,persona/datasets/matraix-persona-1m/cohorts/cohort-162f4cf6eb0f/persona_gss-8588c04911d9.yaml,1.0,jiga_3pack,JIGA 3-Pack,13.99,5,price,4,75-84,,North America,Lower-middle,Woman,Retirement,,,Retired,"I am on a fixed retirement income, so the JIGA 3-pack at $13.99 gives me three complete brush sets for less than the price of one fancy set. I have two bathrooms and can keep a spare on hand, and stiff nylon bristles are what I trust to actually scrub a bowl clean."
survey_toilet-brush-choice__tJ9z76D,persona/datasets/matraix-persona-1m/cohorts/cohort-162f4cf6eb0f/persona_wiki-7af82bed2841.yaml,1.0,oxo_hideaway,OXO Hideaway Compact,19.97,4,hygiene,4,65+,Value-driven,North America,Upper-middle,Man,Retirement,Rural,null,Retired,"I want a brush that stays out of sight and does not leave a puddle of standing water in the base, and OXO's hideaway canister with a ventilated tray addresses both. The brand has a long track record for well-engineered household tools, and at $19.97 for a single well-made set it is reasonable value. The compact footprint suits a modest bathroom, and I have no need for a multi-pack."
survey_toilet-brush-choice__tJcRdoq,persona/datasets/matraix-persona-1m/cohorts/cohort-162f4cf6eb0f/persona_gss-6b5356918f04.yaml,1.0,oxo_hideaway,OXO Hideaway Compact,19.97,4,hygiene,4,45-54,,North America,Lower-middle,Woman,,,,Full-time,"With three kids and a busy household, I want something that hides the brush away neatly and doesn't leave a puddle of water sitting in the holder. OXO is a brand I've trusted in my kitchen for years, and the auto-open canister with a ventilated tray keeps things tidy and hygienic. The $19.97 price is reasonable for something that will actually last."
survey_toilet-brush-choice__tNJNHZ2,persona/datasets/matraix-persona-1m/cohorts/cohort-162f4cf6eb0f/persona_gss-c95198f622d7.yaml,1.0,oxo_hideaway,OXO Hideaway Compact,19.97,4,hygiene,4,25-34,,North America,,Man,,,,,"I want something compact and tidy that keeps the brush hidden, and the OXO Hideaway does that with an auto-open canister and a ventilated tray so it doesn't sit in dirty water. At $19.97 it's a reasonable middle price and OXO is a brand I trust for basic household tools."
survey_toilet-brush-choice__tVfWE2H,persona/datasets/matraix-persona-1m/cohorts/cohort-162f4cf6eb0f/persona_wiki-aef6f2419f2f.yaml,1.0,oxo_hideaway,OXO Hideaway Compact,19.97,4,design,4,,,North America,,Man,Mid-life,,,Full-time,"I want a set that looks clean and minimal in my bathroom, and OXO's hideaway canister keeps the brush out of sight while the ventilated tray prevents water pooling. The auto-open design and compact footprint make it practical for daily use, and OXO is a brand I trust for durable household tools."
survey_toilet-brush-choice__tVg5Fhp,persona/datasets/matraix-persona-1m/cohorts/cohort-162f4cf6eb0f/persona_gss-e07e1a2bad63.yaml,1.0,clorox_under_rim,Clorox Corner Under-Rim,15.5,4,cleaning,4,35-44,,North America,Lower-middle,Woman,,,,Homemaker,"With three kids and a busy household, I need a brush that really cleans, and the under-rim scrubber plus antibacterial bristles sold me. The corner caddy saves space in our small bathroom, and at $15.50 the price is right for our budget. Clorox is a name I already trust for cleaning products."
survey_toilet-brush-choice__tWqmcQB,persona/datasets/matraix-persona-1m/cohorts/cohort-162f4cf6eb0f/persona_wiki-f3d1f1c2f40f.yaml,1.0,oxo_hideaway,OXO Hideaway Compact,19.97,4,hygiene,4,45-54,,North America,,Woman,Mid-life,,,,"OXO is a brand I trust for well-engineered everyday tools, and the hideaway canister keeps the brush out of sight while the ventilated tray prevents the standing water and mildew smell that cheap holders develop. The compact footprint suits a normal bathroom, and at $19.97 the price is reasonable for something I'll use daily for years."
survey_toilet-brush-choice__tXwBqM2,persona/datasets/matraix-persona-1m/cohorts/cohort-162f4cf6eb0f/persona_wiki-d6d3ef549b00.yaml,1.0,oxo_hideaway,OXO Hideaway Compact,19.97,4,hygiene,4,65+,null,North America,Middle,Woman,Retirement,Small town,null,Retired,"I'm a practical person who values a tidy, uncluttered bathroom, and the OXO Hideaway's canister conceals the brush entirely when stored while its ventilated tray keeps things from getting soggy and unsanitary. At $19.97 it's a fair mid-range price from a brand I've trusted for decades, and the compact footprint suits the modest bathroom in my small-town home."
survey_toilet-brush-choice__tYVLdKu,persona/datasets/matraix-persona-1m/cohorts/cohort-162f4cf6eb0f/persona_gss-f1ab1ec964da.yaml,1.0,oxo_hideaway,OXO Hideaway Compact,19.97,4,hygiene,4,75-84,,North America,Lower-middle,Man,Retirement,,,Retired,"I'm a widower keeping house on my own, so I want something simple and tidy that hides the brush away and doesn't look messy when guests come by. OXO is a name I recognize and trust, and the auto-open canister and ventilated tray keep things clean without a lot of fuss. The price is reasonable for something that will last."
survey_toilet-brush-choice__tb33W3h,persona/datasets/matraix-persona-1m/cohorts/cohort-162f4cf6eb0f/persona_wiki-f42c349a5b3b.yaml,1.0,oxo_hideaway,OXO Hideaway Compact,19.97,4,hygiene,4,65+,Value-driven,North America,Upper-middle,Man,Mid-life,Small town,,Full-time,"I want a clean, discreet look in a small bathroom, and the hideaway canister that opens automatically when lifted keeps the brush out of sight while the ventilated tray prevents that stagnant water smell. OXO is a brand I trust for well-engineered household tools, and at $19.97 the price is reasonable for the build quality and compact footprint."
survey_toilet-brush-choice__teNz8CU,persona/datasets/matraix-persona-1m/cohorts/cohort-162f4cf6eb0f/persona_gss-c323647bbffd.yaml,1.0,jiga_3pack,JIGA 3-Pack,13.99,5,price,4,25-34,,North America,Middle,Woman,,,,Homemaker,"With three kids and three bathrooms, I need a brush for each bathroom without spending much. The JIGA 3-pack gives me three complete sets with stiff nylon bristles for only $13.99, which fits my tight household budget."
survey_toilet-brush-choice__teptQrQ,persona/datasets/matraix-persona-1m/cohorts/cohort-162f4cf6eb0f/persona_wiki-eec89b0e17eb.yaml,1.0,oxo_hideaway,OXO Hideaway Compact,19.97,4,hygiene,4,,Value-driven,North America,Middle,Man,Mid-life,Small town,,Self-employed,"I want a clean, uncluttered bathroom and the OXO Hideaway's auto-opening canister keeps the brush completely out of sight while its ventilated tray prevents the soggy pooling that makes most holders unpleasant. OXO is a brand I trust for well-engineered, durable household tools, and at $19.97 the price is reasonable for a design that will hold up to daily use."
survey_toilet-brush-choice__tjLJAMZ,persona/datasets/matraix-persona-1m/cohorts/cohort-162f4cf6eb0f/persona_wiki-bff5e0d490f8.yaml,1.0,oxo_hideaway,OXO Hideaway Compact,19.97,4,hygiene,5,25-34,,North America,null,Man,Early career,null,null,Unemployed,"I want a clean, minimal look with no visible brush when it's stored, and OXO's hideaway canister auto-opens on lift while the ventilated tray keeps things dry. At $19.97 it's a fair price for a compact set from a brand with a solid reputation for functional design."
survey_toilet-brush-choice__tmQGGmd,persona/datasets/matraix-persona-1m/cohorts/cohort-162f4cf6eb0f/persona_gss-ae34a0fe95ee.yaml,1.0,clorox_under_rim,Clorox Corner Under-Rim,15.5,4,cleaning,4,65-74,,North America,Middle,Woman,Retirement,,,Retired,"I trust the Clorox name for cleaning, and the under-rim scrubber actually gets at the hard-to-reach spots where grime builds up. The corner caddy saves space in my small bathroom and the price is reasonable."
survey_toilet-brush-choice__tmkGpMh,persona/datasets/matraix-persona-1m/cohorts/cohort-162f4cf6eb0f/persona_gss-3be8f8f92c15.yaml,1.0,jiga_3pack,JIGA 3-Pack,13.99,5,price,4,25-34,,North America,Middle,Woman,,,,Homemaker,"With three kids and multiple bathrooms, I need brushes for every toilet, and getting three sets for $13.99 is the best value on the shelf. The stiff nylon bristles and covered caddy bases are practical for everyday family cleaning, and I don't have to fuss over matching sets later."
survey_toilet-brush-choice__tmts3Jv,persona/datasets/matraix-persona-1m/cohorts/cohort-162f4cf6eb0f/persona_gss-406bc7663fcf.yaml,1.0,oxo_hideaway,OXO Hideaway Compact,19.97,4,hygiene,4,65-74,,North America,Lower-middle,Woman,Retirement,,,Retired,"I trust the OXO brand and the hideaway canister keeps the brush out of sight, which suits my tidy bathroom and traditional taste. The ventilated tray that prevents water pooling matters to me for hygiene, and at $19.97 it fits my modest retirement budget."
survey_toilet-brush-choice__tn8zuzb,persona/datasets/matraix-persona-1m/cohorts/cohort-162f4cf6eb0f/persona_wiki-31b28532db92.yaml,1.0,oxo_hideaway,OXO Hideaway Compact,19.97,4,hygiene,4,65+,Value-driven,North America,Middle,Woman,Mid-life,Dense urban,,Self-employed,"The hideaway canister keeps the brush entirely out of sight, which matters to me aesthetically in a small bathroom, and it opens automatically when lifted so there's no fumbling. OXO is a brand I've trusted for years in the kitchen, and the ventilated tray addresses the hygiene concern I care about most."
survey_toilet-brush-choice__tqCQpGk,persona/datasets/matraix-persona-1m/cohorts/cohort-162f4cf6eb0f/persona_gss-329b853f3139.yaml,1.0,jiga_3pack,JIGA 3-Pack,13.99,5,price,4,65-74,,North America,Lower-middle,Woman,,,,Full-time,"With three bathrooms to keep up with, getting three complete brush and holder sets for $13.99 is the best value here. The stiff nylon bristles and long handles are what I'm used to, and the white caddy fits my bathroom without fuss."
survey_toilet-brush-choice__ttoHdug,persona/datasets/matraix-persona-1m/cohorts/cohort-162f4cf6eb0f/persona_gss-91fc15b9b8aa.yaml,1.0,oxo_hideaway,OXO Hideaway Compact,19.97,4,hygiene,4,25-34,,North America,Middle,Man,,,,Full-time,"I want something compact and clean-looking for a small bathroom, and the OXO hideaway canister keeps the brush out of sight and ventilated so it dries without pooling water. OXO is a brand I trust for durable everyday household tools, and at $19.97 the price is reasonable for the design and build quality."
survey_toilet-brush-choice__tv9vryz,persona/datasets/matraix-persona-1m/cohorts/cohort-162f4cf6eb0f/persona_wiki-7daa518d9c7e.yaml,1.0,oxo_hideaway,OXO Hideaway Compact,19.97,4,hygiene,4,25-34,,North America,,Man,Early career,,,Self-employed,"I train daily and keep my place tidy, so a brush that disappears into a slim canister and doesn't leave a puddle in the base matters more to me than saving a few bucks. OXO's auto-open hideaway design is compact for a small bathroom, ventilated to prevent water pooling, and the brand's build quality is something I trust. At under $20 it's a fair price for something I'll use every day."
survey_toilet-brush-choice__tzjaYpv,persona/datasets/matraix-persona-1m/cohorts/cohort-162f4cf6eb0f/persona_stackoverflow-33672449c419.yaml,1.0,oxo_hideaway,OXO Hideaway Compact,19.97,4,hygiene,5,45-54,,North America,,,,,,Full-time,"I want a compact, minimal set that hides the brush when stored and has a ventilated tray so water doesn't pool — that's the hygiene detail that actually matters to me. OXO's build quality and clean design justify the mid-range price, and the small footprint suits a bathroom where I don't want a big caddy."
survey_toilet-brush-choice__u4FqtAo,persona/datasets/matraix-persona-1m/cohorts/cohort-162f4cf6eb0f/persona_wiki-23e55f43715f.yaml,1.0,oxo_hideaway,OXO Hideaway Compact,19.97,4,hygiene,4,75+,,North America,,Man,Retirement,,,Retired,"I've owned OXO Good Grips tools for years and their ergonomics have never let me down, so the brand trust is earned rather than assumed. The hideaway canister that opens automatically and vents to prevent water pooling suits a tidy bathroom, and at $19.97 the price is fair for something I'll use daily for years."
survey_toilet-brush-choice__uLFkEvU,persona/datasets/matraix-persona-1m/cohorts/cohort-162f4cf6eb0f/persona_gss-ba5d435abecf.yaml,1.0,jiga_3pack,JIGA 3-Pack,13.99,5,price,4,55-64,,North America,Low income,Man,,,,,"With a low income and two kids, getting three brushes for $13.99 is the best value here, and stiff nylon bristles do the deep cleaning I need. The simple white look fits any bathroom and I'll have spares for the other bathrooms."
survey_toilet-brush-choice__uNWEm5U,persona/datasets/matraix-persona-1m/cohorts/cohort-162f4cf6eb0f/persona_stackoverflow-3e0e3126193a.yaml,1.0,oxo_hideaway,OXO Hideaway Compact,19.97,4,hygiene,4,25-34,,North America,,,,,,Full-time,"I want a compact, clean-looking set that hides the brush when stored, and OXO's hideaway canister with a ventilated tray addresses hygiene without looking cluttered. The brand has a solid reputation for durable, well-designed household tools, and at $19.97 it's a fair price for something I'll use daily. Silicone nub brushes and tweezer gimmicks don't appeal to me as much as firm nylon bristles and a design that actually keeps the bathroom tidy."
survey_toilet-brush-choice__uPg3sHS,persona/datasets/matraix-persona-1m/cohorts/cohort-162f4cf6eb0f/persona_gss-1a687043e61f.yaml,1.0,oxo_hideaway,OXO Hideaway Compact,19.97,4,hygiene,4,35-44,,North America,Middle,Woman,,,,Full-time,"I want a brush that stays out of sight and doesn't leave a puddle of dirty water in the holder, and the OXO hideaway canister opens automatically and has a ventilated tray. I trust OXO as a brand and $19.97 is a fair price for something that will hold up in a family bathroom."
survey_toilet-brush-choice__uWGxa8F,persona/datasets/matraix-persona-1m/cohorts/cohort-162f4cf6eb0f/persona_gss-a3bf83a10bd9.yaml,1.0,oxo_hideaway,OXO Hideaway Compact,19.97,4,hygiene,4,35-44,,North America,Middle,Woman,,,,Full-time,"I want a clean, minimal look in my bathroom and the OXO hideaway canister keeps the brush out of sight, which matters to me for hygiene and tidiness. The auto-open lid and ventilated tray mean less mess and odor, and at $19.97 the price is reasonable for a well-known brand."
survey_toilet-brush-choice__uaSKgx6,persona/datasets/matraix-persona-1m/cohorts/cohort-162f4cf6eb0f/persona_wiki-eb60a914e8ea.yaml,1.0,oxo_hideaway,OXO Hideaway Compact,19.97,4,hygiene,4,65+,,North America,Upper-middle,Man,Mid-life,Small town,null,Full-time,"I want a tidy, well-engineered set from a brand with a solid reputation, and the OXO Hideaway's auto-opening canister keeps the brush concealed and out of sight while its ventilated tray prevents standing water. At $19.97 it sits comfortably in the middle of the price range, and the compact footprint suits my bathroom without clutter."
survey_toilet-brush-choice__um46vjZ,persona/datasets/matraix-persona-1m/cohorts/cohort-162f4cf6eb0f/persona_amazon-5e4c02c96696.yaml,1.0,jiga_3pack,JIGA 3-Pack,13.99,5,price,4,,,North America,,,Student,,,Student,"As a frugal student, the JIGA 3-pack is unbeatable value at $13.99 for three complete sets, letting me outfit multiple bathrooms for less than the price of most single brushes. The stiff nylon bristles and non-slip handles cover the basics well without paying extra for features I don't need."
survey_toilet-brush-choice__unnmLtE,persona/datasets/matraix-persona-1m/cohorts/cohort-162f4cf6eb0f/persona_wiki-e67dc8439647.yaml,1.0,oxo_hideaway,OXO Hideaway Compact,19.97,4,hygiene,4,null,,North America,null,Man,,null,null,null,"I want a clean, minimal look in my bathroom and the OXO hideaway canister keeps the brush completely out of sight, which my wife appreciates. The auto-open lid and ventilated tray also mean less mess and no standing water, and OXO's build quality has never let me down on kitchen gear."
survey_toilet-brush-choice__up6NY2X,persona/datasets/matraix-persona-1m/cohorts/cohort-162f4cf6eb0f/persona_gss-16eaa0f01fa0.yaml,1.0,oxo_hideaway,OXO Hideaway Compact,19.97,4,hygiene,4,35-44,,North America,Middle,Woman,,,,Part-time,"With three kids and a busy bathroom, I want something that stays neat and hides the brush away rather than sitting out looking messy. OXO is a brand I trust for quality, and the auto-open canister with a ventilated tray keeps things tidy and dry without being fussy. The price is reasonable for something that will hold up to daily use."
survey_toilet-brush-choice__upM8Wyx,persona/datasets/matraix-persona-1m/cohorts/cohort-162f4cf6eb0f/persona_gss-c9747346ef47.yaml,1.0,oxo_hideaway,OXO Hideaway Compact,19.97,4,hygiene,4,65-74,,North America,Middle,Man,Retirement,,,Retired,"I've had good luck with OXO products over the years, and the hideaway canister keeps things tidy without the brush sitting out in the open. It's compact, which suits our smaller guest bathroom, and the price seems reasonable for the quality."
survey_toilet-brush-choice__urUzuLX,persona/datasets/matraix-persona-1m/cohorts/cohort-162f4cf6eb0f/persona_stackoverflow-ca2a17f31e40.yaml,1.0,oxo_hideaway,OXO Hideaway Compact,19.97,4,hygiene,4,35-44,,North America,,,,,,Full-time,"I want a compact, minimal set that hides the brush when stored and has a ventilated tray so water doesn't pool — the OXO's auto-open canister and small footprint fit a small bathroom well. The $19.97 price is reasonable for a durable, well-reviewed design, and I trust the brand more than the no-name silicone sets."
survey_toilet-brush-choice__usDkyFr,persona/datasets/matraix-persona-1m/cohorts/cohort-162f4cf6eb0f/persona_gss-3bb9caca9946.yaml,1.0,jiga_3pack,JIGA 3-Pack,13.99,5,price,4,35-44,,North America,Lower-middle,Woman,,,,Full-time,"I have one bathroom and a child, so brushes get dirty fast and need replacing often. The JIGA 3-pack gives me three complete sets with caddy storage for $13.99, which fits my tight budget better than paying $20-$29 for a single fancy set. Stiff nylon bristles and non-slip handles are all I really need to get the job done."
survey_toilet-brush-choice__uxu3gGi,persona/datasets/matraix-persona-1m/cohorts/cohort-162f4cf6eb0f/persona_gss-12b9ec89e535.yaml,1.0,oxo_hideaway,OXO Hideaway Compact,19.97,4,hygiene,4,35-44,,North America,Middle,Woman,,,,Homemaker,"I want something compact and tidy that hides the brush away since our bathroom is small and I keep things neat. The auto-open canister and ventilated tray make it feel more hygienic, and OXO is a brand I recognize and trust."
survey_toilet-brush-choice__v8gCVEh,persona/datasets/matraix-persona-1m/cohorts/cohort-162f4cf6eb0f/persona_gss-a8844859a7fd.yaml,1.0,clorox_under_rim,Clorox Corner Under-Rim,15.5,4,cleaning,4,45-54,,North America,Lower-middle,Man,,,,Full-time,"I want something that actually scrubs well and the under-rim scrubber is a practical feature for keeping the bowl clean. Clorox is a brand I recognize and trust, and $15.50 is a fair price for a set with a corner caddy and antibacterial bristles."
survey_toilet-brush-choice__v9jVRqR,persona/datasets/matraix-persona-1m/cohorts/cohort-162f4cf6eb0f/persona_stackoverflow-57781143e94c.yaml,1.0,oxo_hideaway,OXO Hideaway Compact,19.97,4,hygiene,4,55-64,,North America,,,,,,Full-time,"I want a hygienic, low-maintenance set from a brand I trust, and the OXO Hideaway's auto-opening canister keeps the brush fully hidden with a ventilated tray that prevents water pooling. At $19.97 it's a reasonable mid-range price for something I'll use daily for years."
survey_toilet-brush-choice__vBq9oTm,persona/datasets/matraix-persona-1m/cohorts/cohort-162f4cf6eb0f/persona_gss-b3e5d2a37878.yaml,1.0,jiga_3pack,JIGA 3-Pack,13.99,5,price,4,45-54,,North America,Lower-middle,Woman,,,,Full-time,"With three kids and three bathrooms to keep clean, a 3-pack at $13.99 is the best value for my money. Stiff nylon bristles and non-slip handles are what I need for everyday scrubbing, and extras mean I'm not buying replacements again soon."
survey_toilet-brush-choice__vDg4cUT,persona/datasets/matraix-persona-1m/cohorts/cohort-162f4cf6eb0f/persona_stackoverflow-bd201370eb4f.yaml,1.0,oxo_hideaway,OXO Hideaway Compact,19.97,4,hygiene,4,35-44,,North America,,,,,,Full-time,"I read specs before buying, and the OXO Hideaway is the only one that solves the actual problem: the brush is fully concealed when stored and the ventilated tray stops water pooling, which is what makes most brushes gross. OXO's design reputation and the compact footprint make the $19.97 price reasonable, and I don't need a 2- or 3-pack or gimmicky tweezers."
survey_toilet-brush-choice__vGt7sQw,persona/datasets/matraix-persona-1m/cohorts/cohort-162f4cf6eb0f/persona_gss-d36086babd69.yaml,1.0,jiga_3pack,JIGA 3-Pack,13.99,5,price,4,25-34,,North America,Lower-middle,Man,,,,Unemployed,"With three kids and one bathroom, brushes get gross fast, so having three identical sets I can swap out and replace cheaply makes the most sense. At $13.99 for three, it's the best value on the shelf and the stiff nylon bristles get the job done."
survey_toilet-brush-choice__vNsxZcC,persona/datasets/matraix-persona-1m/cohorts/cohort-162f4cf6eb0f/persona_wiki-4c73ba16d660.yaml,1.0,oxo_hideaway,OXO Hideaway Compact,19.97,4,hygiene,4,13-17,,North America,null,Woman,Early career,Dense urban,null,Student,"The OXO Hideaway's auto-open canister keeps the brush fully concealed when stored, which matters in a shared bathroom, and the ventilated tray prevents the standing-water smell that cheap caddies get. OXO's build quality and compact footprint justify the $19.97 for something I'll use daily."
survey_toilet-brush-choice__vQL4e7T,persona/datasets/matraix-persona-1m/cohorts/cohort-162f4cf6eb0f/persona_gss-40d3ad1ee5e3.yaml,1.0,sellemer_silicone,Sellemer Silicone,12.99,4,hygiene,4,25-34,,North America,Upper-middle,Woman,,,,Unemployed,"I want something simple, clean-looking, and cheap for a bathroom, and the flexible silicone head with a ventilated quick-dry base covers the hygiene basics without any gimmicks. At $12.99 it's an easy price to justify for a set that can be wall-mounted or freestanding."
survey_toilet-brush-choice__vT3Whky,persona/datasets/matraix-persona-1m/cohorts/cohort-162f4cf6eb0f/persona_gss-f5e8d47c529b.yaml,1.0,oxo_hideaway,OXO Hideaway Compact,19.97,4,hygiene,4,25-34,,North America,Lower-middle,Man,,,,Full-time,"I want something compact and tidy that hides the brush when not in use, and the OXO auto-open canister with a ventilated tray fits my small bathroom without looking messy. The price is reasonable for a trusted brand and it seems practical for everyday cleaning."
survey_toilet-brush-choice__vZkHHud,persona/datasets/matraix-persona-1m/cohorts/cohort-162f4cf6eb0f/persona_wiki-8f523fb46f04.yaml,1.0,oxo_hideaway,OXO Hideaway Compact,19.97,4,hygiene,4,65+,Value-driven,North America,High income,Woman,Retirement,Dense urban,null,Full-time,"I want a set that keeps the brush fully concealed and the surrounding area dry and tidy, and OXO's hideaway canister with its ventilated tray does exactly that. The brand has a long track record of well-designed, durable household tools, and at $19.97 the price is reasonable for a set I will use daily for years."
survey_toilet-brush-choice__vacwmmx,persona/datasets/matraix-persona-1m/cohorts/cohort-162f4cf6eb0f/persona_wiki-9817f22927ac.yaml,1.0,oxo_hideaway,OXO Hideaway Compact,19.97,4,hygiene,4,,,North America,,Man,,,,,"I want a clean, minimal look with the brush hidden away, and OXO is a brand I trust for solid build quality. The auto-open canister and ventilated tray keep things tidy and dry, which matters to me for daily bathroom upkeep."
survey_toilet-brush-choice__vdUafjw,persona/datasets/matraix-persona-1m/cohorts/cohort-162f4cf6eb0f/persona_wiki-23d375b375b2.yaml,1.0,oxo_hideaway,OXO Hideaway Compact,19.97,4,hygiene,4,65+,Value-driven,North America,Upper-middle,Man,Retirement,Suburban,null,Retired,"I want a clean, uncluttered look in the bathroom and value a well-engineered, hygienic design over gimmicks. The OXO Hideaway's auto-open canister keeps the brush out of sight and its ventilated tray prevents standing water, which matters for hygiene. At $19.97 the price is reasonable for a trusted brand with a compact footprint."
survey_toilet-brush-choice__vhUiBpJ,persona/datasets/matraix-persona-1m/cohorts/cohort-162f4cf6eb0f/persona_wiki-54c393f12c06.yaml,1.0,oxo_hideaway,OXO Hideaway Compact,19.97,4,hygiene,4,25-34,Value-driven,North America,Middle,Non-binary,Early career,Dense urban,$50k-100k,Self-employed,"I rent a small apartment bathroom, so the compact footprint and the canister that hides the brush entirely matter a lot to me — I don't want a wet brush on display. OXO is a brand I trust for kitchen and cleaning tools, and the ventilated tray that prevents water pooling is exactly the hygiene detail I care about. At $19.97 it's a fair middle price for something I'll look at every day."
survey_toilet-brush-choice__vqqx8Gf,persona/datasets/matraix-persona-1m/cohorts/cohort-162f4cf6eb0f/persona_amazon-f19c0cc6960e.yaml,1.0,oxo_hideaway,OXO Hideaway Compact,19.97,4,hygiene,4,,,North America,,,,,,Self-employed,"The OXO Hideaway's auto-open canister keeps the brush hidden when stored, which matters in a small bathroom with kids around. OXO is a brand I trust, and the ventilated tray and compact footprint fit my priorities on hygiene and design without breaking the bank."
survey_toilet-brush-choice__vtn9cQc,persona/datasets/matraix-persona-1m/cohorts/cohort-162f4cf6eb0f/persona_wiki-38129023e774.yaml,1.0,oxo_hideaway,OXO Hideaway Compact,19.97,4,hygiene,4,65-74,Value-driven,North America,Upper-middle,Woman,Retirement,Dense urban,null,Self-employed,"I have trusted OXO Good Grips for years and the hideaway canister keeps the brush out of sight, which suits my tidy, traditional bathroom. The auto-open lid and ventilated tray address hygiene without any fuss, and at $19.97 the price is reasonable for a brand I know will hold up."
survey_toilet-brush-choice__vtufMK9,persona/datasets/matraix-persona-1m/cohorts/cohort-162f4cf6eb0f/persona_wiki-8193ca7fbff3.yaml,1.0,oxo_hideaway,OXO Hideaway Compact,19.97,4,hygiene,4,,,North America,,Man,Mid-life,,,Retired,"The OXO Hideaway's auto-opening canister keeps the brush fully concealed and its ventilated tray prevents standing water, which matters most to me for hygiene in a bathroom. OXO is a brand I trust for well-engineered household tools, and the compact footprint suits a standard bathroom without clutter. The $19.97 price is reasonable for that combination of design and function."
survey_toilet-brush-choice__vuHd3Wk,persona/datasets/matraix-persona-1m/cohorts/cohort-162f4cf6eb0f/persona_gss-ab9293261655.yaml,1.0,oxo_hideaway,OXO Hideaway Compact,19.97,3,hygiene,3,35-44,,North America,Lower-middle,Man,,,,Unemployed,"I'm divorced and living on my own with a tight budget, so a $19.97 set is a stretch but still within reach. I want something that looks clean and hides the brush when not in use, and OXO's auto-open canister with a ventilated tray means less mess and less smell in a small bathroom. The brand has a decent reputation, which matters to me since I'm not replacing this often."
survey_toilet-brush-choice__vvZixhg,persona/datasets/matraix-persona-1m/cohorts/cohort-162f4cf6eb0f/persona_stackoverflow-c4284a59d819.yaml,1.0,oxo_hideaway,OXO Hideaway Compact,19.97,4,hygiene,4,35-44,,North America,,,Mid-life,,,,"I want a covered, compact set that hides the brush and has a ventilated tray so water doesn't pool and breed bacteria — the auto-open canister is a genuinely useful mechanical detail rather than a gimmick. OXO is a brand with a track record on kitchen/bath tools, and at $19.97 it's mid-priced for what looks like the most thoughtfully engineered option here. The silicone sets are vague about head rigidity and the multi-packs just add clutter I don't need."
survey_toilet-brush-choice__vwt3ojU,persona/datasets/matraix-persona-1m/cohorts/cohort-162f4cf6eb0f/persona_stackoverflow-f1585f856118.yaml,1.0,clorox_under_rim,Clorox Corner Under-Rim,15.5,3,price,3,18-24,,North America,,,Early career,,,Full-time,"No persona-specific answer was produced, so a neutral answer was used."
survey_toilet-brush-choice__w25LoNn,persona/datasets/matraix-persona-1m/cohorts/cohort-162f4cf6eb0f/persona_wiki-6a0a6f692e59.yaml,1.0,oxo_hideaway,OXO Hideaway Compact,19.97,4,hygiene,4,65+,,North America,High income,Man,Retirement,null,null,Retired,"I want a clean, uncluttered bathroom, and the OXO's hideaway canister keeps the brush out of sight while the ventilated tray prevents standing water. OXO is a brand I trust for durable, well-engineered household tools, and the compact footprint suits a tidy bathroom."
survey_toilet-brush-choice__w3eZ8LY,persona/datasets/matraix-persona-1m/cohorts/cohort-162f4cf6eb0f/persona_gss-adc6b7a3caf4.yaml,1.0,clorox_under_rim,Clorox Corner Under-Rim,15.5,5,cleaning,5,45-54,,North America,Middle,Woman,,,,Full-time,"With three kids and a busy household, I need something that actually cleans well and holds up, and the dedicated under-rim scrubber plus antibacterial bristles gives me confidence it does. The corner caddy saves space and the price is very reasonable for a trusted brand."
survey_toilet-brush-choice__w4SKJq4,persona/datasets/matraix-persona-1m/cohorts/cohort-162f4cf6eb0f/persona_wiki-0693c4d42b1f.yaml,1.0,oxo_hideaway,OXO Hideaway Compact,19.97,4,hygiene,4,65+,Value-driven,North America,Middle,Woman,Mid-life,Small town,,Full-time,"I want a brush that disappears into a clean, minimal canister rather than sitting out as a visible object, and OXO's hideaway design with a ventilated tray addresses the hygiene problem of standing water in the base. At $19.97 it is a reasonable middle price for a brand with a solid reputation for well-engineered household tools."
survey_toilet-brush-choice__w5wEkNq,persona/datasets/matraix-persona-1m/cohorts/cohort-162f4cf6eb0f/persona_wiki-88e859c6a610.yaml,1.0,jiga_3pack,JIGA 3-Pack,13.99,5,price,4,45-54,Cost-sensitive,North America,Lower-middle,Woman,Mid-life,Small town,$25k-50k,Full-time,"I rent and money's tight, so getting three full sets for $13.99 is the practical pick — I can put one in each bathroom and keep a spare. The white caddy design is plain but tidy, and stiff nylon bristles are what I trust to actually scrub a bowl clean."
survey_toilet-brush-choice__w9iWy34,persona/datasets/matraix-persona-1m/cohorts/cohort-162f4cf6eb0f/persona_stackoverflow-5b1073f32f26.yaml,1.0,oxo_hideaway,OXO Hideaway Compact,19.97,4,hygiene,4,35-44,,North America,,,,,,Full-time,"I want a hygienic, no-fuss set that hides the brush and doesn't pool water, and OXO's auto-open canister with a ventilated tray does exactly that in a small footprint. I've had good experience with OXO build quality, and at ~$20 it's a reasonable price for something I'll use daily for years."
survey_toilet-brush-choice__w9pVWj7,persona/datasets/matraix-persona-1m/cohorts/cohort-162f4cf6eb0f/persona_gss-bf092bfd40a9.yaml,1.0,oxo_hideaway,OXO Hideaway Compact,19.97,4,hygiene,4,25-34,,North America,Lower-middle,Woman,,,,Full-time,"I want something that looks tidy and doesn't show a dirty brush, and the OXO hideaway canister hides the brush while the ventilated tray keeps it from sitting in water. It's a brand I trust and $19.97 is reasonable for my budget, even though I could go cheaper."
survey_toilet-brush-choice__wBgTLCx,persona/datasets/matraix-persona-1m/cohorts/cohort-162f4cf6eb0f/persona_stackoverflow-45805ea8cb5b.yaml,1.0,oxo_hideaway,OXO Hideaway Compact,19.97,4,hygiene,4,35-44,,North America,,,,,,Full-time,"I want a brush that stays out of sight and doesn't pool dirty water, so the OXO's auto-opening hideaway canister and ventilated tray fit how I keep a small bathroom. OXO is a brand I trust for durable everyday tools, and at $19.97 the price is reasonable for something I'll use for years. The compact, minimal look also won't clash with the bathroom."
survey_toilet-brush-choice__wCuVnJM,persona/datasets/matraix-persona-1m/cohorts/cohort-162f4cf6eb0f/persona_wiki-7ebce0a64224.yaml,1.0,oxo_hideaway,OXO Hideaway Compact,19.97,4,hygiene,4,65+,Indifferent,North America,Middle,Woman,Mid-life,Dense urban,null,Full-time,"I live alone in a small rented urban apartment, so a compact hideaway canister that conceals the brush and has a ventilated tray for quick drying suits my space and my standards of order and cleanliness. OXO is a brand I trust for well-designed, durable everyday tools, and at $19.97 the price is reasonable for the quality and the neat appearance."
survey_toilet-brush-choice__wGxEFM5,persona/datasets/matraix-persona-1m/cohorts/cohort-162f4cf6eb0f/persona_stackoverflow-3f935eeb4ced.yaml,1.0,oxo_hideaway,OXO Hideaway Compact,19.97,4,hygiene,4,35-44,,North America,,,,,,Full-time,"I want a discreet, compact set that keeps the brush fully hidden and lets the tray drain so it doesn't sit in dirty water — the OXO Hideaway's auto-open canister and ventilated tray fit that exactly. At $19.97 it's a fair price for a design I trust from a known brand, and the slim footprint suits a small bathroom."
survey_toilet-brush-choice__wHJtnTA,persona/datasets/matraix-persona-1m/cohorts/cohort-162f4cf6eb0f/persona_wiki-db4c5e6b8046.yaml,1.0,oxo_hideaway,OXO Hideaway Compact,19.97,4,hygiene,4,55-64,Value-driven,North America,Upper-middle,Woman,Mid-life,Suburban,$100k-200k,Self-employed,"I live alone in a suburban home and care about a bathroom that reads clean and considered, so the OXO Hideaway's auto-opening canister—brush fully concealed when stored—appeals to me more than the open caddies. The ventilated tray that prevents water pooling addresses the hygiene issue I actually care about, and OXO is a brand I trust for well-designed utilitarian goods at a fair price. At $19.97 for a single well-made set, it's the right balance of design, function, and value for one household."
survey_toilet-brush-choice__wMcVeM6,persona/datasets/matraix-persona-1m/cohorts/cohort-162f4cf6eb0f/persona_stackoverflow-4d17b4c3ca76.yaml,1.0,oxo_hideaway,OXO Hideaway Compact,19.97,4,hygiene,4,35-44,,North America,,,,,,Full-time,"I want a brush that stays hidden and doesn't look like a toilet brush sitting out, and OXO's hideaway canister opens automatically when you lift the brush while the ventilated tray keeps water from pooling — which matters for hygiene. At $19.97 it's mid-priced but the brand's build quality and compact footprint for a small bathroom make it worth it to me."
survey_toilet-brush-choice__wQX5aBV,persona/datasets/matraix-persona-1m/cohorts/cohort-162f4cf6eb0f/persona_stackoverflow-734694dd0bd7.yaml,1.0,oxo_hideaway,OXO Hideaway Compact,19.97,4,hygiene,4,25-34,,North America,,,,,,Full-time,"I prefer reading specs and researching before buying, and OXO's Hideaway design solves a real problem: the canister opens automatically on lift and the ventilated tray stops water pooling in the base, which is the main hygiene issue with cheap holders. It's compact enough for a small bathroom, and at $19.97 the price is reasonable for a trusted brand with a thoughtful mechanism. The silicone options are cheaper, but I'd rather have firm nylon bristles that actually scrub and a holder that hides the brush head."
survey_toilet-brush-choice__wcSSsz4,persona/datasets/matraix-persona-1m/cohorts/cohort-162f4cf6eb0f/persona_wiki-56b3f509b9ec.yaml,1.0,oxo_hideaway,OXO Hideaway Compact,19.97,4,hygiene,4,65+,Value-driven,North America,High income,Woman,Mid-life,Dense urban,$200k+,Self-employed,"I am a long-time OXO customer and trust the brand's build quality; the hideaway canister keeps the brush out of sight, which suits my preference for a tidy, uncluttered bathroom, and the ventilated tray addresses the water-pooling problem that makes most holders unpleasant. At $19.97 it is a reasonable price for a well-designed, compact set from a brand I know."
survey_toilet-brush-choice__wqQr43U,persona/datasets/matraix-persona-1m/cohorts/cohort-162f4cf6eb0f/persona_amazon-61c1d8f1deab.yaml,1.0,oxo_hideaway,OXO Hideaway Compact,19.97,4,hygiene,4,,,North America,,,,,,Full-time,"I want a brush that stays completely out of sight and doesn't collect standing water, and the OXO's auto-opening canister with a ventilated tray solves both. It's compact enough for a small bathroom, and OXO's brand reliability plus the $19.97 mid-range price feels worth it for something I'll use daily."
survey_toilet-brush-choice__wveH7kp,persona/datasets/matraix-persona-1m/cohorts/cohort-162f4cf6eb0f/persona_wiki-c7dc72dafbdb.yaml,1.0,oxo_hideaway,OXO Hideaway Compact,19.97,4,hygiene,4,65+,,North America,Upper-middle,Man,Retirement,Small town,null,Full-time,"The OXO Hideaway appeals to me because the canister conceals the brush entirely, which suits a tidy, orderly bathroom, and the ventilated tray addresses hygiene by preventing standing water. OXO is a brand I trust for durable, well-designed household tools, and at $19.97 the price is reasonable for that quality."
survey_toilet-brush-choice__wygyyV3,persona/datasets/matraix-persona-1m/cohorts/cohort-162f4cf6eb0f/persona_amazon-730a723aa85d.yaml,1.0,oxo_hideaway,OXO Hideaway Compact,19.97,4,hygiene,4,,Value-driven,North America,,,,Suburban,,,"I want a clean, uncluttered look and the OXO hideaway canister keeps the brush out of sight while the ventilated tray prevents water pooling, which matters for hygiene. OXO is a brand I trust, and at $19.97 the price is reasonable for the quality and compact footprint."
survey_toilet-brush-choice__x2aNs2T,persona/datasets/matraix-persona-1m/cohorts/cohort-162f4cf6eb0f/persona_gss-695f4bf7fcbb.yaml,1.0,oxo_hideaway,OXO Hideaway Compact,19.97,4,hygiene,4,35-44,,North America,Middle,Man,,,,Full-time,"I want something compact and clean-looking for our main bathroom, and the OXO hideaway canister keeps the brush out of sight, which my wife prefers. OXO is a brand I trust, and the ventilated tray helps with hygiene without being fussy or expensive."
survey_toilet-brush-choice__x7Ed4Dq,persona/datasets/matraix-persona-1m/cohorts/cohort-162f4cf6eb0f/persona_prism-3768aa2e1613.yaml,1.0,oxo_hideaway,OXO Hideaway Compact,19.97,4,hygiene,4,25-34,Cost-sensitive,North America,,Woman,Parent of young kids,,,Homemaker,"With two young kids, I want something hygienic and unobtrusive that won't be a visual or germy mess in a small bathroom. The OXO Hideaway's auto-open canister keeps the brush hidden and the ventilated tray prevents standing water, and at $19.97 the price is reasonable for a trusted brand. OXO's design reputation gives me confidence it will hold up to daily use."
survey_toilet-brush-choice__xBuau58,persona/datasets/matraix-persona-1m/cohorts/cohort-162f4cf6eb0f/persona_stackoverflow-89aafc5bd848.yaml,1.0,oxo_hideaway,OXO Hideaway Compact,19.97,4,hygiene,4,55-64,,North America,,,,,,Full-time,"I want a clean, minimal look with no visible brush when stored, and OXO's reputation for well-designed, durable household tools gives me confidence. The auto-open canister and ventilated tray solve the pooling-water hygiene problem, and at $19.97 it's a fair mid-range price for something I'll use daily for years."
survey_toilet-brush-choice__xG2JDBu,persona/datasets/matraix-persona-1m/cohorts/cohort-162f4cf6eb0f/persona_wiki-ed3d85a796f4.yaml,1.0,oxo_hideaway,OXO Hideaway Compact,19.97,4,hygiene,4,65+,Value-driven,North America,Upper-middle,Woman,Retirement,Dense urban,null,Retired,"The hideaway canister keeps the brush out of sight, which suits a well-kept bathroom, and the ventilated tray addresses the hygiene problem of standing water. OXO's design reputation and the compact footprint make it worth the modest premium over the silicone sets."
survey_toilet-brush-choice__xJAKAEz,persona/datasets/matraix-persona-1m/cohorts/cohort-162f4cf6eb0f/persona_gss-779e59bab1aa.yaml,1.0,jiga_3pack,JIGA 3-Pack,13.99,5,price,4,55-64,,North America,Middle,Woman,,,,Unemployed,"I have three bathrooms and a large family, so a 3-pack of white sets for $13.99 gives me a brush for each bathroom at a very reasonable price. The white color and stiff nylon bristles suit my needs, and the caddy storage keeps things tidy."
survey_toilet-brush-choice__xNDRR65,persona/datasets/matraix-persona-1m/cohorts/cohort-162f4cf6eb0f/persona_wiki-0be50f2ade61.yaml,1.0,oxo_hideaway,OXO Hideaway Compact,19.97,4,hygiene,4,,,North America,,Man,Mid-life,,,,"I'm a career veteran who values security, stability, and a clean, functional home, and I'd rather pay a bit more for one dependable set than gamble on value multi-packs. The OXO Hideaway's auto-open canister hides the brush completely and its ventilated tray prevents water pooling, which fits my hygiene priorities and my preference for tried-and-true brand trust. It's compact and minimal, so it suits a bathroom without drawing attention."
survey_toilet-brush-choice__xNrUYcT,persona/datasets/matraix-persona-1m/cohorts/cohort-162f4cf6eb0f/persona_wiki-d99cd4e9ecee.yaml,1.0,ixo_stainless,IXO 2-Pack Stainless,28.6,5,material,4,65+,Premium-seeking,North America,High income,Man,Mid-life,Suburban,$200k+,Self-employed,"I own a large home with multiple bathrooms and I value durable, well-made goods over disposable plastic. The IXO 304 stainless steel set offers two brushes with elegant navy bases and long stainless rods, which reads as quality and longevity rather than a cheap throwaway. At $28.60 for a two-pack, the per-unit cost is reasonable for something that will last years."
survey_toilet-brush-choice__xNrg5iJ,persona/datasets/matraix-persona-1m/cohorts/cohort-162f4cf6eb0f/persona_stackoverflow-7749c4ecf01b.yaml,1.0,oxo_hideaway,OXO Hideaway Compact,19.97,4,hygiene,4,25-34,,North America,,,Early career,,,Full-time,"The OXO Hideaway's auto-open canister keeps the brush fully concealed and its ventilated tray prevents water pooling, which is the hygiene detail I care about most. At $19.97 it's a reasonable mid-range price for a compact, well-designed set from a brand I trust, and the small footprint suits a typical bathroom."
survey_toilet-brush-choice__xT5E2Xt,persona/datasets/matraix-persona-1m/cohorts/cohort-162f4cf6eb0f/persona_wiki-a66d23c6b1e0.yaml,1.0,clorox_under_rim,Clorox Corner Under-Rim,15.5,5,cleaning,5,,,North America,,Man,,,,Full-time,"As a career veteran who values discipline, durability, and getting the job done right, I want a brush that actually scrubs under the rim where the mess hides — the dedicated under-rim scrubber head does that. Clorox is a brand I trust, the corner caddy saves floor space, and at $15.50 it's a solid value without being cheap junk."
survey_toilet-brush-choice__xTfFTeu,persona/datasets/matraix-persona-1m/cohorts/cohort-162f4cf6eb0f/persona_wiki-58a7f55a0713.yaml,1.0,jiga_3pack,JIGA 3-Pack,13.99,5,price,4,18-24,Indifferent,North America,Lower-middle,Man,Mid-life,Rural,$25k-50k,Self-employed,"I've got one bathroom and a house full of teenagers, so brushes get gross and disappear fast. Three stiff-bristle sets with caddies for fourteen bucks means I can keep one in each bathroom and just toss one when it's nasty instead of babying it. Nothing fancy, but it does the job and I don't have to think about it again for a year."
survey_toilet-brush-choice__xbJZMwZ,persona/datasets/matraix-persona-1m/cohorts/cohort-162f4cf6eb0f/persona_wiki-159a2fce3271.yaml,1.0,oxo_hideaway,OXO Hideaway Compact,19.97,4,hygiene,4,65+,,North America,Upper-middle,Man,Mid-life,Small town,null,Self-employed,"I'm a practical, function-first buyer and OXO has a long track record of well-engineered household tools. The auto-open hideaway canister keeps the brush out of sight and the ventilated tray prevents the stagnant water and odor that plague most covered holders, which matters most in a shared bathroom. At $19.97 it's a fair price for a design I trust to last."
survey_toilet-brush-choice__xdzkCp6,persona/datasets/matraix-persona-1m/cohorts/cohort-162f4cf6eb0f/persona_gss-b9f86f8c2427.yaml,1.0,oxo_hideaway,OXO Hideaway Compact,19.97,4,hygiene,4,65-74,,North America,Middle,Man,Retirement,,,Retired,"I want a clean, uncluttered look and a holder that keeps water from pooling, and the OXO hideaway canister does both with a brand I've trusted for years. The compact footprint suits my bathroom, and at $19.97 the price is reasonable for the quality."
survey_toilet-brush-choice__xfEUL2x,persona/datasets/matraix-persona-1m/cohorts/cohort-162f4cf6eb0f/persona_wiki-bc060b68cccd.yaml,1.0,oxo_hideaway,OXO Hideaway Compact,19.97,4,hygiene,4,65+,null,North America,null,Man,Retirement,Rural,null,null,"The OXO Hideaway keeps the brush completely out of sight in a clean, minimal canister, which suits a tidy, orderly household. OXO is a name I trust, and the ventilated tray and compact footprint make it practical for daily use. The price is reasonable for the quality and it should last."
survey_toilet-brush-choice__xin6aRp,persona/datasets/matraix-persona-1m/cohorts/cohort-162f4cf6eb0f/persona_wiki-327765e84501.yaml,1.0,oxo_hideaway,OXO Hideaway Compact,19.97,4,hygiene,4,65+,,North America,High income,Man,Mid-life,Small town,$200k+,Retired,"I value order, hygiene, and a tidy appearance in the home, and the OXO Hideaway's auto-opening canister conceals the brush entirely when stored while its ventilated tray prevents standing water. OXO is a brand I trust for well-engineered, durable household tools, and the compact footprint suits a guest bathroom without looking cluttered. At $19.97 the price is reasonable for that combination of build quality and neat presentation."
survey_toilet-brush-choice__xmz4Bdy,persona/datasets/matraix-persona-1m/cohorts/cohort-162f4cf6eb0f/persona_gss-5c41d0490bf8.yaml,1.0,oxo_hideaway,OXO Hideaway Compact,19.97,4,hygiene,4,35-44,,North America,Middle,Woman,,,,Full-time,"I want a clean, minimal look with the brush hidden away, and the auto-open canister with a ventilated tray keeps things hygienic and dry. OXO is a brand I trust, and at $19.97 the compact footprint suits my bathroom without being the cheapest flimsy option."
survey_toilet-brush-choice__xzBPWgg,persona/datasets/matraix-persona-1m/cohorts/cohort-162f4cf6eb0f/persona_stackoverflow-be1a1ee550ee.yaml,1.0,oxo_hideaway,OXO Hideaway Compact,19.97,4,hygiene,4,18-24,,North America,,,Student,,,Student,"I want a small, tidy setup where the brush isn't visible and water doesn't pool in the base, and OXO's ventilated hideaway canister does exactly that. The auto-open mechanism is a simple, well-understood bit of design rather than a gimmick, and at $19.97 it's a fair price for something I'll use daily."
survey_toilet-brush-choice__y3zVBkz,persona/datasets/matraix-persona-1m/cohorts/cohort-162f4cf6eb0f/persona_gss-ed53021073e0.yaml,1.0,oxo_hideaway,OXO Hideaway Compact,19.97,4,hygiene,4,25-34,,North America,Middle,Woman,,,,Homemaker,"I want something that keeps the brush hidden and looks tidy in my bathroom, and the OXO Hideaway canister opens automatically when lifted and has a ventilated tray so water doesn't pool. OXO is a brand I trust for household basics, and at $19.97 it feels reasonable for the quality."
survey_toilet-brush-choice__y5tQPdE,persona/datasets/matraix-persona-1m/cohorts/cohort-162f4cf6eb0f/persona_gss-e70a1b4a97a4.yaml,1.0,oxo_hideaway,OXO Hideaway Compact,19.97,4,hygiene,4,75-84,,North America,Middle,Woman,,,,Part-time,"I know and trust the OXO brand, and the hideaway canister keeps the brush out of sight, which suits my traditional, tidy bathroom. The ventilated tray that prevents water pooling matters to me for hygiene, and at $19.97 the price is reasonable."
survey_toilet-brush-choice__y5y44X2,persona/datasets/matraix-persona-1m/cohorts/cohort-162f4cf6eb0f/persona_wiki-e49ad00b4e8b.yaml,1.0,oxo_hideaway,OXO Hideaway Compact,19.97,4,hygiene,5,65+,Value-driven,North America,Middle,Man,Retirement,Small town,null,Retired,"I want a brush that stays out of sight and doesn't leave a puddle in the base. OXO's auto-open canister and ventilated tray solve both problems, and the brand has never let me down on everyday tools. At $19.97 it's a fair price for something I'll use every week for years."
survey_toilet-brush-choice__y7HH9j3,persona/datasets/matraix-persona-1m/cohorts/cohort-162f4cf6eb0f/persona_wiki-161a505d06d8.yaml,1.0,oxo_hideaway,OXO Hideaway Compact,19.97,4,hygiene,4,,,North America,,Woman,Mid-life,,,Self-employed,"The OXO Hideaway's auto-opening canister and ventilated tray solve the two things I actually care about: keeping the brush out of sight and preventing a soggy, mildewed base. Its slim, quiet profile suits my bathroom far better than a bronze metallic or two-pack set, and OXO's reputation for well-engineered household tools gives me confidence at a reasonable $19.97."
survey_toilet-brush-choice__y8Agz5L,persona/datasets/matraix-persona-1m/cohorts/cohort-162f4cf6eb0f/persona_gss-9b8c8a443871.yaml,1.0,clorox_under_rim,Clorox Corner Under-Rim,15.5,5,cleaning,4,65-74,,North America,Middle,Man,Retirement,,,Retired,"I'm a practical man and I trust the Clorox name for bathroom cleaning. The corner caddy saves space and the under-rim scrubber does the job where it matters, all at a fair price."
survey_toilet-brush-choice__y8ETxqt,persona/datasets/matraix-persona-1m/cohorts/cohort-162f4cf6eb0f/persona_gss-a1ec2a92a48e.yaml,1.0,boomjoy_tweezer,BOOMJOY Silicone+Tweezers,12.99,5,hygiene,4,18-24,,North America,Lower-middle,Woman,Student,,,Student,"As a student on a tight budget, $12.99 is affordable, and the built-in tweezers for removing tangled hair plus the lightweight aluminum handle make cleaning less gross and easier. The ventilated quick-dry base also helps keep things hygienic in a shared bathroom."
survey_toilet-brush-choice__yN4pESr,persona/datasets/matraix-persona-1m/cohorts/cohort-162f4cf6eb0f/persona_amazon-92b04485ead3.yaml,1.0,oxo_hideaway,OXO Hideaway Compact,19.97,4,hygiene,4,,,North America,,Man,,Nomadic / remote,,Retired,"I want a clean, minimal look with a holder that hides the brush and dries without pooling water, and OXO's auto-open ventilated canister does exactly that. The compact footprint suits my transitional housing, and the brand's reputation plus firm nylon bristles means it will actually clean well."
survey_toilet-brush-choice__yQKLrM8,persona/datasets/matraix-persona-1m/cohorts/cohort-162f4cf6eb0f/persona_wiki-fbde27dd9aee.yaml,1.0,oxo_hideaway,OXO Hideaway Compact,19.97,4,design,4,65+,Value-driven,North America,Upper-middle,Man,Retirement,Suburban,,Self-employed,"I want a compact, minimal set that hides the brush entirely when stored, and OXO's reputation for well-engineered, durable household tools gives me confidence in the build. The auto-open canister and ventilated tray address hygiene and tidiness without the visual clutter of an exposed brush, and at $19.97 the price sits comfortably in the middle of the range."
survey_toilet-brush-choice__yT2wSeM,persona/datasets/matraix-persona-1m/cohorts/cohort-162f4cf6eb0f/persona_stackoverflow-c8babedc00fa.yaml,1.0,oxo_hideaway,OXO Hideaway Compact,19.97,4,hygiene,4,25-34,Value-driven,North America,,,Early career,,,Full-time,"I want a brush that stays concealed and doesn't pool dirty water in the base, and OXO's auto-open ventilated canister solves both without looking cheap. It's a reasonable price for a single well-built set from a brand with a solid reputation, and the compact footprint suits a small bathroom."
survey_toilet-brush-choice__yU3sDMB,persona/datasets/matraix-persona-1m/cohorts/cohort-162f4cf6eb0f/persona_wiki-112c3b1253e8.yaml,1.0,oxo_hideaway,OXO Hideaway Compact,19.97,4,hygiene,5,,Value-driven,North America,High income,Man,Mid-life,,,Self-employed,"The OXO Good Grips Hideaway Compact is the one set that matches how I actually want a bathroom tool to behave: the brush disappears into a clean, minimal canister, and the ventilated tray prevents the standing water and odor that make most brush holders unpleasant. OXO is a brand I trust for durable, well-engineered household goods, and at $19.97 the price is reasonable for a single well-made set rather than a multi-pack of cheap ones."
survey_toilet-brush-choice__yU4HytZ,persona/datasets/matraix-persona-1m/cohorts/cohort-162f4cf6eb0f/persona_gss-b6bb5ea38a14.yaml,1.0,jiga_3pack,JIGA 3-Pack,13.99,5,price,4,25-34,,North America,Lower-middle,Man,,,,Full-time,"I need a brush for my bathroom and money is tight right now, so getting three complete sets for $13.99 is the best value on this shelf. I can keep one in my bathroom, put one in the spare bathroom, and have a backup for when the bristles wear out."
survey_toilet-brush-choice__yYcsQTu,persona/datasets/matraix-persona-1m/cohorts/cohort-162f4cf6eb0f/persona_amazon-3b3f5f5df381.yaml,1.0,boomjoy_tweezer,BOOMJOY Silicone+Tweezers,12.99,5,hygiene,5,,,North America,,,Parent of young kids,,,,"The built-in tweezers are a game changer for pulling out tangled hair — I deal with that constantly with two little kids and a shedding dog! Plus it's cheap at $12.99, and the ventilated base means it won't get gross and smelly."
survey_toilet-brush-choice__yYsCrFu,persona/datasets/matraix-persona-1m/cohorts/cohort-162f4cf6eb0f/persona_gss-39e5b9a0c971.yaml,1.0,jiga_3pack,JIGA 3-Pack,13.99,5,price,4,55-64,,North America,Lower-middle,Woman,,,,Full-time,"I have three bathrooms to keep clean and money is tight, so getting three brushes with holders for $13.99 is the best value on this shelf. White plastic sets with stiff bristles are simple and easy to replace when they wear out."
survey_toilet-brush-choice__ycBnYFF,persona/datasets/matraix-persona-1m/cohorts/cohort-162f4cf6eb0f/persona_stackoverflow-0f82e8887cd5.yaml,1.0,oxo_hideaway,OXO Hideaway Compact,19.97,4,hygiene,4,35-44,,North America,,,,,$200k+,Full-time,"I want a compact, minimal set that hides the brush when stored so the bathroom stays tidy, and OXO's auto-open canister with a ventilated tray addresses hygiene without fuss. At $19.97 it's a reasonable price for a well-known, durable brand, and the small footprint suits my bathroom."
survey_toilet-brush-choice__ycN62RL,persona/datasets/matraix-persona-1m/cohorts/cohort-162f4cf6eb0f/persona_gss-71ec60c811cb.yaml,1.0,clorox_under_rim,Clorox Corner Under-Rim,15.5,5,cleaning,4,25-34,,North America,Middle,Man,,,,Full-time,"With three kids and a wife, I want something that actually scrubs under the rim where the mess hides, and Clorox is a brand I trust for bathroom cleaning. At $15.50 it's reasonably priced and the corner caddy keeps it tucked out of the way in a busy family bathroom."
survey_toilet-brush-choice__ydLsL9A,persona/datasets/matraix-persona-1m/cohorts/cohort-162f4cf6eb0f/persona_wiki-f55d7cf86bcc.yaml,1.0,oxo_hideaway,OXO Hideaway Compact,19.97,4,hygiene,4,65+,,North America,null,Man,Retirement,null,null,null,"The OXO Hideaway's auto-open canister keeps the brush completely out of sight when stored, which suits a tidy bathroom, and the ventilated tray prevents the musty water pooling I've dealt with in cheaper holders. OXO is a brand I trust, and at $19.97 the price is reasonable for something that will last."
survey_toilet-brush-choice__z3BXjif,persona/datasets/matraix-persona-1m/cohorts/cohort-162f4cf6eb0f/persona_wiki-c68eb4cb0228.yaml,1.0,oxo_hideaway,OXO Hideaway Compact,19.97,4,hygiene,5,85+,Value-driven,North America,Upper-middle,Woman,Mid-life,Small town,,Self-employed,"At 85 with a small bathroom, I value the OXO's hideaway canister that conceals the brush and opens automatically when lifted, plus its ventilated tray that prevents standing water and bacterial growth. OXO is a brand I trust for well-engineered, durable household tools, and the compact footprint suits my space without the visual clutter of an exposed brush. The price is reasonable for the build quality and hygiene design."
survey_toilet-brush-choice__z9jHvtV,persona/datasets/matraix-persona-1m/cohorts/cohort-162f4cf6eb0f/persona_gss-dbeccf66554e.yaml,1.0,oxo_hideaway,OXO Hideaway Compact,19.97,4,hygiene,4,65-74,,North America,Lower-middle,Woman,,,,Homemaker,"I want something that looks tidy and keeps the brush out of sight, and the OXO Hideaway canister does that while staying compact for my small bathroom. The ventilated tray that prevents water pooling matters to me for hygiene, and OXO is a brand I've trusted for years with kitchen tools."
survey_toilet-brush-choice__zB5Wkss,persona/datasets/matraix-persona-1m/cohorts/cohort-162f4cf6eb0f/persona_gss-7cfe1fe8af3c.yaml,1.0,jiga_3pack,JIGA 3-Pack,13.99,5,price,4,25-34,,North America,Lower-middle,Woman,,,,Unemployed,"With two kids and one bathroom, I go through brushes fast, so getting three sets for $13.99 is unbeatable value. The stiff nylon bristles and caddy storage cover what I actually need, and the simple white look fits any bathroom. Price matters a lot right now since I'm not working."
survey_toilet-brush-choice__zBH8tqJ,persona/datasets/matraix-persona-1m/cohorts/cohort-162f4cf6eb0f/persona_wiki-94f7816a21fc.yaml,1.0,oxo_hideaway,OXO Hideaway Compact,19.97,4,hygiene,4,65+,Value-driven,North America,High income,Man,Retirement,Small town,null,Retired,"I value a tidy, uncluttered bathroom, and the OXO Hideaway's auto-opening canister conceals the brush entirely while its ventilated tray prevents standing water — a genuine hygiene benefit. OXO is a brand I trust for durable, well-engineered household tools, and at $19.97 it is a reasonable price for that build quality and compact footprint."
survey_toilet-brush-choice__zFJUZUh,persona/datasets/matraix-persona-1m/cohorts/cohort-162f4cf6eb0f/persona_wiki-5e24097c6150.yaml,1.0,oxo_hideaway,OXO Hideaway Compact,19.97,4,hygiene,4,65+,,North America,,Man,Retirement,,,,"I want a set that disappears neatly when stored and keeps the brush head from sitting in dirty water. The OXO's auto-open canister and ventilated tray solve both problems, and the brand has a solid reputation for durable, well-designed tools. The compact footprint suits a tidy bathroom without paying the highest price on the shelf."
survey_toilet-brush-choice__zL8sMBq,persona/datasets/matraix-persona-1m/cohorts/cohort-162f4cf6eb0f/persona_wiki-d3da8c7e61ad.yaml,1.0,oxo_hideaway,OXO Hideaway Compact,19.97,4,hygiene,4,65+,Value-driven,North America,Upper-middle,Woman,Mid-life,Dense urban,$100k-200k,Self-employed,"I want a discreet, well-engineered set for a guest-visible bathroom, and the OXO Hideaway's auto-opening canister keeps the brush fully concealed while its ventilated tray prevents water pooling — a genuine hygiene benefit. OXO is a brand I trust for durable everyday tools, and at $19.97 the price is reasonable for the build quality."
survey_toilet-brush-choice__zLqGKX7,persona/datasets/matraix-persona-1m/cohorts/cohort-162f4cf6eb0f/persona_wiki-779a7f8df54d.yaml,1.0,oxo_hideaway,OXO Hideaway Compact,19.97,4,hygiene,4,25-34,,North America,Middle,Man,Mid-life,Small town,$50k-100k,Full-time,"I want a clean, minimal look with no visible brush and a holder that drains properly, and OXO's hideaway canister with its ventilated tray does exactly that. The brand has a solid reputation for durable everyday tools, and at $19.97 the price is reasonable for something that sits out in the bathroom."
survey_toilet-brush-choice__zLsr6sj,persona/datasets/matraix-persona-1m/cohorts/cohort-162f4cf6eb0f/persona_wiki-96f28fcfd60b.yaml,1.0,oxo_hideaway,OXO Hideaway Compact,19.97,4,hygiene,4,55-64,Value-driven,North America,Lower-middle,Woman,Mid-life,Small town,<$25k,Self-employed,"With a household of five-plus and a small bathroom, I need something compact that stores the brush out of sight and doesn't pool water. OXO's hideaway canister opens automatically when lifted and has a ventilated tray, and the brand has earned my trust over years of kitchen tools. At $19.97 it sits comfortably in the middle of the shelf and should last."
survey_toilet-brush-choice__zMAVFBg,persona/datasets/matraix-persona-1m/cohorts/cohort-162f4cf6eb0f/persona_wiki-584e9891e6e2.yaml,1.0,oxo_hideaway,OXO Hideaway Compact,19.97,4,design,4,75+,Value-driven,North America,High income,Woman,Retirement,Dense urban,null,Self-employed,"The OXO Hideaway's concealed canister keeps the brush entirely out of sight, which suits a well-appointed bathroom where visible cleaning tools are an eyesore. The auto-open mechanism and ventilated tray address both convenience and hygiene, and OXO's reputation for durable, well-designed tools justifies the modest price."
survey_toilet-brush-choice__zPLcLeZ,persona/datasets/matraix-persona-1m/cohorts/cohort-162f4cf6eb0f/persona_gss-5e8d7769a920.yaml,1.0,oxo_hideaway,OXO Hideaway Compact,19.97,4,hygiene,4,25-34,,North America,Middle,Woman,,,,Full-time,"I want something compact and tidy for a small bathroom, and the hideaway canister that opens automatically when you lift the brush keeps things neat and out of sight. The ventilated tray that prevents water pooling is a real hygiene plus, and OXO is a brand I trust for everyday household items. At $19.97 it's a reasonable middle price for the quality."
survey_toilet-brush-choice__zSPrdwR,persona/datasets/matraix-persona-1m/cohorts/cohort-162f4cf6eb0f/persona_wiki-5c3effce90cc.yaml,1.0,oxo_hideaway,OXO Hideaway Compact,19.97,4,hygiene,4,65+,Premium-seeking,North America,High income,Man,Mid-life,Small town,$200k+,Self-employed,"I am a widower in a large household, and I value order, structure, and well-engineered goods from names I trust. The OXO Hideaway's auto-opening canister and ventilated tray keep the brush out of sight and dry, which suits my sense of hygiene and tidiness, and its compact footprint fits a small-town bathroom without clutter. Price is secondary to me, so $19.97 for a durable, thoughtfully designed set is money well spent."
survey_toilet-brush-choice__zTAEFpb,persona/datasets/matraix-persona-1m/cohorts/cohort-162f4cf6eb0f/persona_wiki-c52809e25c64.yaml,1.0,clorox_under_rim,Clorox Corner Under-Rim,15.5,3,price,3,65+,Indifferent,North America,Upper-middle,Woman,Retirement,Dense urban,$100k-200k,Self-employed,"No persona-specific answer was produced, so a neutral answer was used."
survey_toilet-brush-choice__zTKMjrA,persona/datasets/matraix-persona-1m/cohorts/cohort-162f4cf6eb0f/persona_wiki-b0894a944d4f.yaml,1.0,oxo_hideaway,OXO Hideaway Compact,19.97,4,hygiene,4,55-64,,North America,Middle,Woman,Mid-life,Small town,,Retired,"I want a tidy, discreet look in a small bathroom, and the OXO's hideaway canister keeps the brush out of sight while its ventilated tray prevents water pooling. The brand has a solid reputation for durable, well-designed household tools, and at $19.97 the price is reasonable for that quality."
survey_toilet-brush-choice__zUzx7vB,persona/datasets/matraix-persona-1m/cohorts/cohort-162f4cf6eb0f/persona_wiki-cf1745497295.yaml,1.0,oxo_hideaway,OXO Hideaway Compact,19.97,4,hygiene,4,65+,Value-driven,North America,Middle,Woman,Mid-life,Dense urban,$50k-100k,Full-time,"The OXO Hideaway's auto-opening canister keeps the brush fully concealed, which matters in a shared bathroom, and the ventilated tray prevents the stagnant water that makes most holders unsanitary. At $19.97 it is reasonably priced, and OXO's design reputation gives me confidence the mechanism will hold up."
survey_toilet-brush-choice__zYBxEQW,persona/datasets/matraix-persona-1m/cohorts/cohort-162f4cf6eb0f/persona_gss-54961a913659.yaml,1.0,boomjoy_tweezer,BOOMJOY Silicone+Tweezers,12.99,4,price,3,35-44,,North America,Lower-middle,Man,,,,,"It's one of the cheapest options at $12.99, which matters since money is tight. The built-in tweezers for pulling out tangled hair and the ventilated quick-dry base are practical features I'd actually use in a shared bathroom."
survey_toilet-brush-choice__zcb4kQv,persona/datasets/matraix-persona-1m/cohorts/cohort-162f4cf6eb0f/persona_prism-da48c0e47f26.yaml,1.0,oxo_hideaway,OXO Hideaway Compact,19.97,4,hygiene,4,55-64,,North America,,Man,Empty nester,,,Retired,"I want a compact, hygienic set that looks tidy in a small bathroom, and the OXO's hideaway canister keeps the brush out of sight while its ventilated tray prevents water pooling. OXO is a brand I trust for well-designed, durable household tools, and the price is reasonable for the build quality."
survey_toilet-brush-choice__zfr7FY2,persona/datasets/matraix-persona-1m/cohorts/cohort-162f4cf6eb0f/persona_wiki-4422a9c13211.yaml,1.0,oxo_hideaway,OXO Hideaway Compact,19.97,4,hygiene,4,65+,Value-driven,North America,Upper-middle,Man,Mid-life,Small town,null,Self-employed,"I value order, hygiene, and a tidy bathroom, and the OXO Hideaway's auto-opening canister keeps the brush completely out of sight while its ventilated tray prevents water pooling. I know and trust the OXO brand, and at $19.97 the price is reasonable for a well-built set that suits a small bathroom."
survey_toilet-brush-choice__ziyFmvd,persona/datasets/matraix-persona-1m/cohorts/cohort-162f4cf6eb0f/persona_wiki-baa1be2d9359.yaml,1.0,ixo_stainless,IXO 2-Pack Stainless,28.6,4,material,4,65+,,North America,Upper-middle,Man,Mid-life,Small town,null,Retired,"I want equipment that lasts and looks orderly, and 304 stainless steel handles with weighted tapered bases will hold up far better than silicone or thin plastic. The two-pack also lets me outfit both bathrooms at once without another purchase, and the navy-and-silver look suits a plain, squared-away bathroom."
survey_toilet-brush-choice__zjViVKB,persona/datasets/matraix-persona-1m/cohorts/cohort-162f4cf6eb0f/persona_wiki-f2694cb37aaf.yaml,1.0,oxo_hideaway,OXO Hideaway Compact,19.97,4,hygiene,4,35-44,,North America,,Woman,Early career,,,Self-employed,"I want a brush that stays hidden and doesn't pool water, and OXO's auto-open ventilated canister does both in a small footprint. The brand has a track record I trust, and $19.97 is reasonable for a tool I'll use daily."
survey_toilet-brush-choice__zszUkMR,persona/datasets/matraix-persona-1m/cohorts/cohort-162f4cf6eb0f/persona_wiki-7d5998065700.yaml,1.0,oxo_hideaway,OXO Hideaway Compact,19.97,4,hygiene,4,65+,Premium-seeking,North America,High income,Man,Mid-life,Small town,$100k-200k,Self-employed,"I want a brush that disappears when stored, and the OXO's auto-opening canister with a ventilated tray means no standing water or visible mess — worth paying a bit more for that cleanliness and tidiness. OXO also has a reputation for well-engineered household tools, and at $19.97 the price is reasonable for the build quality."
survey_toilet-brush-choice__ztAJvQ3,persona/datasets/matraix-persona-1m/cohorts/cohort-162f4cf6eb0f/persona_gss-c8408312b21b.yaml,1.0,oxo_hideaway,OXO Hideaway Compact,19.97,4,hygiene,4,18-24,,North America,Lower-middle,Woman,,,,Full-time,"I want something that looks tidy and doesn't show the brush, and the OXO's hideaway canister opens automatically when you lift it, which keeps things clean and simple. It's a brand I trust and the compact footprint fits my small bathroom, plus the ventilated tray helps it dry out so it doesn't get gross."
survey_toilet-brush-choice__zvFjf9x,persona/datasets/matraix-persona-1m/cohorts/cohort-162f4cf6eb0f/persona_gss-2a1bc3b464b9.yaml,1.0,oxo_hideaway,OXO Hideaway Compact,19.97,4,hygiene,4,35-44,,North America,Middle,Woman,,,,Full-time,"I trust OXO as a brand and the hideaway canister keeps the brush out of sight, which suits my tidy bathroom. The ventilated tray that prevents water pooling matters to me for hygiene, and at $19.97 it's a fair mid-range price for something that lasts."
survey_toilet-brush-choice__zwR5aV9,persona/datasets/matraix-persona-1m/cohorts/cohort-162f4cf6eb0f/persona_wiki-fce0a6bfab2f.yaml,1.0,oxo_hideaway,OXO Hideaway Compact,19.97,4,hygiene,4,65+,Value-driven,North America,Upper-middle,Woman,Retirement,Dense urban,null,Retired,"I keep a tidy, guest-ready bathroom, and the OXO Hideaway's canister conceals the brush entirely while its ventilated tray keeps things from getting soggy and unsightly. OXO is a brand I trust for well-made, thoughtfully designed household tools, and at $19.97 the price is reasonable for something I'll use daily for years."
survey_toilet-brush-choice__zxmeyAn,persona/datasets/matraix-persona-1m/cohorts/cohort-162f4cf6eb0f/persona_wiki-55d7df435817.yaml,1.0,oxo_hideaway,OXO Hideaway Compact,19.97,4,hygiene,4,,Value-driven,North America,High income,Man,Mid-life,,,Full-time,"I want a hygienic, low-profile solution for a guest bathroom, and the OXO Hideaway's auto-opening canister keeps the brush out of sight while its ventilated tray prevents water pooling and bacterial growth. At $19.97 it's a reasonable mid-range price for a brand with a strong reliability record, and the compact footprint fits my space. The other silicone options are cheaper but feel flimsier, and I don't need multi-packs or tweezer gimmicks."
