trial,persona_path,reward,choice,choice_label,price,price_threshold,feature_priority,purchase_likelihood,age_bracket,economic_motivation,region,socioeconomic_band,gender_identity,life_stage,income,employment,rationale
survey_water-bottle-choice__24JAMQE,persona/datasets/matraix-persona-1m/cohorts/cohort-b9851ff4d44d/persona_synthetic-909df7f9e641.yaml,1.0,fuguang_316,富光 316 保温杯,39.9,3,insulation,3,25-34,Value-driven,South Asia,Middle,Man,Early career,<$25k,Part-time,"আমার বাজেট খুব সীমিত, তাই ¥39.9 দামের ফুগুয়াং বোতলটাই আমার জন্য সবচেয়ে বাস্তবসম্মত। ৫০০ মিলি ধারণক্ষমতা আর ভ্যাকুয়াম ইনসুলেশন দৈনিক ব্যবহারের জন্য যথেষ্ট, আর সিল ভালো থাকায় ব্যাগে নিয়ে ঘোরাঘুরি করতে সমস্যা হবে না।"
survey_water-bottle-choice__2Aruk6z,persona/datasets/matraix-persona-1m/cohorts/cohort-b9851ff4d44d/persona_synthetic-648a23bae967.yaml,1.0,fuguang_316,富光 316 保温杯,39.9,5,price,4,18-24,Cost-sensitive,Sub-Saharan Africa,Low income,Woman,Student,<$25k,Student,"I'm a student on a tight budget, so the ¥39.9 price is what I can actually afford right now. It's insulated stainless steel with a reliable seal, which covers my basic daily need without overspending. The expensive viral options like Stanley are way out of reach for me."
survey_water-bottle-choice__2AsmSwA,persona/datasets/matraix-persona-1m/cohorts/cohort-b9851ff4d44d/persona_synthetic-d1664083c68d.yaml,1.0,fuguang_316,富光 316 保温杯,39.9,5,price,4,35-44,Cost-sensitive,South Asia,Middle,Man,Mid-life,<$25k,Gig / freelance,"मेरा बजट तंग है और मैं हर रुपये का हिसाब रखता हूँ, इसलिए ¥39.9 की कीमत मेरे लिए सबसे बड़ी बात है। यह 316 स्टेनलेस स्टील है, वैक्यूम इंसुलेटेड है और सील भी भरोसेमंद बताई गई है — रोज़ पानी ले जाने के लिए इतना काफी है। महंगे ब्रांड मुझे सिर्फ़ नाम की कीमत लगते हैं, इसलिए बेसिक सस्ता बोतल ही लूँगा।"
survey_water-bottle-choice__2BvvxFL,persona/datasets/matraix-persona-1m/cohorts/cohort-b9851ff4d44d/persona_wiki-0cf9c8a437f0.yaml,1.0,beijixiong_316,杯具熊 316 保温杯,129.0,4,insulation,4,75-84,Indifferent,Caucasus,Upper-middle,Man,Retirement,null,Self-employed,"I want a genuinely insulated bottle for daily tea and cold water, and the Beijixiong offers a 316/316L liner and strong vacuum insulation at a fair mid-tier price. The 600 ml size suits my routine without being bulky, and the brand-neutral, functional design appeals to me more than viral lifestyle marketing."
survey_water-bottle-choice__2ByJQ5t,persona/datasets/matraix-persona-1m/cohorts/cohort-b9851ff4d44d/persona_synthetic-fe0cae788541.yaml,1.0,beijixiong_316,杯具熊 316 保温杯,129.0,4,insulation,4,18-24,Indifferent,Sub-Saharan Africa,Middle,Man,Parent of young kids,<$25k,Student,"I need something insulated to keep my tea hot through long study days, and 316/316L stainless steel at ¥129 hits the sweet spot between the cheap basic bottle and the pricey Japanese one. The 600 ml size is right for my daily commute, and I trust the value tier more than paying extra just for a brand name."
survey_water-bottle-choice__2CZ9ANm,persona/datasets/matraix-persona-1m/cohorts/cohort-b9851ff4d44d/persona_synthetic-10b33d2a40bc.yaml,1.0,beijixiong_316,杯具熊 316 保温杯,129.0,4,insulation,4,18-24,Value-driven,South Asia,Lower-middle,Woman,Student,$25k-50k,Student,"The Beijixiong 316 sits at the sweet spot: real 316/316L steel and triple heat blocking for ¥129, which is far cheaper than the Mijia or Zojirushi for basically the same insulation job. I want a daily bottle that keeps water hot through long days, and I'd rather not pay ¥100 extra just for a name. The 600 ml size is also right for carrying around without being bulky."
survey_water-bottle-choice__2DKoBkm,persona/datasets/matraix-persona-1m/cohorts/cohort-b9851ff4d44d/persona_synthetic-bd1d9c33df90.yaml,1.0,beijixiong_316,杯具熊 316 保温杯,129.0,4,insulation,4,45-54,Cost-sensitive,East Asia,Lower-middle,Woman,Career change,$100k-200k,Full-time,我每天要带水上班，保温性能是最要紧的，316/316L内胆和三重隔热在这个价位段里最扎实。129元的中档价格我能接受，比39.9元的基础款更耐用，又不像Zojirushi和Stanley那样贵得没必要。600ml容量刚好够我一天的饮水量，也放得进包侧袋。
survey_water-bottle-choice__2NNd7V8,persona/datasets/matraix-persona-1m/cohorts/cohort-b9851ff4d44d/persona_synthetic-7e762809a074.yaml,1.0,beijixiong_316,杯具熊 316 保温杯,129.0,4,insulation,4,55-64,Value-driven,Latin America,Middle,Man,Mid-life,<$25k,Full-time,"Busco algo práctico y duradero para el día a día, y el acero 316 con triple aislamiento me da buena confianza sin pagar de más. Los 600 ml me alcanzan bien y el precio de ¥129 me parece justo por lo que ofrece. La botella viral de Stanley es demasiado grande y cara para lo que necesito, y las de plástico no mantienen la temperatura."
survey_water-bottle-choice__2P8AHg8,persona/datasets/matraix-persona-1m/cohorts/cohort-b9851ff4d44d/persona_synthetic-952a9f0cc418.yaml,1.0,beijixiong_316,杯具熊 316 保温杯,129.0,4,price,4,55-64,Cost-sensitive,Sub-Saharan Africa,Lower-middle,Woman,Career change,<$25k,Full-time,"Je cherche une gourde isolante fiable pour tous les jours, et la Beijixiong offre le meilleur rapport qualité-prix du rayon : 316/316L, triple isolation thermique et 600 ml pour ¥129, sans payer la prime des marques premium. La Fuguang est moins chère mais plus petite, et la Stanley est trop grande et trop chère pour mon usage quotidien."
survey_water-bottle-choice__2PW64Z6,persona/datasets/matraix-persona-1m/cohorts/cohort-b9851ff4d44d/persona_synthetic-53e6311c6ec2.yaml,1.0,beijixiong_316,杯具熊 316 保温杯,129.0,4,insulation,4,55-64,Cost-sensitive,Sub-Saharan Africa,Upper-middle,Woman,Empty nester,$50k-100k,Self-employed,"Prefiro garrafa térmica de aço inoxidável 316, pois bebo chá ao longo do dia e quero manter a temperatura. O preço de ¥129 é razoável para a melhor opção da faixa de ¥100, e o tamanho de 600 ml serve bem para uso diário. Não preciso de algo tão caro quanto o Zojirushi ou o Stanley."
survey_water-bottle-choice__2Q3y4FR,persona/datasets/matraix-persona-1m/cohorts/cohort-b9851ff4d44d/persona_wiki-b4e5e1ccac4b.yaml,1.0,beijixiong_316,杯具熊 316 保温杯,129.0,5,insulation,4,45-54,Indifferent,Eastern Europe,Upper-middle,Man,Mid-life,null,Full-time,"Как практик и ветеран, я ценю надёжность и инженерное качество за разумные деньги. Beijixiong 316 даёт лучшую изоляцию и цельную внутреннюю колбу из 316/316L в среднем ценовом сегменте — оптимальный баланс прочности, теплоудержания и цены. Платить ¥319 за вирусный Stanley ради объёма и ручки мне незачем, а дешёвый ¥39.9 вариант слишком базовый для ежедневной эксплуатации."
survey_water-bottle-choice__2Z4SCVB,persona/datasets/matraix-persona-1m/cohorts/cohort-b9851ff4d44d/persona_synthetic-2082192af8d9.yaml,1.0,beijixiong_316,杯具熊 316 保温杯,129.0,4,price,4,45-54,Value-driven,Latin America,High income,Woman,Mid-life,$50k-100k,Full-time,"I want real insulation and a 316 liner without paying premium prices, and the 600 ml size covers my daily commute and desk use. The ¥129 mid-tier hits the sweet spot between the too-basic ¥39.9 bottle and the overpriced viral Stanley."
survey_water-bottle-choice__2e7cWxg,persona/datasets/matraix-persona-1m/cohorts/cohort-b9851ff4d44d/persona_synthetic-92dc275b7e6e.yaml,1.0,fuguang_316,富光 316 保温杯,39.9,5,price,4,55-64,Cost-sensitive,East Asia,Lower-middle,Man,Career change,<$25k,Self-employed,我预算紧，家里五口人开销大，39块9买个316不锈钢的保温瓶最实在。基本保温、密封可靠、耐摔耐用，日常喝水够用了，没必要为牌子多花好几倍的钱。
survey_water-bottle-choice__2kX3mVZ,persona/datasets/matraix-persona-1m/cohorts/cohort-b9851ff4d44d/persona_synthetic-8ea280bfd994.yaml,1.0,beijixiong_316,杯具熊 316 保温杯,129.0,4,insulation,4,65-74,Cost-sensitive,South Asia,Lower-middle,Woman,Retirement,$100k-200k,Retired,"আমি নিজে প্রতিদিন গরম চা আর ঠান্ডা জল দুটোই বহন করি, তাই ইনসুলেশন আমার কাছে সবচেয়ে জরুরি — ন্যালজিনের প্লাস্টিক বোতল তাপ ধরে না। ৬০০ মিলি আমার সারাদিনের চাহিদার জন্য ঠিক, আর ¥১২৯ দামে ৩১৬/৩১৬এল ইনসুলেশন পাওয়াটা যুক্তিসঙ্গত — জোজিরুশি বা স্ট্যানলির দাম আমার পেনশনের বাজেটে অতিরিক্ত।"
survey_water-bottle-choice__2nDQZ3U,persona/datasets/matraix-persona-1m/cohorts/cohort-b9851ff4d44d/persona_wiki-e1e864b5011a.yaml,1.0,beijixiong_316,杯具熊 316 保温杯,129.0,5,insulation,5,35-44,Premium-seeking,Oceania,Upper-middle,Man,Retirement,null,Retired,"At ¥129 it delivers genuine 316/316L stainless steel with tail-less vacuum and triple heat blocking — the best performance-per-yuan on the shelf. The 600 ml capacity is right for daily use, and the ¥39.9 option is too basic while the premium brands charge nearly double for comparable insulation."
survey_water-bottle-choice__2nK9jZw,persona/datasets/matraix-persona-1m/cohorts/cohort-b9851ff4d44d/persona_synthetic-d5575c575cdb.yaml,1.0,beijixiong_316,杯具熊 316 保温杯,129.0,4,insulation,4,18-24,Cost-sensitive,Sub-Saharan Africa,Upper-middle,Woman,Student,<$25k,Student,"Preciso de um produto durável e que conserve a temperatura, e o Beijixiong oferece 316/316L com isolamento triplo a um preço médio justo (¥129). Como estudante com orçamento apertado, não posso pagar o Zojirushi nem o Stanley, mas também não confio num modelo básico tão barato para uso diário. Este é o melhor equilíbrio entre qualidade, capacidade de 600 ml e custo acessível."
survey_water-bottle-choice__2q7a3Wj,persona/datasets/matraix-persona-1m/cohorts/cohort-b9851ff4d44d/persona_wiki-5c801ca8bd21.yaml,1.0,zojirushi_sm_sz,象印 SM-SZ,229.0,4,insulation,5,55-64,Value-driven,South Asia,Upper-middle,Woman,Mid-life,null,Self-employed,"I want a bottle I can carry daily without fuss, and the Zojirushi's 480 ml size suits my handbag and commute. Its top-tier insulation and non-stick interior coating are worth the premium for me, since I value easy cleaning and reliable temperature retention. The lightweight build also makes it comfortable for my yoga and travel routines."
survey_water-bottle-choice__2qa4Vfo,persona/datasets/matraix-persona-1m/cohorts/cohort-b9851ff4d44d/persona_wiki-4673cc7039a0.yaml,1.0,zojirushi_sm_sz,象印 SM-SZ,229.0,4,brand,5,85+,Value-driven,Latin America,High income,Man,Retirement,$200k+,Self-employed,"Na minha idade, priorizo qualidade e durabilidade acima de tudo, e a Zojirushi tem reputação japonesa de excelência em isolamento térmico. O revestimento interno antiaderente facilita muito a limpeza diária, e o tamanho de 480 ml é prático para levar comigo durante meu voluntariado e compromissos. O preço mais alto se justifica por um produto que vai me acompanhar por muitos anos."
survey_water-bottle-choice__2skMdYN,persona/datasets/matraix-persona-1m/cohorts/cohort-b9851ff4d44d/persona_synthetic-0bac583ab62d.yaml,1.0,beijixiong_316,杯具熊 316 保温杯,129.0,4,insulation,4,18-24,Value-driven,South Asia,Lower-middle,Woman,Early career,$200k+,Part-time,"I want real insulation for daily tea and water, but I'm on a tight budget and can't justify paying ¥179-¥319 for a bottle. The Beijixiong at ¥129 gives me the 316/316L liner and triple heat blocking that the ¥39.9 basic bottle can't match, without the premium markup of the Mijia or Zojirushi. It's the sweet spot where the quality actually shows up in the specs, not just the logo."
survey_water-bottle-choice__2vbkrAY,persona/datasets/matraix-persona-1m/cohorts/cohort-b9851ff4d44d/persona_synthetic-e016a7810937.yaml,1.0,beijixiong_316,杯具熊 316 保温杯,129.0,4,insulation,4,25-34,Value-driven,Sub-Saharan Africa,Low income,Man,Mid-life,$25k-50k,Full-time,"Nataka chupa ya kudumu inayohifadhi joto na baridi kwa siku nzima, na 316/316L stainless steel ya Beijixiong inatoa ubora wa hali ya juu kwa bei ya kati ya ¥129 ambayo inaingia kwenye bajeti yangu. Pia ni rahisi kusafisha na inatosha kwa matumizi ya kila siku."
survey_water-bottle-choice__2xuYKU2,persona/datasets/matraix-persona-1m/cohorts/cohort-b9851ff4d44d/persona_synthetic-cddebc324487.yaml,1.0,beijixiong_316,杯具熊 316 保温杯,129.0,4,price,4,18-24,Indifferent,Sub-Saharan Africa,Middle,Woman,Early career,<$25k,Full-time,"I want insulated so my tea stays hot on cold mornings, and 316/316L steel at ¥129 is the best deal on the shelf. The Fuguang is cheaper but only basic spec, and the Stanley or Zojirushi prices feel like paying for a name I don't need."
survey_water-bottle-choice__2ytTjKL,persona/datasets/matraix-persona-1m/cohorts/cohort-b9851ff4d44d/persona_wiki-96bfde84be21.yaml,1.0,beijixiong_316,杯具熊 316 保温杯,129.0,5,insulation,4,75-84,Premium-seeking,North America,High income,Man,Retirement,$200k+,Retired,"I want a genuinely insulated bottle for daily use, and this one gives me 316/316L stainless steel and triple heat blocking at the ¥100 tier — the best spec-per-yuan on the shelf. The Fuguang is cheaper but only basic insulation, and the Zojirushi and Stanley prices are paying for brand and lifestyle, not performance I need."
survey_water-bottle-choice__33aMx4V,persona/datasets/matraix-persona-1m/cohorts/cohort-b9851ff4d44d/persona_synthetic-fe8e8091fe8d.yaml,1.0,fuguang_316,富光 316 保温杯,39.9,5,price,5,35-44,Cost-sensitive,Southeast Asia,Low income,Woman,Parent of young kids,<$25k,Homemaker,作为一个靠固定预算养三个孩子的家庭主妇，我首先看价格，39.9元买一个316不锈钢保温瓶几乎不需要犹豫。它容量500毫升够我日常用，密封可靠、耐用，我不需要为了品牌或外观多花三四倍的钱。其他几款要么太贵，要么是塑料不保温的大容量瓶，不符合我的实际需求。
survey_water-bottle-choice__38swsYZ,persona/datasets/matraix-persona-1m/cohorts/cohort-b9851ff4d44d/persona_synthetic-619de0b18617.yaml,1.0,fuguang_316,富光 316 保温杯,39.9,5,price,4,35-44,Value-driven,East Asia,Low income,Woman,Parent of young kids,$50k-100k,Full-time,我一家五口租房住，钱要省着花，日常喝水不需要花哨功能。这个国产基础款保温瓶才39.9元，316不锈钢、密封可靠、耐用又便宜，坏了丢了也不心疼，正好符合我的预算和实用需求。
survey_water-bottle-choice__3MfxihQ,persona/datasets/matraix-persona-1m/cohorts/cohort-b9851ff4d44d/persona_synthetic-c94c0a4b48ff.yaml,1.0,fuguang_316,富光 316 保温杯,39.9,5,price,4,18-24,Cost-sensitive,Sub-Saharan Africa,Low income,Woman,Career change,$50k-100k,Student,"I'm on a tight student budget and I don't need anything fancy, so the ¥39.9 Fuguang keeps things simple and affordable. It's insulated, seals properly, and 500 ml is enough for me to carry around campus."
survey_water-bottle-choice__3RcVUnR,persona/datasets/matraix-persona-1m/cohorts/cohort-b9851ff4d44d/persona_synthetic-7e45027b127a.yaml,1.0,fuguang_316,富光 316 保温杯,39.9,5,price,4,45-54,Value-driven,MENA,Lower-middle,Woman,Empty nester,<$25k,Full-time,"Бюджет ограничен, а эта бутылка дешёвая и надёжная — 316 сталь, вакуумная изоляция, хорошая крышка. Мне не нужны большие объёмы или бренд, важна практичность за малые деньги."
survey_water-bottle-choice__3WJvnP7,persona/datasets/matraix-persona-1m/cohorts/cohort-b9851ff4d44d/persona_synthetic-62ca5a921b8d.yaml,1.0,beijixiong_316,杯具熊 316 保温杯,129.0,4,price,4,18-24,Value-driven,Sub-Saharan Africa,Low income,Woman,Early career,<$25k,Full-time,"Nahitaji kitu cha bei rahisi sana wala cha kifahari kupita kiasi, na hii inatoa 316/316L halisi kwa bei ya kati ya ¥129 ambayo inaonekana sawa. Uwezo wa 600 ml unanitosha kwa matumizi ya kila siku, na 316L ndani ni rahisi kusafisha kuliko chuma cha kawaida."
survey_water-bottle-choice__3kD8Bdr,persona/datasets/matraix-persona-1m/cohorts/cohort-b9851ff4d44d/persona_synthetic-1c1814de5669.yaml,1.0,fuguang_316,富光 316 保温杯,39.9,5,price,4,55-64,Cost-sensitive,East Asia,Middle,Woman,Mid-life,<$25k,Full-time,我平时就是用它装白开水，保温够用就行，没必要为牌子多花钱。39.9元这个价格，密封可靠、316不锈钢、坏了丢了也不心疼，最实在。
survey_water-bottle-choice__3mpxuc7,persona/datasets/matraix-persona-1m/cohorts/cohort-b9851ff4d44d/persona_wiki-7468db0dd498.yaml,1.0,zojirushi_sm_sz,象印 SM-SZ,229.0,4,insulation,5,25-34,Premium-seeking,MENA,High income,Man,Early career,,Full-time,"Je privilégie la qualité et la durabilité, et Zojirushi est une référence japonaise en matière d'isolation et de finition. Le revêtement intérieur anti-adhérent et la légèreté correspondent à mon usage quotidien intensif, et le prix reste justifié pour un produit premium."
survey_water-bottle-choice__3o29rBg,persona/datasets/matraix-persona-1m/cohorts/cohort-b9851ff4d44d/persona_synthetic-bc533c38a9c1.yaml,1.0,beijixiong_316,杯具熊 316 保温杯,129.0,4,insulation,4,65-74,Cost-sensitive,Sub-Saharan Africa,Middle,Man,Retirement,<$25k,Retired,"At ¥129 it sits in the sweet spot for me: 316/316L stainless inner liner, triple heat blocking, and a tail-less vacuum build that should actually hold temperature, unlike the cheap basic bottles. I drink hot water through the day and my hands aren't what they were, so a reliable insulated 600 ml that I can refill and not fuss over is worth the modest premium over the ¥39.9 option. I skip the Zojirushi and Stanley because the price jumps don't buy me anything I need, and the Nalgene isn't insulated at all."
survey_water-bottle-choice__3uT9aLy,persona/datasets/matraix-persona-1m/cohorts/cohort-b9851ff4d44d/persona_synthetic-7e2890ee4ddd.yaml,1.0,beijixiong_316,杯具熊 316 保温杯,129.0,4,insulation,4,35-44,Premium-seeking,MENA,Upper-middle,Man,Mid-life,$50k-100k,Unemployed,أحتاج زجاجة يومية متينة تحفظ حرارة الشاي أو الماء البارد خلال تنقلاتي، و316 ستانلس مع عزل ثلاثي يبدو أفضل قيمة في فئة المئة يوان. السعر 129 يوان مقبول لميزانيتي ولا أرى داعيًا لدفع أكثر لعلامة تجارية.
survey_water-bottle-choice__3voU2ui,persona/datasets/matraix-persona-1m/cohorts/cohort-b9851ff4d44d/persona_synthetic-440949d11f21.yaml,1.0,beijixiong_316,杯具熊 316 保温杯,129.0,4,insulation,4,65-74,Indifferent,MENA,Upper-middle,Man,Retirement,<$25k,Retired,"I want a daily bottle that actually keeps tea and water hot through a long day, and the Beijixiong gives me the 316/316L liner and triple heat blocking at a price I can justify. The 600 ml size is right for walking and desk use, and the ¥129 tier feels like the sweet spot rather than paying for a viral name. The Stanley is too big and heavy for me, and the plastic Nalgene won't hold temperature at all."
survey_water-bottle-choice__3wLzWFV,persona/datasets/matraix-persona-1m/cohorts/cohort-b9851ff4d44d/persona_wiki-6fe6a2365e11.yaml,1.0,beijixiong_316,杯具熊 316 保温杯,129.0,4,insulation,4,65-74,Value-driven,Western Europe,Low income,Man,Mid-life,,Retired,"I want a proper insulated stainless bottle for daily use, and this one gives me a 316/316L liner and triple heat blocking at a fair ¥129 — no point paying Zojirushi or Stanley money for the same job. The 600 ml size suits a full day out and about, and I've learned the hard way that cheap seals and thin walls cost you more in the long run."
survey_water-bottle-choice__3wdLRrw,persona/datasets/matraix-persona-1m/cohorts/cohort-b9851ff4d44d/persona_synthetic-43ed5dad06f0.yaml,1.0,beijixiong_316,杯具熊 316 保温杯,129.0,4,insulation,4,65-74,Value-driven,Sub-Saharan Africa,Low income,Woman,Retirement,$50k-100k,Retired,"Insulation is what matters to me for daily use, and 316/316L steel with triple heat blocking at ¥129 is honest value. The budget Fuguang is too small and the Stanley is far too expensive and bulky for one person. I want something durable, properly insulated, and not paying for a brand name."
survey_water-bottle-choice__46jwRTL,persona/datasets/matraix-persona-1m/cohorts/cohort-b9851ff4d44d/persona_synthetic-51440785a023.yaml,1.0,beijixiong_316,杯具熊 316 保温杯,129.0,4,price,4,55-64,Cost-sensitive,East Asia,Upper-middle,Man,Career change,$25k-50k,Unemployed,价格在¥100档里最实在，316/316L内胆加真空保温，日常够用。容量600ml比500ml多一点，不用老是接水。品牌不如象印有名，但我不太看牌子，看的是钱花在哪。
survey_water-bottle-choice__4Fi9AUo,persona/datasets/matraix-persona-1m/cohorts/cohort-b9851ff4d44d/persona_synthetic-6e9ff3bdd2db.yaml,1.0,fuguang_316,富光 316 保温杯,39.9,5,price,4,35-44,Value-driven,East Asia,Low income,Woman,Parent of young kids,$50k-100k,Part-time,我预算有限，家里两个孩子开销大，这瓶子39.9元便宜又耐用，保温密封都够用。316不锈钢内胆也让我放心，不用为品牌溢价多花钱。
survey_water-bottle-choice__4MBeRzU,persona/datasets/matraix-persona-1m/cohorts/cohort-b9851ff4d44d/persona_synthetic-7a0eb81c88b4.yaml,1.0,fuguang_316,富光 316 保温杯,39.9,5,price,4,55-64,Value-driven,MENA,Low income,Man,Career change,<$25k,Self-employed,"I need a basic daily bottle and my budget is tight, so the ¥39.9 Fuguang is the only price I can justify. It is insulated, seals reliably, and is durable enough for everyday use. Paying ¥119 or more for a water bottle is not something I can do right now."
survey_water-bottle-choice__4N8yQZ6,persona/datasets/matraix-persona-1m/cohorts/cohort-b9851ff4d44d/persona_synthetic-bb8ae9dfad8b.yaml,1.0,fuguang_316,富光 316 保温杯,39.9,4,price,4,35-44,Cost-sensitive,South Asia,Low income,Woman,Early career,<$25k,Homemaker,"Money is tight and I'm expecting, so I need cheap and reliable over fancy. A 500 ml insulated bottle at ¥39.9 with a decent seal does the job, and I'd rather not sink ¥100+ into something I might lose."
survey_water-bottle-choice__4Niy7H3,persona/datasets/matraix-persona-1m/cohorts/cohort-b9851ff4d44d/persona_synthetic-7261d853f5bd.yaml,1.0,beijixiong_316,杯具熊 316 保温杯,129.0,4,insulation,4,18-24,Cost-sensitive,Sub-Saharan Africa,Middle,Woman,Early career,$200k+,Student,"Ninahitaji insulation ya kweli kwa matumizi ya kila siku, na 316/316L ya Beijixiong kwenye ¥129 inatoa thamani bora kuliko Mijia au Zojirushi zinazogharimu zaidi. Fuguang ni nafuu lakini 500 ml haitoshi na insulation yake ni ya msingi tu; Stanley ni kubwa mno na ghali kwa mahitaji yangu."
survey_water-bottle-choice__4PgzT5r,persona/datasets/matraix-persona-1m/cohorts/cohort-b9851ff4d44d/persona_synthetic-46413a371fdb.yaml,1.0,beijixiong_316,杯具熊 316 保温杯,129.0,4,insulation,4,45-54,Premium-seeking,Sub-Saharan Africa,Lower-middle,Woman,Early career,$200k+,Gig / freelance,"I want a genuinely insulated bottle for daily commuting and long shifts, and the Beijixiong 316 gives me a 316/316L liner and triple heat blocking at ¥129 — the best insulation-per-yuan on this shelf. The budget Fuguang is tempting but I distrust its basic vacuum at that price, and the Zojirushi and Stanley premiums buy branding and size I do not need. The 600 ml capacity also fits my day without being bulky."
survey_water-bottle-choice__4R9DuaE,persona/datasets/matraix-persona-1m/cohorts/cohort-b9851ff4d44d/persona_synthetic-54a810e4807f.yaml,1.0,beijixiong_316,杯具熊 316 保温杯,129.0,4,insulation,4,35-44,Cost-sensitive,East Asia,High income,Woman,Mid-life,$25k-50k,Full-time,我选北极熊316保温杯。它用的是316/316L内胆，无尾真空加三重隔热，保温性能在这一档里最好，价格129元也在我能接受的范围内。500ml的福光虽然更便宜，但容量和做工都差一截；再往上的象印和Stanley溢价太高，日常用没必要。
survey_water-bottle-choice__4Xwveaw,persona/datasets/matraix-persona-1m/cohorts/cohort-b9851ff4d44d/persona_synthetic-f1e6fbcc2723.yaml,1.0,beijixiong_316,杯具熊 316 保温杯,129.0,4,insulation,4,35-44,Cost-sensitive,Sub-Saharan Africa,Low income,Woman,Mid-life,<$25k,Full-time,"I need something that actually keeps my tea hot during long shifts, and 316 stainless steel with triple heat blocking at ¥129 is the sweet spot. The Stanley is too big and pricey for me, and the Fuguang feels too cheap to trust for daily use."
survey_water-bottle-choice__4bfj2uJ,persona/datasets/matraix-persona-1m/cohorts/cohort-b9851ff4d44d/persona_wiki-da8ac70125d8.yaml,1.0,zojirushi_sm_sz,象印 SM-SZ,229.0,4,insulation,4,65-74,Value-driven,North America,High income,Woman,Mid-life,$200k+,Self-employed,"I live alone, work solo, and value reliability above novelty, so a single bottle that performs flawlessly for years is worth the premium. The Zojirushi's top-tier insulation, ultra-light body, and non-stick interior that is genuinely easy to clean matter more to me than saving ¥100 or gaining a viral tumbler's bulk. The 480 ml size suits a desk-and-car routine without being cumbersome."
survey_water-bottle-choice__4iFY4vG,persona/datasets/matraix-persona-1m/cohorts/cohort-b9851ff4d44d/persona_synthetic-61cfcadc0ce0.yaml,1.0,fuguang_316,富光 316 保温杯,39.9,5,price,5,18-24,Cost-sensitive,Latin America,Low income,Woman,Student,<$25k,Student,"Soy estudiante con presupuesto muy limitado y vivo con mi familia, así que ¥39.9 es lo único que puedo pagar sin culpa. Es un termo de acero 316 con buen sellado, marca nacional confiable y cumple lo básico para llevar agua todo el día. No necesito 1 litro ni diseño viral, solo que no se derrame en mi mochila."
survey_water-bottle-choice__4ji7WMh,persona/datasets/matraix-persona-1m/cohorts/cohort-b9851ff4d44d/persona_synthetic-78980c045389.yaml,1.0,beijixiong_316,杯具熊 316 保温杯,129.0,4,price,4,25-34,Cost-sensitive,Sub-Saharan Africa,Lower-middle,Woman,Mid-life,$100k-200k,Unemployed,"I want insulated performance for daily use, and the Beijixiong 316 gives a 316/316L liner, tail-less vacuum, and triple heat blocking for ¥129 — the best value at the mid tier. The budget Fuguang is cheaper but I'd rather pay a little more for a better seal and durability, and the premium Zojirushi and Stanley cost far more than I need to spend."
survey_water-bottle-choice__4p6zoKD,persona/datasets/matraix-persona-1m/cohorts/cohort-b9851ff4d44d/persona_synthetic-5600eb91a09d.yaml,1.0,beijixiong_316,杯具熊 316 保温杯,129.0,4,price,4,18-24,Value-driven,South Asia,Low income,Man,Early career,<$25k,Student,"I want real vacuum insulation for daily commutes and caregiving errands, and 316/316L steel with triple heat blocking at ¥129 is the best value on this shelf. The 600 ml size is practical without being bulky, and I do not trust the uninsulated Nalgene or the pricier brand-name bottles enough to pay double."
survey_water-bottle-choice__4rCidJs,persona/datasets/matraix-persona-1m/cohorts/cohort-b9851ff4d44d/persona_wiki-b8b7d8406ce2.yaml,1.0,beijixiong_316,杯具熊 316 保温杯,129.0,5,insulation,4,75-84,Indifferent,Latin America,Middle,Woman,Mid-life,null,Self-employed,"Aos 79 anos, com saúde frágil, preciso de uma garrafa térmica de verdade para manter a água quente ao longo do dia, e não de plástico ou de um copo viral gigante. O Beijixiong me dá o aço 316 e o isolamento superior que a Zojirushi oferece, mas por um preço bem mais razoável — equilíbrio perfeito entre qualidade e valor."
survey_water-bottle-choice__4rwQgxX,persona/datasets/matraix-persona-1m/cohorts/cohort-b9851ff4d44d/persona_wiki-1d62638c82a3.yaml,1.0,zojirushi_sm_sz,象印 SM-SZ,229.0,4,insulation,4,75-84,Indifferent,East Asia,Upper-middle,Man,Mid-life,null,Full-time,"나는 하루 종일 차를 마시는 사람이라 보온 성능과 세척 용이성을 가장 중시한다. 조지루시 SM-SZ는 최상급 보온력과 논스틱 내부 코팅으로 관리가 쉽고, 480ml 용량과 초경량 설계가 외출 시 부담이 없다. 일본 프리미엄 브랜드의 신뢰성에 비추어 229위안은 합리적인 지출이다."
survey_water-bottle-choice__4vNdtZ3,persona/datasets/matraix-persona-1m/cohorts/cohort-b9851ff4d44d/persona_synthetic-6b50b60c9205.yaml,1.0,beijixiong_316,杯具熊 316 保温杯,129.0,4,insulation,4,55-64,Value-driven,Sub-Saharan Africa,Upper-middle,Woman,Career change,$50k-100k,Part-time,"I want real insulation for daily use, and the Beijixiong gives me 316/316L stainless with triple heat blocking at a price I can justify. The Fuguang is cheaper but feels too basic, and the Zojirushi and Stanley are more money than I'd spend on a bottle I'll knock around. 600 ml also suits me better than the small 480-500 ml options."
survey_water-bottle-choice__4wFd7zn,persona/datasets/matraix-persona-1m/cohorts/cohort-b9851ff4d44d/persona_synthetic-066422816435.yaml,1.0,fuguang_316,富光 316 保温杯,39.9,5,price,4,18-24,Cost-sensitive,South Asia,Low income,Woman,Student,<$25k,Self-employed,"আমি লো-ইনকাম ছাত্রী, এক হাতে সন্তান মানুষ করি — ৩৯.৯ ইউয়ানে ৩১৬ স্টেইনলেস স্টিলের ভ্যাকুয়াম বোতল আমার বাজেটের সাথে মেলে। বেসিক হলেও সিল ভালো আর টেকসই, তাই প্রতিদিনের ব্যবহারে এটাই সবচেয়ে বাস্তবসম্মত।"
survey_water-bottle-choice__4zK2Z5B,persona/datasets/matraix-persona-1m/cohorts/cohort-b9851ff4d44d/persona_synthetic-3c6f06e04439.yaml,1.0,beijixiong_316,杯具熊 316 保温杯,129.0,4,insulation,4,18-24,Value-driven,Sub-Saharan Africa,Middle,Man,Student,$25k-50k,Student,"Je cherche une bouteille isotherme pour tous les jours, et la Beijixiong 316 me semble le meilleur compromis — doublure 316/316L, vide sans queue et triple isolation thermique pour seulement ¥129. La Fuguang est trop basique et la Stanley est hors de prix pour une gourde de tous les jours."
survey_water-bottle-choice__56QcByz,persona/datasets/matraix-persona-1m/cohorts/cohort-b9851ff4d44d/persona_stackoverflow-f4d09c0f9127.yaml,1.0,beijixiong_316,杯具熊 316 保温杯,129.0,4,price,4,25-34,Cost-sensitive,Latin America,,,,,Full-time,"I want vacuum insulation and a 316 stainless liner for daily hot/cold use, and this hits the best spec-per-yuan at ¥129 without paying for the Zojirushi or Stanley brand premium. The 600 ml size is a good middle ground — bigger than the 500 ml basics but not the bulky 40 oz tumbler."
survey_water-bottle-choice__586muvX,persona/datasets/matraix-persona-1m/cohorts/cohort-b9851ff4d44d/persona_synthetic-57054d933d07.yaml,1.0,beijixiong_316,杯具熊 316 保温杯,129.0,4,insulation,4,55-64,Indifferent,Sub-Saharan Africa,High income,Woman,Mid-life,$25k-50k,Full-time,"I want actual insulation for daily use, and this one gives me the 316/316L liner and proper vacuum tech at a price I can justify. The Fuguang is cheaper but I'd rather pay a bit more for the better build, and the Zojirushi and Stanley are just more than I care to spend on a bottle."
survey_water-bottle-choice__58Uq8cr,persona/datasets/matraix-persona-1m/cohorts/cohort-b9851ff4d44d/persona_synthetic-dba5bbde8096.yaml,1.0,beijixiong_316,杯具熊 316 保温杯,129.0,4,insulation,4,55-64,Cost-sensitive,Sub-Saharan Africa,Low income,Man,Career change,<$25k,Full-time,"Kama mtu anayejali usalama wa maji na gharama, chupa ya Beijixiong inatoa 316/316L stainless steel na vacuum ya kuzuia joto kwa ¥129 tu, bei nafuu kuliko Mijia na Zojirushi. Uwezo wa 600 ml unatosha kwa matumizi ya kila siku, na brand hii inaaminika kwa ubora wa kati. Sipendi kununua chupa ya plastiki (Nalgene) kwa sababu haihifadhi joto na inaweza kuwa na kemikali."
survey_water-bottle-choice__5AsGoPJ,persona/datasets/matraix-persona-1m/cohorts/cohort-b9851ff4d44d/persona_synthetic-6f0f32f932fe.yaml,1.0,beijixiong_316,杯具熊 316 保温杯,129.0,4,price,4,45-54,Cost-sensitive,Latin America,Middle,Woman,Early career,<$25k,Homemaker,"Soy muy cuidadosa con el dinero y no confío en marcas solo por fama. El Beijixiong me da acero 316 real y buen aislamiento por ¥129, sin pagar el sobreprecio de Zojirushi ni el capricho viral de Stanley."
survey_water-bottle-choice__5KjivE9,persona/datasets/matraix-persona-1m/cohorts/cohort-b9851ff4d44d/persona_synthetic-76da6d81d514.yaml,1.0,beijixiong_316,杯具熊 316 保温杯,129.0,4,insulation,4,65-74,Cost-sensitive,East Asia,Lower-middle,Man,Retirement,<$25k,Retired,"At ¥129 it sits right in my budget and gives me real 316/316L steel with proper vacuum insulation, so hot tea stays hot on cold mornings. The budget Fuguang is tempting at ¥39.9, but the Beijixiong's better liner and seal are worth the extra money for something I'll carry every day."
survey_water-bottle-choice__5SqunRi,persona/datasets/matraix-persona-1m/cohorts/cohort-b9851ff4d44d/persona_wiki-fee1e78f7b48.yaml,1.0,zojirushi_sm_sz,象印 SM-SZ,229.0,4,brand,4,45-54,Value-driven,Sub-Saharan Africa,High income,Woman,Mid-life,null,Full-time,"I want a bottle I can trust for daily office and travel use, and Zojirushi's top-tier insulation and easy-to-clean non-stick interior justify the premium for something I'll handle every day. The 480 ml size is practical for carrying in a work bag, and the brand's reliability record matters more to me than saving a hundred yuan."
survey_water-bottle-choice__5Tr6zKZ,persona/datasets/matraix-persona-1m/cohorts/cohort-b9851ff4d44d/persona_synthetic-430ef9becc80.yaml,1.0,beijixiong_316,杯具熊 316 保温杯,129.0,4,price,4,55-64,Cost-sensitive,Southeast Asia,Middle,Man,Retirement,$200k+,Full-time,"Sou muito sensível a preço, mas não abro mão de isolamento térmico decente para o dia a dia. O Beijixiong entrega 316/316L, vedação a vácuo e 600 ml por ¥129, o melhor equilíbrio entre custo e qualidade. O Fuguang é barato demais para confiar no isolamento e o Stanley é grande e caro demais para o meu uso."
survey_water-bottle-choice__5WkLWNn,persona/datasets/matraix-persona-1m/cohorts/cohort-b9851ff4d44d/persona_synthetic-ae7f8608c4b6.yaml,1.0,beijixiong_316,杯具熊 316 保温杯,129.0,4,insulation,5,55-64,Cost-sensitive,East Asia,Upper-middle,Woman,Career change,$50k-100k,Homemaker,我每天都要带水出门，保温性能是我最看重的，这款316/316L内胆加三重隔热的配置在百元档里最实在。价格129元虽然比最便宜那款贵一些，但容量600毫升刚好够用一整天，密封可靠，我觉得值这个钱。
survey_water-bottle-choice__5cX5BYx,persona/datasets/matraix-persona-1m/cohorts/cohort-b9851ff4d44d/persona_synthetic-b2ef0f38700b.yaml,1.0,beijixiong_316,杯具熊 316 保温杯,129.0,4,price,4,45-54,Value-driven,Southeast Asia,Lower-middle,Woman,Parent of young kids,<$25k,Full-time,"I want an insulated bottle I can actually afford, and this one sits in the sweet spot at ¥129 with a 316/316L inner liner and strong heat retention. The 600 ml size is right for daily use, and the budget Fuguang feels too bare-bones while the premium brands cost more than I'd spend. Best value for what I need."
survey_water-bottle-choice__5dT567Y,persona/datasets/matraix-persona-1m/cohorts/cohort-b9851ff4d44d/persona_wiki-ad5196aa13b5.yaml,1.0,zojirushi_sm_sz,象印 SM-SZ,229.0,5,insulation,5,45-54,Value-driven,MENA,High income,Man,Mid-life,,Self-employed,"I drink hot tea and coffee throughout the day, so top-tier insulation and a non-stick interior that cleans easily matter most to me. The Zojirushi's ultra-light build and premium Japanese reliability justify the price for something I will carry daily."
survey_water-bottle-choice__5iyMZAS,persona/datasets/matraix-persona-1m/cohorts/cohort-b9851ff4d44d/persona_synthetic-904206c09429.yaml,1.0,beijixiong_316,杯具熊 316 保温杯,129.0,5,price,4,55-64,Cost-sensitive,Sub-Saharan Africa,Lower-middle,Woman,Career change,$50k-100k,Self-employed,"I want a vacuum-insulated steel bottle that actually keeps tea hot through a long day, and 316/316L liner plus triple heat blocking at ¥129 is the best value on this shelf. The 600 ml size suits my daily use, and I won't pay ¥179-319 for a brand name when the specs are already good here."
survey_water-bottle-choice__5nFxotZ,persona/datasets/matraix-persona-1m/cohorts/cohort-b9851ff4d44d/persona_synthetic-e513511dc3a7.yaml,1.0,beijixiong_316,杯具熊 316 保温杯,129.0,4,price,4,45-54,Cost-sensitive,South Asia,Low income,Woman,Mid-life,$50k-100k,Self-employed,"I want a proper insulated bottle for daily use, and this one gives me 316 stainless steel with triple heat blocking at a price I can actually justify. The budget Fuguang is tempting but feels too basic, and the premium Zojirushi and viral Stanley cost way more than I need to spend. This sits right in the middle — solid quality, fair price."
survey_water-bottle-choice__5qMH5vp,persona/datasets/matraix-persona-1m/cohorts/cohort-b9851ff4d44d/persona_synthetic-22dd2d49f735.yaml,1.0,beijixiong_316,杯具熊 316 保温杯,129.0,5,insulation,4,35-44,Cost-sensitive,South Asia,Middle,Man,Mid-life,<$25k,Full-time,"I need one bottle that does everything for a household of five on a tight budget, so insulation matters most and I can't justify paying for a viral brand name. The Beijixiong gives me a proper 316/316L liner and triple heat blocking at ¥129, which is the best value on this shelf. The Fuguang is cheaper but only 500 ml and basic, and the Stanley and Zojirushi are simply out of reach at my income."
survey_water-bottle-choice__5umqshZ,persona/datasets/matraix-persona-1m/cohorts/cohort-b9851ff4d44d/persona_synthetic-9cb10f13b286.yaml,1.0,beijixiong_316,杯具熊 316 保温杯,129.0,4,price,4,55-64,Cost-sensitive,East Asia,Lower-middle,Woman,Mid-life,<$25k,Self-employed,我买东西先看性价比，这个价位能拿到316/316L内胆和三层保温，比我看到的其他款实在。500毫升对我来说偏小，600毫升刚好够一天用，密封好又耐用，符合我图省心的习惯。
survey_water-bottle-choice__5zU5kR8,persona/datasets/matraix-persona-1m/cohorts/cohort-b9851ff4d44d/persona_synthetic-2c2f7c53fbaa.yaml,1.0,beijixiong_316,杯具熊 316 保温杯,129.0,4,insulation,4,55-64,Value-driven,MENA,Lower-middle,Woman,Empty nester,$100k-200k,Full-time,"I want real insulation for daily use, and at ¥129 the Beijixiong gives me a 316/316L liner and triple heat blocking without paying premium brand prices. The 600 ml size is right for a full workday and the seal reliability matters more to me than looks."
survey_water-bottle-choice__65Nu6Kh,persona/datasets/matraix-persona-1m/cohorts/cohort-b9851ff4d44d/persona_synthetic-dc3f52986257.yaml,1.0,beijixiong_316,杯具熊 316 保温杯,129.0,4,price,4,18-24,Cost-sensitive,Sub-Saharan Africa,Lower-middle,Man,Early career,<$25k,Full-time,"Je veux une bouteille isolée pour boire chaud ou froid toute la journée, et le prix de ¥129 reste raisonnable pour moi. Le Beijixiong offre le meilleur rapport qualité-prix du milieu de gamme avec sa doublure 316/316L et sa triple isolation, sans payer le supplément de marque du Mijia ou du Zojirushi."
survey_water-bottle-choice__65RRXPG,persona/datasets/matraix-persona-1m/cohorts/cohort-b9851ff4d44d/persona_synthetic-c3fee63cf08d.yaml,1.0,beijixiong_316,杯具熊 316 保温杯,129.0,4,price,4,18-24,Indifferent,East Asia,Middle,Woman,Early career,<$25k,Full-time,"Мне нужна бутылка на каждый день с нормальной термоизоляцией, и 316/316L нержавейка за ¥129 — это лучший баланс цены и качества на полке. Дешёвый Fuguang слишком базовый, а Zojirushi и Stanley переплата за бренд и объём, который мне не нужен. 600 мл как раз хватает на смену."
survey_water-bottle-choice__65sK8jG,persona/datasets/matraix-persona-1m/cohorts/cohort-b9851ff4d44d/persona_wiki-e3af7b426ea9.yaml,1.0,beijixiong_316,杯具熊 316 保温杯,129.0,5,insulation,4,85+,Value-driven,North America,Upper-middle,Man,Retirement,$100k-200k,Retired,"At my age I want a bottle that keeps tea hot for hours, seals reliably and is easy to hold, and the Beijixiong 316 delivers 316/316L stainless steel with triple heat blocking at a sensible ¥129. The Zojirushi is fine but I see no reason to pay nearly double for a smaller bottle, and the Stanley is far too large for a man who drinks from a cup at his desk. The Beijixiong is the honest, well-engineered middle of this shelf."
survey_water-bottle-choice__6B3HV3Y,persona/datasets/matraix-persona-1m/cohorts/cohort-b9851ff4d44d/persona_synthetic-3b914edc4af7.yaml,1.0,fuguang_316,富光 316 保温杯,39.9,5,price,4,85+,Cost-sensitive,Sub-Saharan Africa,Middle,Woman,Retirement,<$25k,Retired,"I am widowed, on a fixed income under $25k, and cost-sensitive, so ¥39.9 for a reliable 316 stainless steel insulated bottle is the sensible buy. My needs are basic: keep water warm on cool mornings, seal without leaking, and last. The premium tiers cost four to eight times more for features I would not use, and the Nalgene is not insulated."
survey_water-bottle-choice__6GhZVTC,persona/datasets/matraix-persona-1m/cohorts/cohort-b9851ff4d44d/persona_synthetic-f3daaebf8754.yaml,1.0,fuguang_316,富光 316 保温杯,39.9,5,price,4,25-34,Cost-sensitive,South Asia,Low income,Woman,Early career,$25k-50k,Gig / freelance,"I'm cost-sensitive and on a tight budget, so the ¥39.9 Fuguang gives me a reliable insulated 316 steel bottle for the least money. Basic vacuum insulation and a good seal cover everything I actually need for daily use."
survey_water-bottle-choice__6Gxewjg,persona/datasets/matraix-persona-1m/cohorts/cohort-b9851ff4d44d/persona_synthetic-8e7a1c2bb566.yaml,1.0,beijixiong_316,杯具熊 316 保温杯,129.0,4,insulation,4,18-24,Cost-sensitive,South Asia,Middle,Woman,Student,$25k-50k,Full-time,"At ¥129 it's the best value mid tier — 316/316L stainless steel with a tail-less vacuum and triple heat blocking, which is solid insulation without the premium markup. I want a bottle that actually keeps my tea hot through a long day, and I'd rather not pay Zojirushi or Stanley prices for it."
survey_water-bottle-choice__6HdNznc,persona/datasets/matraix-persona-1m/cohorts/cohort-b9851ff4d44d/persona_wiki-c4724962e220.yaml,1.0,beijixiong_316,杯具熊 316 保温杯,129.0,5,insulation,5,55-64,Value-driven,Sub-Saharan Africa,Upper-middle,Man,Mid-life,null,Full-time,"I want proper vacuum insulation and a 316 stainless steel liner for daily hot and cold drinks, and this model delivers that at a sensible mid-tier price. The 600 ml capacity suits my commute and clinic days better than the 500 ml options, and I see no reason to pay the Zojirushi or Stanley premium for features I don't need."
survey_water-bottle-choice__6Jbfxrq,persona/datasets/matraix-persona-1m/cohorts/cohort-b9851ff4d44d/persona_stackoverflow-adbf0bb715ab.yaml,1.0,beijixiong_316,杯具熊 316 保温杯,129.0,4,price,4,25-34,Value-driven,South Asia,,,Early career,,Full-time,"It hits the sweet spot for me: a 316/316L stainless interior with proper vacuum insulation at ¥129, which is far more sensible than paying ¥229+ for a Japanese premium bottle or ¥319 for a viral tumbler. The 600 ml capacity suits daily desk and commute use, and I'd rather spend the savings on something I actually use than on branding."
survey_water-bottle-choice__6M3qUMM,persona/datasets/matraix-persona-1m/cohorts/cohort-b9851ff4d44d/persona_synthetic-1c595d7f7902.yaml,1.0,fuguang_316,富光 316 保温杯,39.9,5,price,4,18-24,Value-driven,South Asia,Lower-middle,Woman,Student,<$25k,Student,"On a student budget with a large family and minimal insurance, I want something reliable and cheap rather than a status object. The Fuguang 316 gives me vacuum insulation, a dependable seal, and 316 stainless steel for ¥39.9, which is the only price here that doesn't feel like a stretch. The 500 ml size is also right for carrying to campus and back."
survey_water-bottle-choice__6RQ3BVd,persona/datasets/matraix-persona-1m/cohorts/cohort-b9851ff4d44d/persona_synthetic-a5738396a265.yaml,1.0,fuguang_316,富光 316 保温杯,39.9,5,price,4,35-44,Cost-sensitive,East Asia,Middle,Woman,Early career,<$25k,Part-time,我家收入不高，钱得省着花，这瓶才¥39.9，316不锈钢加真空保温，日常够用。牌子是国产老牌，密封可靠，坏了也不心疼。
survey_water-bottle-choice__6Vn5hP9,persona/datasets/matraix-persona-1m/cohorts/cohort-b9851ff4d44d/persona_wiki-8d6d0dc57480.yaml,1.0,beijixiong_316,杯具熊 316 保温杯,129.0,5,insulation,5,45-54,Value-driven,North America,Upper-middle,Man,Mid-life,$100k-200k,Self-employed,"I'm outdoors constantly and drink a lot of water, so I want real insulation without paying for the Stanley name or the viral markup. The Beijixiong gives me 316/316L stainless, triple heat blocking, and a tail-less vacuum at ¥129 — the sweet spot between the cheap basic bottle and the premium Zojirushi. It's the one I'd actually grab off the shelf."
survey_water-bottle-choice__6mQU3nE,persona/datasets/matraix-persona-1m/cohorts/cohort-b9851ff4d44d/persona_synthetic-d72b47f96c0f.yaml,1.0,fuguang_316,富光 316 保温杯,39.9,5,price,4,25-34,Cost-sensitive,East Asia,Low income,Man,Mid-life,$50k-100k,Homemaker,我手头紧，买瓶子主要看能不能装热水和耐不耐用，¥39.9 的国产 316 钢保温瓶刚好够用。316 内胆、真空保温、密封可靠，日常带水完全没问题，坏了丢了也不心疼。
survey_water-bottle-choice__6qjvkGP,persona/datasets/matraix-persona-1m/cohorts/cohort-b9851ff4d44d/persona_synthetic-e63d4687d449.yaml,1.0,beijixiong_316,杯具熊 316 保温杯,129.0,4,insulation,4,75-84,Value-driven,Sub-Saharan Africa,Lower-middle,Woman,Empty nester,$25k-50k,Retired,"BeiJiXiong 316 Insulated Bottle (¥129) — best value mid tier. I want a warm drink through the day, so insulation matters, and 316/316L steel with triple heat blocking at ¥129 is honest value. The 600 ml size suits my daily use without the bulk of the Stanley tumbler."
survey_water-bottle-choice__6rcofgp,persona/datasets/matraix-persona-1m/cohorts/cohort-b9851ff4d44d/persona_synthetic-437b843b4b52.yaml,1.0,beijixiong_316,杯具熊 316 保温杯,129.0,4,insulation,4,55-64,Cost-sensitive,Sub-Saharan Africa,Middle,Woman,Mid-life,<$25k,Part-time,"I need a bottle that keeps tea hot through a long, unpredictable day, and this one offers a 316/316L liner and triple heat blocking at a price I can justify. The ¥129 tier is the most I am willing to spend on a daily item, and the 600 ml size suits my routine better than the smaller premium options. I am skeptical of viral lifestyle products and do not trust paying extra for a name."
survey_water-bottle-choice__6yRnnkP,persona/datasets/matraix-persona-1m/cohorts/cohort-b9851ff4d44d/persona_synthetic-0ca66506d16c.yaml,1.0,fuguang_316,富光 316 保温杯,39.9,5,price,4,75-84,Cost-sensitive,South Asia,Lower-middle,Woman,Retirement,$50k-100k,Unemployed,"Ami frugal, ar budget e bhalo, tai ei budget bottle ta amar pochhondo. 500 ml capacity amar daily use er jonno thik ache, ar 316 stainless steel insulation reliable — ei dame ei quality pawa ta khub value for money."
survey_water-bottle-choice__72fAvsb,persona/datasets/matraix-persona-1m/cohorts/cohort-b9851ff4d44d/persona_synthetic-b14b9f33c2d4.yaml,1.0,beijixiong_316,杯具熊 316 保温杯,129.0,4,insulation,3,55-64,Cost-sensitive,Sub-Saharan Africa,Low income,Man,Retirement,$50k-100k,Retired,"I want a bottle that keeps my water hot for hours, and 316 steel with triple heat blocking at ¥129 is the best deal I can see. The ¥39.9 one is too cheap to trust for insulation, and I'm not paying ¥229 or ¥319 for a name when money is tight."
survey_water-bottle-choice__76aevLG,persona/datasets/matraix-persona-1m/cohorts/cohort-b9851ff4d44d/persona_synthetic-9ec1f693cd26.yaml,1.0,beijixiong_316,杯具熊 316 保温杯,129.0,4,insulation,4,35-44,Cost-sensitive,Southeast Asia,Low income,Woman,Mid-life,$25k-50k,Full-time,我预算有限，但每天都要用，所以安全和保温最重要。北極熊这款316/316L内胆加上无尾真空、三层阻热，在百元档里规格最扎实，600ml也够我一整天在外面喝。价格129元我还能接受，比小米和象印便宜，又不像39.9那款那么没底。
survey_water-bottle-choice__76ckWdY,persona/datasets/matraix-persona-1m/cohorts/cohort-b9851ff4d44d/persona_synthetic-01bfc77279f2.yaml,1.0,beijixiong_316,杯具熊 316 保温杯,129.0,4,insulation,4,55-64,Premium-seeking,South Asia,Lower-middle,Man,Retirement,$100k-200k,Homemaker,"I want a proper insulated bottle for daily use, and the Beijixiong hits the sweet spot: real 316/316L stainless liner and triple heat blocking at ¥129, which is way less than the Mijia or Zojirushi for basically the same job. The 600 ml size is right for me — 500 ml feels stingy and the Stanley's 1180 ml is a boat I don't need to lug around. Cheap Fuguang is tempting but I'd rather pay a bit more for the better vacuum build."
survey_water-bottle-choice__79KGhLJ,persona/datasets/matraix-persona-1m/cohorts/cohort-b9851ff4d44d/persona_synthetic-eda9d24789cc.yaml,1.0,beijixiong_316,杯具熊 316 保温杯,129.0,4,price,4,65-74,Cost-sensitive,South Asia,Low income,Woman,Retirement,<$25k,Retired,"I am cost-sensitive and skeptical of paying a premium for viral branding or fancy coatings, so the Fuguang feels too basic while the Stanley is far too expensive for my needs. The Beijixiong 316 sits right at the ¥100 tier with a 316/316L inner liner, triple heat blocking, and a tail-less vacuum seal, giving me the best genuine insulation value at a price I can justify for daily use."
survey_water-bottle-choice__7BAD5Be,persona/datasets/matraix-persona-1m/cohorts/cohort-b9851ff4d44d/persona_synthetic-8b2a9d196e16.yaml,1.0,beijixiong_316,杯具熊 316 保温杯,129.0,4,insulation,4,45-54,Indifferent,Southeast Asia,Middle,Man,Mid-life,<$25k,Part-time,我每天都要用，保温可靠、密封好最重要，而316/316L内胆在这个价位算得上实惠。600毫升容量够用又不算笨重，¥129对我这个预算来说可以接受。日系和网红款溢价太高，塑料瓶又不保温。
survey_water-bottle-choice__7Ec53An,persona/datasets/matraix-persona-1m/cohorts/cohort-b9851ff4d44d/persona_wiki-251d2a3ab8d8.yaml,1.0,beijixiong_316,杯具熊 316 保温杯,129.0,4,insulation,4,65-74,Value-driven,South Asia,Upper-middle,Man,Mid-life,null,Retired,"At ¥129, the Beijixiong 316 gives me the best combination of insulation quality and durable 316/316L stainless steel without paying for a viral brand name. The 600 ml capacity suits a full day of desk work and commuting, and the triple heat blocking matters to me given I sip hot water through long meetings. I'm skeptical of paying ¥229-319 for marginal gains when this hits the functional sweet spot."
survey_water-bottle-choice__7XXsCeE,persona/datasets/matraix-persona-1m/cohorts/cohort-b9851ff4d44d/persona_synthetic-ae62b72e2349.yaml,1.0,beijixiong_316,杯具熊 316 保温杯,129.0,4,insulation,4,55-64,Cost-sensitive,East Asia,Low income,Woman,Empty nester,<$25k,Retired,"I want a vacuum-insulated bottle that actually keeps tea hot through a long shift, and the Beijixiong gives me 316/316L stainless steel and triple heat blocking at ¥129 — the best spec per yuan on this shelf. The Fuguang is cheaper but only basic insulation, and the Zojirushi and Stanley charge a premium I can't justify on a fixed income."
survey_water-bottle-choice__7Z6PPz4,persona/datasets/matraix-persona-1m/cohorts/cohort-b9851ff4d44d/persona_synthetic-1701e891f7a7.yaml,1.0,beijixiong_316,杯具熊 316 保温杯,129.0,4,insulation,4,45-54,Cost-sensitive,East Asia,Low income,Woman,Empty nester,$25k-50k,Part-time,我手头紧，但每天都要带水出门，保温这事不能含糊。贝吉熊这款129块，316/316L内胆加无尾真空、三层隔热，这个价位算是把保温做到位了；500ml的富士光便宜是便宜，可容量小、保温一般，我更愿意多花几十块买个能用久的。
survey_water-bottle-choice__7pNF8Dn,persona/datasets/matraix-persona-1m/cohorts/cohort-b9851ff4d44d/persona_synthetic-1eed00d0c48e.yaml,1.0,fuguang_316,富光 316 保温杯,39.9,5,price,4,75-84,Premium-seeking,South Asia,Lower-middle,Woman,Retirement,$50k-100k,Retired,"I live alone on a fixed retirement income, so cheap and reliable wins. 500 ml of 316 stainless with a good seal covers my daily tea and water, and at ¥39.9 I won't fuss if it gets dinged. The pricey ones just buy brand names I don't need."
survey_water-bottle-choice__7q3srYw,persona/datasets/matraix-persona-1m/cohorts/cohort-b9851ff4d44d/persona_synthetic-882cc157938e.yaml,1.0,beijixiong_316,杯具熊 316 保温杯,129.0,5,insulation,4,45-54,Value-driven,South Asia,Upper-middle,Woman,Retirement,<$25k,Unemployed,"I want insulated steel so my chai stays warm through long teaching days, and 600 ml is the right size for me. At ¥129 it gives me 316/316L liner and triple heat blocking without paying the Zojirushi or Stanley premium. The Fuguang is cheaper but I'd rather spend a bit more for a better liner I'll use every day."
survey_water-bottle-choice__7suoQ5t,persona/datasets/matraix-persona-1m/cohorts/cohort-b9851ff4d44d/persona_synthetic-94e8a11b3446.yaml,1.0,fuguang_316,富光 316 保温杯,39.9,5,price,5,75-84,Cost-sensitive,South Asia,Low income,Woman,Retirement,<$25k,Retired,"I live on a small fixed income and I am very cost-sensitive, so the ¥39.9 price is what actually fits my pocket. A 500 ml basic insulated steel bottle with a reliable seal does everything I need for daily use, and I don't care about brand names or fancy coatings."
survey_water-bottle-choice__7uNXkXP,persona/datasets/matraix-persona-1m/cohorts/cohort-b9851ff4d44d/persona_synthetic-25ed94ed87ca.yaml,1.0,beijixiong_316,杯具熊 316 保温杯,129.0,5,insulation,4,55-64,Value-driven,Sub-Saharan Africa,Upper-middle,Man,Parent of young kids,$100k-200k,Self-employed,316/316L stainless steel with triple heat blocking at ¥129 is the best value on this shelf. I want reliable insulation for daily use without paying for a viral brand name or a premium import.
survey_water-bottle-choice__7zQtFDc,persona/datasets/matraix-persona-1m/cohorts/cohort-b9851ff4d44d/persona_synthetic-591eb8dff13b.yaml,1.0,beijixiong_316,杯具熊 316 保温杯,129.0,4,insulation,4,18-24,Value-driven,East Asia,Low income,Woman,Early career,$25k-50k,Student,我要的是保温瓶，不是塑料运动壶。北极熊316在百元档里内胆和真空结构都最好，600ml够我一天用，价格也在我负担得起的范围。
survey_water-bottle-choice__83AiWE3,persona/datasets/matraix-persona-1m/cohorts/cohort-b9851ff4d44d/persona_synthetic-7868e4d5d550.yaml,1.0,beijixiong_316,杯具熊 316 保温杯,129.0,4,insulation,4,35-44,Value-driven,East Asia,Low income,Woman,Early career,$50k-100k,Full-time,保温性能是我每天最看重的，316/316L内胆加无尾真空在这个价位很难得，129元也不算贵。容量600ml刚好够我一天喝，比500ml实用，又不像Stanley那么大那么重。
survey_water-bottle-choice__85pZdp3,persona/datasets/matraix-persona-1m/cohorts/cohort-b9851ff4d44d/persona_synthetic-4eb39f41547f.yaml,1.0,beijixiong_316,杯具熊 316 保温杯,129.0,4,insulation,4,55-64,Indifferent,South Asia,Upper-middle,Man,Mid-life,<$25k,Full-time,我每天都要带水出门，保温是刚需，塑料瓶装热水不行，所以Nalgene直接排除。Beijixiong在100元出头就给了316/316L内胆和三重隔热，比同价位的国产基础款实在，又比Mijia、Zojirushi便宜一大截。家里五口人开销大，这种价位买得下手，坏了也不心疼。
survey_water-bottle-choice__87R2XV4,persona/datasets/matraix-persona-1m/cohorts/cohort-b9851ff4d44d/persona_synthetic-84ed22b9527b.yaml,1.0,beijixiong_316,杯具熊 316 保温杯,129.0,4,insulation,4,65-74,Premium-seeking,East Asia,Low income,Woman,Retirement,$25k-50k,Retired,我每天都要用，保温和耐用是第一位的，而贝吉熊这款在百元档里用料最实在——316/316L内胆加无尾真空、三重隔热，比39.9元的基础款明显更可靠，又不至于像象印、Stanley那样多花一两百块只为品牌和外观。600毫升的容量对我日常出门刚好，价格也在我能接受的范围内。
survey_water-bottle-choice__88s92VC,persona/datasets/matraix-persona-1m/cohorts/cohort-b9851ff4d44d/persona_synthetic-8eb9a74bcb40.yaml,1.0,beijixiong_316,杯具熊 316 保温杯,129.0,4,insulation,4,75-84,Cost-sensitive,Southeast Asia,Upper-middle,Man,Retirement,<$25k,Full-time,我每天开车通勤、在办公室和工地之间来回，需要保温可靠又不贵的东西。北极熊316在129元这个价位给了316/316L内胆和无尾真空，规格最实在，比基本款多花几十块换来明显更好的保温。价格和耐用性都符合我的预算习惯，没必要为品牌溢价买单。
survey_water-bottle-choice__8FHfRSk,persona/datasets/matraix-persona-1m/cohorts/cohort-b9851ff4d44d/persona_synthetic-11ef5251be68.yaml,1.0,beijixiong_316,杯具熊 316 保温杯,129.0,4,insulation,4,35-44,Cost-sensitive,Sub-Saharan Africa,Middle,Woman,Career change,$25k-50k,Full-time,"I need an insulated bottle for daily use and the Beijixiong gives me proper 316 stainless steel and triple heat blocking at a price I can justify. The 600 ml size suits my day, and it undercuts the Mijia and Zojirushi while beating the cheap Fuguang on quality."
survey_water-bottle-choice__8FWoX7g,persona/datasets/matraix-persona-1m/cohorts/cohort-b9851ff4d44d/persona_synthetic-bca3661b2cd1.yaml,1.0,beijixiong_316,杯具熊 316 保温杯,129.0,4,insulation,4,45-54,Cost-sensitive,East Asia,Middle,Woman,Empty nester,$25k-50k,Part-time,我每天都要用保温瓶，316不锈钢内胆加上三重隔热在这个价位最实在，600毫升容量对我这种常出门的人刚好。价格129元不算便宜但也不夸张，符合我一贯精打细算又不将就的习惯。
survey_water-bottle-choice__8dqveWH,persona/datasets/matraix-persona-1m/cohorts/cohort-b9851ff4d44d/persona_wiki-1173b77041e0.yaml,1.0,beijixiong_316,杯具熊 316 保温杯,129.0,4,insulation,4,75-84,Value-driven,MENA,High income,Man,Retirement,$200k+,Retired,"I want a well-insulated stainless steel bottle for daily use, and this one offers 316/316L stainless steel with triple heat blocking at a reasonable ¥129. It sits in the sweet spot between the cheap basic bottle and the overpriced lifestyle brands, with no features I don't need. The 600 ml capacity is practical for a full day out."
survey_water-bottle-choice__8iaWjcF,persona/datasets/matraix-persona-1m/cohorts/cohort-b9851ff4d44d/persona_synthetic-5ffd33bc9f12.yaml,1.0,beijixiong_316,杯具熊 316 保温杯,129.0,4,insulation,4,18-24,Value-driven,South Asia,Upper-middle,Woman,Student,<$25k,Unemployed,"I want real vacuum insulation and a 316 stainless liner for daily hot and cold drinks, and this hits that spec at a price I can justify. The 600 ml size is a practical middle ground — bigger than the 500 ml basics but not the bulky 1.18 L tumbler — and I'd rather buy the best-in-class option at the ¥100 tier than pay ¥179–229 for brand name alone. The budget ¥39.9 bottle is tempting, but I don't trust a basic no-name vacuum to hold temperature all day."
survey_water-bottle-choice__8oJi9a3,persona/datasets/matraix-persona-1m/cohorts/cohort-b9851ff4d44d/persona_synthetic-3571a536c83f.yaml,1.0,beijixiong_316,杯具熊 316 保温杯,129.0,5,price,4,65-74,Cost-sensitive,South Asia,Lower-middle,Woman,Retirement,$25k-50k,Retired,"I want insulated stainless steel but I am cost-sensitive, and the Beijixiong gives me a 316/316L liner with triple heat blocking at ¥129 — half the price of the Mijia or Zojirushi for essentially the same daily function. The 600 ml size suits my day out and about, and it is cheap enough that replacing it would not hurt."
survey_water-bottle-choice__8rwAN4C,persona/datasets/matraix-persona-1m/cohorts/cohort-b9851ff4d44d/persona_synthetic-de8ea2ff5271.yaml,1.0,beijixiong_316,杯具熊 316 保温杯,129.0,4,insulation,4,18-24,Indifferent,Sub-Saharan Africa,Upper-middle,Woman,Early career,$200k+,Student,"I want a bottle I can trust to keep my tea hot through a long day of lectures and shifts, and 316/316L steel with triple heat blocking at ¥129 hits the sweet spot between reliability and price. The Zojirushi and Mijia are nicer, but I do not see enough extra value to justify nearly double the cost, and the Nalgene is not insulated at all."
survey_water-bottle-choice__8z7E8U3,persona/datasets/matraix-persona-1m/cohorts/cohort-b9851ff4d44d/persona_synthetic-f8a920b640cd.yaml,1.0,beijixiong_316,杯具熊 316 保温杯,129.0,4,insulation,4,45-54,Cost-sensitive,East Asia,Lower-middle,Woman,Mid-life,$50k-100k,Unemployed,"I'm cost-sensitive and don't need a fancy brand name on my bottle — I need it to actually work. The Beijixiong gives me 316/316L stainless steel, a 600 ml size that fits my day, and proper vacuum insulation for ¥129, which is about as much as I'm willing to pay for something I'll carry everywhere. The ¥39.9 one is tempting but too small and too basic, and the Stanley and Zojirushi are just paying for a logo and a trend I don't care about."
survey_water-bottle-choice__9BJvViD,persona/datasets/matraix-persona-1m/cohorts/cohort-b9851ff4d44d/persona_synthetic-18cae23485e5.yaml,1.0,beijixiong_316,杯具熊 316 保温杯,129.0,4,insulation,4,55-64,Cost-sensitive,Latin America,Lower-middle,Woman,Early career,<$25k,Full-time,"Necesito algo que aguante el día completo y mantenga el agua caliente para mis remedios, y este tiene doble pared 316/316L a buen precio. Los ¥129 los puedo justificar porque me dura años. El Stanley es puro show y muy caro, y el Nalgene no aísla nada."
survey_water-bottle-choice__9EBrjED,persona/datasets/matraix-persona-1m/cohorts/cohort-b9851ff4d44d/persona_synthetic-e3b9bc26b0a6.yaml,1.0,beijixiong_316,杯具熊 316 保温杯,129.0,4,insulation,4,45-54,Cost-sensitive,Southeast Asia,Middle,Woman,Mid-life,<$25k,Full-time,"As a cost-sensitive buyer who needs a bottle that actually keeps drinks hot through a long workday, the Beijixiong hits the sweet spot: a 316/316L inner liner and triple heat blocking at ¥129, well under the premium brands. The Fuguang is cheaper but only basic insulation, and I won't pay ¥229–319 for a Japanese premium or a viral tumbler when the mid-tier does the same job."
survey_water-bottle-choice__9Ewu7bw,persona/datasets/matraix-persona-1m/cohorts/cohort-b9851ff4d44d/persona_synthetic-a36281ebfe57.yaml,1.0,beijixiong_316,杯具熊 316 保温杯,129.0,4,insulation,4,65-74,Cost-sensitive,Latin America,Lower-middle,Woman,Retirement,$50k-100k,Full-time,"Elijo la Beijixiong 316 porque ofrece acero inoxidable 316/316L con triple bloqueo térmico a un precio de ¥129, que considero razonable para uso diario. Prefiero pagar un poco más que la opción básica para asegurar mejor aislamiento y durabilidad, sin llegar al gasto de las marcas premium. Además, mi presupuesto es ajustado y esta botella equilibra bien calidad y valor."
survey_water-bottle-choice__9GnGnSc,persona/datasets/matraix-persona-1m/cohorts/cohort-b9851ff4d44d/persona_synthetic-976627710b95.yaml,1.0,zojirushi_sm_sz,象印 SM-SZ,229.0,4,insulation,4,65-74,Cost-sensitive,East Asia,Middle,Man,Retirement,<$25k,Retired,我年纪大了，每天喝水讲究温度稳定，象印的保温效果是这几款里最好的，480毫升对我一个人用刚好。内胆有不粘涂层，洗起来省事，重量也轻，我手劲不如从前，拿着不累。虽然229元不算便宜，但一只好瓶子用上五六年，摊下来每天没几个钱。
survey_water-bottle-choice__9M6G3CM,persona/datasets/matraix-persona-1m/cohorts/cohort-b9851ff4d44d/persona_synthetic-73533fc7b36f.yaml,1.0,beijixiong_316,杯具熊 316 保温杯,129.0,4,insulation,4,25-34,Cost-sensitive,South Asia,Low income,Man,Mid-life,<$25k,Part-time,"I want real insulation for daily tea and water, and 316/316L steel at ¥129 is the best value on this shelf. The Fuguang is cheaper but only basic, while the Mijia and Zojirushi cost more for features I don't need. The 600 ml size also suits my long days out."
survey_water-bottle-choice__9YCjt85,persona/datasets/matraix-persona-1m/cohorts/cohort-b9851ff4d44d/persona_synthetic-7bd82ea019b0.yaml,1.0,beijixiong_316,杯具熊 316 保温杯,129.0,4,insulation,4,45-54,Cost-sensitive,Southeast Asia,Lower-middle,Woman,Mid-life,$25k-50k,Homemaker,"Ich brauche eine isolierte Flasche für den täglichen Gebrauch, und 316/316L-Edelstahl mit dreifacher Wärmeblockierung ist genau das, was ich will. Der Preis von ¥129 ist für diese Qualität fair, während Zojirushi und Stanley mir schlicht zu teuer sind und Nalgene nicht isoliert."
survey_water-bottle-choice__9adcHZx,persona/datasets/matraix-persona-1m/cohorts/cohort-b9851ff4d44d/persona_synthetic-0a72287dd65b.yaml,1.0,beijixiong_316,杯具熊 316 保温杯,129.0,4,price,4,55-64,Cost-sensitive,Sub-Saharan Africa,Low income,Woman,Empty nester,$25k-50k,Retired,"I want insulated 316 steel for daily hot tea and cold water, and this hits the best quality-per-yuan at the ¥100 tier. The Fuguang is cheaper but too basic, and the premium Zojirushi and viral Stanley cost far more than I need to spend."
survey_water-bottle-choice__9boS6Nc,persona/datasets/matraix-persona-1m/cohorts/cohort-b9851ff4d44d/persona_synthetic-a124ae49b777.yaml,1.0,beijixiong_316,杯具熊 316 保温杯,129.0,4,insulation,4,18-24,Value-driven,East Asia,Upper-middle,Man,Early career,$25k-50k,Part-time,"I want an insulated bottle that actually keeps tea hot all day, and the Beijixiong hits the sweet spot for me: 316 stainless liner, 600 ml (a bit more than the 500 ml basics), and triple heat blocking at ¥129. The cheaper Fuguang is tempting but the extra ¥90 buys noticeably better insulation and a larger size, while the Zojirushi and Stanley cost way more than I'm willing to spend on a bottle I'll bang around daily."
survey_water-bottle-choice__9ecrbai,persona/datasets/matraix-persona-1m/cohorts/cohort-b9851ff4d44d/persona_synthetic-6248e07b2501.yaml,1.0,beijixiong_316,杯具熊 316 保温杯,129.0,5,price,4,35-44,Cost-sensitive,East Asia,Middle,Woman,Parent of young kids,$25k-50k,Full-time,我每天开车通勤、带孩子出门，需要保温又耐用的瓶子。北極熊这款600ml容量刚好，316不锈钢内胆加三层隔热，¥129在同类里性价比最实在。预算有限，不想为品牌溢价多花一百多。
survey_water-bottle-choice__9i5U5dz,persona/datasets/matraix-persona-1m/cohorts/cohort-b9851ff4d44d/persona_synthetic-92e3d7e809a2.yaml,1.0,beijixiong_316,杯具熊 316 保温杯,129.0,4,insulation,4,55-64,Value-driven,South Asia,Lower-middle,Man,Retirement,$200k+,Self-employed,我在中档价位里最看重保温能力和耐用性，这款600ml的316/316L内胆和三重隔热在同价位里配置最好。价格129元也符合我节俭的习惯，比大牌溢价实在。
survey_water-bottle-choice__9iiduFr,persona/datasets/matraix-persona-1m/cohorts/cohort-b9851ff4d44d/persona_wiki-9a3d3a473e3d.yaml,1.0,beijixiong_316,杯具熊 316 保温杯,129.0,5,insulation,4,65-74,Value-driven,North America,Upper-middle,Man,Retirement,null,Retired,"I want a genuinely insulated bottle for daily use, and the Beijixiong gives me a 316/316L liner and full vacuum insulation at ¥129 — the sweet spot where quality is real without paying for a lifestyle brand. The Fuguang is tempting at ¥39.9 but the mid-tier build is worth the modest premium, and I see no reason to spend ¥229 or ¥319 for Zojirushi or Stanley cachet."
survey_water-bottle-choice__9ruEykR,persona/datasets/matraix-persona-1m/cohorts/cohort-b9851ff4d44d/persona_synthetic-79b957765505.yaml,1.0,beijixiong_316,杯具熊 316 保温杯,129.0,4,insulation,4,18-24,Indifferent,Southeast Asia,Lower-middle,Woman,Early career,$200k+,Self-employed,"Preciso de isolamento térmico fiável para o uso diário e o Beijixiong oferece revestimento interior 316/316L com vácuo sem cauda a um preço intermédio razoável. O Stanley é grande e caro demais para transportar, o Nalgene não isola e o Zojirushi custa quase o dobro por benefícios que não justifico. Prefiro a estrutura e a qualidade de materiais deste modelo dentro do meu orçamento comedido."
survey_water-bottle-choice__9wNwggf,persona/datasets/matraix-persona-1m/cohorts/cohort-b9851ff4d44d/persona_synthetic-2805f2ba13b0.yaml,1.0,beijixiong_316,杯具熊 316 保温杯,129.0,4,insulation,4,55-64,Cost-sensitive,Sub-Saharan Africa,Middle,Man,Empty nester,$25k-50k,Retired,"Ningependa chupa ya kudumu inayohifadhi joto na baridi kwa muda mrefu, na 316/316L stainless steel ndani ni bora kuliko chuma cha kawaida. Bei ya ¥129 inaonekana sawa kwa ubora huo, na ujazo wa 600 ml unatosha kwa matumizi ya kila siku bila kuwa mzito sana."
survey_water-bottle-choice__9wp3x6S,persona/datasets/matraix-persona-1m/cohorts/cohort-b9851ff4d44d/persona_wiki-17bba13a4457.yaml,1.0,zojirushi_sm_sz,象印 SM-SZ,229.0,5,insulation,4,85+,Value-driven,South Asia,High income,Man,Retirement,$200k+,Retired,"At my age and income, I buy once and buy well; the Zojirushi's top-tier insulation, ultra-light body and non-stick interior that cleans easily are worth the premium over the mid-tier options. The 480 ml capacity suits desk and car use, and I have long trusted Japanese manufacturing for daily-use goods that simply keep working."
survey_water-bottle-choice__9xCnUwZ,persona/datasets/matraix-persona-1m/cohorts/cohort-b9851ff4d44d/persona_synthetic-ececfd4aa4d2.yaml,1.0,beijixiong_316,杯具熊 316 保温杯,129.0,4,price,4,65-74,Cost-sensitive,East Asia,Low income,Woman,Empty nester,<$25k,Retired,我平时一个人用，500毫升有点小，但1180毫升的Stanley又太大太重，不适合我这种手不太灵活的人。Beijixiong这款600毫升的容量刚好，316不锈钢内胆加三层保温，价格129元也在我这个退休预算能接受的范围内，性价比最平衡。
survey_water-bottle-choice__A4EeDoj,persona/datasets/matraix-persona-1m/cohorts/cohort-b9851ff4d44d/persona_synthetic-69c6a9c4b2eb.yaml,1.0,beijixiong_316,杯具熊 316 保温杯,129.0,4,insulation,4,18-24,Cost-sensitive,South Asia,Lower-middle,Man,Early career,$25k-50k,Full-time,"I want a 316 stainless steel insulated bottle that keeps water hot or cold through long on-call shifts, and 600 ml is a practical daily size. The Beijixiong gives me the best insulation spec at ¥129, which is cheaper than the Mijia and Zojirushi while beating the basic Fuguang. I don't care about the Stanley's viral status or the Nalgene's lack of insulation."
survey_water-bottle-choice__A7A245a,persona/datasets/matraix-persona-1m/cohorts/cohort-b9851ff4d44d/persona_synthetic-ee54d5b50b2d.yaml,1.0,beijixiong_316,杯具熊 316 保温杯,129.0,4,insulation,4,18-24,Value-driven,MENA,Middle,Man,Student,$50k-100k,Full-time,"Je cherche une gourde isolée pour un usage quotidien, et à ¥129 la Beijixiong offre le meilleur rapport qualité-prix du rayon avec sa doublure 316/316L et sa triple isolation. La Fuguang est moins chère mais je préfère payer un peu plus pour une meilleure performance thermique et une durabilité supérieure."
survey_water-bottle-choice__ABBysht,persona/datasets/matraix-persona-1m/cohorts/cohort-b9851ff4d44d/persona_wiki-ee4efa7eb641.yaml,1.0,fuguang_316,富光 316 保温杯,39.9,3,insulation,3,45-54,Indifferent,Sub-Saharan Africa,High income,Man,Retirement,$200k+,Retired,"No persona-specific answer was produced, so a neutral answer was used."
survey_water-bottle-choice__AFggPqX,persona/datasets/matraix-persona-1m/cohorts/cohort-b9851ff4d44d/persona_synthetic-ff032a2db028.yaml,1.0,fuguang_316,富光 316 保温杯,39.9,5,price,4,65-74,Cost-sensitive,Latin America,Lower-middle,Woman,Retirement,$25k-50k,Retired,"I need a bottle I can actually afford on a fixed income, and ¥39.9 for a 500 ml insulated 316 steel bottle with a reliable seal is the sensible buy. I don't care about viral brands or big tumblers; cheap, durable and it keeps my water warm is enough. The mid and premium tiers cost two to eight times more for features I won't use."
survey_water-bottle-choice__AHYuFnQ,persona/datasets/matraix-persona-1m/cohorts/cohort-b9851ff4d44d/persona_synthetic-479cace9c12e.yaml,1.0,beijixiong_316,杯具熊 316 保温杯,129.0,4,insulation,4,65-74,Cost-sensitive,Sub-Saharan Africa,Low income,Woman,Retirement,<$25k,Retired,"I want a bottle that keeps my tea hot through a long day of walking and errands, and I want it to last. The Beijixiong gives me proper 316/316L steel and triple heat blocking for ¥129, which is about as much as I'm willing to spend on a bottle. The Fuguang is cheap but I've been burned by budget seals before, and the Stanley is a ¥319 fashion item I don't need."
survey_water-bottle-choice__AJGN9Gb,persona/datasets/matraix-persona-1m/cohorts/cohort-b9851ff4d44d/persona_synthetic-f3422ad89600.yaml,1.0,fuguang_316,富光 316 保温杯,39.9,5,price,4,65-74,Indifferent,South Asia,Lower-middle,Woman,Retirement,<$25k,Retired,"मैं सेवानिवृत्त हूँ और मेरी आय सीमित है, इसलिए ¥39.9 की कीमत मेरे बजट के लिए ठीक है। 500 ml रोज़ के इस्तेमाल के लिए काफी है और 316 स्टील की वैक्यूम इंसुलेशन व सील मुझे भरोसेमंद लगती है। महंगे ब्रांड मेरे लिए ज़रूरी नहीं, सस्ता और टिकाऊ बोतल ही चाहिए।"
survey_water-bottle-choice__AKwh2yM,persona/datasets/matraix-persona-1m/cohorts/cohort-b9851ff4d44d/persona_wiki-7d216f50d4ed.yaml,1.0,beijixiong_316,杯具熊 316 保温杯,129.0,5,price,4,85+,Value-driven,Latin America,Upper-middle,Man,Retirement,$100k-200k,Retired,"El Beijixiong 316 ofrece la mejor relación calidad-precio del estante: acero inoxidable 316/316L con aislamiento al vacío de triple capa a un precio de ¥129, muy por debajo de marcas premium equivalentes. Como ingeniero estructural valoro los materiales duraderos y bien especificados, y los 600 ml cubren sobradamente mi uso diario. No necesito los 1180 ml del Stanley ni pago la prima de marca del Zojirushi."
survey_water-bottle-choice__APTqWkc,persona/datasets/matraix-persona-1m/cohorts/cohort-b9851ff4d44d/persona_wiki-2c5498b1578e.yaml,1.0,zojirushi_sm_sz,象印 SM-SZ,229.0,4,insulation,4,55-64,Value-driven,Western Europe,High income,Man,Mid-life,null,Full-time,"I want a genuinely well-engineered insulated bottle for daily commuting and office use, and Zojirushi's reputation for insulation and the easy-clean non-stick interior justifies the premium over the mid-tier options. The 480 ml size and light weight suit my hybrid routine, and I'm willing to pay more for something that will last years rather than replacing a cheap bottle repeatedly."
survey_water-bottle-choice__APVa9Lw,persona/datasets/matraix-persona-1m/cohorts/cohort-b9851ff4d44d/persona_stackoverflow-fe6575e2d933.yaml,1.0,zojirushi_sm_sz,象印 SM-SZ,229.0,3,insulation,4,25-34,Value-driven,Western Europe,,,Early career,,Self-employed,"I want a genuinely insulated bottle for daily commuting and desk use, and Zojirushi's top-tier insulation plus the non-stick easy-clean interior is worth paying for since I'll use it every day for years. At ¥229 it's a considered splurge rather than an impulse buy, and the 480 ml size suits my solo, remote-working routine better than the oversized Stanley."
survey_water-bottle-choice__AbZNoHd,persona/datasets/matraix-persona-1m/cohorts/cohort-b9851ff4d44d/persona_synthetic-df9b12455dce.yaml,1.0,beijixiong_316,杯具熊 316 保温杯,129.0,5,price,4,45-54,Indifferent,Latin America,Lower-middle,Woman,Early career,$25k-50k,Gig / freelance,"Quiero un termo de acero inoxidable 316 que mantenga la temperatura todo el día, y este ofrece la mejor relación calidad-precio en el rango de ¥100-130. El de ¥39.9 es demasiado básico y los de marca premium cuestan el doble sin darme mucho más. 600 ml es buen tamaño para uso diario."
survey_water-bottle-choice__AbaZsNQ,persona/datasets/matraix-persona-1m/cohorts/cohort-b9851ff4d44d/persona_wiki-a70273061bd8.yaml,1.0,beijixiong_316,杯具熊 316 保温杯,129.0,5,insulation,5,25-34,Indifferent,North America,Upper-middle,Man,Early career,null,Full-time,"I want insulated performance for daily commuting and cold morning hikes, and the 316/316L liner with triple heat blocking at ¥129 hits the sweet spot of quality and price. The budget Fuguang is tempting but too small and basic, while the Zojirushi and Stanley charge a big premium for branding or viral appeal I don't need."
survey_water-bottle-choice__AjpNaDA,persona/datasets/matraix-persona-1m/cohorts/cohort-b9851ff4d44d/persona_synthetic-7025201cad16.yaml,1.0,beijixiong_316,杯具熊 316 保温杯,129.0,4,insulation,4,55-64,Indifferent,South Asia,Lower-middle,Man,Retirement,<$25k,Retired,"मुझे रोज़ पानी गरम-ठंडा रखने की ज़रूरत है, और 316/316L स्टील वाली थर्मल बोतल इस दाम पर सबसे भरोसेमंद लगती है। 600 ml मेरे लिए ठीक है और ¥129 मेरी जेब के हिसाब से वाजिब है। ज़ोजिरुशी और स्टेनली ज़रूरत से ज़्यादा महंगे हैं, और प्लास्टिक वाली नालजीन गर्म पानी के लिए मुझे नहीं भाती।"
survey_water-bottle-choice__AmXTFr3,persona/datasets/matraix-persona-1m/cohorts/cohort-b9851ff4d44d/persona_synthetic-c7054f7085bb.yaml,1.0,beijixiong_316,杯具熊 316 保温杯,129.0,4,insulation,4,45-54,Value-driven,Latin America,Lower-middle,Woman,Mid-life,$50k-100k,Full-time,"Quiero algo térmico y duradero para el diario, y el acero 316 con triple bloqueo de calor me da confianza sin pagar de más. A ¥129 es el punto medio justo entre el barato básico y las marcas premium que no necesito."
survey_water-bottle-choice__AofxUFN,persona/datasets/matraix-persona-1m/cohorts/cohort-b9851ff4d44d/persona_synthetic-ae6f5d1def94.yaml,1.0,beijixiong_316,杯具熊 316 保温杯,129.0,4,price,4,18-24,Cost-sensitive,East Asia,Lower-middle,Woman,Student,<$25k,Homemaker,"I'm cost-sensitive and unbanked, so I pay cash and want the most bottle per yuan. The Beijixiong gives me a real 316/316L insulated liner and triple heat blocking at ¥129, which is the sweet spot before prices jump for brand name alone. The budget Fuguang is tempting at ¥39.9, but the 600 ml capacity and better insulation justify the extra spend for daily use."
survey_water-bottle-choice__AvPPBsP,persona/datasets/matraix-persona-1m/cohorts/cohort-b9851ff4d44d/persona_synthetic-22ca9b09263c.yaml,1.0,beijixiong_316,杯具熊 316 保温杯,129.0,4,insulation,4,45-54,Value-driven,Sub-Saharan Africa,Middle,Man,Early career,$25k-50k,Full-time,"I want a genuinely insulated bottle for daily use, and this one gives me the best insulation spec at a price I can justify — 316/316L liner and triple heat blocking at ¥129. The budget Fuguang feels too basic, while the Mijia and Zojirushi cost noticeably more for what is, for me, a marginal gain. I don't need a huge lifestyle tumbler, so Stanley is out."
survey_water-bottle-choice__AzKrsRt,persona/datasets/matraix-persona-1m/cohorts/cohort-b9851ff4d44d/persona_synthetic-a903da593e0b.yaml,1.0,beijixiong_316,杯具熊 316 保温杯,129.0,4,insulation,4,55-64,Cost-sensitive,Sub-Saharan Africa,Lower-middle,Man,Career change,<$25k,Full-time,"I want a genuinely insulated bottle that keeps drinks hot through long, irregular days, and the 316/316L liner plus triple heat blocking is the strongest spec at a price I can justify. At ¥129 it undercuts the Mijia and Zojirushi while beating the ¥39.9 Fuguang on material quality, and the 600 ml capacity suits my daily use. The Nalgene is not insulated and the Stanley is too large and too expensive for what I need."
survey_water-bottle-choice__AzaR22w,persona/datasets/matraix-persona-1m/cohorts/cohort-b9851ff4d44d/persona_synthetic-54d548499f58.yaml,1.0,beijixiong_316,杯具熊 316 保温杯,129.0,4,insulation,3,25-34,Value-driven,Southeast Asia,Low income,Man,Career change,<$25k,Homemaker,我预算有限，家里五口人开销大，能省就省。但便宜货我也怕漏水、怕保温差，Beijixiong 这个 316/316L 内胆加三重隔热，129 块算是这个价位里最能打的了。500ml 那两款容量偏小，Stanley 又太贵太花哨，不实用。
survey_water-bottle-choice__B5JzMZW,persona/datasets/matraix-persona-1m/cohorts/cohort-b9851ff4d44d/persona_synthetic-5ef0c2bf9507.yaml,1.0,fuguang_316,富光 316 保温杯,39.9,5,price,4,25-34,Indifferent,South Asia,Middle,Man,Parent of young kids,$100k-200k,Gig / freelance,"Quero uma garrafa simples para uso diário e o preço de ¥39,9 cabe no meu orçamento sem aperto. O isolamento básico e a vedação confiável atendem o essencial, e 500 ml é suficiente para o meu dia. Não preciso de marca viral nem de capacidade enorme."
survey_water-bottle-choice__BDVYzvu,persona/datasets/matraix-persona-1m/cohorts/cohort-b9851ff4d44d/persona_synthetic-bc7a28659155.yaml,1.0,beijixiong_316,杯具熊 316 保温杯,129.0,4,insulation,4,55-64,Cost-sensitive,East Asia,Lower-middle,Woman,Mid-life,<$25k,Part-time,保温性能は毎日の使用で最も重要であり、316/316Lの内張りと三重遮熱はこの価格帯で最良の価値と信頼性を提供する。500mlでは物足りないが、600mlは通勤や庭仕事に十分で、129元は私の予算に合う。
survey_water-bottle-choice__BLXpUD6,persona/datasets/matraix-persona-1m/cohorts/cohort-b9851ff4d44d/persona_synthetic-2907f40502de.yaml,1.0,beijixiong_316,杯具熊 316 保温杯,129.0,4,insulation,4,55-64,Value-driven,Southeast Asia,Upper-middle,Woman,Retirement,$100k-200k,Retired,我每天都要用，保温是最要紧的，316/316L内胆加无尾真空这个价位很难得。129元不算便宜也不算贵，容量600毫升刚好够我一天喝。日本牌子太贵，塑料瓶不保温，杂牌便宜货我不放心。
survey_water-bottle-choice__BMb5rfz,persona/datasets/matraix-persona-1m/cohorts/cohort-b9851ff4d44d/persona_wiki-a39146a2dc5f.yaml,1.0,beijixiong_316,杯具熊 316 保温杯,129.0,5,price,4,18-24,Value-driven,North America,Lower-middle,Woman,Student,<$25k,Student,"As a student on a tight budget, ¥129 hits the sweet spot between affordability and quality. The 316/316L stainless steel liner with triple heat blocking gives me real insulation performance for hot and cold drinks without paying the Mijia or Zojirushi premium, and the 600ml capacity covers a full day of classes and commuting."
survey_water-bottle-choice__BMetbu8,persona/datasets/matraix-persona-1m/cohorts/cohort-b9851ff4d44d/persona_synthetic-90a84921c2ad.yaml,1.0,beijixiong_316,杯具熊 316 保温杯,129.0,4,insulation,4,35-44,Cost-sensitive,Latin America,Middle,Woman,Early career,$200k+,Homemaker,El precio de 129 yuanes es razonable para mí y el acero inoxidable 316 con triple aislamiento me da confianza de que el agua se mantendrá fría durante todo el día. La capacidad de 600 ml es suficiente para mis trayectos diarios y no necesito pagar el sobreprecio de una marca premium como Zojirushi o Stanley.
survey_water-bottle-choice__BNW9Zet,persona/datasets/matraix-persona-1m/cohorts/cohort-b9851ff4d44d/persona_synthetic-ab84087d8311.yaml,1.0,fuguang_316,富光 316 保温杯,39.9,5,price,5,45-54,Cost-sensitive,Southeast Asia,High income,Woman,Mid-life,<$25k,Homemaker,"I'm a frugal saver on a tight household budget, so ¥39.9 for a reliable insulated 316 bottle is hard to beat. It covers the basics — vacuum insulation, a good seal, and durability — without paying for branding or viral hype I don't need."
survey_water-bottle-choice__BRrrF9i,persona/datasets/matraix-persona-1m/cohorts/cohort-b9851ff4d44d/persona_synthetic-43293a4a0018.yaml,1.0,beijixiong_316,杯具熊 316 保温杯,129.0,4,insulation,4,18-24,Cost-sensitive,Sub-Saharan Africa,Middle,Woman,Career change,$25k-50k,Full-time,"I want insulated steel because I carry tea through cold mornings and hate lukewarm drinks, but I'm not paying ¥229 or ¥319 for a name. The Beijixiong 316 hits the sweet spot — 316/316L liner, triple heat blocking, 600 ml — for ¥129, which is roughly what my monthly bottle budget allows. The ¥39.9 Fuguang is tempting but I don't trust a basic vacuum seal to actually hold heat all day."
survey_water-bottle-choice__BTF3zq9,persona/datasets/matraix-persona-1m/cohorts/cohort-b9851ff4d44d/persona_synthetic-a4e49726b5d2.yaml,1.0,beijixiong_316,杯具熊 316 保温杯,129.0,4,insulation,5,18-24,Cost-sensitive,South Asia,Low income,Woman,Parent of young kids,<$25k,Part-time,"I need reliable insulation for daily commuting and my kid's outings, and 316/316L stainless at ¥129 is the best value on this shelf. The budget Fuguang is tempting but the Beijixiong's triple heat blocking and tail-less vacuum justify the extra spend for something I'll use every day."
survey_water-bottle-choice__BUksNa4,persona/datasets/matraix-persona-1m/cohorts/cohort-b9851ff4d44d/persona_synthetic-a5cba9080ea6.yaml,1.0,fuguang_316,富光 316 保温杯,39.9,5,price,5,45-54,Cost-sensitive,East Asia,Lower-middle,Woman,Mid-life,<$25k,Full-time,我选这款，因为它是316不锈钢、真空保温、密封可靠，日常用完全够，价格只要¥39.9，最符合我精打细算的习惯。我收入有限、要照顾家里，能花小钱办成事才是正经。
survey_water-bottle-choice__BaBGNK2,persona/datasets/matraix-persona-1m/cohorts/cohort-b9851ff4d44d/persona_synthetic-41724ec9f068.yaml,1.0,beijixiong_316,杯具熊 316 保温杯,129.0,4,insulation,3,25-34,Value-driven,East Asia,Middle,Woman,Early career,<$25k,Gig / freelance,"I want real vacuum insulation for tea and cold drinks on the go, and the 600 ml size covers a full shift without constant refills. The 316/316L liner and triple heat blocking at ¥129 hit the sweet spot between the cheap basic bottle and the premium Zojirushi I can't justify on my income. The Stanley is too big and too expensive, and the Nalgene isn't insulated, so neither works for daily use."
survey_water-bottle-choice__BcMtshN,persona/datasets/matraix-persona-1m/cohorts/cohort-b9851ff4d44d/persona_synthetic-7ecfacea1596.yaml,1.0,fuguang_316,富光 316 保温杯,39.9,5,price,4,18-24,Cost-sensitive,East Asia,Lower-middle,Woman,Student,$25k-50k,Part-time,"Soy estudiante con ingresos limitados y gastos de cuidado familiar, así que el precio de ¥39.9 es lo único que realmente puedo justificar. Es un termo de acero 316 con sellado fiable, y para uso diario básico me basta; no necesito marca ni capacidad extra."
survey_water-bottle-choice__BdTgE3v,persona/datasets/matraix-persona-1m/cohorts/cohort-b9851ff4d44d/persona_synthetic-b2298a88a1b8.yaml,1.0,beijixiong_316,杯具熊 316 保温杯,129.0,4,price,4,18-24,Cost-sensitive,Southeast Asia,Low income,Woman,Early career,$50k-100k,Student,"I want real insulation but I'm on a tight student budget, so the ¥129 Beijixiong hits the sweet spot with a 316/316L liner and triple heat blocking. The 600 ml size covers a full day of commuting and classes, and it's a lot cheaper than the Mijia or Zojirushi for basically the same core function. The Fuguang is tempting at ¥39.9 but the extra ¥90 buys noticeably better build quality I'll use every day."
survey_water-bottle-choice__BeofhWw,persona/datasets/matraix-persona-1m/cohorts/cohort-b9851ff4d44d/persona_synthetic-190ce5f4aa3a.yaml,1.0,beijixiong_316,杯具熊 316 保温杯,129.0,4,insulation,4,65-74,Cost-sensitive,East Asia,Lower-middle,Man,Empty nester,$50k-100k,Part-time,316/316L 内胆、无尾真空、三层隔热，一百来块钱这个价位最划算。我这个年纪喝水讲究保温，价格也在我能接受的范围内。
survey_water-bottle-choice__Bfejwjw,persona/datasets/matraix-persona-1m/cohorts/cohort-b9851ff4d44d/persona_synthetic-c437c7690bc5.yaml,1.0,beijixiong_316,杯具熊 316 保温杯,129.0,4,price,4,45-54,Cost-sensitive,South Asia,Low income,Woman,Mid-life,<$25k,Full-time,"আমি প্রতিদিন ব্যবহারের জন্য ইনসুলেটেড বোতল চাই, কারণ ছোট শহরে যাতায়াতে গরম পানি ঠান্ডা রাখা জরুরি। ৩১৬/৩১৬L ইনারের সাথে ¥১২৯ দামে এটাই সবচেয়ে ভালো ভ্যালু, আর ৬০০ মিলি আমার একদিনের চাহিদার জন্য যথেষ্ট।"
survey_water-bottle-choice__BfqGcip,persona/datasets/matraix-persona-1m/cohorts/cohort-b9851ff4d44d/persona_synthetic-452200b83418.yaml,1.0,fuguang_316,富光 316 保温杯,39.9,5,price,4,18-24,Cost-sensitive,South Asia,Low income,Man,Student,$25k-50k,Part-time,"I'm on a tight student budget and cost-sensitive, so ¥39.9 for a 316 stainless insulated bottle with a reliable seal is exactly what I need. I don't care about brand hype or big capacity — I just want something cheap, durable, and insulated that won't leak in my bag."
survey_water-bottle-choice__BgUTCLd,persona/datasets/matraix-persona-1m/cohorts/cohort-b9851ff4d44d/persona_synthetic-e9f51fc7ad67.yaml,1.0,beijixiong_316,杯具熊 316 保温杯,129.0,4,price,4,65-74,Value-driven,South Asia,Low income,Woman,Retirement,$25k-50k,Retired,أحتاج زجاجة معزولة للاستخدام اليومي، و316 ستانلس ستيل مع عزل ثلاثي عند 129 يوان يبدو أفضل قيمة. السعر معقول ولا أريد دفع أكثر لعلامة تجارية.
survey_water-bottle-choice__BiEdrVZ,persona/datasets/matraix-persona-1m/cohorts/cohort-b9851ff4d44d/persona_synthetic-3a8770600e1a.yaml,1.0,fuguang_316,富光 316 保温杯,39.9,5,price,4,45-54,Cost-sensitive,Sub-Saharan Africa,Lower-middle,Woman,Mid-life,<$25k,Self-employed,"Money is tight and I need something that just works — the ¥39.9 Fuguang is cheap, insulated, and seals reliably, which is all I ask of a daily bottle. I would rather keep the extra cash than pay for a name or a viral tumbler."
survey_water-bottle-choice__BkiAGZ2,persona/datasets/matraix-persona-1m/cohorts/cohort-b9851ff4d44d/persona_synthetic-ef201038f602.yaml,1.0,fuguang_316,富光 316 保温杯,39.9,5,price,4,18-24,Cost-sensitive,East Asia,Low income,Woman,Early career,$25k-50k,Self-employed,我预算很紧，现在没工作又是准妈妈，¥39.9 的国货保温瓶最实际。316 不锈钢加真空保温，密封可靠，够我一天喝水用，坏了也不心疼。
survey_water-bottle-choice__BmEaPBK,persona/datasets/matraix-persona-1m/cohorts/cohort-b9851ff4d44d/persona_synthetic-bc38e8f05ade.yaml,1.0,fuguang_316,富光 316 保温杯,39.9,5,price,4,55-64,Cost-sensitive,East Asia,Middle,Man,Parent of young kids,<$25k,Gig / freelance,我靠零散接活过日子，钱得掰开花。500毫升够我一天用，316钢内胆、密封不漏、保温够用，39.9元坏了丢了也不心疼。那些一百多两百多的，多出来的钱买不到我真正需要的东西。
survey_water-bottle-choice__BmfwLv5,persona/datasets/matraix-persona-1m/cohorts/cohort-b9851ff4d44d/persona_synthetic-aad1bba4d4ad.yaml,1.0,beijixiong_316,杯具熊 316 保温杯,129.0,5,insulation,4,25-34,Indifferent,MENA,Upper-middle,Woman,Career change,$200k+,Full-time,"316/316L liner plus tail-less vacuum and triple heat blocking at ¥129 is the best real value here — I want hot tea to stay hot through a long day, and the 600 ml size beats the 480-500 ml picks without the Stanley's absurd bulk. Zojirushi and Mijia are nicer but I'm not paying ¥100+ more for a coating and a detachable lid I don't need."
survey_water-bottle-choice__BqN2Df2,persona/datasets/matraix-persona-1m/cohorts/cohort-b9851ff4d44d/persona_synthetic-5732e3995c8c.yaml,1.0,beijixiong_316,杯具熊 316 保温杯,129.0,4,insulation,4,45-54,Value-driven,East Asia,Upper-middle,Woman,Mid-life,<$25k,Self-employed,"I want proper vacuum insulation for daily use, and 316/316L stainless with a tail-less vacuum at ¥129 is the most honest value on this shelf. The 600 ml size suits my day, and the budget Fuguang feels too basic while the Zojirushi and Stanley prices are hard for me to justify."
survey_water-bottle-choice__BrvuWMv,persona/datasets/matraix-persona-1m/cohorts/cohort-b9851ff4d44d/persona_synthetic-60840f55e1fb.yaml,1.0,fuguang_316,富光 316 保温杯,39.9,5,price,4,18-24,Cost-sensitive,MENA,Middle,Woman,Career change,$25k-50k,Student,"I am a student living with family on a tight budget, so the ¥39.9 price is the deciding factor. It still gives me what I actually need day to day: 316 stainless steel, basic vacuum insulation, and a seal I can trust. I do not need a big lifestyle tumbler or premium branding when a cheap, durable bottle does the job."
survey_water-bottle-choice__Bt49BWJ,persona/datasets/matraix-persona-1m/cohorts/cohort-b9851ff4d44d/persona_synthetic-069147bf0373.yaml,1.0,beijixiong_316,杯具熊 316 保温杯,129.0,4,insulation,4,65-74,Cost-sensitive,East Asia,Upper-middle,Man,Mid-life,$25k-50k,Homemaker,316/316L stainless steel with tail-less vacuum and triple heat blocking at ¥129 is the best insulation per yuan on this shelf. I drink hot tea all day and want a reliable seal without paying for a viral brand name.
survey_water-bottle-choice__BurzkCN,persona/datasets/matraix-persona-1m/cohorts/cohort-b9851ff4d44d/persona_synthetic-ec4055158ecb.yaml,1.0,beijixiong_316,杯具熊 316 保温杯,129.0,4,insulation,4,45-54,Cost-sensitive,East Asia,Lower-middle,Woman,Early career,$50k-100k,Homemaker,"I need a bottle that keeps tea hot all day and won't leak in my bag, and 316 stainless steel at ¥129 is the sweet spot. The budget Fuguang is tempting but too small at 500 ml for my long days out, and the Stanley is way too pricey and bulky for walking everywhere."
survey_water-bottle-choice__C4pW8iH,persona/datasets/matraix-persona-1m/cohorts/cohort-b9851ff4d44d/persona_wiki-0e85519c32c3.yaml,1.0,zojirushi_sm_sz,象印 SM-SZ,229.0,4,insulation,4,75-84,Value-driven,South Asia,High income,Woman,Mid-life,$200k+,Full-time,"I travel frequently and keep long days, so top-tier insulation and an easy-to-clean non-stick interior matter far more to me than saving a few yuan. The Zojirushi's ultra-light build and Japanese premium reliability justify the price for something I will carry daily for years. The viral Stanley tumbler is too bulky for my handbag, and the budget bottles compromise on the quality I expect."
survey_water-bottle-choice__C4qTyRg,persona/datasets/matraix-persona-1m/cohorts/cohort-b9851ff4d44d/persona_synthetic-0a6da241e016.yaml,1.0,beijixiong_316,杯具熊 316 保温杯,129.0,4,insulation,4,55-64,Premium-seeking,Sub-Saharan Africa,Middle,Woman,Empty nester,$25k-50k,Self-employed,"Necesito algo que mantenga el calor durante mis turnos largos y trayectos en transporte, y el Beijixiong ofrece acero inoxidable 316 con triple bloqueo térmico a un precio que puedo pagar sin culpa. El Fuguang es demasiado básico para lo que aguanto, y el Stanley y el Zojirushi se me van del presupuesto para un solo envase."
survey_water-bottle-choice__CBXa99w,persona/datasets/matraix-persona-1m/cohorts/cohort-b9851ff4d44d/persona_synthetic-de3c626162f4.yaml,1.0,beijixiong_316,杯具熊 316 保温杯,129.0,4,insulation,4,65-74,Value-driven,South Asia,Lower-middle,Woman,Retirement,$50k-100k,Retired,"I want a bottle that keeps my tea hot through a long day, and the Beijixiong gives me proper 316/316L insulation at a price I can justify. The Fuguang is cheaper but feels too basic, while the Zojirushi and Stanley cost far more than I'd spend. This one sits right in the middle on price and quality."
survey_water-bottle-choice__CBjMptg,persona/datasets/matraix-persona-1m/cohorts/cohort-b9851ff4d44d/persona_wiki-a0c2ca77f441.yaml,1.0,beijixiong_316,杯具熊 316 保温杯,129.0,5,insulation,4,75-84,Value-driven,North America,Upper-middle,Man,Mid-life,null,Retired,"I want an insulated bottle for daily use, and this one offers 316 stainless steel, a tail-less vacuum, and triple heat blocking at ¥129 — the best balance of insulation quality and price on this shelf. The 600 ml capacity suits a morning at my desk and an afternoon walk, and I see no reason to pay ¥229 or ¥319 for marginal gains."
survey_water-bottle-choice__CDmGwxV,persona/datasets/matraix-persona-1m/cohorts/cohort-b9851ff4d44d/persona_synthetic-9a9f3bf92b3a.yaml,1.0,beijixiong_316,杯具熊 316 保温杯,129.0,4,insulation,4,45-54,Cost-sensitive,South Asia,Lower-middle,Woman,Mid-life,$200k+,Full-time,"আমি রোজ সকালে চা-কফি নিয়ে বেরোই, তাই ইনসুলেশন আর শক্ত সিল আমার কাছে সবচেয়ে জরুরি। ৬০০ মিলি সাইজ আমার পুরো দিনের জন্য যথেষ্ট, আর ৩১৬/৩১৬L ইনারের ট্রিপল হিট ব্লকিং ¥১২৯ দামে সেরা ভ্যালু মনে হচ্ছে। জাপানি প্রিমিয়াম বা ভাইরাল স্ট্যানলিতে এত টাকা খরচ করার দরকার নেই।"
survey_water-bottle-choice__CEnCsBz,persona/datasets/matraix-persona-1m/cohorts/cohort-b9851ff4d44d/persona_synthetic-10b6fa92c2ab.yaml,1.0,beijixiong_316,杯具熊 316 保温杯,129.0,4,price,4,25-34,Cost-sensitive,South Asia,Middle,Man,Early career,$25k-50k,Full-time,"I want vacuum insulation but I'm cost-sensitive, so the ¥100 tier is my ceiling and this one gives the best spec there — 316/316L liner, tail-less vacuum, triple heat blocking. The Fuguang is cheaper but feels like a downgrade, and everything above ¥129 is paying for brand or features I don't need. 600 ml also covers a full work shift without refills."
survey_water-bottle-choice__CPAaiKu,persona/datasets/matraix-persona-1m/cohorts/cohort-b9851ff4d44d/persona_synthetic-28d2e39abcdc.yaml,1.0,beijixiong_316,杯具熊 316 保温杯,129.0,4,insulation,4,65-74,Cost-sensitive,Sub-Saharan Africa,Lower-middle,Man,Mid-life,<$25k,Full-time,"I need a reliable insulated bottle for daily use, and the 600 ml capacity suits my routine better than the 500 ml options. At ¥129 it sits in the middle of the price range while offering 316/316L steel and triple heat blocking, so it is the best value for someone who is cost-sensitive but unwilling to compromise on durability and insulation."
survey_water-bottle-choice__CRhj7dL,persona/datasets/matraix-persona-1m/cohorts/cohort-b9851ff4d44d/persona_synthetic-b448898c3a03.yaml,1.0,beijixiong_316,杯具熊 316 保温杯,129.0,4,price,4,25-34,Cost-sensitive,Latin America,Middle,Woman,Early career,<$25k,Unemployed,"Busco lo más práctico por el dinero: 316/316L con triple aislamiento y sellado sin cola por ¥129 me da lo mejor del rango medio sin pagar marca. Los 600 ml me alcanzan para el día y el acero inoxidable aguanta el maltrato de traerlo en la mochila. El Stanley es demasiado caro y grande, y el Nalgene no aísla, así que no me sirve para el clima ni para llevar café."
survey_water-bottle-choice__CS72cFx,persona/datasets/matraix-persona-1m/cohorts/cohort-b9851ff4d44d/persona_synthetic-28890690e165.yaml,1.0,beijixiong_316,杯具熊 316 保温杯,129.0,4,price,4,25-34,Cost-sensitive,South Asia,Low income,Woman,Early career,$200k+,Full-time,"Main mujhe roz kaam ke liye ek mazboot aur sasta insulated bottle chahiye, aur Beijixiong 316 100 yuan ke budget mein 316/316L steel aur triple heat blocking deta hai jo Zojirushi jaisa hi kaam karega lekin aadhe daam mein. Fuguang sasta hai par basic hai, aur Nalgene insulated nahi hai, Stanley bahut bada aur mehnga hai. Isliye mid-tier value pick mere paise aur zarurat dono ke liye sahi hai."
survey_water-bottle-choice__CUGZDe8,persona/datasets/matraix-persona-1m/cohorts/cohort-b9851ff4d44d/persona_synthetic-17e9dafca28d.yaml,1.0,fuguang_316,富光 316 保温杯,39.9,5,price,4,18-24,Premium-seeking,MENA,Low income,Woman,Career change,$25k-50k,Full-time,"I need a cheap, reliable insulated bottle for daily use, and ¥39.9 is the only price that fits my budget as a low-income earner. It keeps drinks warm, seals well, and I will not grieve if it gets lost or dented."
survey_water-bottle-choice__CXvw6Mv,persona/datasets/matraix-persona-1m/cohorts/cohort-b9851ff4d44d/persona_synthetic-355375b6e543.yaml,1.0,beijixiong_316,杯具熊 316 保温杯,129.0,4,insulation,4,65-74,Cost-sensitive,MENA,Low income,Man,Retirement,<$25k,Retired,"À mon âge, je bois surtout du thé chaud et je me déplace en transport en commun, donc l'isolation et la solidité comptent plus que le style. Le Beijixiong offre une double paroi 316/316L et une triple isolation thermique pour ¥129, ce qui me semble le meilleur compromis entre qualité et budget parmi les six. Je préfère éviter le plastique non isolant ainsi que les prix des modèles premium ou « viraux », qui ne justifient pas la dépense pour un usage quotidien."
survey_water-bottle-choice__CYwrbM2,persona/datasets/matraix-persona-1m/cohorts/cohort-b9851ff4d44d/persona_synthetic-e59acbddf3e1.yaml,1.0,beijixiong_316,杯具熊 316 保温杯,129.0,4,insulation,4,45-54,Cost-sensitive,South Asia,Lower-middle,Woman,Mid-life,<$25k,Self-employed,316/316L liner and triple heat blocking at ¥129 hits the sweet spot — I want real insulation for daily commutes without paying Zojirushi money. The 600 ml size is practical and the price is defensible for what's inside.
survey_water-bottle-choice__CaHJbn5,persona/datasets/matraix-persona-1m/cohorts/cohort-b9851ff4d44d/persona_synthetic-bc8b1ff12a17.yaml,1.0,beijixiong_316,杯具熊 316 保温杯,129.0,4,insulation,4,18-24,Cost-sensitive,Southeast Asia,Middle,Woman,Early career,<$25k,Part-time,"I need real insulation for daily use and 500ml is too small, but I'm not paying ¥229+ for a bottle. The Beijixiong gives 600ml, a 316/316L liner, and triple heat blocking at ¥129 — the best mix of capacity, insulation, and price on this shelf. The Stanley is way too big and pricey, and the Nalgene isn't insulated at all."
survey_water-bottle-choice__Ce7Qwt6,persona/datasets/matraix-persona-1m/cohorts/cohort-b9851ff4d44d/persona_synthetic-681256d984d1.yaml,1.0,beijixiong_316,杯具熊 316 保温杯,129.0,4,price,4,55-64,Cost-sensitive,South Asia,Low income,Woman,Career change,$100k-200k,Self-employed,"I want proper insulation for daily use and I'm cost-sensitive, so the ¥129 Beijixiong hits the sweet spot — 316/316L steel and triple heat blocking at a fair price. The ¥39.9 one is tempting but too basic, and the Zojirushi and Stanley are just paying for brand or size I don't need. Brand-name trust without the markup is what matters to me."
survey_water-bottle-choice__Ck4TEuV,persona/datasets/matraix-persona-1m/cohorts/cohort-b9851ff4d44d/persona_wiki-37f7b8b704d1.yaml,1.0,zojirushi_sm_sz,象印 SM-SZ,229.0,4,insulation,4,55-64,Value-driven,North America,Middle,Woman,Mid-life,,Self-employed,"I want a bottle I can carry daily without it leaking or weighing down my bag, and the Zojirushi's reputation for top-tier insulation and easy-clean non-stick interior matters more to me than a few dollars saved. At roughly ¥229 it's a considered purchase, not an impulse one, but I keep a bottle for years, so quality and reliability win. The 480 ml size is right for my desk-and-commute routine."
survey_water-bottle-choice__CkjPiai,persona/datasets/matraix-persona-1m/cohorts/cohort-b9851ff4d44d/persona_synthetic-3f716c6e31ea.yaml,1.0,beijixiong_316,杯具熊 316 保温杯,129.0,4,price,4,18-24,Cost-sensitive,East Asia,Middle,Man,Early career,$100k-200k,Self-employed,"At ¥129 it hits the sweet spot: 316/316L stainless liner and triple heat blocking give real insulation without paying the ¥179–229 brand premium. 600 ml covers a full workday and the seal quality matters since I carry it in a bag on public transit. I'm cost-sensitive and don't care about viral aesthetics, so this is the best value on the shelf."
survey_water-bottle-choice__Co8njWx,persona/datasets/matraix-persona-1m/cohorts/cohort-b9851ff4d44d/persona_synthetic-cc7662551095.yaml,1.0,beijixiong_316,杯具熊 316 保温杯,129.0,4,insulation,4,25-34,Value-driven,Southeast Asia,Low income,Man,Career change,$25k-50k,Self-employed,我买水瓶就看两件事：装热水要保温，价格别虚高。北極熊这个129块，316/316L内胆加无尾真空，比39.9的富光基础款明显强一档，又比小米、象印、Stanley便宜一大截，功能没缩水。600ml对我日常够用，不用为了牌子多掏一百多。
survey_water-bottle-choice__Cp3rVBx,persona/datasets/matraix-persona-1m/cohorts/cohort-b9851ff4d44d/persona_synthetic-5fe5f62de1c6.yaml,1.0,fuguang_316,富光 316 保温杯,39.9,3,insulation,3,65-74,Value-driven,Sub-Saharan Africa,Upper-middle,Woman,Retirement,$50k-100k,Retired,"No persona-specific answer was produced, so a neutral answer was used."
survey_water-bottle-choice__CsP9Tjf,persona/datasets/matraix-persona-1m/cohorts/cohort-b9851ff4d44d/persona_wiki-54556359c51f.yaml,1.0,beijixiong_316,杯具熊 316 保温杯,129.0,5,insulation,4,35-44,Value-driven,Sub-Saharan Africa,Middle,Woman,Mid-life,,Full-time,"I want a reliable insulated bottle for daily commuting and office use, and the Beijixiong offers 316/316L stainless steel, strong vacuum insulation, and a 600 ml capacity at a sensible ¥129. It sits at the best value point without paying for viral branding or oversized lifestyle features I do not need."
survey_water-bottle-choice__CtQWvEz,persona/datasets/matraix-persona-1m/cohorts/cohort-b9851ff4d44d/persona_synthetic-d35033e8e66e.yaml,1.0,fuguang_316,富光 316 保温杯,39.9,5,price,5,18-24,Cost-sensitive,Sub-Saharan Africa,Lower-middle,Woman,Student,$100k-200k,Student,"I am a cost-sensitive student renting with a large household and a volatile financial situation, so the ¥39.9 price is the deciding factor. It still gives me the basics I need: vacuum insulation, a reliable seal, and 316 stainless steel in a 500 ml size that suits daily use. I do not need premium branding or a huge capacity, and I dislike tipping-style upsells, so the cheap national brand fits me best."
survey_water-bottle-choice__CySmvP8,persona/datasets/matraix-persona-1m/cohorts/cohort-b9851ff4d44d/persona_synthetic-328859473b24.yaml,1.0,fuguang_316,富光 316 保温杯,39.9,5,price,4,18-24,Cost-sensitive,South Asia,Low income,Woman,Career change,$25k-50k,Student,"Paisa tight hai, aur 500ml roz ke liye kaafi hai. 316 steel with vacuum insulation at ¥39.9 is the only one that doesn't feel like a waste of money — cheap, solid, does the job."
survey_water-bottle-choice__CzYt74a,persona/datasets/matraix-persona-1m/cohorts/cohort-b9851ff4d44d/persona_synthetic-fccaab7ed534.yaml,1.0,fuguang_316,富光 316 保温杯,39.9,5,price,5,45-54,Cost-sensitive,South Asia,Lower-middle,Man,Career change,$25k-50k,Full-time,"আমি বাজেট-সচেতন মানুষ, আর ৩৯.৯ ইউয়ানে ৩১৬ স্টেইনলেস স্টিলের ভ্যাকুয়াম বোতল পাওয়া মানে দামের তুলনায় দুর্দান্ত ভ্যালু। বেসিক হলেও সিল ভালো আর টেকসই, প্রতিদিনের ব্যবহারের জন্য এটাই যথেষ্ট।"
survey_water-bottle-choice__D4SwKxb,persona/datasets/matraix-persona-1m/cohorts/cohort-b9851ff4d44d/persona_synthetic-304ebb024e4a.yaml,1.0,beijixiong_316,杯具熊 316 保温杯,129.0,4,price,4,55-64,Cost-sensitive,East Asia,Lower-middle,Man,Mid-life,$25k-50k,Full-time,我每天上班带水，最看重保温和耐用，但又不想花太多钱。这款北極熊316保温瓶在百元价位给了316/316L内胆和无尾真空，性价比明显比同价位的塑料瓶和更贵的品牌款更实在。作为一个常年在办公室和家里两头跑的人，600毫升刚好够喝，价格也在我的日常预算内。
survey_water-bottle-choice__D5C8B4t,persona/datasets/matraix-persona-1m/cohorts/cohort-b9851ff4d44d/persona_synthetic-51355adbaaa9.yaml,1.0,beijixiong_316,杯具熊 316 保温杯,129.0,4,insulation,4,45-54,Value-driven,Southeast Asia,Lower-middle,Woman,Parent of young kids,$25k-50k,Full-time,我每天要带水上班，保温是最重要的，316/316L内胆加无尾真空在这个价位算很实在。129元不算贵，600ml容量也够一天喝，比同价位的塑料瓶和基础款更划算。
survey_water-bottle-choice__DE33yTY,persona/datasets/matraix-persona-1m/cohorts/cohort-b9851ff4d44d/persona_synthetic-6490b7548114.yaml,1.0,beijixiong_316,杯具熊 316 保温杯,129.0,4,insulation,4,45-54,Value-driven,Sub-Saharan Africa,Low income,Woman,Mid-life,$25k-50k,Unemployed,"Le Fuguang est vraiment trop petit et la qualité du vide n'est pas claire, tandis que le Nalgene n'isole rien du tout — inutile pour garder mon thé chaud toute la journée. Le Beijixiong me donne du 316/316L, une vraie triple isolation et 600 ml pour 129 ¥, ce qui rentre pile dans mon budget serré sans payer la marque Zojirushi ou le gadget Stanley. C'est le seul qui coche capacité, isolation et prix en même temps."
survey_water-bottle-choice__DG7FtUi,persona/datasets/matraix-persona-1m/cohorts/cohort-b9851ff4d44d/persona_synthetic-850ce8acb768.yaml,1.0,beijixiong_316,杯具熊 316 保温杯,129.0,4,price,4,25-34,Value-driven,South Asia,Lower-middle,Woman,Early career,$100k-200k,Full-time,"I want an insulated stainless steel bottle for daily use, and the Beijixiong 316 sits at the price point where I get a 316/316L liner and proper vacuum insulation without paying for a premium brand name. It is meaningfully better value than the Mijia and Zojirushi at nearly the same capacity, and unlike the Nalgene it actually keeps drinks hot or cold. The 600 ml size is also a bit more practical for a full workday than the 500 ml budget option."
survey_water-bottle-choice__DM7k8Hm,persona/datasets/matraix-persona-1m/cohorts/cohort-b9851ff4d44d/persona_synthetic-1b89360ab362.yaml,1.0,fuguang_316,富光 316 保温杯,39.9,5,price,4,75-84,Cost-sensitive,Southeast Asia,Middle,Woman,Retirement,<$25k,Retired,"Eu sou aposentada e vivo com uma renda apertada, então o preço de ¥39.9 cabe no meu orçamento sem aperto. A garrafa é de aço inoxidável 316, tem isolamento a vácuo básico e vedação confiável, o que basta para o meu uso diário em casa e nas caminhadas. Não preciso de nada sofisticado, só de algo durável e barato que faça o trabalho."
survey_water-bottle-choice__DS8CSoE,persona/datasets/matraix-persona-1m/cohorts/cohort-b9851ff4d44d/persona_synthetic-2a088f5e388c.yaml,1.0,beijixiong_316,杯具熊 316 保温杯,129.0,4,price,4,45-54,Cost-sensitive,East Asia,Lower-middle,Man,Career change,<$25k,Full-time,我预算有限，想买一个日常能保温又结实的水壶。北極熊这款129元用316/316L内胆加真空保温，容量600毫升比同价位的更实用，性价比最合适。
survey_water-bottle-choice__DVN4v87,persona/datasets/matraix-persona-1m/cohorts/cohort-b9851ff4d44d/persona_synthetic-b26e66846779.yaml,1.0,beijixiong_316,杯具熊 316 保温杯,129.0,4,insulation,4,65-74,Value-driven,South Asia,Middle,Woman,Retirement,<$25k,Self-employed,"I want a stainless steel insulated bottle for daily use, and the Beijixiong gives me 316/316L steel and triple heat blocking at a price I can actually justify. The Fuguang is cheaper but feels too basic for something I'd carry every day, and anything above ¥179 is more than I'd spend on a bottle."
survey_water-bottle-choice__DagtNaa,persona/datasets/matraix-persona-1m/cohorts/cohort-b9851ff4d44d/persona_synthetic-3ac6f2f07dea.yaml,1.0,beijixiong_316,杯具熊 316 保温杯,129.0,4,price,4,55-64,Cost-sensitive,Sub-Saharan Africa,Low income,Woman,Mid-life,$100k-200k,Unemployed,"I want a genuinely insulated bottle for daily use and Beijixiong offers 316/316L stainless steel with triple heat blocking at only ¥129, which is the best value in the mid tier. I am cost-sensitive and skeptical of paying for brand names, so this gives me the temperature performance I need without the premium markup of Mijia, Zojirushi, or Stanley."
survey_water-bottle-choice__Dh4XfrH,persona/datasets/matraix-persona-1m/cohorts/cohort-b9851ff4d44d/persona_synthetic-9a1ea9a399e2.yaml,1.0,beijixiong_316,杯具熊 316 保温杯,129.0,4,insulation,4,45-54,Value-driven,Sub-Saharan Africa,Lower-middle,Woman,Mid-life,$25k-50k,Self-employed,"Eu quero uma garrafa térmica para o dia a dia, porque o clima aqui e o meu trabalho por turnos fazem com que eu precise de água que se mantenha na temperatura certa durante horas. A Beijixiong 316 oferece isolamento de topo e interior 316/316L por ¥129, o que me parece o melhor equilíbrio entre qualidade e preço, sem gastar o que a Zojirushi ou a Stanley pedem. Também prefiro 600 ml, que é prático para levar na mochila sem ser pesado demais."
survey_water-bottle-choice__DiYEfMe,persona/datasets/matraix-persona-1m/cohorts/cohort-b9851ff4d44d/persona_wiki-cb7af3a2a338.yaml,1.0,beijixiong_316,杯具熊 316 保温杯,129.0,5,insulation,5,45-54,Value-driven,West Asia,Middle,Man,Mid-life,,Full-time,من به‌دنبال بطری‌ای هستم که هر روز همراهم باشد و دوام و عایق‌بندی حرارتی برایم مهم‌تر از ظاهر است. بج‌شینگ با لایه داخلی 316/316L و خلأ بدون دنباله، بهترین تعادل کیفیت و قیمت را در رده ۱۰۰ یوانی دارد. برند ژاپنی زوجیروشی عالی است اما ۲۲۹ یوان برای مصرف روزانه من توجیه اقتصادی ندارد و ظرفیت ۶۰۰ میلی‌لیتری این مدل دقیقاً همان اندازه‌ای است که لازم دارم.
survey_water-bottle-choice__DsnkRjY,persona/datasets/matraix-persona-1m/cohorts/cohort-b9851ff4d44d/persona_synthetic-ab60951e49ba.yaml,1.0,fuguang_316,富光 316 保温杯,39.9,5,price,4,65-74,Cost-sensitive,Latin America,Low income,Woman,Retirement,<$25k,Retired,"Soy de plata chica y el precio manda. El Fuguang de ¥39.9 me da acero 316, buen sellado y aislamiento básico, que es todo lo que necesito para el día. No voy a pagar tres o cuatro veces más por una botella viral."
survey_water-bottle-choice__E2HDzf7,persona/datasets/matraix-persona-1m/cohorts/cohort-b9851ff4d44d/persona_synthetic-b108d6051fa5.yaml,1.0,fuguang_316,富光 316 保温杯,39.9,5,price,4,65-74,Cost-sensitive,MENA,Low income,Man,Retirement,<$25k,Self-employed,"I am on a low fixed income and I am a frugal saver, so ¥39.9 for a 500 ml insulated 316 steel bottle with a reliable seal is the only price that sits comfortably with me. I only need it for daily drinking, not for sports or long trips, so the basic vacuum insulation and durability are enough."
survey_water-bottle-choice__E2ssGgs,persona/datasets/matraix-persona-1m/cohorts/cohort-b9851ff4d44d/persona_wiki-518aab5a5665.yaml,1.0,zojirushi_sm_sz,象印 SM-SZ,229.0,4,insulation,4,85+,Indifferent,Europe,Upper-middle,Woman,Retirement,null,Retired,"Po desetiletích zkušeností s levnými termoláhvemi vím, že u denního používání rozhoduje kvalita vnitřní vrstvy a hmotnost — Zojirushi je ultra lehká a nepřilnavý vnitřek se snadno čistí, což ocením každý den. Cena ¥229 je vyšší, ale u předmětu, který používám denně a nosím v kabelce, se mi jednorázová investice do japonské spolehlivosti vyplatí. Objem 480 ml mi stačí a nechci velké sportovní láhve ani viral hrnky."
survey_water-bottle-choice__E3STMKd,persona/datasets/matraix-persona-1m/cohorts/cohort-b9851ff4d44d/persona_synthetic-61075190de48.yaml,1.0,beijixiong_316,杯具熊 316 保温杯,129.0,4,insulation,4,65-74,Cost-sensitive,South Asia,Lower-middle,Man,Empty nester,$25k-50k,Unemployed,"I want an insulated bottle that keeps my tea hot on long commutes and walks, and 316/316L stainless steel with triple heat blocking at ¥129 is the best value in the middle tier. The Fuguang is cheaper but only basic insulation, and the ¥179-¥319 bottles cost more than I can justify for a daily bottle."
survey_water-bottle-choice__E5t7FzR,persona/datasets/matraix-persona-1m/cohorts/cohort-b9851ff4d44d/persona_synthetic-a33ecf68f5ea.yaml,1.0,beijixiong_316,杯具熊 316 保温杯,129.0,4,insulation,4,65-74,Cost-sensitive,South Asia,Upper-middle,Man,Empty nester,$25k-50k,Full-time,"At ¥129 it sits right in my comfort zone for a daily bottle, and the 316/316L liner with triple heat blocking gives me the insulation I actually care about. I'm cost-sensitive and skeptical of paying for viral branding, so this mid-tier option feels like the honest value pick."
survey_water-bottle-choice__E6rSPYJ,persona/datasets/matraix-persona-1m/cohorts/cohort-b9851ff4d44d/persona_synthetic-19ccd96c81ad.yaml,1.0,beijixiong_316,杯具熊 316 保温杯,129.0,5,price,4,25-34,Cost-sensitive,South Asia,Lower-middle,Self-described,Mid-life,$25k-50k,Full-time,"मैं रोज़ाना पानी पीने के लिए एक भरोसेमंद और किफायती इंसुलेटेड बोतल चाहती हूँ, और बेइजीश्योंग 316 मुझे सबसे अच्छा संतुलन लगती है — 316/316L स्टील, अच्छी वैक्यूम इंसुलेशन और मज़बूत सील, वो भी सिर्फ़ ¥129 में। 500ml की बजाय 600ml होने से ऑफिस और सफ़र दोनों के लिए पर्याप्त पानी रहता है। ज़ोजिरुशी और स्टेनली मेरे बजट से बाहर हैं, और बिना इंसुलेशन वाली नालजीन गर्म पानी के लिए ठीक नहीं।"
survey_water-bottle-choice__E7ohthm,persona/datasets/matraix-persona-1m/cohorts/cohort-b9851ff4d44d/persona_wiki-4497927d262d.yaml,1.0,zojirushi_sm_sz,象印 SM-SZ,229.0,4,insulation,5,55-64,Indifferent,Oceania,Upper-middle,Man,Mid-life,null,Self-employed,"I want a bottle that keeps drinks at temperature all day, is light enough to carry on runs, and cleans easily without lingering tastes — the Zojirushi's top-tier insulation and non-stick interior deliver exactly that. Price is secondary to reliability for something I'll use every single day."
survey_water-bottle-choice__E94MtAF,persona/datasets/matraix-persona-1m/cohorts/cohort-b9851ff4d44d/persona_synthetic-762b647cda3c.yaml,1.0,beijixiong_316,杯具熊 316 保温杯,129.0,4,price,4,55-64,Cost-sensitive,East Asia,Lower-middle,Woman,Empty nester,<$25k,Unemployed,"Мне нужна бутылка на каждый день, которая держит тепло — я пью чай, а не холодную воду, так что неинсулированный Nalgene сразу мимо. Beijixiong за ¥129 даёт 316-сталь, тройную термоизоляцию и нормальный объём 600 мл — по деньгам это лучшее, что тут есть, и я не переплачиваю за бренд или вирусную славу Stanley. Дешёвый Fuguang за ¥39.9 тоже вариант, но там только базовая изоляция, а мне надо надёжно."
survey_water-bottle-choice__EBhrxJ4,persona/datasets/matraix-persona-1m/cohorts/cohort-b9851ff4d44d/persona_synthetic-935f7301974a.yaml,1.0,beijixiong_316,杯具熊 316 保温杯,129.0,4,price,4,65-74,Cost-sensitive,East Asia,Middle,Woman,Retirement,$50k-100k,Retired,我买东西只看实在不实在，129块能拿到316/316L内胆加三重保温，这个价钱在同类里最划算。500ml那种太小，一天要接好几趟水；Stanley和Zojirushi贵出来的钱买的是牌子和样子，我不吃这套。
survey_water-bottle-choice__EHqs39n,persona/datasets/matraix-persona-1m/cohorts/cohort-b9851ff4d44d/persona_wiki-d4ff45e57cfa.yaml,1.0,beijixiong_316,杯具熊 316 保温杯,129.0,5,insulation,4,45-54,Value-driven,MENA,Upper-middle,Man,Mid-life,null,Full-time,"It gives me the 316/316L liner and proper vacuum insulation I actually care about for daily hot and cold drinks, at a price that still reads as sensible rather than indulgent. The 600 ml size sits in the sweet spot between the cramped 480–500 ml options and the bulky Stanley tumbler I would never carry around town."
survey_water-bottle-choice__EML6wSW,persona/datasets/matraix-persona-1m/cohorts/cohort-b9851ff4d44d/persona_synthetic-6f16a5017f13.yaml,1.0,beijixiong_316,杯具熊 316 保温杯,129.0,4,price,4,18-24,Cost-sensitive,South Asia,Middle,Woman,Early career,$50k-100k,Part-time,"I want insulation for daily use but I'm cost-sensitive and skeptical of paying for viral hype or premium branding. The Beijixiong at ¥129 gives me 316/316L stainless steel, triple heat blocking, and a slightly bigger 600 ml capacity — the best real value in the middle tier. The Stanley is overpriced lifestyle marketing and the Nalgene isn't insulated, so neither fits how I'd actually use a bottle."
survey_water-bottle-choice__EN8Ms6U,persona/datasets/matraix-persona-1m/cohorts/cohort-b9851ff4d44d/persona_synthetic-ff3f848bf75f.yaml,1.0,beijixiong_316,杯具熊 316 保温杯,129.0,4,price,4,18-24,Cost-sensitive,Sub-Saharan Africa,Low income,Man,Student,$25k-50k,Full-time,I want an insulated bottle for daily use and the Beijixiong 316 gives me the best balance of price and quality. At ¥129 it is affordable for my budget while still offering a proper 316/316L stainless steel liner and strong vacuum insulation. The 600 ml capacity is enough for a full day of drinking without being bulky.
survey_water-bottle-choice__ERwufnk,persona/datasets/matraix-persona-1m/cohorts/cohort-b9851ff4d44d/persona_synthetic-80e54f21b502.yaml,1.0,beijixiong_316,杯具熊 316 保温杯,129.0,4,insulation,4,18-24,Value-driven,Sub-Saharan Africa,Upper-middle,Woman,Student,$200k+,Homemaker,"I want a genuinely insulated bottle for daily use, and the Beijixiong 316 gives me a 316/316L stainless inner liner and triple heat blocking at ¥129 — well below the Zojirushi and Mijia while still being a real upgrade over the ¥39.9 basic bottle. The 600 ml capacity is the right size for me, and 316 steel is easier for me to trust than a plastic bottle like the Nalgene. I do not need the viral Stanley or the premium Japanese price when this covers my actual needs."
survey_water-bottle-choice__EUTrkPh,persona/datasets/matraix-persona-1m/cohorts/cohort-b9851ff4d44d/persona_synthetic-b27deea6dbcd.yaml,1.0,beijixiong_316,杯具熊 316 保温杯,129.0,5,insulation,4,45-54,Cost-sensitive,Southeast Asia,Low income,Woman,Mid-life,$25k-50k,Gig / freelance,"I need a bottle that actually keeps my water hot through long, cold mornings and this one does it without asking me to pay Zojirushi money. The 316/316L liner and tail-less vacuum at ¥129 is the sweet spot for someone watching every yuan. The 500–600 ml size fits my bag and my hand, and I trust a national brand more than a viral tumbler."
survey_water-bottle-choice__EZ9oFjt,persona/datasets/matraix-persona-1m/cohorts/cohort-b9851ff4d44d/persona_synthetic-592fb1af265f.yaml,1.0,beijixiong_316,杯具熊 316 保温杯,129.0,4,price,4,25-34,Cost-sensitive,East Asia,Lower-middle,Man,Early career,$50k-100k,Unemployed,我独居、租屋、目前没有工作，对花费很敏感，所以三百多元的Stanley和两百多元的象印都不在考虑范围。北極熊316保温瓶在百元价位给出316/316L内胆、无尾真空和三重隔热，容量600毫升比39.9元那款更实用，密封和保温都够我日常通勤使用。相较之下Nalgene不保温，而Mijia多出的五十元只换来可拆盖和简约外观，对我不算必要。
survey_water-bottle-choice__EbebZmY,persona/datasets/matraix-persona-1m/cohorts/cohort-b9851ff4d44d/persona_wiki-0ceac93f7d5c.yaml,1.0,beijixiong_316,杯具熊 316 保温杯,129.0,4,price,4,55-64,Indifferent,South Asia,High income,Man,Mid-life,null,Self-employed,ဈေးနှုန်းနှင့် အရည်အသွေး အချိုးအစားအကောင်းဆုံးဖြစ်သည်။ 316/316L အတွင်းနှင့် အပူထိန်းနိုင်စွမ်းကောင်းမွန်ခြင်းက နေ့စဉ်အသုံးပြုရန် လုံလောက်သည်။ 600 ml ပမာဏသည် ကျွန်ုပ်အတွက် သင့်လျော်ပြီး ¥129 သည် တန်ဖိုးရှိသည်။
survey_water-bottle-choice__EdXCRn8,persona/datasets/matraix-persona-1m/cohorts/cohort-b9851ff4d44d/persona_synthetic-8c2f6b9a705b.yaml,1.0,fuguang_316,富光 316 保温杯,39.9,5,price,4,85+,Cost-sensitive,South Asia,Lower-middle,Woman,Retirement,<$25k,Retired,"मैं सेवानिवृत्त हूँ और पेंशन पर गुज़ारा करती हूँ, इसलिए ¥39.9 की कीमत मेरे लिए सबसे व्यावहारिक है। 500 ml रोज़ के इस्तेमाल के लिए काफ़ी है और 316 स्टील का बेसिक इंसुलेशन तथा भरोसेमंद सील मेरी ज़रूरत पूरी कर देती है। महँगे ब्रांड पर पैसा लगाना मेरे बजट में नहीं बैठता।"
survey_water-bottle-choice__EfqgL5H,persona/datasets/matraix-persona-1m/cohorts/cohort-b9851ff4d44d/persona_synthetic-72324964e060.yaml,1.0,beijixiong_316,杯具熊 316 保温杯,129.0,4,insulation,4,55-64,Indifferent,South Asia,Middle,Man,Empty nester,<$25k,Self-employed,我每天都要用，保温性能和耐用性是第一位，316/316L内胆加无尾真空在这个价位最划算。129元虽然不算便宜，但比小米和象印便宜不少，质量又明显强过39.9元的基础款，符合我既要稳妥又不想多花钱的习惯。
survey_water-bottle-choice__EuMU9kg,persona/datasets/matraix-persona-1m/cohorts/cohort-b9851ff4d44d/persona_synthetic-6488d2f59c67.yaml,1.0,beijixiong_316,杯具熊 316 保温杯,129.0,4,insulation,4,45-54,Indifferent,East Asia,Upper-middle,Woman,Mid-life,$25k-50k,Unemployed,我需要一个保温的日常水壶，316/316L内胆加上无尾真空在¥129这个价位基本没得挑，比Mijia便宜50块、比Zojirushi便宜100块。Stanley那个1180ml太大太重，Nalgene又不保温，Fuguang虽然便宜但600ml的316更划算。
survey_water-bottle-choice__F3Sa9E3,persona/datasets/matraix-persona-1m/cohorts/cohort-b9851ff4d44d/persona_synthetic-9aa3a7871876.yaml,1.0,beijixiong_316,杯具熊 316 保温杯,129.0,4,price,4,18-24,Value-driven,Sub-Saharan Africa,Low income,Man,Student,$100k-200k,Student,"I want insulated steel so my water stays cold through long days, and the 316 liner plus triple heat blocking at ¥129 hits the sweet spot. The budget option feels too basic and the premium ones are overpriced for what I need."
survey_water-bottle-choice__F9D3TQ2,persona/datasets/matraix-persona-1m/cohorts/cohort-b9851ff4d44d/persona_wiki-6735f8269c2d.yaml,1.0,beijixiong_316,杯具熊 316 保温杯,129.0,4,insulation,4,45-54,Value-driven,East Asia,Middle,Man,Mid-life,null,Self-employed,"I want a genuinely insulated bottle for daily commuting and desk use, and the Beijixiong hits the sweet spot: 316/316L stainless liner, triple heat blocking, and a no-leak vacuum build at ¥129. I'm skeptical of paying ¥229+ for a Zojirushi when the spec gap is marginal, and the Stanley's 1180 ml is too bulky for carrying around a dense city. The Nalgene isn't insulated, which rules it out for hot tea or cold water across a long day."
survey_water-bottle-choice__FEocbok,persona/datasets/matraix-persona-1m/cohorts/cohort-b9851ff4d44d/persona_wiki-9a8f4b776401.yaml,1.0,zojirushi_sm_sz,象印 SM-SZ,229.0,4,insulation,4,75-84,Indifferent,Latin America,High income,Man,Retirement,$200k+,Retired,"I have spent decades relying on gear that performs exactly as specified, and the Zojirushi's top-tier insulation and easy-clean non-stick interior fit that standard. The 480 ml size is right for daily use, and at ¥229 the premium is justified by build quality and longevity. I would rather buy one excellent bottle than replace a cheap one twice a year."
survey_water-bottle-choice__FKQw6s4,persona/datasets/matraix-persona-1m/cohorts/cohort-b9851ff4d44d/persona_synthetic-7fd1b5e33403.yaml,1.0,beijixiong_316,杯具熊 316 保温杯,129.0,4,price,3,65-74,Cost-sensitive,South Asia,Lower-middle,Woman,Empty nester,<$25k,Retired,"I want a proper insulated bottle for daily use, and 316/316L steel with triple heat blocking at ¥129 is the best value on this shelf. The budget Fuguang is tempting but too small and basic, and the Zojirushi and Stanley prices feel like paying for the name more than the bottle."
survey_water-bottle-choice__FNctiH3,persona/datasets/matraix-persona-1m/cohorts/cohort-b9851ff4d44d/persona_synthetic-a21cc5cb785f.yaml,1.0,beijixiong_316,杯具熊 316 保温杯,129.0,4,insulation,4,18-24,Cost-sensitive,South Asia,Low income,Woman,Early career,$25k-50k,Gig / freelance,"मैं रोज़ पानी ढोती हूँ और ठंडा-गरम तापमान बना रहे यह ज़रूरी है, इसलिए इंसुलेशन वाली बोतल चाहिए। 316/316L स्टील, अच्छी सील और ¥129 की कीमत मेरे बजट में सबसे समझदारी भरा सौदा लगता है — फुगुआंग थोड़ी सस्ती है पर क्षमता कम और ब्रांड भरोसा कमज़ोर लगता है, जबकि ज़ोजिरुशी और स्टैनली मेरी जेब से बाहर हैं।"
survey_water-bottle-choice__FPtCJLb,persona/datasets/matraix-persona-1m/cohorts/cohort-b9851ff4d44d/persona_synthetic-639cc319ef1c.yaml,1.0,beijixiong_316,杯具熊 316 保温杯,129.0,4,insulation,4,25-34,Cost-sensitive,East Asia,Low income,Woman,Mid-life,<$25k,Unemployed,"I need a bottle that actually keeps water hot because I'm boiling water for my kid and myself at home, and the ¥100 tier is the most I can justify on my budget. The Beijixiong gives me 316/316L steel and triple heat blocking at ¥129, which beats paying ¥179 or ¥229 for what is essentially the same insulation job. The budget Fuguang is tempting at ¥39.9 but I'd rather spend once on the better liner than replace a cheap bottle in a year."
survey_water-bottle-choice__FQQ92zU,persona/datasets/matraix-persona-1m/cohorts/cohort-b9851ff4d44d/persona_synthetic-13566a18878b.yaml,1.0,fuguang_316,富光 316 保温杯,39.9,5,price,4,65-74,Cost-sensitive,South Asia,Middle,Man,Retirement,<$25k,Retired,"I'm retired on a fixed income and money's tight, so ¥39.9 for a 500ml insulated 316 steel bottle with a reliable seal is exactly what I need. It's basic, but it does the one job I care about — keeping my tea warm — without paying for a brand name or gimmicks."
survey_water-bottle-choice__FRoa3nC,persona/datasets/matraix-persona-1m/cohorts/cohort-b9851ff4d44d/persona_synthetic-ef61f4be9151.yaml,1.0,beijixiong_316,杯具熊 316 保温杯,129.0,5,price,4,25-34,Cost-sensitive,Southeast Asia,Lower-middle,Woman,Mid-life,$50k-100k,Full-time,"The Beijixiong hits the sweet spot for me: 316/316L stainless with triple heat blocking and a tail-less vacuum at ¥129, which is a fraction of the Zojirushi and Stanley prices. I want reliable insulation for daily tea and cold drinks without paying for a viral brand or a plastic non-insulated bottle. The 600 ml capacity is right for my commute and shift work."
survey_water-bottle-choice__FSX4Bn5,persona/datasets/matraix-persona-1m/cohorts/cohort-b9851ff4d44d/persona_synthetic-df708d505ae5.yaml,1.0,fuguang_316,富光 316 保温杯,39.9,5,price,5,18-24,Premium-seeking,South Asia,Upper-middle,Woman,Student,$100k-200k,Gig / freelance,"Quiero algo económico y confiable para el uso diario, y esta botella de acero inoxidable 316 a ¥39.9 cumple con lo básico: buen sellado y aislamiento. No necesito gran capacidad ni marca premium, así que gastar más sería innecesario para mí."
survey_water-bottle-choice__FTEhEpE,persona/datasets/matraix-persona-1m/cohorts/cohort-b9851ff4d44d/persona_synthetic-6026448f16cf.yaml,1.0,fuguang_316,富光 316 保温杯,39.9,5,price,4,35-44,Cost-sensitive,South Asia,Lower-middle,Woman,Early career,<$25k,Self-employed,"I need a cheap, reliable insulated bottle for daily use and my budget is tight, so the ¥39.9 Fuguang fits best. 316 stainless steel with basic vacuum insulation and a good seal covers everything I actually need, and the low price means no financial strain."
survey_water-bottle-choice__FVb2Up9,persona/datasets/matraix-persona-1m/cohorts/cohort-b9851ff4d44d/persona_synthetic-07ea9efa1893.yaml,1.0,fuguang_316,富光 316 保温杯,39.9,5,price,4,18-24,Cost-sensitive,Sub-Saharan Africa,Lower-middle,Woman,Early career,<$25k,Student,"Kwa matumizi ya kila siku na bajeti ndogo, chupa hii ya ¥39.9 inatosha kabisa — 316 stainless steel, insulation ya msingi, na muhuri wa kuaminika. Sihitaji kubeba maji kwa muda mrefu sana, kwa hivyo uwezo wa 500 ml unanifaa, na bei rahisi inaniruhusu kununua bila wasiwasi wa kifedha."
survey_water-bottle-choice__FdgtRGz,persona/datasets/matraix-persona-1m/cohorts/cohort-b9851ff4d44d/persona_synthetic-55ca512fad04.yaml,1.0,fuguang_316,富光 316 保温杯,39.9,5,price,5,45-54,Value-driven,South Asia,Lower-middle,Man,Mid-life,<$25k,Self-employed,"I have a mortgage, two kids in the house, and a tight budget, so I cannot justify paying three to eight times more for a bottle that does the same basic job. The Fuguang gives me 316 stainless steel, real vacuum insulation, and a seal I can trust for ¥39.9 — that is the only price on this shelf that fits my wallet without resentment. I would rather buy two of these than one fancy tumbler."
survey_water-bottle-choice__FehX9tg,persona/datasets/matraix-persona-1m/cohorts/cohort-b9851ff4d44d/persona_wiki-b706d63b4e4c.yaml,1.0,zojirushi_sm_sz,象印 SM-SZ,229.0,4,insulation,4,85+,Indifferent,North America,Middle,Man,Mid-life,null,Self-employed,"I am a homebody who works remotely and keeps a rigid daily routine, so a single bottle that insulates perfectly and is easy to clean matters more than capacity or trendiness. The Zojirushi's top-tier insulation and non-stick interior suit my preference for reliability, order, and quality over quantity, and its modest 480 ml size is right for indoor daily use. I distrust viral lifestyle products and unnecessary change, so I would rather pay once for a trusted Japanese brand than chase a Stanley tumbler."
survey_water-bottle-choice__FffiGyN,persona/datasets/matraix-persona-1m/cohorts/cohort-b9851ff4d44d/persona_synthetic-74905d842733.yaml,1.0,beijixiong_316,杯具熊 316 保温杯,129.0,4,insulation,4,18-24,Value-driven,South Asia,Low income,Man,Early career,$25k-50k,Self-employed,"I want proper vacuum insulation for daily use, and this is the best-specified bottle at a price I can actually justify on a tight budget. The 316/316L liner and triple heat blocking at ¥129 beat paying ¥179 or ¥229 for marginal gains."
survey_water-bottle-choice__FmAuCHz,persona/datasets/matraix-persona-1m/cohorts/cohort-b9851ff4d44d/persona_wiki-7a942a929c58.yaml,1.0,beijixiong_316,杯具熊 316 保温杯,129.0,5,insulation,5,85+,Value-driven,North America,Middle,Woman,Mid-life,null,Self-employed,"At 85 I want a bottle I can trust to keep tea hot through a long morning of volunteering, and the Beijixiong's 316/316L liner and triple heat blocking give me the best insulation without the premium markup. The 600 ml size suits a full afternoon out, and ¥129 is a sensible price for something I'll use every single day. I'd rather spend once on solid quality than replace a cheap bottle every year."
survey_water-bottle-choice__FmYnZu4,persona/datasets/matraix-persona-1m/cohorts/cohort-b9851ff4d44d/persona_synthetic-ecfa9decd86a.yaml,1.0,beijixiong_316,杯具熊 316 保温杯,129.0,4,insulation,4,75-84,Value-driven,Sub-Saharan Africa,Low income,Woman,Retirement,<$25k,Retired,"I want an insulated bottle that keeps tea hot through the day, and this one has a 316 liner and triple heat blocking at a price I can actually pay. The 600 ml size is plenty for me, and it is far cheaper than the Mijia or Zojirushi for what looks like the same job."
survey_water-bottle-choice__FnBGnpv,persona/datasets/matraix-persona-1m/cohorts/cohort-b9851ff4d44d/persona_synthetic-31f6e7cdb23a.yaml,1.0,fuguang_316,富光 316 保温杯,39.9,5,price,5,45-54,Cost-sensitive,East Asia,Low income,Woman,Retirement,$25k-50k,Retired,"I'm on a fixed retirement income, so the ¥39.9 Fuguang 316 hits my sweet spot — 316 stainless steel with basic vacuum insulation and a reliable seal is exactly what I need for daily use. I don't care about viral brands or big tumblers; cheap, durable, and insulated is enough for me."
survey_water-bottle-choice__Fo4AMtR,persona/datasets/matraix-persona-1m/cohorts/cohort-b9851ff4d44d/persona_synthetic-9645b1f9d58c.yaml,1.0,beijixiong_316,杯具熊 316 保温杯,129.0,4,insulation,4,65-74,Value-driven,MENA,Middle,Woman,Retirement,$25k-50k,Retired,"Я ищу надёжную ежедневную бутылку с хорошей термоизоляцией, и эта модель даёт нержавеющую сталь 316/316L и тройную блокировку тепла по разумной цене. Она дешевле брендовых вариантов Mijia и Zojirushi, но по характеристикам явно лучше базовой Fuguang. Пластиковый Nalgene без изоляции и огромный Stanley мне не подходят."
survey_water-bottle-choice__FtNivzA,persona/datasets/matraix-persona-1m/cohorts/cohort-b9851ff4d44d/persona_synthetic-fc2708498b87.yaml,1.0,beijixiong_316,杯具熊 316 保温杯,129.0,4,insulation,4,65-74,Indifferent,Latin America,Upper-middle,Woman,Empty nester,<$25k,Unemployed,"Quiero algo que mantenga el agua caliente o fría durante todo el día, y la Beijixiong ofrece acero inoxidable 316/316L con triple aislamiento a un precio muy razonable de ¥129. La Stanley es demasiado grande y llamativa para mi uso diario, y las botellas de plástico como la Nalgene no aíslan. Prefiero pagar un poco más que la Fuguang básica para obtener mejor calidad sin llegar al precio premium de la Zojirushi."
survey_water-bottle-choice__FvPUakJ,persona/datasets/matraix-persona-1m/cohorts/cohort-b9851ff4d44d/persona_synthetic-ad6173539114.yaml,1.0,fuguang_316,富光 316 保温杯,39.9,4,price,4,65-74,Cost-sensitive,South Asia,Middle,Woman,Retirement,<$25k,Full-time,"আমি বাজেট-সচেতন এবং ঋণ এড়িয়ে চলি, তাই ৩৯.৯ ইউয়ানের ফুগুয়াং ৩১৬ বোতলটাই আমার জন্য যথেষ্ট। ভ্যাকুয়াম ইনসুলেশন আর নির্ভরযোগ্য সিল থাকায় দৈনন্দিন ব্যবহারে এটাই সবচেয়ে বাস্তবসম্মত পছন্দ। দামি ব্র্যান্ড বা বড় ক্যাপাসিটির প্রয়োজন আমার নেই।"
survey_water-bottle-choice__FvTtxUh,persona/datasets/matraix-persona-1m/cohorts/cohort-b9851ff4d44d/persona_synthetic-a9769f8706d3.yaml,1.0,fuguang_316,富光 316 保温杯,39.9,4,price,4,35-44,Cost-sensitive,Sub-Saharan Africa,Low income,Woman,Parent of young kids,<$25k,Unemployed,"Kwa bei ya ¥39.9, hii ni chaguo la kiuchumi linalolingana na bajeti yangu ndogo ya kaya. Chupa hii ina insulation ya msingi na muhuri wa kuaminika, jambo ambalo ni muhimu kwangu kwa matumizi ya kila siku. Kwa kuwa mimi ni mzazi mwenye mapato ya chini na ninahitaji kudhibiti gharama, siwezi kumudu kulipa zaidi ya ¥100 kwa chupa moja."
survey_water-bottle-choice__G3fgyyD,persona/datasets/matraix-persona-1m/cohorts/cohort-b9851ff4d44d/persona_synthetic-9a777bec1e56.yaml,1.0,beijixiong_316,杯具熊 316 保温杯,129.0,4,price,4,45-54,Cost-sensitive,South Asia,Lower-middle,Woman,Career change,<$25k,Full-time,"আমি প্রতিদিন অফিসে চা-কফি নিয়ে যাই, তাই ভালো ইনসুলেশন আর সহজে পরিষ্কার করা যায় — এই দুটোই আমার কাছে সবচেয়ে জরুরি। বেইজিক্সিওং-এর ৩১৬/৩১৬এল ইনারের দাম ¥১২৯, যা মিজিয়া বা জোজিরুশির তুলনায় অনেক কম, অথচ ইনসুলেশন আর ক্যাপাসিটি (৬০০ মিলি) আমার দৈনিক চাহিদার জন্য যথেষ্ট। স্ট্যানলি খুব ভারী আর দামি, আর নালজিন ইনসুলেটেড নয় — তাই বাজেট আর ব্যবহারযোগ্যতার ভারসাম্যে এটাই আমার পছন্দ।"
survey_water-bottle-choice__GAZjLP3,persona/datasets/matraix-persona-1m/cohorts/cohort-b9851ff4d44d/persona_wiki-62e2014ebb39.yaml,1.0,beijixiong_316,杯具熊 316 保温杯,129.0,5,insulation,4,85+,Value-driven,North America,High income,Man,Retirement,$200k+,Retired,"At my age I want a bottle that keeps drinks hot through a long morning and this one delivers 316/316L insulation at a sensible price. The 600 ml size suits a day at home and in the truck, and the triple heat blocking gives me confidence in the build. It is the best combination of quality and value on this shelf."
survey_water-bottle-choice__GDQoY7c,persona/datasets/matraix-persona-1m/cohorts/cohort-b9851ff4d44d/persona_synthetic-da98f2982273.yaml,1.0,beijixiong_316,杯具熊 316 保温杯,129.0,4,insulation,4,18-24,Indifferent,East Asia,Lower-middle,Man,Student,<$25k,Student,316/316L liner and triple heat blocking at ¥129 is the best insulation-per-yuan on this shelf. The budget Fuguang is tempting but I'd rather pay a bit more for a better vacuum build I won't replace in a year.
survey_water-bottle-choice__GGhVR4y,persona/datasets/matraix-persona-1m/cohorts/cohort-b9851ff4d44d/persona_synthetic-60b77108695f.yaml,1.0,fuguang_316,富光 316 保温杯,39.9,5,price,4,75-84,Cost-sensitive,Latin America,Lower-middle,Woman,Retirement,$50k-100k,Part-time,"I live on a fixed retirement income and I'm cost-sensitive, so ¥39.9 for a basic insulated 500 ml bottle is exactly what I need. It's a reliable national brand with a good seal, and I don't care about fancy looks or big brand names. Cheap and durable wins for me."
survey_water-bottle-choice__GLnh7n2,persona/datasets/matraix-persona-1m/cohorts/cohort-b9851ff4d44d/persona_synthetic-bea9d514f339.yaml,1.0,beijixiong_316,杯具熊 316 保温杯,129.0,4,insulation,4,35-44,Indifferent,South Asia,Lower-middle,Woman,Mid-life,$25k-50k,Full-time,"I want real vacuum insulation and a 316 stainless liner, and the Beijixiong gives me both at ¥129 without paying for a viral brand name. The 600 ml capacity is enough for a full day of desk and walking commutes, and the tail-less vacuum plus triple heat blocking reads as honest engineering rather than lifestyle marketing. The Fuguang is cheaper but I do not trust a ¥39.9 insulated bottle to hold temperature or seal reliably for years."
survey_water-bottle-choice__GMJaTfB,persona/datasets/matraix-persona-1m/cohorts/cohort-b9851ff4d44d/persona_synthetic-10c121d301cc.yaml,1.0,beijixiong_316,杯具熊 316 保温杯,129.0,4,insulation,4,45-54,Cost-sensitive,Sub-Saharan Africa,Middle,Woman,Parent of young kids,$25k-50k,Full-time,"At ¥129 it sits in the band I'm comfortable with, and 316/316L stainless with triple heat blocking matters most to me since I carry a bottle all day on shift-based hours. The 600 ml size is a practical middle ground — bigger than the 500 ml basics but not the bulky 1.18 L tumbler I'd never carry."
survey_water-bottle-choice__GNAsb6S,persona/datasets/matraix-persona-1m/cohorts/cohort-b9851ff4d44d/persona_synthetic-fa6d5db7932c.yaml,1.0,beijixiong_316,杯具熊 316 保温杯,129.0,4,insulation,4,65-74,Value-driven,South Asia,Middle,Woman,Retirement,$200k+,Full-time,"I want a bottle that actually keeps my tea hot through a long day, and the 316/316L liner with triple heat blocking sounds like the best insulation I can get without overpaying. At ¥129 it sits right in my comfort zone — the Zojirushi is nicer but I can't justify nearly double for a daily bottle, and the cheap ¥39.9 one feels too basic to trust."
survey_water-bottle-choice__GPDeUYH,persona/datasets/matraix-persona-1m/cohorts/cohort-b9851ff4d44d/persona_synthetic-04400f1defec.yaml,1.0,beijixiong_316,杯具熊 316 保温杯,129.0,4,insulation,4,25-34,Value-driven,East Asia,Low income,Woman,Parent of young kids,<$25k,Unemployed,我这个人吧，买东西最看重的就是实用和划算，家里三个孩子开销大，钱得花在刀刃上😅。这个北極熊600毫升的，316不锈钢内胆加三层保温，129块钱在中档里算是顶配了，比我之前看的那些都实在。容量也刚好，上班带一杯够喝一上午，不用老跑茶水间。
survey_water-bottle-choice__GUhfJnk,persona/datasets/matraix-persona-1m/cohorts/cohort-b9851ff4d44d/persona_synthetic-b704cccd5c52.yaml,1.0,fuguang_316,富光 316 保温杯,39.9,5,price,4,55-64,Cost-sensitive,East Asia,Lower-middle,Woman,Empty nester,<$25k,Retired,我这把年纪，钱要省着花，退休了收入少，孩子也大了不在身边。这瓶子不到四十块，316不锈钢、真空保温、密封可靠，日常喝水够用了。贵的那几个功能多，但对我来说不值那个差价。
survey_water-bottle-choice__GV5jM8s,persona/datasets/matraix-persona-1m/cohorts/cohort-b9851ff4d44d/persona_synthetic-ddf2418dda83.yaml,1.0,fuguang_316,富光 316 保温杯,39.9,5,price,4,18-24,Cost-sensitive,South Asia,Low income,Woman,Early career,$25k-50k,Homemaker,"Money is tight and I'm not paying ¥100+ for something I fill from the tap. The Fuguang is cheap, seals reliably, and 316 steel is 316 steel — I don't need a viral tumbler to drink water."
survey_water-bottle-choice__Gb7BoVV,persona/datasets/matraix-persona-1m/cohorts/cohort-b9851ff4d44d/persona_synthetic-2733436518ac.yaml,1.0,beijixiong_316,杯具熊 316 保温杯,129.0,4,insulation,4,55-64,Cost-sensitive,Sub-Saharan Africa,Lower-middle,Man,Career change,$50k-100k,Gig / freelance,"Nahitaji chupa inayodumu siku nzima — bei ya ¥129 ni ya kati, na 316/316L stainless steel yenye vacuum ya kweli inaonyesha ubora wa kudumu. Kwa mtu anayejali gharama kama mimi, hii ndiyo thamani bora kabisa kwenye rafu."
survey_water-bottle-choice__GgxKSNx,persona/datasets/matraix-persona-1m/cohorts/cohort-b9851ff4d44d/persona_synthetic-bb4064ce3306.yaml,1.0,beijixiong_316,杯具熊 316 保温杯,129.0,4,insulation,4,55-64,Cost-sensitive,Southeast Asia,Low income,Man,Retirement,<$25k,Retired,"Meio termo que faz sentido pra mim: 316/316L de verdade, isolamento triplo e 600 ml por ¥129, sem pagar o preço de marca japonesa. Desconfio de barato demais (¥39,9) e o Stanley é caro e grande demais pro dia a dia. O Nalgene nem isola, então não serve."
survey_water-bottle-choice__Gt3fvib,persona/datasets/matraix-persona-1m/cohorts/cohort-b9851ff4d44d/persona_synthetic-7a525a1aec0c.yaml,1.0,beijixiong_316,杯具熊 316 保温杯,129.0,4,insulation,4,25-34,Cost-sensitive,Southeast Asia,Low income,Man,Early career,<$25k,Self-employed,"Necesito algo que mantenga el agua fría o caliente todo el día y el acero 316 con triple bloqueo térmico me da eso sin pagar de más. A ¥129 es el punto justo entre precio y calidad para uso diario, y 600 ml me alcanza para la jornada. Lo barato de ¥39.9 me da desconfianza y los de marca premium o el Stanley se me salen del presupuesto."
survey_water-bottle-choice__H7dhWys,persona/datasets/matraix-persona-1m/cohorts/cohort-b9851ff4d44d/persona_synthetic-f21d77f229bd.yaml,1.0,beijixiong_316,杯具熊 316 保温杯,129.0,4,price,4,45-54,Cost-sensitive,South Asia,Lower-middle,Woman,Parent of young kids,<$25k,Full-time,"मुझे रोज़ पीने के लिए भरोसेमंद, टिकाऊ और गर्म-ठंडा बनाए रखने वाली बोतल चाहिए। बेइजीश्योन्ग 316 में 316/316L इनर लाइनर और तीन-स्तरीय ताप अवरोधन है, जो ज़ोजिरुशी जैसी परफ़ॉर्मेंस देता है पर आधी कीमत पर — मेरे सीमित बजट और उच्च गुणवत्ता की मांग दोनों के लिए सही है।"
survey_water-bottle-choice__HC5RUdm,persona/datasets/matraix-persona-1m/cohorts/cohort-b9851ff4d44d/persona_synthetic-3e5a6e4e5093.yaml,1.0,fuguang_316,富光 316 保温杯,39.9,5,price,4,35-44,Cost-sensitive,Southeast Asia,Low income,Man,Mid-life,<$25k,Homemaker,作为一个需要精打细算的低收入家庭，这款保温瓶价格实惠，基本保温功能可靠，密封性好，完全能满足我的日常饮水需求。我不需要花哨的设计或大容量，实用又便宜才是最适合我的选择。
survey_water-bottle-choice__HCeup8R,persona/datasets/matraix-persona-1m/cohorts/cohort-b9851ff4d44d/persona_wiki-ce41bcb0cd0b.yaml,1.0,zojirushi_sm_sz,象印 SM-SZ,229.0,5,insulation,4,75-84,Value-driven,South Asia,High income,Man,Retirement,$200k+,Retired,"I want a bottle I will carry every day for years, so I value top-tier insulation, light weight, and the easy-to-clean non-stick interior over a lower price. The Zojirushi's Japanese build quality and 480 ml size suit my desk-and-car routine, and at ¥229 the cost is trivial relative to its service life. The Stanley is too bulky and straw-lidded for my taste, while the cheaper bottles compromise on the liner and finish."
survey_water-bottle-choice__HDDjpFj,persona/datasets/matraix-persona-1m/cohorts/cohort-b9851ff4d44d/persona_synthetic-32e98a785eef.yaml,1.0,fuguang_316,富光 316 保温杯,39.9,3,insulation,3,55-64,Cost-sensitive,Southeast Asia,Lower-middle,Woman,Mid-life,$25k-50k,Full-time,"No persona-specific answer was produced, so a neutral answer was used."
survey_water-bottle-choice__HDdxP6E,persona/datasets/matraix-persona-1m/cohorts/cohort-b9851ff4d44d/persona_wiki-6f7e5e53fcaa.yaml,1.0,beijixiong_316,杯具熊 316 保温杯,129.0,5,price,5,25-34,Value-driven,Latin America,Middle,Woman,Early career,,Full-time,"Como praticante de esportes e alguém que carrega garrafa todos os dias, quero isolamento térmico de verdade sem pagar preço de importação premium. O Beijixiong 316 entrega liner 316/316L, vedação confiável e 600 ml por ¥129, o melhor equilíbrio entre durabilidade, capacidade e custo-benefício da prateleira. O Zojirushi seria tentador, mas a diferença de preço não se justifica para o meu uso diário."
survey_water-bottle-choice__HET5F3A,persona/datasets/matraix-persona-1m/cohorts/cohort-b9851ff4d44d/persona_synthetic-6231255ef78f.yaml,1.0,beijixiong_316,杯具熊 316 保温杯,129.0,4,insulation,4,65-74,Value-driven,South Asia,Lower-middle,Woman,Empty nester,<$25k,Retired,"I want insulated steel and I won't pay premium prices for a name, so the middle tier is where I land. The Beijixiong gives me a 316/316L liner, 600 ml and triple heat blocking for ¥129 — the Zojirushi and Stanley cost double just for branding and a straw I don't need. The ¥39.9 one is tempting but too small and too basic for all-day use."
survey_water-bottle-choice__HFcCdTN,persona/datasets/matraix-persona-1m/cohorts/cohort-b9851ff4d44d/persona_synthetic-a335d1fe440e.yaml,1.0,fuguang_316,富光 316 保温杯,39.9,5,price,4,18-24,Cost-sensitive,South Asia,Middle,Woman,Student,<$25k,Student,"As a student from a middle-income household with under $25k annual income and a frugal, cost-sensitive saver mindset, the ¥39.9 price is decisive. It is a 316 stainless steel vacuum-insulated bottle with a reliable seal, so it covers my daily-use needs (temperature retention and no leaks) without paying for brand prestige. I do not need large capacity, eco-marketing, or a viral tumbler, so the budget national brand is the rational pick."
survey_water-bottle-choice__HMeZs7Y,persona/datasets/matraix-persona-1m/cohorts/cohort-b9851ff4d44d/persona_synthetic-2ca7ff6046bc.yaml,1.0,fuguang_316,富光 316 保温杯,39.9,5,price,4,25-34,Cost-sensitive,Latin America,Low income,Man,Mid-life,<$25k,Self-employed,"Money is tight and I'm cost-sensitive, so a ¥39.9 insulated 316 steel bottle from a national brand gets the job done. I don't need looks or big capacity, just something cheap and reliable that seals well."
survey_water-bottle-choice__HVSvkTa,persona/datasets/matraix-persona-1m/cohorts/cohort-b9851ff4d44d/persona_synthetic-60a7e4120282.yaml,1.0,beijixiong_316,杯具熊 316 保温杯,129.0,4,insulation,4,18-24,Cost-sensitive,South Asia,Lower-middle,Woman,Student,<$25k,Student,"It hits the sweet spot for me: 316/316L stainless steel with tail-less vacuum insulation at ¥129, which is only slightly more than the budget Fuguang but a meaningful step up in heat retention and build quality. As a student on a tight income, I want reliable temperature performance without paying the ¥179–229 brand premium, and 600 ml covers a full study day."
survey_water-bottle-choice__Hcru26J,persona/datasets/matraix-persona-1m/cohorts/cohort-b9851ff4d44d/persona_synthetic-14eacaf4e1d8.yaml,1.0,beijixiong_316,杯具熊 316 保温杯,129.0,4,insulation,4,65-74,Value-driven,Sub-Saharan Africa,Middle,Woman,Retirement,<$25k,Retired,"I want insulated steel for hot tea through the day, but I am on a fixed income and will not pay premium prices. The Beijixiong gives me a proper 316/316L liner and triple heat blocking at ¥129, which is the best value on this shelf. The budget Fuguang is tempting but the mid tier is worth the small extra."
survey_water-bottle-choice__HfCdq3A,persona/datasets/matraix-persona-1m/cohorts/cohort-b9851ff4d44d/persona_wiki-4d129a56564f.yaml,1.0,beijixiong_316,杯具熊 316 保温杯,129.0,5,insulation,5,45-54,Value-driven,North America,Upper-middle,Woman,Mid-life,,Full-time,"The Beijixiong 316 hits the sweet spot for me: a 600 ml capacity that actually covers a full workday, a 316/316L stainless liner I trust for daily hot and cold drinks, and triple heat blocking at a price that reflects real engineering rather than marketing. I drink water constantly at my desk and in meetings, so reliable insulation and a leak-proof seal matter more to me than a viral brand name or a huge 1.18 L tumbler I'd rarely finish."
survey_water-bottle-choice__HibvhvR,persona/datasets/matraix-persona-1m/cohorts/cohort-b9851ff4d44d/persona_synthetic-0246ff21ea47.yaml,1.0,beijixiong_316,杯具熊 316 保温杯,129.0,4,insulation,4,45-54,Value-driven,South Asia,Upper-middle,Woman,Parent of young kids,$25k-50k,Homemaker,"I need a bottle that keeps water warm through the day, and 316 stainless steel insulation at ¥129 is the sensible middle of this shelf. The budget Fuguang is tempting but I'd rather pay a little more for the better liner and heat retention, and I can't justify ¥229 or ¥319 for a premium or viral tumbler."
survey_water-bottle-choice__Hj755v3,persona/datasets/matraix-persona-1m/cohorts/cohort-b9851ff4d44d/persona_wiki-6f43d89ddba8.yaml,1.0,beijixiong_316,杯具熊 316 保温杯,129.0,5,insulation,4,55-64,Indifferent,Western Europe,Upper-middle,Man,Mid-life,$100k-200k,Self-employed,"I want a properly insulated bottle for daily use, and the Beijixiong 316 offers the best combination of a 316/316L liner, triple heat blocking and a durable tail-less vacuum at a very reasonable ¥129. The 600 ml capacity suits a full working day without being bulky, and the price is modest enough that I do not need to justify it as a lifestyle purchase. The Stanley is oversized for my needs, the Nalgene is uninsulated, and the Zojirushi premium does not buy me anything I actually require."
survey_water-bottle-choice__HjKtnYE,persona/datasets/matraix-persona-1m/cohorts/cohort-b9851ff4d44d/persona_synthetic-6121771cac49.yaml,1.0,fuguang_316,富光 316 保温杯,39.9,5,price,4,18-24,Cost-sensitive,Sub-Saharan Africa,Low income,Woman,Student,<$25k,Unemployed,"Je suis fauchée et je vis au jour le jour, donc ¥39.9 c'est ce que je peux vraiment sortir sans stresser. Il est isolé, 500 ml ça me suffit pour la journée, et la marque nationale cheap me rassure plus que les trucs à ¥300 qui sont juste du buzz. Bref, il fait le job sans me ruiner."
survey_water-bottle-choice__HkyrC2F,persona/datasets/matraix-persona-1m/cohorts/cohort-b9851ff4d44d/persona_synthetic-ab5ed0c0c9dd.yaml,1.0,beijixiong_316,杯具熊 316 保温杯,129.0,4,price,4,35-44,Cost-sensitive,East Asia,Low income,Man,Mid-life,<$25k,Part-time,我预算有限，但每天都要用，所以不想买最便宜的那种，怕保温差、漏水。北極熊这款在百元档里给了316/316L内胆和三重隔热，容量600ml也够我一天喝，比美家便宜五十块，性价比最实在。
survey_water-bottle-choice__HncPisB,persona/datasets/matraix-persona-1m/cohorts/cohort-b9851ff4d44d/persona_synthetic-e7df070f47ea.yaml,1.0,beijixiong_316,杯具熊 316 保温杯,129.0,4,price,4,35-44,Cost-sensitive,East Asia,Low income,Woman,Early career,<$25k,Homemaker,我平时在家和上班两头跑，保温杯得靠谱又不能太贵。北極熊这个600ml、316/316L内胆加三重锁温，¥129的价位我觉得最划算，容量也够我一天喝。名牌像象印和Stanley是好，但价格翻倍，我这人花钱偏保守，还是选中间档。
survey_water-bottle-choice__HohbL3N,persona/datasets/matraix-persona-1m/cohorts/cohort-b9851ff4d44d/persona_synthetic-e386116d05cc.yaml,1.0,beijixiong_316,杯具熊 316 保温杯,129.0,4,insulation,4,55-64,Cost-sensitive,Sub-Saharan Africa,Low income,Woman,Retirement,$100k-200k,Retired,"Je veux une bouteille isotherme pour le thé toute la journée, et le modèle 316/316L à ¥129 offre la meilleure isolation pour un prix encore raisonnable. Le Fuguang est moins cher mais je préfère payer un peu plus pour une qualité d'isolation supérieure, sans aller jusqu'au prix du Zojirushi."
survey_water-bottle-choice__HsUSqFe,persona/datasets/matraix-persona-1m/cohorts/cohort-b9851ff4d44d/persona_synthetic-c2e42e643607.yaml,1.0,beijixiong_316,杯具熊 316 保温杯,129.0,4,price,3,25-34,Cost-sensitive,Sub-Saharan Africa,Low income,Woman,Early career,<$25k,Gig / freelance,"Money is tight right now, so I need the best value I can actually afford, and the Beijixiong at ¥129 gives me a proper 316/316L stainless liner with triple heat blocking for way less than the Zojirushi or Mijia. I drink tea all day long and need it to stay hot, so real insulation matters more to me than a viral name or a straw lid. The 600 ml size also fits my bag better than the giant Stanley."
survey_water-bottle-choice__HupGJHS,persona/datasets/matraix-persona-1m/cohorts/cohort-b9851ff4d44d/persona_synthetic-bd7012991b65.yaml,1.0,beijixiong_316,杯具熊 316 保温杯,129.0,4,price,4,75-84,Cost-sensitive,East Asia,Low income,Woman,Retirement,<$25k,Retired,我要买来每天用，保温最重要，价钿也要实惠。这只北極熊316内胆加三层隔热，一百廿九块，比小米和象印便宜，比四十块的基础款靠得住，最合算。
survey_water-bottle-choice__HxUHyHg,persona/datasets/matraix-persona-1m/cohorts/cohort-b9851ff4d44d/persona_wiki-2ec06bf78e8a.yaml,1.0,beijixiong_316,杯具熊 316 保温杯,129.0,4,insulation,4,55-64,Premium-seeking,Eastern Europe,Upper-middle,Man,Mid-life,null,Full-time,"I want reliable vacuum insulation and a durable 316 stainless liner for daily commuting and office use, and the Beijixiong delivers the best combination of those at a sensible price. The ¥129 mid-tier price is a reasonable premium over the budget option for clearly better materials and construction, while the larger premium and viral bottles add capacity or branding I don't need."
survey_water-bottle-choice__HzyiTNr,persona/datasets/matraix-persona-1m/cohorts/cohort-b9851ff4d44d/persona_synthetic-50d707c210bb.yaml,1.0,beijixiong_316,杯具熊 316 保温杯,129.0,4,insulation,4,18-24,Cost-sensitive,South Asia,Lower-middle,Woman,Student,$25k-50k,Student,"I am cost-sensitive and on a tight student budget, so the ¥39.9 bottle is tempting, but I want proper insulation for daily tea and cold water. The Beijixiong at ¥129 gives me a 316/316L liner, triple heat blocking, and a larger 600 ml capacity for only ¥10 more than the plastic Nalgene — the best value at the mid tier."
survey_water-bottle-choice__J3FJ29G,persona/datasets/matraix-persona-1m/cohorts/cohort-b9851ff4d44d/persona_synthetic-b4d77fc01ed3.yaml,1.0,beijixiong_316,杯具熊 316 保温杯,129.0,4,price,3,35-44,Cost-sensitive,MENA,Lower-middle,Man,Mid-life,<$25k,Part-time,"I want a stainless steel insulated bottle for daily use, and the Beijixiong 316 hits the sweet spot: a 316/316L inner liner with proper vacuum insulation at ¥129. I'm cost-sensitive and skeptical of paying for viral branding, so the mid-tier value pick makes more sense to me than the ¥39.9 basic option or the ¥179-319 name brands."
survey_water-bottle-choice__J5dDoPX,persona/datasets/matraix-persona-1m/cohorts/cohort-b9851ff4d44d/persona_synthetic-886ee0926339.yaml,1.0,beijixiong_316,杯具熊 316 保温杯,129.0,4,insulation,3,35-44,Indifferent,Southeast Asia,Low income,Man,Parent of young kids,<$25k,Full-time,"I need a daily bottle that keeps drinks hot or cold during long on-call shifts, and 316/316L stainless steel with triple heat blocking is the strongest insulation I can get without overspending. At ¥129 it sits comfortably between the cheap basic bottle and the overpriced brand-name options, so it gives me the most reliable value for a household on a tight budget."
survey_water-bottle-choice__J8FYQzD,persona/datasets/matraix-persona-1m/cohorts/cohort-b9851ff4d44d/persona_wiki-5335b0df1742.yaml,1.0,zojirushi_sm_sz,象印 SM-SZ,229.0,4,insulation,4,75-84,Premium-seeking,MENA,High income,Man,Mid-life,Unknown,Self-employed,"I have carried bottles through decades of travel and hard use, and I pay for proven engineering rather than viral fashion. The Zojirushi's top-tier insulation, ultra-light body, and easy-clean non-stick interior suit daily use far better than a bulky tumbler or a non-insulated plastic bottle. Price is secondary to reliability for something I will handle every day."
survey_water-bottle-choice__J8NjwL5,persona/datasets/matraix-persona-1m/cohorts/cohort-b9851ff4d44d/persona_synthetic-09b8c2a12bc7.yaml,1.0,beijixiong_316,杯具熊 316 保温杯,129.0,4,insulation,4,65-74,Indifferent,Sub-Saharan Africa,Middle,Woman,Retirement,<$25k,Part-time,"Quero algo que aguente o dia todo, com bom isolamento e sem gastar muito. O Beijixiong 316 oferece aço 316/316L e isolamento triplo por ¥129 — melhor equilíbrio entre qualidade e preço. O Stanley é grande demais e pesado, e o Zojirushi, apesar de excelente, custa quase o dobro."
survey_water-bottle-choice__JB5kGsS,persona/datasets/matraix-persona-1m/cohorts/cohort-b9851ff4d44d/persona_wiki-49e29f24adab.yaml,1.0,beijixiong_316,杯具熊 316 保温杯,129.0,4,insulation,4,55-64,Value-driven,East Asia,Lower-middle,Man,Retirement,,Full-time,"보온·보냉 성능과 내구성을 최우선으로 보는데, 316/316L 스테인리스 내부에 진공 단열까지 갖춘 제품이 ¥129라는 합리적 가격에 제공됩니다. 일상용으로 600ml 용량은 적당하고, 브랜드 프리미엄에 웃돈을 지불할 이유가 없다고 판단했습니다."
survey_water-bottle-choice__JC54TAb,persona/datasets/matraix-persona-1m/cohorts/cohort-b9851ff4d44d/persona_synthetic-ab6912b3c9cf.yaml,1.0,beijixiong_316,杯具熊 316 保温杯,129.0,4,insulation,4,35-44,Value-driven,South Asia,Low income,Man,Parent of young kids,<$25k,Self-employed,"Budget is tight with a big household, so ¥129 for 316/316L steel and triple heat blocking is the sweet spot. Insulated is non-negotiable for me — the Nalgene isn't, and the Zojirushi/Stanley prices are just too much for a daily beater. 600 ml is enough for my commute without being a brick."
survey_water-bottle-choice__JGvCPRH,persona/datasets/matraix-persona-1m/cohorts/cohort-b9851ff4d44d/persona_wiki-4f4abbd277c0.yaml,1.0,beijixiong_316,杯具熊 316 保温杯,129.0,5,insulation,5,25-34,Value-driven,Latin America,Middle,Woman,Student,null,Student,"Necesito aislamiento térmico real para mi uso diario, y esta botella ofrece la mejor relación calidad-precio de la estantería: acero inoxidable 316/316L con vacío sin cola a un precio medio de ¥129. La capacidad de 600 ml se ajusta a mis jornadas de estudio y trabajo de campo, y prefiero apoyar una marca nacional fiable antes que pagar el sobreprecio de las opciones de estilo o las premium."
survey_water-bottle-choice__JLeprzh,persona/datasets/matraix-persona-1m/cohorts/cohort-b9851ff4d44d/persona_synthetic-d6f380c9d8e0.yaml,1.0,beijixiong_316,杯具熊 316 保温杯,129.0,5,insulation,4,55-64,Cost-sensitive,East Asia,High income,Woman,Retirement,$25k-50k,Part-time,我要的是保温、耐用又不太贵的日常瓶，316/316L内胆加三重隔热的配置在¥129这个价位最实在。容量600ml也够我一天喝，比花两三百买品牌溢价划算得多。
survey_water-bottle-choice__JMM94UD,persona/datasets/matraix-persona-1m/cohorts/cohort-b9851ff4d44d/persona_wiki-40e8489cb380.yaml,1.0,zojirushi_sm_sz,象印 SM-SZ,229.0,4,insulation,4,75-84,Indifferent,East Asia,High income,Man,Retirement,,Retired,我一生做事都看重可靠与秩序，日常用的东西更要经得起长期考验。Zojirushi 这款保温性能顶级、内胆不粘易清洗、重量轻，480毫升对我一个人日常饮用正合适，符合我一贯“一次买对、用很多年”的作风。价格虽高，但以品质和耐用性衡量是可以接受的。
survey_water-bottle-choice__JMePQQz,persona/datasets/matraix-persona-1m/cohorts/cohort-b9851ff4d44d/persona_synthetic-0db974da0982.yaml,1.0,beijixiong_316,杯具熊 316 保温杯,129.0,4,insulation,4,45-54,Cost-sensitive,East Asia,Lower-middle,Man,Mid-life,<$25k,Full-time,我要的是保温、耐用、价格不虚的日常瓶，600ml 够用又不太重。北極熊这款在百元档给到 316/316L 内胆和无尾真空，比 39.9 的基础款更靠谱，比小米和象印便宜不少。Stanley 太大太贵，Nalgene 不保温直接排除。
survey_water-bottle-choice__JgeKq7z,persona/datasets/matraix-persona-1m/cohorts/cohort-b9851ff4d44d/persona_wiki-59e6e26d41c3.yaml,1.0,beijixiong_316,杯具熊 316 保温杯,129.0,5,price,4,55-64,Value-driven,East Asia,Upper-middle,Man,Mid-life,$100k-200k,Self-employed,中価格帯で最高の価値と評価されており、316/316Lステンレスと真空断熱で保温性も信頼できる。500mlだと物足りず、zojirushiやstanleyは価格が高すぎるため、600mlで¥129というバランスが自分の日常使いに最も合っている。
survey_water-bottle-choice__JhgwJgj,persona/datasets/matraix-persona-1m/cohorts/cohort-b9851ff4d44d/persona_wiki-6d5697d11095.yaml,1.0,fuguang_316,富光 316 保温杯,39.9,3,insulation,3,65-74,Indifferent,Western Europe,High income,Woman,Retirement,null,Retired,"No persona-specific answer was produced, so a neutral answer was used."
survey_water-bottle-choice__JjURrRn,persona/datasets/matraix-persona-1m/cohorts/cohort-b9851ff4d44d/persona_wiki-d34fcab002da.yaml,1.0,zojirushi_sm_sz,象印 SM-SZ,229.0,4,insulation,5,25-34,Premium-seeking,Latin America,High income,Man,Early career,null,Full-time,"I use a bottle every day and train daily, so insulation performance and easy cleaning matter more to me than saving money. The Zojirushi's top-tier vacuum insulation, ultra-light body, and non-stick interior justify the premium for a tool I'll handle dozens of times a day. The Stanley's 1180 ml is too bulky for my bag, and the cheaper 316 options don't match the build quality I want."
survey_water-bottle-choice__Jmige2q,persona/datasets/matraix-persona-1m/cohorts/cohort-b9851ff4d44d/persona_synthetic-ccc2e8720d95.yaml,1.0,fuguang_316,富光 316 保温杯,39.9,5,price,4,45-54,Cost-sensitive,South Asia,Lower-middle,Man,Mid-life,<$25k,Full-time,"Paisa tight hai aur main budget par hoon, toh ¥39.9 wala basic insulated bottle hi sahi hai. 500 ml mere daily use ke liye kaafi hai, seal reliable hai aur sasta hone ke bawajood kaam chal jayega."
survey_water-bottle-choice__JoHUfrs,persona/datasets/matraix-persona-1m/cohorts/cohort-b9851ff4d44d/persona_synthetic-0914d3c753be.yaml,1.0,beijixiong_316,杯具熊 316 保温杯,129.0,4,price,3,45-54,Value-driven,MENA,Low income,Man,Mid-life,<$25k,Self-employed,"I want proper vacuum insulation for daily use, and the Beijixiong gives me 316/316L steel and triple heat blocking at ¥129, which is fair for what it promises. The 600 ml size is practical for a full workday, and it is far cheaper than the Zojirushi or Stanley while still being a real insulated bottle rather than a plastic sports bottle."
survey_water-bottle-choice__JsvetXF,persona/datasets/matraix-persona-1m/cohorts/cohort-b9851ff4d44d/persona_synthetic-103d68e20663.yaml,1.0,beijixiong_316,杯具熊 316 保温杯,129.0,4,insulation,4,75-84,Cost-sensitive,Southeast Asia,Lower-middle,Man,Retirement,<$25k,Retired,"I want a stainless steel insulated bottle that keeps drinks hot, since I brew coffee at home and drive daily. The Beijixiong gives me 316/316L liner and triple heat blocking at ¥129, which is the best value in the mid tier. The budget Fuguang is tempting but I would rather pay a bit more for better insulation and a 600 ml size."
survey_water-bottle-choice__JuGk4UT,persona/datasets/matraix-persona-1m/cohorts/cohort-b9851ff4d44d/persona_synthetic-196fa531ee66.yaml,1.0,beijixiong_316,杯具熊 316 保温杯,129.0,4,insulation,4,25-34,Value-driven,East Asia,Lower-middle,Woman,Career change,$100k-200k,Homemaker,我每天都要用，保温和耐用最重要，但又不想花太多钱。北極熊这款在百元价位给了316/316L内胆和三重隔热，性价比最实在，600ml容量也够我一天喝。斯坦利太贵又太大，拿不动。
survey_water-bottle-choice__K5EX2sK,persona/datasets/matraix-persona-1m/cohorts/cohort-b9851ff4d44d/persona_synthetic-0563ef711e44.yaml,1.0,fuguang_316,富光 316 保温杯,39.9,5,price,4,65-74,Value-driven,East Asia,Lower-middle,Man,Retirement,$25k-50k,Retired,我选它是因为价格便宜、密封可靠、316不锈钢耐用，日常使用足够了。我不追求品牌或外观，便宜好用、能保温就行。
survey_water-bottle-choice__K6zF5vu,persona/datasets/matraix-persona-1m/cohorts/cohort-b9851ff4d44d/persona_synthetic-9adb840995c9.yaml,1.0,beijixiong_316,杯具熊 316 保温杯,129.0,4,insulation,4,35-44,Cost-sensitive,East Asia,Upper-middle,Man,Mid-life,$25k-50k,Full-time,我平时要带水出门一整天，保温性能是硬指标，但预算又不想超过一百五。这只600ml的316/316L内胆加真空保温，在这个价位里配置最扎实，容量也比500ml的基础款更够用。便宜的39.9元款我不太信它的密封和保温，而两百以上的日系和网红款对我来说溢价太多，没必要。
survey_water-bottle-choice__KE4SSwk,persona/datasets/matraix-persona-1m/cohorts/cohort-b9851ff4d44d/persona_synthetic-d24dc9c10822.yaml,1.0,beijixiong_316,杯具熊 316 保温杯,129.0,4,insulation,4,55-64,Value-driven,Sub-Saharan Africa,Low income,Woman,Mid-life,$25k-50k,Full-time,"I want a vacuum-insulated bottle for daily commuting and I am skeptical of paying extra for viral branding or plastic that does not keep drinks hot. The Beijixiong 316 gives me a proper 316/316L stainless liner, triple heat blocking and a reliable seal at a mid-tier price, which is the best value on this shelf for my needs. The 600 ml size suits a full workday without being bulky."
survey_water-bottle-choice__KFnCCcD,persona/datasets/matraix-persona-1m/cohorts/cohort-b9851ff4d44d/persona_synthetic-11936bd2f1fc.yaml,1.0,beijixiong_316,杯具熊 316 保温杯,129.0,5,insulation,4,65-74,Value-driven,South Asia,Upper-middle,Woman,Empty nester,<$25k,Full-time,"मुझे रोज़ पानी गरम-ठंडा दोनों पीना है, तो इंसुलेशन सबसे ज़रूरी है — और 316/316L लाइनर वाली ट्रिपल हीट ब्लॉकिंग इस दाम पर सबसे समझदारी वाली डील लगती है। ज़ोजिरुशी और मिजिया अच्छे हैं पर मेरे बजट के हिसाब से बेईजीश्योंग में उतनी ही क्वालिटी कम पैसे में मिल रही है, और 600 ml रोज़ के लिए ठीक क्षमता है।"
survey_water-bottle-choice__KGSXPNA,persona/datasets/matraix-persona-1m/cohorts/cohort-b9851ff4d44d/persona_synthetic-7ff07a17a5b9.yaml,1.0,fuguang_316,富光 316 保温杯,39.9,5,price,5,35-44,Indifferent,South Asia,Low income,Woman,Mid-life,<$25k,Homemaker,"I am a homemaker on a tight budget with kids to feed, so ¥39.9 for a reliable sealed insulated bottle makes the most sense. I don't need brand names or fancy features — just something cheap, durable, and leak-proof that keeps my water cool through the day."
survey_water-bottle-choice__KGuaSUq,persona/datasets/matraix-persona-1m/cohorts/cohort-b9851ff4d44d/persona_synthetic-22abb1913882.yaml,1.0,beijixiong_316,杯具熊 316 保温杯,129.0,5,price,4,18-24,Value-driven,South Asia,Middle,Man,Student,$25k-50k,Student,"मुझे रोज़ाना इस्तेमाल के लिए ऐसा बोतल चाहिए जो मज़बूत हो, पानी ठंडा/गर्म रखे और कीमत भी जेब पर भारी न पड़े। बीजिक्सियोंग 316 में 316/316L इनर लाइनर और ट्रिपल हीट ब्लॉकिंग मिलती है, जो ज़ोजिरुशी जैसी प्रीमियम बोतलों से आधी कीमत पर लगभग वही भरोसा देती है। फुगुआंग सस्ता है पर बेसिक है, और स्टेनली/मिजिया जैसी बड़ी या महँगी बोतलें मेरी ज़रूरत से ज़्यादा हैं।"
survey_water-bottle-choice__KLKNGH9,persona/datasets/matraix-persona-1m/cohorts/cohort-b9851ff4d44d/persona_synthetic-e560232df941.yaml,1.0,fuguang_316,富光 316 保温杯,39.9,5,price,4,65-74,Value-driven,East Asia,High income,Man,Retirement,<$25k,Part-time,我退休了，平时就是散步、泡茶、开车出门带水，不需要花哨功能。39.9元的国产316不锈钢保温瓶，密封可靠、耐用又便宜，坏了丢了也不心疼，符合我一贯的实用和节俭习惯。
survey_water-bottle-choice__KM8LERH,persona/datasets/matraix-persona-1m/cohorts/cohort-b9851ff4d44d/persona_synthetic-706c4289d6b2.yaml,1.0,beijixiong_316,杯具熊 316 保温杯,129.0,4,insulation,4,65-74,Value-driven,East Asia,Upper-middle,Woman,Empty nester,$200k+,Retired,保温性能がしっかりしていて、316ステンレスという素材の信頼感があり、129元という価格も手頃だからです。派手なデザインより実用性を重視する私には、この中で一番バランスが取れていると感じました。
survey_water-bottle-choice__KNuT7TX,persona/datasets/matraix-persona-1m/cohorts/cohort-b9851ff4d44d/persona_synthetic-24259badee5c.yaml,1.0,fuguang_316,富光 316 保温杯,39.9,5,price,4,35-44,Cost-sensitive,South Asia,Middle,Man,Mid-life,<$25k,Unemployed,"Main kaam sirf paani peena hai, status dikhana nahi. Budget tight hai aur 316 steel ka seal + vacuum insulation is daam pe theek hai, isliye sasta aur durable option hi lunga."
survey_water-bottle-choice__KRHU8oK,persona/datasets/matraix-persona-1m/cohorts/cohort-b9851ff4d44d/persona_synthetic-04192e09af8b.yaml,1.0,beijixiong_316,杯具熊 316 保温杯,129.0,4,insulation,4,65-74,Cost-sensitive,Southeast Asia,Low income,Woman,Empty nester,<$25k,Retired,"At ¥129 it sits in the sweet spot: real 316/316L stainless steel with triple heat blocking and a tail-less vacuum, so it actually keeps my tea hot through a cold morning. I'm on a fixed income and uninsured, so I won't pay ¥229 or ¥319 for a brand name when the mid-tier bottle does the same job, and a plastic Nalgene won't hold heat at all."
survey_water-bottle-choice__KTgneug,persona/datasets/matraix-persona-1m/cohorts/cohort-b9851ff4d44d/persona_synthetic-fb243004651c.yaml,1.0,zojirushi_sm_sz,象印 SM-SZ,229.0,3,insulation,3,35-44,Cost-sensitive,MENA,Low income,Woman,Mid-life,<$25k,Part-time,"I carry a bottle all day for myself and my kid, so insulation and easy cleaning matter most to me. The Zojirushi is the lightest option with top-tier insulation and a non-stick interior that won't hold smells, which is worth the higher price for something I use daily."
survey_water-bottle-choice__KfQx58s,persona/datasets/matraix-persona-1m/cohorts/cohort-b9851ff4d44d/persona_synthetic-c09eae996f41.yaml,1.0,beijixiong_316,杯具熊 316 保温杯,129.0,4,price,4,65-74,Value-driven,Sub-Saharan Africa,Lower-middle,Woman,Retirement,<$25k,Homemaker,"I want real insulation but I am not paying premium prices for a viral name — the Beijixiong gives me 316/316L steel, triple heat blocking and a bigger 600 ml fill for ¥129, which is the sweet spot. The ¥39.9 one is tempting but the capacity and insulation claims are thin, and everything above ¥179 is just paying for brand I do not need."
survey_water-bottle-choice__KgVqiHn,persona/datasets/matraix-persona-1m/cohorts/cohort-b9851ff4d44d/persona_synthetic-591f955fe97a.yaml,1.0,beijixiong_316,杯具熊 316 保温杯,129.0,4,insulation,4,45-54,Cost-sensitive,East Asia,Low income,Woman,Mid-life,<$25k,Self-employed,"Мне нужна надёжная повседневная бутылка с хорошей термоизоляцией, а не пластик без удержания тепла. Beijixiong даёт лучшую изоляцию 316/316L за ¥129 — разумная цена для моей чувствительности к затратам, тогда как Stanley и Zojirushi кажутся переплатой за бренд."
survey_water-bottle-choice__KiKK4pG,persona/datasets/matraix-persona-1m/cohorts/cohort-b9851ff4d44d/persona_wiki-d1e56e2c2576.yaml,1.0,beijixiong_316,杯具熊 316 保温杯,129.0,5,insulation,5,18-24,Value-driven,Western Europe,Middle,Woman,Early career,null,Student,"As someone who trains daily and is outdoors constantly, I need a genuinely insulated bottle that keeps water cold through long sessions, and the Beijixiong delivers 316/316L stainless with triple heat blocking at a price that's easy to justify. The 600 ml size is the sweet spot for a gym-to-trail day, and I'd rather put the money I save toward gear I use more. The Fuguang is too small and basic, while the Stanley is oversized and overpriced for what I need."
survey_water-bottle-choice__KjLhWF5,persona/datasets/matraix-persona-1m/cohorts/cohort-b9851ff4d44d/persona_synthetic-e8ebddc5ac03.yaml,1.0,beijixiong_316,杯具熊 316 保温杯,129.0,4,price,4,18-24,Cost-sensitive,Sub-Saharan Africa,Lower-middle,Woman,Student,$25k-50k,Student,"Bei ya ¥129 inafaa bajeti yangu ya mwanafunzi na inatoa 316/316L stainless steel, ambayo ni bora kuliko chapa za bei rahisi. Uwezo wa 600 ml unatosha kwa matumizi ya siku nzima, na insulation ya joto tatu inanifaa kwa safari za umma. Siamini chapa za kigeni za bei kubwa kwa sababu ya ufuatiliaji mdogo wa usalama."
survey_water-bottle-choice__KkEVic2,persona/datasets/matraix-persona-1m/cohorts/cohort-b9851ff4d44d/persona_synthetic-6a462d3bbcc6.yaml,1.0,fuguang_316,富光 316 保温杯,39.9,5,price,4,45-54,Cost-sensitive,East Asia,Low income,Non-binary,Mid-life,$100k-200k,Homemaker,我手头紧，家里还有两个孙子要养，能省就省。这个保温瓶39块9，316不锈钢内胆，密封可靠，日常喝水够用了。花两百多买个瓶子我觉得不值，便宜耐造才是我的路子。
survey_water-bottle-choice__KmHiMBM,persona/datasets/matraix-persona-1m/cohorts/cohort-b9851ff4d44d/persona_synthetic-0df3ba5ddb15.yaml,1.0,beijixiong_316,杯具熊 316 保温杯,129.0,4,insulation,4,55-64,Value-driven,South Asia,Middle,Woman,Career change,<$25k,Homemaker,"I want proper vacuum insulation and a 316 steel liner without paying premium brand prices. The Beijixiong at ¥129 hits the sweet spot between the cheap basic bottle and the overpriced lifestyle tumblers, and 600 ml is a sensible daily size for me."
survey_water-bottle-choice__KnML5fJ,persona/datasets/matraix-persona-1m/cohorts/cohort-b9851ff4d44d/persona_wiki-489bb5ea3527.yaml,1.0,beijixiong_316,杯具熊 316 保温杯,129.0,5,insulation,4,35-44,Value-driven,Eastern Europe,Middle,Woman,,,Self-employed,"I want proper vacuum insulation for daily commuting and hot tea, but I refuse to pay a premium for viral branding or oversized tumblers. The Beijixiong 316 offers a 316/316L liner and triple heat blocking at ¥129, which is the sweet spot between my quality standards and my practical budget. Its 600 ml capacity is ideal for a workday without being bulky."
survey_water-bottle-choice__KnN273z,persona/datasets/matraix-persona-1m/cohorts/cohort-b9851ff4d44d/persona_wiki-15305b02b8fc.yaml,1.0,beijixiong_316,杯具熊 316 保温杯,129.0,4,price,4,25-34,Value-driven,North America,null,Man,Early career,null,Self-employed,"I want a genuinely insulated bottle for daily use, and 316/316L stainless with triple heat blocking at ¥129 is the best value on this shelf. The 600 ml size is practical for my shift-work days without being bulky, and the ¥100 tier price fits what I'm willing to spend on a bottle I'll use every day."
survey_water-bottle-choice__KoyQdYj,persona/datasets/matraix-persona-1m/cohorts/cohort-b9851ff4d44d/persona_synthetic-63f65f7b83ca.yaml,1.0,fuguang_316,富光 316 保温杯,39.9,5,price,4,45-54,Cost-sensitive,South Asia,Low income,Man,Retirement,<$25k,Full-time,"मैं सख़्त बजट पर हूँ और रोज़ाना पानी ढोने के लिए बस एक भरोसेमंद, टिकाऊ बोतल चाहिए। फ़ुगुआंग 316 में 316 स्टील, ठीक-ठाक वैक्यूम इंसुलेशन और अच्छी सील सिर्फ़ ¥39.9 में मिलती है, जो मेरे लिए सबसे समझदारी भरा सौदा है। महँगे ब्रांड मुझे इस काम के लिए ज़रूरी नहीं लगते।"
survey_water-bottle-choice__KqPh2kJ,persona/datasets/matraix-persona-1m/cohorts/cohort-b9851ff4d44d/persona_synthetic-91f881573ef1.yaml,1.0,fuguang_316,富光 316 保温杯,39.9,5,price,4,75-84,Value-driven,East Asia,High income,Woman,Retirement,<$25k,Retired,我这个人一辈子都是省着过的，保温杯能装热水、盖子不漏、牌子也算正经国货，¥39.9 就够了，没必要为花哨功能多掏几百块。316 不锈钢内胆这个价位很实在，坏了丢了也不心疼，日常用最合适。
survey_water-bottle-choice__Kv3UAZf,persona/datasets/matraix-persona-1m/cohorts/cohort-b9851ff4d44d/persona_synthetic-27323f89f018.yaml,1.0,beijixiong_316,杯具熊 316 保温杯,129.0,4,insulation,4,18-24,Cost-sensitive,South Asia,Lower-middle,Woman,Student,<$25k,Student,"I want insulation for daily use, and the Beijixiong gives me 316/316L steel and triple heat blocking at ¥129, which is the sweet spot for my tight student budget. The ¥39.9 Fuguang is tempting but I trust the mid-tier specs more, and anything above ¥129 is money I'd rather keep for other things."
survey_water-bottle-choice__KwcG7AC,persona/datasets/matraix-persona-1m/cohorts/cohort-b9851ff4d44d/persona_synthetic-23e13247f0e0.yaml,1.0,fuguang_316,富光 316 保温杯,39.9,5,price,4,65-74,Value-driven,East Asia,Low income,Man,Retirement,$25k-50k,Retired,我靠固定退休金过活，钱要省着花，但每天喝热水是刚需，所以保温是底线。这只国产316不锈钢保温瓶才¥39.9，密封可靠、耐用，坏了丢了也不心疼。花两百多买个杯子，我实在下不去手。
survey_water-bottle-choice__KxkrmWT,persona/datasets/matraix-persona-1m/cohorts/cohort-b9851ff4d44d/persona_synthetic-c48109eda7df.yaml,1.0,fuguang_316,富光 316 保温杯,39.9,5,price,4,35-44,Cost-sensitive,South Asia,Upper-middle,Woman,Career change,<$25k,Full-time,"मेरे लिए कीमत सबसे बड़ी बाधा है, और ₹39.9 में 316 स्टील वाली इंसुलेटेड बोतल मिल रही है जो रोज़ाना इस्तेमाल के लिए पर्याप्त है। ब्रांड या दिखावट से ज़्यादा मुझे टिकाऊ और सस्ता चाहिए, इसलिए यही चुनती हूँ।"
survey_water-bottle-choice__L7CjFbF,persona/datasets/matraix-persona-1m/cohorts/cohort-b9851ff4d44d/persona_amazon-7997e87b4a60.yaml,1.0,beijixiong_316,杯具熊 316 保温杯,129.0,4,price,4,55-64,Value-driven,,,,,,,"I want a reliable insulated bottle for daily use without overspending, and this one hits the sweet spot at ¥129 with a 316/316L liner and strong insulation. The 600 ml size is practical, and I trust the value more than paying extra for a viral brand or a premium import."
survey_water-bottle-choice__LCCBnU2,persona/datasets/matraix-persona-1m/cohorts/cohort-b9851ff4d44d/persona_synthetic-47db7a509c90.yaml,1.0,beijixiong_316,杯具熊 316 保温杯,129.0,4,price,4,18-24,Cost-sensitive,South Asia,Low income,Man,Early career,<$25k,Self-employed,"I want a real insulated bottle for daily use and this is the best value at the ¥100 tier — 316/316L liner and triple heat blocking for ¥129. My budget is tight, so I won't touch the Zojirushi or Stanley, and the ¥39.9 Fuguang is cheaper but the 316/316L spec here is worth the extra. The Nalgene isn't insulated at all, so it's out."
survey_water-bottle-choice__LFPfxER,persona/datasets/matraix-persona-1m/cohorts/cohort-b9851ff4d44d/persona_synthetic-685cede44606.yaml,1.0,beijixiong_316,杯具熊 316 保温杯,129.0,4,insulation,4,35-44,Value-driven,South Asia,Middle,Man,Mid-life,$50k-100k,Part-time,"I want a genuinely insulated bottle for daily use, and the Beijixiong at ¥129 gives me a 316/316L liner with triple heat blocking for far less than the Mijia or Zojirushi. The Fuguang is cheaper but only basic insulation, and the Nalgene and Stanley don't match what I need for keeping tea hot through a long day. This is the point where the price still feels sensible while the build quality is serious."
survey_water-bottle-choice__LGYifRK,persona/datasets/matraix-persona-1m/cohorts/cohort-b9851ff4d44d/persona_synthetic-0e771b787e54.yaml,1.0,beijixiong_316,杯具熊 316 保温杯,129.0,4,insulation,4,18-24,Value-driven,South Asia,Middle,Woman,Student,<$25k,Student,我要的是每天带出门能保温、耐用、又不至于太贵的水瓶，这款600ml的316/316L不锈钢内胆刚好覆盖了我最在意的保温与材质安全，价格129元也在我的预算内。相比之下，39.9元那款虽然便宜但容量和保温规格都偏基础，而Zojirushi和Stanley更多是品牌溢价，对我这种实用优先的人不划算。
survey_water-bottle-choice__LJK4bQw,persona/datasets/matraix-persona-1m/cohorts/cohort-b9851ff4d44d/persona_synthetic-2af5d55a126e.yaml,1.0,beijixiong_316,杯具熊 316 保温杯,129.0,4,insulation,4,25-34,Cost-sensitive,South Asia,Low income,Woman,Early career,$25k-50k,Full-time,"I want proper vacuum insulation for daily tea and water, and 316/316L steel at ¥129 is the best value on this shelf. The 600 ml size is right for one person, and I would rather spend a bit over the ¥39.9 basic bottle for the better heat retention than jump to the ¥179-229 tiers for a brand name."
survey_water-bottle-choice__LLTzEDd,persona/datasets/matraix-persona-1m/cohorts/cohort-b9851ff4d44d/persona_wiki-ae38cfc8d356.yaml,1.0,beijixiong_316,杯具熊 316 保温杯,129.0,4,insulation,4,55-64,Indifferent,South Asia,null,Man,Mid-life,null,Retired,"I want a reliable insulated bottle for daily use, and the Beijixiong 316 gives me the best combination of quality and value — a 316/316L stainless steel liner, triple heat blocking, and a 600 ml capacity that suits my routine. At ¥129 it sits well within a sensible budget without the premium markup of the Zojirushi or the lifestyle pricing of the Stanley. The Fuguang is cheaper but feels too basic for something I will use every day."
survey_water-bottle-choice__LLkvQ7Z,persona/datasets/matraix-persona-1m/cohorts/cohort-b9851ff4d44d/persona_synthetic-47b54f03fdd3.yaml,1.0,beijixiong_316,杯具熊 316 保温杯,129.0,4,insulation,4,18-24,Cost-sensitive,Southeast Asia,Middle,Woman,Student,$100k-200k,Unemployed,我每天都要用，保温性能和耐用度最重要，Beijixiong 316 在百元档里给了 316/316L 内胆和三重隔热，性价比明显。价格 ¥129 我也承受得起，比 Mijia 和 Zojirushi 便宜不少，又比 ¥39.9 的基础款更可靠。
survey_water-bottle-choice__LMq9XT4,persona/datasets/matraix-persona-1m/cohorts/cohort-b9851ff4d44d/persona_synthetic-6283b56e383e.yaml,1.0,beijixiong_316,杯具熊 316 保温杯,129.0,4,price,4,45-54,Indifferent,South Asia,Middle,Woman,Parent of young kids,<$25k,Homemaker,"Семья из пяти человек и жёсткий бюджет — мне нужна надёжная бутылка, а не бренд. Beijixiong даёт 316/316L сталь и тройную термоизоляцию за ¥129, что вдвое дешевле Zojirushi при схожих характеристиках. Пластиковый Nalgene без изоляции не подходит, а Stanley за ¥319 — непозволительная роскошь при нашем доходе."
survey_water-bottle-choice__LQCAFeP,persona/datasets/matraix-persona-1m/cohorts/cohort-b9851ff4d44d/persona_wiki-0ffccfe42b85.yaml,1.0,beijixiong_316,杯具熊 316 保温杯,129.0,4,insulation,4,75-84,Value-driven,South Asia,High income,Man,Retirement,null,Retired,"At this stage of life I want reliable, well-built things rather than fashion statements, and the Beijixiong offers genuine 316/316L stainless steel with triple heat blocking at a sensible ¥129. The 600 ml capacity suits my daily routine of desk work and errands, and I prefer paying for engineering quality over a viral brand premium."
survey_water-bottle-choice__LSUFtya,persona/datasets/matraix-persona-1m/cohorts/cohort-b9851ff4d44d/persona_synthetic-8af864d75d7f.yaml,1.0,beijixiong_316,杯具熊 316 保温杯,129.0,4,insulation,4,55-64,Cost-sensitive,Latin America,Low income,Woman,Mid-life,<$25k,Homemaker,"Elijo la Beijixiong 316 porque ofrece la mejor relación calidad-precio dentro del rango medio: acero inoxidable 316/316L, aislamiento al vacío sin cola y triple bloqueo térmico por ¥129, un precio que puedo justificar para uso diario. Además, su capacidad de 600 ml cubre bien mis necesidades sin ser tan grande como el Stanley, y el acabado en acero es fácil de limpiar y duradero."
survey_water-bottle-choice__LWiv6qk,persona/datasets/matraix-persona-1m/cohorts/cohort-b9851ff4d44d/persona_synthetic-66ae7949a28b.yaml,1.0,beijixiong_316,杯具熊 316 保温杯,129.0,4,price,4,18-24,Cost-sensitive,Latin America,Low income,Woman,Early career,<$25k,Homemaker,"En casa somos cinco y el dinero no sobra, así que busco lo más duradero por lo que pago. El Beijixiong me da acero 316 por dentro, buen aislamiento y sellado confiable por ¥129, que es el punto medio donde no sacrifico calidad por ahorrar. El Fuguang es más barato pero se me hace muy básico, y los de ¥179 para arriba ya se salen de lo que puedo gastar sin culpa."
survey_water-bottle-choice__LZfKrzM,persona/datasets/matraix-persona-1m/cohorts/cohort-b9851ff4d44d/persona_wiki-5d1904ff130d.yaml,1.0,zojirushi_sm_sz,象印 SM-SZ,229.0,4,insulation,4,65-74,Value-driven,South Asia,Upper-middle,Man,Mid-life,null,Full-time,"I want a genuinely reliable insulated bottle for daily commuting and long office days, and Zojirushi's top-tier insulation and non-stick interior justify the premium for something I use every single day. The 480 ml size is right for my desk-and-bag routine, and I would rather buy one well-made bottle than replace a cheap one repeatedly."
survey_water-bottle-choice__LcPDyb2,persona/datasets/matraix-persona-1m/cohorts/cohort-b9851ff4d44d/persona_synthetic-8c93f48ae5b8.yaml,1.0,beijixiong_316,杯具熊 316 保温杯,129.0,4,insulation,4,25-34,Value-driven,South Asia,Lower-middle,Woman,Early career,<$25k,Student,"I need a bottle that actually keeps water hot through long shift-work days and cold commutes, and the Beijixiong gives me a real 316/316L insulated liner with triple heat blocking for ¥129 — the cheapest option that doesn't feel like a compromise. The ¥39.9 Fuguang is tempting, but I've had budget bottles lose their seal and insulation within months, and I'd rather pay once for something durable than replace it twice a year."
survey_water-bottle-choice__LcRvJNw,persona/datasets/matraix-persona-1m/cohorts/cohort-b9851ff4d44d/persona_synthetic-cf161f5dd553.yaml,1.0,fuguang_316,富光 316 保温杯,39.9,5,price,4,18-24,Cost-sensitive,South Asia,Low income,Woman,Early career,$25k-50k,Student,"আমি ছোট টাউনে থাকি আর টাকা সীমিত, তাই ¥39.9 দামের বোতলটাই আমার জন্য বাস্তবসম্মত। ৫০০ মিলি আমার দৈনিক ব্যবহারের জন্য যথেষ্ট, আর ৩১৬ স্টিলের ভ্যাকুয়াম ইনসুলেশন আর সিল ভালো থাকলে সস্তা দামেই কাজ চলে যায়।"
survey_water-bottle-choice__LfqRfcp,persona/datasets/matraix-persona-1m/cohorts/cohort-b9851ff4d44d/persona_wiki-0de5e9d9d954.yaml,1.0,beijixiong_316,杯具熊 316 保温杯,129.0,5,insulation,5,35-44,Value-driven,Southern Africa,Upper-middle,Woman,Mid-life,$100k-200k,Self-employed,"I want a genuinely insulated bottle for daily commutes and long writing days, and the Beijixiong 316 gives me a 316/316L stainless liner, triple heat blocking, and a reliable 600 ml size at ¥129. It sits in the sweet spot: meaningfully better construction than the budget Fuguang without paying the Zojirushi or Stanley premium. The mid-tier price is easy to justify for something I would use every single day."
survey_water-bottle-choice__LftpN5w,persona/datasets/matraix-persona-1m/cohorts/cohort-b9851ff4d44d/persona_synthetic-165e136a1d14.yaml,1.0,beijixiong_316,杯具熊 316 保温杯,129.0,4,insulation,4,18-24,Value-driven,Latin America,Upper-middle,Woman,Student,<$25k,Student,"Necesito una botella aislada para uso diario y la Beijixiong ofrece acero inoxidable 316/316L con triple bloqueo térmico por ¥129, que es un precio razonable para su calidad. La Fuguang es más barata pero básica, y las opciones premium como Zojirushi o Stanley cuestan demasiado para mi presupuesto ajustado de estudiante."
survey_water-bottle-choice__LhGdQd4,persona/datasets/matraix-persona-1m/cohorts/cohort-b9851ff4d44d/persona_synthetic-2463fdb826a8.yaml,1.0,beijixiong_316,杯具熊 316 保温杯,129.0,4,insulation,4,45-54,Premium-seeking,South Asia,Middle,Woman,Mid-life,<$25k,Full-time,"I want insulated 316 stainless steel and I keep things for years, so the ¥129 tier with a 316/316L liner and triple heat blocking reads as the most honest value. The 600 ml size suits a full working day, and I would rather pay once for durability than buy a cheap bottle twice."
survey_water-bottle-choice__LjimNUM,persona/datasets/matraix-persona-1m/cohorts/cohort-b9851ff4d44d/persona_synthetic-a76260efaa22.yaml,1.0,beijixiong_316,杯具熊 316 保温杯,129.0,4,insulation,4,45-54,Cost-sensitive,Southeast Asia,Upper-middle,Woman,Retirement,<$25k,Full-time,"The Beijixiong 316 gives me the insulation I want at a price I can justify, and the 316/316L inner liner plus triple heat blocking sounds like the most reliable build at the ¥100 tier. I also prefer the 600 ml size — enough for daily use without being bulky like the Stanley."
survey_water-bottle-choice__LkFpuFY,persona/datasets/matraix-persona-1m/cohorts/cohort-b9851ff4d44d/persona_synthetic-ff3a27cb4289.yaml,1.0,beijixiong_316,杯具熊 316 保温杯,129.0,4,price,4,55-64,Value-driven,Latin America,Lower-middle,Woman,Mid-life,$100k-200k,Homemaker,Busco una botella aislada para uso diario y el precio de ¥129 me parece justo para un acero 316/316L con triple barrera térmica. Las opciones baratas me generan dudas sobre durabilidad y las premium superan lo que estoy dispuesta a pagar en este momento. Prefiero el equilibrio entre valor y confiabilidad que ofrece esta opción.
survey_water-bottle-choice__LmubhrQ,persona/datasets/matraix-persona-1m/cohorts/cohort-b9851ff4d44d/persona_synthetic-e537a93cc228.yaml,1.0,fuguang_316,富光 316 保温杯,39.9,5,price,4,18-24,Cost-sensitive,Sub-Saharan Africa,Low income,Woman,Student,<$25k,Student,"Je suis étudiante avec un budget très serré et je préfère payer en yuans sans mauvaise surprise. La Fuguang 316 à ¥39,9 est isolée, étanche et assez petite (500 ml) pour mon usage quotidien, donc elle couvre l'essentiel sans que je doive surveiller chaque dépense. Les autres bouteilles coûtent trois à huit fois plus cher pour des fonctions dont je n'ai pas vraiment besoin."
survey_water-bottle-choice__LpFGTVf,persona/datasets/matraix-persona-1m/cohorts/cohort-b9851ff4d44d/persona_synthetic-65d2830fa7b7.yaml,1.0,beijixiong_316,杯具熊 316 保温杯,129.0,4,insulation,4,55-64,Value-driven,East Asia,Upper-middle,Woman,Empty nester,<$25k,Homemaker,"I want a stainless steel insulated bottle that actually keeps tea hot through a shift, and this one has a 316/316L liner with triple heat blocking for ¥129. The budget Fuguang is tempting but the mid-tier 316 build is worth the extra money for daily use. I don't need a giant 40 oz tumbler or a ¥229 import."
survey_water-bottle-choice__LpcxMQp,persona/datasets/matraix-persona-1m/cohorts/cohort-b9851ff4d44d/persona_synthetic-5e621b1b8640.yaml,1.0,fuguang_316,富光 316 保温杯,39.9,5,price,4,65-74,Cost-sensitive,South Asia,Middle,Woman,Retirement,<$25k,Full-time,"আমি অবসরপ্রাপ্ত এবং সীমিত আয়ে চলি, তাই দামই আমার প্রধান বিবেচনা। ৩৯.৯ ইউয়ানে ৩১৬ স্টেইনলেস স্টিলের ভ্যাকুয়াম বোতল আমার দৈনন্দিন ব্যবহারের জন্য যথেষ্ট — সিল ভালো, টেকসই, আর খরচ কম।"
survey_water-bottle-choice__LpqFLJd,persona/datasets/matraix-persona-1m/cohorts/cohort-b9851ff4d44d/persona_synthetic-edd82b96d931.yaml,1.0,fuguang_316,富光 316 保温杯,39.9,5,price,4,18-24,Cost-sensitive,Sub-Saharan Africa,Low income,Man,Early career,<$25k,Student,"I am a low-income student living alone, so cost is the deciding factor. The Fuguang 316 gives me a 500 ml insulated bottle in 316 stainless steel for only ¥39.9, which is far cheaper than every other insulated option on the shelf while still covering basic daily use. I do not need premium branding or a large capacity, so this is the only one that fits my budget without compromising on the insulation I want."
survey_water-bottle-choice__Lryf3Wy,persona/datasets/matraix-persona-1m/cohorts/cohort-b9851ff4d44d/persona_synthetic-b1812382ec5e.yaml,1.0,fuguang_316,富光 316 保温杯,39.9,5,price,4,25-34,Cost-sensitive,East Asia,Low income,Woman,Early career,<$25k,Full-time,我手头很紧，还在过渡性住房里，39.9元买一个可靠的316不锈钢保温瓶最实际。国货基础款密封好、耐用，日常喝水够用，坏了丢了也不心疼。花两三百买Stanley或象印对我来说没有意义。
survey_water-bottle-choice__Lv9U2aD,persona/datasets/matraix-persona-1m/cohorts/cohort-b9851ff4d44d/persona_synthetic-f3f0b1690d48.yaml,1.0,fuguang_316,富光 316 保温杯,39.9,5,price,4,65-74,Cost-sensitive,East Asia,Low income,Woman,Retirement,$25k-50k,Full-time,我退休了，一个人住，钱要省着花，39.9块这个价钱实在。316不锈钢保温够我日常用，老牌子密封靠谱，摔了丢了也不心疼。
survey_water-bottle-choice__M36Tsh5,persona/datasets/matraix-persona-1m/cohorts/cohort-b9851ff4d44d/persona_synthetic-20b8bae33cde.yaml,1.0,beijixiong_316,杯具熊 316 保温杯,129.0,4,insulation,4,55-64,Value-driven,South Asia,Low income,Woman,Retirement,$200k+,Retired,"मैं रोज़ पानी पीने के लिए एक भरोसेमंद बोतल चाहती हूँ जो गर्मी में ठंडा और सर्दी में गर्म रखे। 316/316L स्टील, बिना टेल वाला वैक्यूम और तीन-स्तरीय ताप अवरोध इस कीमत पर सबसे अच्छा मेल है, और 600 ml मेरे लिए ठीक है। 39.9 वाला बहुत सस्ता लगता है और 229+ वाले मेरे बजट से बाहर हैं।"
survey_water-bottle-choice__M6fzoXg,persona/datasets/matraix-persona-1m/cohorts/cohort-b9851ff4d44d/persona_synthetic-0bccc90a03a0.yaml,1.0,beijixiong_316,杯具熊 316 保温杯,129.0,4,price,4,18-24,Cost-sensitive,Latin America,Middle,Woman,Early career,<$25k,Unemployed,"Preciso de um produto durável e com boa relação custo-benefício, e o Beijixiong 316 oferece isolamento de qualidade com aço 316/316L por um preço razoável. A capacidade de 600 ml atende bem ao uso diário e a marca demonstra confiabilidade sem custar o preço premium de Zojirushi ou Stanley."
survey_water-bottle-choice__M9GRaQi,persona/datasets/matraix-persona-1m/cohorts/cohort-b9851ff4d44d/persona_synthetic-d48ccee3e44f.yaml,1.0,fuguang_316,富光 316 保温杯,39.9,4,price,4,18-24,Cost-sensitive,Sub-Saharan Africa,Lower-middle,Man,Early career,<$25k,Unemployed,"I am unemployed with a household income under $25k, so the ¥39.9 price is what I can realistically afford. It is a 316 stainless steel insulated bottle with a reliable seal, which covers my basic daily need for keeping water at temperature. The larger-capacity and premium bottles cost three to eight times more, which I cannot justify right now."
survey_water-bottle-choice__MAe3bCF,persona/datasets/matraix-persona-1m/cohorts/cohort-b9851ff4d44d/persona_synthetic-d4eb57ea458c.yaml,1.0,beijixiong_316,杯具熊 316 保温杯,129.0,4,insulation,4,45-54,Cost-sensitive,South Asia,Lower-middle,Woman,Empty nester,$200k+,Homemaker,"I need a bottle that keeps my tea hot through a long, structured morning and this one gives me proper 316 stainless insulation at a price I can justify. The 600 ml size is enough for daily use without being bulky, and at ¥129 it is the sensible middle ground rather than paying for a viral name or a Japanese premium."
survey_water-bottle-choice__MGuKgiQ,persona/datasets/matraix-persona-1m/cohorts/cohort-b9851ff4d44d/persona_synthetic-d27af8ce85ba.yaml,1.0,beijixiong_316,杯具熊 316 保温杯,129.0,4,insulation,4,55-64,Cost-sensitive,Southeast Asia,Lower-middle,Woman,Retirement,<$25k,Part-time,我每天都要用，保温和不漏水最重要，价格也要能承受。北極熊316在100元档里内胆最好、保温最强，比39.9元的基础款更耐用，又比日系和Stanley便宜太多。
survey_water-bottle-choice__MKZ6Qh7,persona/datasets/matraix-persona-1m/cohorts/cohort-b9851ff4d44d/persona_synthetic-71410593beb2.yaml,1.0,beijixiong_316,杯具熊 316 保温杯,129.0,4,insulation,4,35-44,Cost-sensitive,South Asia,Upper-middle,Woman,Early career,$50k-100k,Self-employed,"At ¥129 it sits in the range I'll actually spend, and the 316/316L liner with triple heat blocking is the best insulation per yuan on this shelf. The 600 ml size covers a full day without being bulky, and I don't care about paying ¥100 more for a viral tumbler or a Japanese brand name."
survey_water-bottle-choice__MKb3iMD,persona/datasets/matraix-persona-1m/cohorts/cohort-b9851ff4d44d/persona_wiki-be0b05586c9b.yaml,1.0,beijixiong_316,杯具熊 316 保温杯,129.0,4,insulation,5,45-54,Cost-sensitive,North America,Lower-middle,Woman,Parent of young kids,null,Retired,"I want a genuinely insulated bottle for daily use, and this one gives me the best insulation specs at a price I'm comfortable with. The 316/316L liner and triple heat blocking matter more to me than brand prestige, and the 600 ml size is practical for long days. The budget Fuguang is tempting but the extra ¥90 buys noticeably better build quality."
survey_water-bottle-choice__MMKWmAw,persona/datasets/matraix-persona-1m/cohorts/cohort-b9851ff4d44d/persona_synthetic-519198b9d6a5.yaml,1.0,beijixiong_316,杯具熊 316 保温杯,129.0,4,insulation,4,75-84,Value-driven,South Asia,Middle,Woman,Retirement,<$25k,Homemaker,"I want a proper insulated bottle for daily use, and the Beijixiong gives me a 316/316L stainless liner and triple heat blocking at a price I can justify. The 600 ml size suits my day without being bulky, and the ¥129 sits comfortably between the too-cheap and too-fancy options."
survey_water-bottle-choice__MT4afVy,persona/datasets/matraix-persona-1m/cohorts/cohort-b9851ff4d44d/persona_synthetic-3437ff66fac6.yaml,1.0,zojirushi_sm_sz,象印 SM-SZ,229.0,4,insulation,4,18-24,Value-driven,East Asia,Lower-middle,Woman,Student,$50k-100k,Student,我每天在办公室和照顾家人之间来回跑，需要一个保温好、轻便、容易清洗的瓶子，象印这款的非粘内涂层和超轻设计正好合适。虽然价格偏高，但作为每天长时间使用的日用品，耐用和卫生比省钱更重要，而且480ml容量对我够用。
survey_water-bottle-choice__MWmBrxa,persona/datasets/matraix-persona-1m/cohorts/cohort-b9851ff4d44d/persona_synthetic-f769c42a5fcd.yaml,1.0,beijixiong_316,杯具熊 316 保温杯,129.0,4,insulation,3,45-54,Cost-sensitive,South Asia,Lower-middle,Woman,Mid-life,<$25k,Unemployed,"मैं रोज़ पानी-चाय दोनों रखती हूँ, इसलिए इंसुलेशन ज़रूरी है। 316/316L लाइनर और 600 ml क्षमता इस दाम पर सबसे संतुलित लगती है — सस्ते फुगुआंग से बेहतर बनावट, और महंगे ज़ोजिरूशी/स्टैनली पर पैसा खर्च करने की ज़रूरत नहीं।"
survey_water-bottle-choice__MhiGosm,persona/datasets/matraix-persona-1m/cohorts/cohort-b9851ff4d44d/persona_synthetic-aa4c459dd458.yaml,1.0,beijixiong_316,杯具熊 316 保温杯,129.0,4,price,4,35-44,Cost-sensitive,East Asia,Low income,Woman,Early career,<$25k,Part-time,预算有限，三个孩子要养，我不可能花两百多买一只水壶。北極熊在百元档给到316/316L内胆和无尾真空，保温够用、密封可靠，比39.9的福光更耐用，比Mijia和象印省下的钱够家里一周菜钱。容量600ml也正好。
survey_water-bottle-choice__MmMZfqR,persona/datasets/matraix-persona-1m/cohorts/cohort-b9851ff4d44d/persona_synthetic-58afb6d52d54.yaml,1.0,fuguang_316,富光 316 保温杯,39.9,5,price,4,65-74,Cost-sensitive,Sub-Saharan Africa,Low income,Man,Retirement,<$25k,Retired,"Sou aposentado, com renda fixa baixa e sensível a custos. Preciso apenas de uma garrafa simples para uso diário, com vedação confiável e isolamento básico, e a Fuguang 316 entrega isso por ¥39.9. Não vejo motivo para pagar três a oito vezes mais por recursos que não uso."
survey_water-bottle-choice__Mmb43Kf,persona/datasets/matraix-persona-1m/cohorts/cohort-b9851ff4d44d/persona_wiki-96ad3d3e458b.yaml,1.0,zojirushi_sm_sz,象印 SM-SZ,229.0,4,insulation,4,35-44,Value-driven,North America,Upper-middle,Non-binary,Early career,$100k-200k,Self-employed,"I want a bottle I carry every day in a bag, so ultra-light weight and top-tier insulation matter more to me than capacity or trendiness. The Zojirushi's non-stick interior also appeals to me because I drink coffee and tea from the same bottle and hate lingering flavors. At this tier I'm paying for build quality I'll use daily for years, which justifies the premium over the mid-range options."
survey_water-bottle-choice__Mnzm6ts,persona/datasets/matraix-persona-1m/cohorts/cohort-b9851ff4d44d/persona_synthetic-35b0b6cbd233.yaml,1.0,fuguang_316,富光 316 保温杯,39.9,5,price,4,55-64,Value-driven,South Asia,Lower-middle,Woman,Retirement,<$25k,Retired,"मेरे लिए कीमत सबसे ज़रूरी है, और ¥39.9 में 316 स्टील की इंसुलेटेड बोतल मिल रही है जो रोज़ के इस्तेमाल के लिए काफ़ी है। बाकी सब बोतलें मेरे बजट से कहीं ऊपर हैं, इसलिए यही सही है।"
survey_water-bottle-choice__Mp4SDNN,persona/datasets/matraix-persona-1m/cohorts/cohort-b9851ff4d44d/persona_synthetic-ab1aeb6fc6de.yaml,1.0,fuguang_316,富光 316 保温杯,39.9,5,price,5,65-74,Value-driven,East Asia,Low income,Man,Retirement,$100k-200k,Retired,"I just want a cheap, reliable bottle that keeps my tea warm and doesn't leak in my bag. The 316 steel and ¥39.9 price tag do the job — no need to pay extra for a brand or fancy coating."
survey_water-bottle-choice__MptUsyA,persona/datasets/matraix-persona-1m/cohorts/cohort-b9851ff4d44d/persona_wiki-3b67ad0e1701.yaml,1.0,beijixiong_316,杯具熊 316 保温杯,129.0,5,price,4,35-44,Value-driven,Latin America,High income,Woman,Parent of young kids,$100k-200k,Full-time,"Busco una botella aislada para el uso diario en la oficina y con mis hijos, y esta ofrece la mejor relación calidad-precio: acero inoxidable 316/316L con triple bloqueo térmico por solo ¥129. Confío en su sellado y durabilidad para el coche y la mochila, sin pagar el sobreprecio de las marcas premium o del fenómeno viral de Stanley."
survey_water-bottle-choice__MsPPa6v,persona/datasets/matraix-persona-1m/cohorts/cohort-b9851ff4d44d/persona_wiki-ede7d59fa5d5.yaml,1.0,zojirushi_sm_sz,象印 SM-SZ,229.0,4,insulation,4,65-74,Value-driven,Latin America,High income,Man,Mid-life,null,Self-employed,"I have long favored Japanese craftsmanship for everyday objects, and the Zojirushi's reputation for top-tier insulation and an easy-to-clean non-stick interior suits my daily routine of long writing sessions and commutes. At 480 ml it is compact enough for my bag, and the premium price is justified by durability rather than novelty."
survey_water-bottle-choice__MsPQuxr,persona/datasets/matraix-persona-1m/cohorts/cohort-b9851ff4d44d/persona_synthetic-e5b8333a79e6.yaml,1.0,fuguang_316,富光 316 保温杯,39.9,5,price,5,18-24,Cost-sensitive,South Asia,Lower-middle,Man,Student,<$25k,Self-employed,"আমি ছাত্র এবং সীমিত আয়ে সংসার চালাই, তাই সস্তা হলেও নির্ভরযোগ্য একটি বোতল দরকার। ৩১৬ স্টেইনলেস স্টিল, ভালো সিল আর ভ্যাকুয়াম ইনসুলেশন এই দামে পাওয়া বিরল, তাই দৈনন্দিন ব্যবহারের জন্য এটাই সবচেয়ে বাস্তবসম্মত পছন্দ।"
survey_water-bottle-choice__Mtte26o,persona/datasets/matraix-persona-1m/cohorts/cohort-b9851ff4d44d/persona_wiki-c2c6213ef6ac.yaml,1.0,beijixiong_316,杯具熊 316 保温杯,129.0,5,price,4,65-74,Value-driven,Sub-Saharan Africa,High income,Woman,Mid-life,,Self-employed,"I want a genuinely insulated bottle for daily commuting and meetings, and 316/316L stainless steel with triple heat blocking at ¥129 reads as the strongest practical value on this shelf. The 600 ml capacity suits a full working day without being bulky, and I see no reason to pay ¥179–¥229 for marginal brand prestige or ¥319 for a 1.18 L tumbler I would rarely fill. The budget ¥39.9 option is tempting on price but too basic to trust for all-day temperature retention."
survey_water-bottle-choice__MuWrwq5,persona/datasets/matraix-persona-1m/cohorts/cohort-b9851ff4d44d/persona_synthetic-caef5aaeb761.yaml,1.0,beijixiong_316,杯具熊 316 保温杯,129.0,4,price,4,35-44,Cost-sensitive,Sub-Saharan Africa,Middle,Man,Early career,$50k-100k,Self-employed,"It hits the sweet spot for me: 316 stainless steel with proper vacuum insulation at ¥129, which is fair value without paying for a logo. I want a bottle that keeps water cold all day and survives being knocked around, and the 600 ml size is right for daily carry. The mid-tier price also fits my frugal-but-not-cheap instincts."
survey_water-bottle-choice__Mve49Hn,persona/datasets/matraix-persona-1m/cohorts/cohort-b9851ff4d44d/persona_wiki-5ce3b66a989f.yaml,1.0,zojirushi_sm_sz,象印 SM-SZ,229.0,4,insulation,5,75-84,Value-driven,Latin America,Upper-middle,Woman,Retirement,null,Retired,"At my age I drink hot tea and coffee throughout the day, so insulation is non-negotiable, and Zojirushi's reputation for heat retention is unmatched. The non-stick interior matters to me because I clean my bottle daily and want something that won't stain or hold odors. The 480 ml size is right for carrying in my bag, and the price is reasonable for a bottle I'll use every single day."
survey_water-bottle-choice__MwPJTRE,persona/datasets/matraix-persona-1m/cohorts/cohort-b9851ff4d44d/persona_wiki-bacc04af92d7.yaml,1.0,zojirushi_sm_sz,象印 SM-SZ,229.0,5,insulation,4,55-64,Value-driven,Sub-Saharan Africa,High income,Man,Retirement,$200k+,Full-time,"I want one bottle I can rely on daily for years, and Zojirushi's insulation and non-stick interior are the best-proven combination on this shelf for that. At ¥229 the price is trivial against the daily convenience and easy cleaning, and the 480 ml size suits my office-and-car routine better than the oversized Stanley."
survey_water-bottle-choice__Mz67sAa,persona/datasets/matraix-persona-1m/cohorts/cohort-b9851ff4d44d/persona_synthetic-124712678041.yaml,1.0,beijixiong_316,杯具熊 316 保温杯,129.0,4,insulation,4,75-84,Cost-sensitive,East Asia,Middle,Man,Retirement,$50k-100k,Retired,"I want a vacuum-insulated bottle that keeps tea hot all day, and 316 stainless steel at ¥129 is the sweet spot — much better build than the cheap ¥39.9 one without paying Zojirushi or Stanley money. 600 ml is the right size for my bag and the triple heat blocking suits my slow, all-day sipping."
survey_water-bottle-choice__N7Kvccu,persona/datasets/matraix-persona-1m/cohorts/cohort-b9851ff4d44d/persona_synthetic-c60abbc772d3.yaml,1.0,beijixiong_316,杯具熊 316 保温杯,129.0,4,price,4,25-34,Premium-seeking,Sub-Saharan Africa,Low income,Woman,Mid-life,<$25k,Gig / freelance,هذا أفضل توازن بين السعر والجودة في الفئة المتوسطة، فبـ129 يواناً أحصل على عزل ممتاز ومادة 316/316L التي تدوم طويلاً. لا أريد أن أدفع 179 أو 229 يواناً لمجرد اسم تجاري، ولا أثق بالزجاجة الرخيصة جداً بـ39.9.
survey_water-bottle-choice__NA79d5L,persona/datasets/matraix-persona-1m/cohorts/cohort-b9851ff4d44d/persona_wiki-29db2a22fa53.yaml,1.0,beijixiong_316,杯具熊 316 保温杯,129.0,5,price,5,35-44,Value-driven,Oceania,Upper-middle,Man,Early career,,Student,"I want a genuinely insulated bottle for daily commuting and long desk sessions, and the Beijixiong hits the sweet spot: 316/316L liner, tail-less vacuum and triple heat blocking at ¥129. The Fuguang is cheaper but feels like a compromise, while the Zojirushi and Stanley cost nearly double for features I don't need (ultra-light, 1.18 L straw tumbler). This is the best value-for-money mid tier for someone who uses a bottle every single day."
survey_water-bottle-choice__NBDLtuW,persona/datasets/matraix-persona-1m/cohorts/cohort-b9851ff4d44d/persona_synthetic-999f2a517014.yaml,1.0,beijixiong_316,杯具熊 316 保温杯,129.0,4,insulation,3,45-54,Indifferent,Southeast Asia,Low income,Woman,Career change,$25k-50k,Homemaker,"I want a bottle that keeps my drinks hot or cold all day, and this one offers 316/316L stainless steel with triple heat blocking at ¥129 — the best value in the middle tier. The 600 ml capacity suits my daily needs better than the smaller 480-500 ml options, and at ¥129 it is affordable without paying for the viral Stanley or premium Zojirushi branding. The budget Fuguang is tempting but the Beijixiong's superior insulation and slightly larger size justify the extra ¥89."
survey_water-bottle-choice__NC3gg3r,persona/datasets/matraix-persona-1m/cohorts/cohort-b9851ff4d44d/persona_synthetic-fa07be6754f5.yaml,1.0,beijixiong_316,杯具熊 316 保温杯,129.0,4,price,4,25-34,Cost-sensitive,South Asia,Lower-middle,Woman,Mid-life,$25k-50k,Full-time,"আমি একটি সাশ্রয়ী কিন্তু নির্ভরযোগ্য ইনসুলেটেড বোতল চাই, কারণ প্রতিদিন অফিসে যাতায়াতের সময় গরম চা বা ঠান্ডা পানি ধরে রাখতে হয়। বেইজিশিয়ং ৩১৬ বোতলটি ১২৯ ইউয়ানে ৩১৬/৩১৬L ইনার লাইনার ও ভালো ভ্যাকুয়াম ইনসুলেশন দেয়, যা জোজিরুশির প্রায় অর্ধেক দামে প্রায় সমমানের পারফরম্যান্স দেয়। স্ট্যানলি বা মিজিয়ার অতিরিক্ত দাম আমার বাজেটের সাথে মানায় না, আর নালজিন প্লাস্টিকের বোতল ইনসুলেটেড নয়।"
survey_water-bottle-choice__NHc2TpP,persona/datasets/matraix-persona-1m/cohorts/cohort-b9851ff4d44d/persona_wiki-29baa6ea15ec.yaml,1.0,beijixiong_316,杯具熊 316 保温杯,129.0,4,insulation,4,55-64,Value-driven,Southeast Asia,Upper-middle,Woman,Mid-life,null,Self-employed,"I want a genuinely insulated bottle for daily commuting and long workdays, and the Beijixiong 316 offers 316/316L stainless steel and triple heat blocking at a price I find easy to justify. It hits the sweet spot between the flimsy budget pick and the overpriced lifestyle brands, and 600 ml is a practical size for my bag."
survey_water-bottle-choice__NJLA4pK,persona/datasets/matraix-persona-1m/cohorts/cohort-b9851ff4d44d/persona_synthetic-0cc5a1f0a4b5.yaml,1.0,fuguang_316,富光 316 保温杯,39.9,5,price,4,25-34,Value-driven,South Asia,Lower-middle,Woman,Early career,$50k-100k,Full-time,"Paisa tight hai, aur 500 ml basic insulated bottle ghar pe kaam ke liye kaafi hai. 316 steel aur reliable seal ¥39.9 mein — sasta, tikau, aur agar kho bhi jaye to dil nahi dukhega."
survey_water-bottle-choice__NPFahZr,persona/datasets/matraix-persona-1m/cohorts/cohort-b9851ff4d44d/persona_synthetic-4fe6be52d3f2.yaml,1.0,beijixiong_316,杯具熊 316 保温杯,129.0,4,price,4,25-34,Cost-sensitive,Southeast Asia,Low income,Man,Career change,$50k-100k,Self-employed,我选择 Beijixiong 316 保温瓶（¥129）。作为日常使用，我需要保温性能好且价格合理的瓶子，这款在 ¥100 价位提供 316/316L 内胆、无尾真空和三重隔热，性价比最高。它比 ¥39.9 的 Fuguang 更耐用可靠，又比 ¥179 的 Mijia 和 ¥229 的 Zojirushi 便宜许多，符合我注重实用和成本的消费习惯。
survey_water-bottle-choice__NQUf6pp,persona/datasets/matraix-persona-1m/cohorts/cohort-b9851ff4d44d/persona_wiki-0712c3b3afc0.yaml,1.0,beijixiong_316,杯具熊 316 保温杯,129.0,5,insulation,4,55-64,Value-driven,North America,null,Woman,Mid-life,null,Self-employed,"I want genuine vacuum insulation and a stainless steel interior for daily hot and cold drinks, and the Beijixiong gives me 316/316L construction and triple heat blocking at ¥129 — the sweet spot before prices start paying for brand name. The 600 ml size is right for a full workday, and I'd rather spend the savings on the rest of my family than on a viral tumbler."
survey_water-bottle-choice__NQzde7c,persona/datasets/matraix-persona-1m/cohorts/cohort-b9851ff4d44d/persona_synthetic-11c0947add8f.yaml,1.0,beijixiong_316,杯具熊 316 保温杯,129.0,4,insulation,4,55-64,Value-driven,South Asia,Low income,Woman,Career change,<$25k,Self-employed,"I need a bottle that keeps my tea hot through long shift days, so insulation comes first. The Beijixiong gives me proper 316 steel and triple heat blocking at ¥129, which is the most I can justify; the Zojirushi and Stanley are just too expensive for me right now, and the cheap Fuguang feels too basic to last."
survey_water-bottle-choice__NRXAjNi,persona/datasets/matraix-persona-1m/cohorts/cohort-b9851ff4d44d/persona_synthetic-d8c6e986cacb.yaml,1.0,fuguang_316,富光 316 保温杯,39.9,5,price,4,18-24,Cost-sensitive,East Asia,Low income,Woman,Student,<$25k,Unemployed,我手头很紧，预算优先，39.9元的价格几乎是我唯一能轻松负担的日常水瓶。它是316不锈钢、真空保温、密封可靠，作为基础款完全够我每天上学和走路时用，没必要为品牌或外观多花两三倍的钱。
survey_water-bottle-choice__NToyM4w,persona/datasets/matraix-persona-1m/cohorts/cohort-b9851ff4d44d/persona_synthetic-b6fc76bd6ae7.yaml,1.0,beijixiong_316,杯具熊 316 保温杯,129.0,4,price,4,45-54,Cost-sensitive,Latin America,Upper-middle,Woman,Mid-life,$25k-50k,Full-time,"Elijo la Beijixiong 316 porque en el rango de ¥129 me ofrece lo mejor de dos mundos: acero inoxidable 316/316L con triple bloqueo de calor, que es justo lo que necesito para mantener mis bebidas calientes durante mis largos turnos de trabajo y mis paseos en bici al mediodía. Además, el precio me parece razonable frente a las opciones premium como Zojirushi o Stanley, y prefiero un producto duradero y funcional antes que uno viral o con plástico no aislado como el Nalgene. Como alguien que valora la tradición y la practicidad, esta botella se siente como una inversión sensata y confiable para el uso diario."
survey_water-bottle-choice__NVB3JsN,persona/datasets/matraix-persona-1m/cohorts/cohort-b9851ff4d44d/persona_synthetic-e72652d40982.yaml,1.0,beijixiong_316,杯具熊 316 保温杯,129.0,4,insulation,4,45-54,Cost-sensitive,East Asia,Middle,Prefer not to say,Mid-life,<$25k,Full-time,我要的是每天带出门用的保温瓶，316/316L内胆加无尾真空在这个价位算实在，600ml容量也够一天喝。价格129元是我能接受的中间档，比日系和Stanley便宜太多，又比39块的杂牌放心。
survey_water-bottle-choice__NYY5Lor,persona/datasets/matraix-persona-1m/cohorts/cohort-b9851ff4d44d/persona_synthetic-02bc23f08d46.yaml,1.0,fuguang_316,富光 316 保温杯,39.9,5,price,4,18-24,Cost-sensitive,South Asia,Low income,Man,Student,<$25k,Student,"I'm on a tight budget with a family to feed, so ¥39.9 for a 500ml insulated bottle with 316 steel and a reliable seal is exactly what I need. It's a known national brand, cheap enough to replace if it breaks, and basic vacuum insulation covers my daily tea and water. The fancy viral tumblers and premium Japanese bottles just aren't worth the money to me right now."
survey_water-bottle-choice__NYzRgW6,persona/datasets/matraix-persona-1m/cohorts/cohort-b9851ff4d44d/persona_synthetic-28031da5f93f.yaml,1.0,beijixiong_316,杯具熊 316 保温杯,129.0,4,insulation,4,45-54,Cost-sensitive,South Asia,Middle,Woman,Mid-life,$25k-50k,Full-time,"I need one reliable bottle for daily use, and this one gives me proper 316/316L stainless steel insulation at a price I can afford without overspending. The 600 ml size suits my long shifts and commutes, and the seal and heat retention matter more to me than looks or brand hype. The cheaper basic bottle worries me on durability, and the premium or viral options cost far more than the benefit is worth."
survey_water-bottle-choice__NbvKm99,persona/datasets/matraix-persona-1m/cohorts/cohort-b9851ff4d44d/persona_synthetic-400df1b207d1.yaml,1.0,beijixiong_316,杯具熊 316 保温杯,129.0,4,price,4,65-74,Cost-sensitive,East Asia,Low income,Woman,Retirement,$50k-100k,Retired,"The 600 ml 316/316L insulated bottle is the best balance of price and build for me. I am cost-sensitive and frugal by habit, so ¥129 for a stainless-steel vacuum bottle with a reliable brand tier is acceptable, while the ¥179-¥319 options feel like paying for marketing I do not need."
survey_water-bottle-choice__NfMJ8sA,persona/datasets/matraix-persona-1m/cohorts/cohort-b9851ff4d44d/persona_wiki-b66eb4dfb6ee.yaml,1.0,zojirushi_sm_sz,象印 SM-SZ,229.0,4,insulation,4,65-74,Value-driven,Western Europe,Upper-middle,Woman,Mid-life,null,Self-employed,"I value durability and a clean, unobtrusive object I can carry daily, and Zojirushi's top-tier insulation and non-stick interior suit my long studio and teaching days. The 480 ml size is right for a handbag, and the premium build justifies the price for something I will use every day for years."
survey_water-bottle-choice__Ns7VioY,persona/datasets/matraix-persona-1m/cohorts/cohort-b9851ff4d44d/persona_synthetic-b4f121389298.yaml,1.0,beijixiong_316,杯具熊 316 保温杯,129.0,4,insulation,4,45-54,Cost-sensitive,South Asia,Lower-middle,Woman,Empty nester,$25k-50k,Homemaker,"আমি প্রতিদিন গরম চা আর ঠান্ডা পানি দুটোই বহন করি, তাই ইনসুলেশন আমার কাছে সবচেয়ে জরুরি। ১২৯ ইউয়ানে ৩১৬/৩১৬L ইনার লাইনার আর ট্রিপল হিট ব্লকিং এই দামে সেরা মানের মনে হচ্ছে — জোজিরুশির মতো প্রিমিয়াম দাম দিতে হবে না, আবার ফুগুয়াংয়ের বেসিক ইনসুলেশনের চেয়ে ভালো। ৬০০ মিলি ধারণক্ষমতাও সারাদিনের জন্য যথেষ্ট।"
survey_water-bottle-choice__P4YzTgf,persona/datasets/matraix-persona-1m/cohorts/cohort-b9851ff4d44d/persona_synthetic-03a99a3a9962.yaml,1.0,beijixiong_316,杯具熊 316 保温杯,129.0,4,price,3,18-24,Value-driven,South Asia,Upper-middle,Woman,Early career,$50k-100k,Part-time,"দৈনন্দিন ব্যবহারের জন্য ৬০০ মিলি ধারণক্ষমতা আর ৩১৬/৩১৬L ইনার লাইনার — এই দামে সবচেয়ে ভালো ইনসুলেশন। স্ট্যানলি বা জোজিরুর দাম আমার বাজেটের তুলনায় বেশি, আর নালজিন ইনসুলেটেড নয়।"
survey_water-bottle-choice__PDT5qPR,persona/datasets/matraix-persona-1m/cohorts/cohort-b9851ff4d44d/persona_synthetic-c5c0315c1341.yaml,1.0,beijixiong_316,杯具熊 316 保温杯,129.0,4,insulation,4,55-64,Value-driven,South Asia,Lower-middle,Man,Mid-life,<$25k,Self-employed,"मुझे रोज़ पानी गर्म रखने की ज़रूरत है, इसलिए इंसुलेशन सबसे ज़रूरी है। 316/316L लाइनर और triple heat blocking इस दाम पर सबसे अच्छा मेल है, और ₹129 मेरे बजट में ठीक बैठता है।"
survey_water-bottle-choice__PDwN8Gy,persona/datasets/matraix-persona-1m/cohorts/cohort-b9851ff4d44d/persona_synthetic-0320de02a0cf.yaml,1.0,beijixiong_316,杯具熊 316 保温杯,129.0,4,insulation,4,45-54,Premium-seeking,East Asia,Middle,Woman,Mid-life,<$25k,Full-time,我每天要喝热水，保温是硬需求，塑料瓶（Nalgene）直接排除。Beijixiong 用316/316L内胆加无尾真空，参数上比同价位的福光扎实，129元又比小米、象印、Stanley便宜一大截。容量600ml刚好够我一个上午，不用频繁接水，性价比最合我的预算。
survey_water-bottle-choice__PQEmkRh,persona/datasets/matraix-persona-1m/cohorts/cohort-b9851ff4d44d/persona_synthetic-42a05caf8724.yaml,1.0,beijixiong_316,杯具熊 316 保温杯,129.0,4,insulation,4,55-64,Value-driven,Sub-Saharan Africa,Lower-middle,Man,Career change,$100k-200k,Full-time,"Bei ya kati ya ¥129 inatosha kwa chupa ya chuma 316/316L na insulation ya hali ya juu, ambayo ni muhimu kwangu kwa matumizi ya kila siku. Siamini chapa za kigeni zenye bei kubwa kama Zojirushi na Stanley, na chupa ya plastiki ya Nalgene haitoshi joto. Hii inatoa thamani bora bila kulipa zaidi kwa jina la chapa."
survey_water-bottle-choice__PSADKcH,persona/datasets/matraix-persona-1m/cohorts/cohort-b9851ff4d44d/persona_synthetic-72f2742e0696.yaml,1.0,beijixiong_316,杯具熊 316 保温杯,129.0,4,insulation,4,55-64,Value-driven,Latin America,Lower-middle,Woman,Parent of young kids,$50k-100k,Full-time,"I want a daily insulated bottle that actually keeps drinks hot or cold, and I am not paying premium prices when money is tight. The Beijixiong 316 gives me the better 316/316L liner and triple heat blocking at ¥129, which is the sweet spot between the cheap basic bottle and the overpriced brand names. The Stanley is way too big and expensive for walking around with, and the plastic Nalgene is not insulated."
survey_water-bottle-choice__PVfeRDd,persona/datasets/matraix-persona-1m/cohorts/cohort-b9851ff4d44d/persona_synthetic-1658bc80625e.yaml,1.0,beijixiong_316,杯具熊 316 保温杯,129.0,4,price,4,45-54,Value-driven,Sub-Saharan Africa,Middle,Woman,Career change,<$25k,Unemployed,"À ce prix-là, le Beijixiong offre la meilleure valeur : double paroi 316/316L, vide sans queue et triple isolation thermique, ce qui correspond exactement à mon usage quotidien. Le Fuguang est trop petit et basique, le Nalgene n'isole pas, et les modèles Mijia, Zojirushi et Stanley coûtent nettement plus cher pour un gain que je ne justifie pas. Je cherche un rapport qualité-prix solide, pas un objet de mode."
survey_water-bottle-choice__PXWbLdG,persona/datasets/matraix-persona-1m/cohorts/cohort-b9851ff4d44d/persona_synthetic-6ba15705440a.yaml,1.0,fuguang_316,富光 316 保温杯,39.9,5,price,4,18-24,Cost-sensitive,Sub-Saharan Africa,Low income,Woman,Early career,<$25k,Part-time,"Natumia pesa kidogo kwa sasa, kwa hivyo bei ya ¥39.9 inanifaa vizuri. Chupa hii ina insulation ya msingi na muhuri wa kuaminika, ambayo inatosha kwa matumizi ya kila siku. Sihitaji chupa kubwa au ya kifahari wakati bajeti yangu ni ndogo."
survey_water-bottle-choice__Pa9eDSG,persona/datasets/matraix-persona-1m/cohorts/cohort-b9851ff4d44d/persona_wiki-551585597050.yaml,1.0,beijixiong_316,杯具熊 316 保温杯,129.0,3,insulation,3,45-54,Indifferent,South Asia,null,Man,Mid-life,null,Self-employed,"मैं रोज़ाना पानी ढोने वाला इंसान हूँ, इसलिए इंसुलेशन और टिकाऊपन मेरे लिए सबसे ज़रूरी है। बीजिक्सियोंग 316 में 316/316L इनर लाइनर, टेल-लेस वैक्यूम और ट्रिपल हीट ब्लॉकिंग मिलती है — यह ¥100 के बजट में सबसे बेहतर वैल्यू है। 600 ml की क्षमता मेरे दिन भर के उपयोग के लिए ठीक है, और यह फुगुआंग से बेहतर बनावट देता है बिना मिजिया/ज़ोजिरुशी जैसी बड़ी कीमत चुकाए।"
survey_water-bottle-choice__Pan5AvM,persona/datasets/matraix-persona-1m/cohorts/cohort-b9851ff4d44d/persona_wiki-4096710a5efe.yaml,1.0,beijixiong_316,杯具熊 316 保温杯,129.0,5,insulation,4,65-74,Value-driven,North America,Upper-middle,Man,Mid-life,$100k-200k,Self-employed,"I want a genuinely insulated bottle with a 316 stainless liner, and the Beijixiong delivers best-in-class specs at the ¥100 tier rather than paying for a viral brand name. The 600 ml capacity suits a full workday, and the price is sensible for something I'll use daily."
survey_water-bottle-choice__PataRF7,persona/datasets/matraix-persona-1m/cohorts/cohort-b9851ff4d44d/persona_synthetic-1c3c4097873c.yaml,1.0,beijixiong_316,杯具熊 316 保温杯,129.0,5,price,4,25-34,Cost-sensitive,Sub-Saharan Africa,Lower-middle,Woman,Mid-life,$200k+,Full-time,"Preciso de uma garrafa térmica para o uso diário e o preço de ¥129 parece-me o ponto de equilíbrio mais razoável entre qualidade e custo. A Beijixiong oferece revestimento interior 316/316L e isolamento a vácuo de três camadas, que são características técnicas superiores às opções mais baratas. Não vejo justificação para pagar ¥229 ou ¥319 por uma garrafa quando esta cumpre todos os requisitos essenciais."
survey_water-bottle-choice__PcnoyyM,persona/datasets/matraix-persona-1m/cohorts/cohort-b9851ff4d44d/persona_synthetic-32477d653711.yaml,1.0,beijixiong_316,杯具熊 316 保温杯,129.0,4,insulation,4,45-54,Indifferent,Southeast Asia,Low income,Man,Mid-life,$100k-200k,Full-time,"I want a vacuum-insulated bottle for daily use, and 316/316L stainless with triple heat blocking at ¥129 hits the sweet spot — better build than the ¥39.9 basic pick without paying Zojirushi or Stanley prices. The 600 ml size is right for me, and I don't trust plastic for hot drinks or the viral markup on the Stanley."
survey_water-bottle-choice__Piuthvm,persona/datasets/matraix-persona-1m/cohorts/cohort-b9851ff4d44d/persona_synthetic-c5d7330edba4.yaml,1.0,fuguang_316,富光 316 保温杯,39.9,5,price,4,45-54,Cost-sensitive,East Asia,Middle,Woman,Parent of young kids,<$25k,Full-time,我每天就是喝白水，不需要花哨功能，只要不漏、耐用、便宜。¥39.9 的国产 316 不锈钢保温瓶正好满足，坏了丢了也不心疼，省下的钱留给家里开销。
survey_water-bottle-choice__Pm3tumH,persona/datasets/matraix-persona-1m/cohorts/cohort-b9851ff4d44d/persona_wiki-643031721d1e.yaml,1.0,zojirushi_sm_sz,象印 SM-SZ,229.0,4,insulation,4,25-34,Premium-seeking,Eastern Europe,High income,Woman,Early career,null,Self-employed,"I want a bottle I actually carry every day, and the Zojirushi's top-tier insulation plus ultra-light weight and non-stick interior is exactly the daily-use experience I'm paying for. The 480 ml size suits my on-the-go routine, and I trust the Japanese build quality over the viral hype of the Stanley or the budget basics."
survey_water-bottle-choice__PmP7saH,persona/datasets/matraix-persona-1m/cohorts/cohort-b9851ff4d44d/persona_wiki-7b05ec3ba2da.yaml,1.0,zojirushi_sm_sz,象印 SM-SZ,229.0,4,insulation,5,45-54,Value-driven,South Asia,High income,Woman,Mid-life,$200k+,Full-time,"I want a genuinely reliable insulated bottle for daily desk-to-car use, and Zojirushi's top-tier insulation and non-stick interior justify the premium for me. The 480 ml size is right for my commute and gym bag, and easy cleaning matters more to me than saving a few hundred rupees on a cheaper bottle."
survey_water-bottle-choice__Pp9Mkpw,persona/datasets/matraix-persona-1m/cohorts/cohort-b9851ff4d44d/persona_synthetic-d47df8837a46.yaml,1.0,fuguang_316,富光 316 保温杯,39.9,5,price,5,45-54,Value-driven,East Asia,Lower-middle,Woman,Mid-life,<$25k,Full-time,我选最便宜的这款。家里五口人，三个孩子还在上学，钱要花在刀刃上，保温瓶能装热水、密封不漏就够了，316不锈钢这个价实在。名牌溢价我不认，39块9坏了丢了也不心疼。
survey_water-bottle-choice__PwCiqEa,persona/datasets/matraix-persona-1m/cohorts/cohort-b9851ff4d44d/persona_synthetic-71cc1dee1475.yaml,1.0,beijixiong_316,杯具熊 316 保温杯,129.0,4,insulation,3,35-44,Value-driven,Latin America,Middle,Woman,Mid-life,$25k-50k,Homemaker,"I need a bottle I can trust with hot tea all day, and the 316/316L inner liner plus triple heat blocking at ¥129 is the best insulation I can get without paying premium brand tax. The Fuguang is cheaper but only basic vacuum insulation, and the Zojirushi and Stanley prices are money I don't have to spare right now."
survey_water-bottle-choice__Q2kPCkX,persona/datasets/matraix-persona-1m/cohorts/cohort-b9851ff4d44d/persona_wiki-d01690996bc4.yaml,1.0,beijixiong_316,杯具熊 316 保温杯,129.0,4,insulation,4,45-54,Value-driven,Southeast Asia,Upper-middle,Woman,Mid-life,$100k-200k,Full-time,"Tôi chọn bình Beijixiong 316 vì đây là lựa chọn cân bằng nhất giữa chất lượng và giá cả. Dung tích 600 ml phù hợp cho nhu cầu dùng hằng ngày, lớp lót thép không gỉ 316/316L và công nghệ cách nhiệt ba lớp đảm bảo giữ nhiệt tốt, trong khi mức giá ¥129 hợp lý cho một sản phẩm bền bỉ dùng lâu dài."
survey_water-bottle-choice__Q77HpAT,persona/datasets/matraix-persona-1m/cohorts/cohort-b9851ff4d44d/persona_synthetic-8d2cc2fc3ceb.yaml,1.0,beijixiong_316,杯具熊 316 保温杯,129.0,4,price,4,35-44,Cost-sensitive,MENA,Middle,Woman,Early career,<$25k,Full-time,أنا راتبي محدود وعندي طفل، فالميزانية تهمني كثير. بجكسيونغ 316 يعطيني أفضل قيمة: ستانلس ستيل 316 بعزل ممتاز وسعر معقول 129 يوان، أرخص من مييجيا وزوجيروشي وستانلي. ما أحتاج حجم ستانلي الكبير ولا أدفع زيادة على ماركة.
survey_water-bottle-choice__Q7oQcMi,persona/datasets/matraix-persona-1m/cohorts/cohort-b9851ff4d44d/persona_synthetic-6ad4c73df3a9.yaml,1.0,beijixiong_316,杯具熊 316 保温杯,129.0,4,price,4,55-64,Value-driven,South Asia,Lower-middle,Man,Mid-life,<$25k,Full-time,"मैं रोज़ पानी पीने के लिए एक भरोसेमंद और टिकाऊ बोतल चाहता हूँ, और मेरी आय सीमित होने के कारण कीमत मेरे लिए बहुत मायने रखती है। बेइजिक्सिओंग 316 इंसुलेटेड बोतल 129 युआन में 316/316L स्टेनलेस स्टील और अच्छी वैक्यूम इंसुलेशन देती है, जो 39.9 युआन वाली बेसिक बोतल से बेहतर गुणवत्ता देती है पर 179 या 229 युआन वाली ब्रांडेड बोतलों से सस्ती है। इसलिए यह मूल्य और टिकाऊपन के हिसाब से मेरे लिए सबसे संतुलित विकल्प है।"
survey_water-bottle-choice__QDorqhj,persona/datasets/matraix-persona-1m/cohorts/cohort-b9851ff4d44d/persona_synthetic-25ae980e62b2.yaml,1.0,fuguang_316,富光 316 保温杯,39.9,5,price,4,55-64,Cost-sensitive,East Asia,Low income,Man,Retirement,$50k-100k,Unemployed,咱这种靠退休金过日子的人，花哨的东西不实在。这个39块9的国产保温杯，316钢、密封不漏、能保温，日常喝口热水够用了，坏了丢了也不心疼。花两三百买个杯子？钱多烧得慌。
survey_water-bottle-choice__QJom4A4,persona/datasets/matraix-persona-1m/cohorts/cohort-b9851ff4d44d/persona_synthetic-c1d49cef8143.yaml,1.0,fuguang_316,富光 316 保温杯,39.9,5,price,4,45-54,Cost-sensitive,Latin America,Low income,Woman,Mid-life,<$25k,Gig / freelance,"El precio es lo que más me pesa y 39.9 yuanes por un termo de acero 316 con buen sellado me alcanza para el día a día. No necesito marca ni diseño, solo que no se me derrame en la bolsa y aguante el trajín."
survey_water-bottle-choice__QSqVaAF,persona/datasets/matraix-persona-1m/cohorts/cohort-b9851ff4d44d/persona_synthetic-7f3669c8d0b8.yaml,1.0,beijixiong_316,杯具熊 316 保温杯,129.0,4,price,3,35-44,Cost-sensitive,Sub-Saharan Africa,Lower-middle,Woman,Parent of young kids,$100k-200k,Full-time,"BeiJiXiong 316 Insulated Bottle (¥129) — best value mid tier. Ninahitaji chupa ya kudumu na yenye bei nafuu; hii ina 316/316L stainless steel, vacuum ya kuzuia joto, na bei ya kati inayolingana na bajeti yangu. Sitaki kulipa zaidi ya ¥200 kwa chupa ya maji ya kila siku."
survey_water-bottle-choice__QUzgw98,persona/datasets/matraix-persona-1m/cohorts/cohort-b9851ff4d44d/persona_synthetic-24a39e528560.yaml,1.0,beijixiong_316,杯具熊 316 保温杯,129.0,4,insulation,4,65-74,Cost-sensitive,MENA,Middle,Man,Retirement,$200k+,Retired,"I want a vacuum-insulated stainless bottle for daily tea and cold water, and 316/316L steel with a tail-less vacuum at ¥129 is the best value on this shelf. The 600 ml size suits my needs without being bulky, and the budget Fuguang at ¥39.9 feels too cheap to trust for a bottle I'll use every day."
survey_water-bottle-choice__QVfAHA4,persona/datasets/matraix-persona-1m/cohorts/cohort-b9851ff4d44d/persona_synthetic-39af9c64f0af.yaml,1.0,beijixiong_316,杯具熊 316 保温杯,129.0,4,price,4,45-54,Cost-sensitive,South Asia,Upper-middle,Woman,Mid-life,$50k-100k,Homemaker,"I want a well-insulated stainless bottle for daily use, and 316/316L steel with triple heat blocking at ¥129 feels like the sweet spot between the cheap basic option and the overpriced viral brands. I don't need a huge tumbler or a plastic non-insulated bottle, so this hits my needs without overspending."
survey_water-bottle-choice__QWLPYbC,persona/datasets/matraix-persona-1m/cohorts/cohort-b9851ff4d44d/persona_synthetic-8faa147cad12.yaml,1.0,beijixiong_316,杯具熊 316 保温杯,129.0,4,insulation,4,35-44,Cost-sensitive,Sub-Saharan Africa,Low income,Woman,Early career,$50k-100k,Full-time,"Bei ya ¥129 inatoa 316/316L stainless steel na insulation ya hali ya juu, ambayo ni bora kuliko Fuguang ya bei rahisi. Kwa matumizi ya kila siku, unene wa chuma na vacuum ya kuzuia joto ni muhimu kwangu. Sipendi kulipa zaidi kwa brand kama Zojirushi au Stanley wakati hii inatosha."
survey_water-bottle-choice__QWXmdGd,persona/datasets/matraix-persona-1m/cohorts/cohort-b9851ff4d44d/persona_synthetic-8c68bbbb5962.yaml,1.0,beijixiong_316,杯具熊 316 保温杯,129.0,4,price,4,18-24,Indifferent,Sub-Saharan Africa,Upper-middle,Woman,Student,$50k-100k,Unemployed,"Ningependa chupa ya kuaminika inayodumu siku nzima, na Beijixiong inatoa 316/316L stainless steel na insulation ya hali ya juu kwa bei ya kati ya ¥129 ambayo ni nafuu kuliko Mijia na Zojirushi. Kwa kuwa mimi ni mwanafunzi na mfanyabiashara mdogo, uwezo wa 600 ml unatosha kwa matumizi ya kila siku bila kubeba uzito mkubwa wa Stanley. Pia napenda rangi na muundo rahisi, na bei hii inaheshimu bajeti yangu."
survey_water-bottle-choice__QXpZ9Mw,persona/datasets/matraix-persona-1m/cohorts/cohort-b9851ff4d44d/persona_synthetic-f4962e63ed01.yaml,1.0,fuguang_316,富光 316 保温杯,39.9,5,price,4,18-24,Cost-sensitive,South Asia,Middle,Woman,Student,<$25k,Student,"Money's tight — I'm a student on a sub-$25k household income and I've been burned by spending on things I don't need. The Fuguang gives me vacuum insulation, a reliable seal, and 316 steel for under ¥40, which is basically the only price here I can justify for a bottle I'll knock around daily. The Nalgene isn't insulated and everything else is three to eight times the price for marginal gains."
survey_water-bottle-choice__QZrFriP,persona/datasets/matraix-persona-1m/cohorts/cohort-b9851ff4d44d/persona_synthetic-7a2ab59f4e4b.yaml,1.0,fuguang_316,富光 316 保温杯,39.9,5,price,4,45-54,Cost-sensitive,Sub-Saharan Africa,Low income,Man,Career change,$25k-50k,Homemaker,"Bei bei yangu yake ni ndogo na pesa zangu ni chache, kwa hiyo chupa ya ¥39.9 inanitosha. Ina chuma cha 316 na kifuniko kizuri, hivyo itanidumu kwa matumizi ya kila siku. Sitaki kutupa pesa nyingi kwa chupa moja."
survey_water-bottle-choice__QbZkuMY,persona/datasets/matraix-persona-1m/cohorts/cohort-b9851ff4d44d/persona_synthetic-0f614804c1eb.yaml,1.0,beijixiong_316,杯具熊 316 保温杯,129.0,4,insulation,4,18-24,Value-driven,Sub-Saharan Africa,Lower-middle,Woman,Student,$25k-50k,Gig / freelance,"BeiJiXiong 316 ni chaguo bora kwa bei ya kati — ina insulation ya hali ya juu (316/316L, tail-less vacuum) kwa ¥129 tu, ambayo ni nafuu kuliko Mijia na Zojirushi. Kwa matumizi ya kila siku, uwezo wa 600 ml unatosha na ubora wa insulation unahitajika kwa hali ya hewa tofauti."
survey_water-bottle-choice__Qff3kjx,persona/datasets/matraix-persona-1m/cohorts/cohort-b9851ff4d44d/persona_synthetic-d978a90d02ca.yaml,1.0,beijixiong_316,杯具熊 316 保温杯,129.0,4,price,4,45-54,Cost-sensitive,MENA,Upper-middle,Woman,Career change,$50k-100k,Full-time,أريد زجاجة معزولة للاستخدام اليومي، وهذا الطراز يقدّم عزلًا ممتازًا بجدار 316/316L وسعر معقول (129 يوان). السعر المنخفض نسبيًا يناسب حساسيتي للتكلفة دون التضحية بالجودة.
survey_water-bottle-choice__QguzXjG,persona/datasets/matraix-persona-1m/cohorts/cohort-b9851ff4d44d/persona_synthetic-7fd8e75d25f0.yaml,1.0,beijixiong_316,杯具熊 316 保温杯,129.0,4,insulation,4,18-24,Cost-sensitive,East Asia,Low income,Woman,Student,$50k-100k,Student,价格129元在可接受范围内，316/316L不锈钢内胆加无尾真空、三层隔热，保温性能在百元档里最好，性价比明显高于米家和象印。600ml容量也比500ml的基础款更实用，日常通勤够用，所以我选它。
survey_water-bottle-choice__QhspwKw,persona/datasets/matraix-persona-1m/cohorts/cohort-b9851ff4d44d/persona_wiki-4b1a23111c41.yaml,1.0,zojirushi_sm_sz,象印 SM-SZ,229.0,4,insulation,5,55-64,Value-driven,North America,High income,Woman,Mid-life,null,Retired,"I want a daily bottle I can rely on for years, and Zojirushi's reputation for top-tier insulation and an easy-clean non-stick interior matters more to me than saving ¥100. The 480 ml size and ultra-light build suit my routine, and the price is well within what I'd pay for a durable premium item."
survey_water-bottle-choice__QmBC5pX,persona/datasets/matraix-persona-1m/cohorts/cohort-b9851ff4d44d/persona_wiki-fe2690aa888a.yaml,1.0,beijixiong_316,杯具熊 316 保温杯,129.0,5,insulation,4,55-64,Indifferent,MENA,Upper-middle,Man,Mid-life,$100k-200k,Full-time,"I want a genuinely insulated bottle for daily use, and the Beijixiong offers a 316/316L liner, tail-less vacuum, and triple heat blocking at ¥129 — the strongest specification at a moderate price. The budget Fuguang feels too basic for something I will carry every day, while the Zojirushi and Stanley charge a premium for branding and lifestyle appeal I don't need."
survey_water-bottle-choice__QmaLwLT,persona/datasets/matraix-persona-1m/cohorts/cohort-b9851ff4d44d/persona_synthetic-c6d3b9896e10.yaml,1.0,beijixiong_316,杯具熊 316 保温杯,129.0,4,price,4,45-54,Cost-sensitive,Sub-Saharan Africa,Lower-middle,Man,Career change,$50k-100k,Self-employed,"I want insulated stainless steel for daily tea and water, and 316/316L with triple heat blocking at ¥129 is the best value on this shelf. The budget Fuguang is cheaper but only basic insulation, while Zojirushi and Stanley cost far more than I need to spend. 600 ml also suits my daily use better than 500 ml."
survey_water-bottle-choice__QnneWKR,persona/datasets/matraix-persona-1m/cohorts/cohort-b9851ff4d44d/persona_synthetic-da6b03dd610c.yaml,1.0,beijixiong_316,杯具熊 316 保温杯,129.0,4,price,4,55-64,Cost-sensitive,East Asia,Low income,Woman,Retirement,$100k-200k,Retired,我买东西先看价格和耐用，129元能拿到316/316L内胆加三层保温，比同材质的米家便宜50块。日本象印贵一倍，斯坦利那种大杯子我用不上也不需要。这个容量600毫升刚好，保温够用，坏了再买也不心疼。
survey_water-bottle-choice__QsALd2N,persona/datasets/matraix-persona-1m/cohorts/cohort-b9851ff4d44d/persona_synthetic-1cebc380c24d.yaml,1.0,fuguang_316,富光 316 保温杯,39.9,5,price,4,55-64,Cost-sensitive,South Asia,Middle,Woman,Empty nester,$25k-50k,Retired,"Paisa vasool, sach mein. Ghar ka kharcha dekh ke, ₹39.9 wala 316 steel bottle mujhe sahi lagta hai — basic insulation, seal theek, aur cheap bhi. Zojirushi aur Stanley toh bahut mehnge hain, mere jaise middle-class budget mein woh fit nahi hote, aur bade capacity wale bottles mujhe bhaari lagte hain jab main subah walk pe jaati hoon."
survey_water-bottle-choice__QwXFcSr,persona/datasets/matraix-persona-1m/cohorts/cohort-b9851ff4d44d/persona_synthetic-61281266b2d0.yaml,1.0,beijixiong_316,杯具熊 316 保温杯,129.0,4,price,4,65-74,Value-driven,Latin America,Lower-middle,Woman,Empty nester,$25k-50k,Retired,"Necesito un termo que aguante el día completo y a mí el plástico no me convence para el uso diario, así que el acero inoxidable es lo mínimo. El Beijixiong me da la mejor relación calidad-precio del rango medio: 316/316L, buen vacío y 600 ml, que es lo que necesito para mis caminatas y el jardín. El Stanley y el Zojirushi se me hacen caros para lo que ofrecen, y el Fuguang barato me da desconfianza en la tapa y el sellado."
survey_water-bottle-choice__QybngxL,persona/datasets/matraix-persona-1m/cohorts/cohort-b9851ff4d44d/persona_wiki-010bcffeba99.yaml,1.0,beijixiong_316,杯具熊 316 保温杯,129.0,4,insulation,5,25-34,Value-driven,South Asia,Middle,Woman,Early career,null,Full-time,"I want genuine vacuum insulation for hot chai and cold water on long shoot days, and the Beijixiong gives me a proper 316/316L liner with triple heat blocking at ¥129 — the sweet spot before prices get indulgent. The 600 ml size is right for a commute-and-studio routine, and I'd rather spend on proven insulation than on a viral tumbler's bulk or a premium import's markup."
survey_water-bottle-choice__QzLSEzo,persona/datasets/matraix-persona-1m/cohorts/cohort-b9851ff4d44d/persona_wiki-d6bf4f75285b.yaml,1.0,beijixiong_316,杯具熊 316 保温杯,129.0,4,insulation,5,45-54,Value-driven,North America,Upper-middle,Man,Mid-life,null,Self-employed,"At ¥129 it delivers 316/316L stainless steel with triple heat blocking and a tail-less vacuum — the best technical specification per yuan on the shelf. The 600 ml capacity suits a full workday, and I prefer paying for verifiable build quality rather than a viral brand name or plastic that won't hold temperature."
survey_water-bottle-choice__R64F9pW,persona/datasets/matraix-persona-1m/cohorts/cohort-b9851ff4d44d/persona_synthetic-828d80b67ec7.yaml,1.0,beijixiong_316,杯具熊 316 保温杯,129.0,4,insulation,4,35-44,Cost-sensitive,Latin America,Low income,Man,Early career,$25k-50k,Part-time,"Necesito aislamiento de verdad porque paso mucho tiempo fuera de casa y el clima aquí cambia fuerte, y este es el único que da 316/316L con triple bloqueo térmico a un precio que puedo pagar sin culpa. El Fuguang es más barato pero se siente demasiado básico para uso diario intenso, y el Zojirushi o Stanley ya se me salen del presupuesto familiar. Los 600 ml me alcanzan para la jornada sin andar rellenando cada rato."
survey_water-bottle-choice__R7S5PFx,persona/datasets/matraix-persona-1m/cohorts/cohort-b9851ff4d44d/persona_wiki-f0fbe292e8c0.yaml,1.0,beijixiong_316,杯具熊 316 保温杯,129.0,4,insulation,4,55-64,Premium-seeking,Western Europe,High income,Man,Mid-life,$200k+,Full-time,"I want proper vacuum insulation and a 316 stainless liner, and the Beijixiong delivers both at a sensible ¥129 rather than paying a premium for a Japanese brand name or a viral tumbler. The 600 ml capacity suits a full working day, and the triple heat blocking plus reliable seal matter more to me than aesthetics or eco-marketing. It is the best combination of build quality, capacity and price on this shelf."
survey_water-bottle-choice__RFUwLVq,persona/datasets/matraix-persona-1m/cohorts/cohort-b9851ff4d44d/persona_wiki-3713fff2ad47.yaml,1.0,beijixiong_316,杯具熊 316 保温杯,129.0,5,insulation,5,18-24,Value-driven,North America,null,Man,Student,null,null,"As a design practitioner, I want a bottle that balances craftsmanship, function, and price. The Beijixiong 316 hits the sweet spot: a 316/316L stainless steel liner with tail-less vacuum and triple heat blocking at ¥129, which is meaningfully better value than the Zojirushi or Stanley for daily use. It also fits my preference for durable, understated, well-made objects over viral lifestyle branding."
survey_water-bottle-choice__RFnPQ9o,persona/datasets/matraix-persona-1m/cohorts/cohort-b9851ff4d44d/persona_synthetic-de246650ff1b.yaml,1.0,fuguang_316,富光 316 保温杯,39.9,5,price,5,65-74,Cost-sensitive,Sub-Saharan Africa,Low income,Man,Retirement,<$25k,Retired,"I live alone on a small fixed income and I am a frugal saver, so a reliable ¥39.9 vacuum bottle with a good seal covers my daily needs. The 500 ml size suits my desk and commuting, and I would rather spend the savings elsewhere than pay for premium branding."
survey_water-bottle-choice__RHxTWUf,persona/datasets/matraix-persona-1m/cohorts/cohort-b9851ff4d44d/persona_synthetic-47488f845c79.yaml,1.0,beijixiong_316,杯具熊 316 保温杯,129.0,4,insulation,4,25-34,Premium-seeking,Southeast Asia,Low income,Woman,Early career,$50k-100k,Homemaker,"I want a bottle that actually keeps drinks hot or cold all day, and 316/316L stainless with triple heat blocking at ¥129 hits the sweet spot between the cheap basic option and the pricey Japanese one. The ¥39.9 Fuguang is tempting but I've been burned by budget insulation before, and I don't need the 946ml plastic bottle or the giant Stanley tumbler for daily use. This one feels like the honest value pick."
survey_water-bottle-choice__RQdSmZb,persona/datasets/matraix-persona-1m/cohorts/cohort-b9851ff4d44d/persona_wiki-5a60b009cc17.yaml,1.0,stanley_quencher,Stanley Quencher,319.0,4,capacity,4,18-24,Premium-seeking,North America,High income,Woman,Early career,$200k+,Full-time,"I carry a lot of water and drink constantly through the day, so the 1180 ml capacity is a genuine daily-usability win for me, and the straw lid plus handle make it effortless to sip while working, commuting, or mid-workout. I'm also drawn to the design and cultural cachet of the Quencher, and at ¥319 it's a price I'd happily pay for something I'll use every single day."
survey_water-bottle-choice__RXE5gi5,persona/datasets/matraix-persona-1m/cohorts/cohort-b9851ff4d44d/persona_wiki-97796e10fa08.yaml,1.0,beijixiong_316,杯具熊 316 保温杯,129.0,5,insulation,4,55-64,Value-driven,South Asia,High income,Man,Mid-life,$200k+,Self-employed,"I want a properly insulated bottle for daily use, and the Beijixiong 316 offers a 316/316L inner liner and triple heat blocking at ¥129 — the best engineering per yuan on this shelf. The budget Fuguang is tempting on price, but the mid-tier build quality and 600 ml capacity suit my routine better, and I see no reason to pay ¥229 or ¥319 for a Japanese premium or a viral tumbler."
survey_water-bottle-choice__RYx2ZHU,persona/datasets/matraix-persona-1m/cohorts/cohort-b9851ff4d44d/persona_synthetic-4d68835e8fb8.yaml,1.0,beijixiong_316,杯具熊 316 保温杯,129.0,4,price,4,65-74,Indifferent,Sub-Saharan Africa,Lower-middle,Woman,Retirement,<$25k,Retired,"Je veux une bouteille isotherme pour mon usage quotidien, et la Beijixiong offre le meilleur rapport qualité-prix du milieu de gamme avec sa doublure 316/316L et sa triple isolation. À ¥129, elle reste abordable pour mon budget serré tout en étant plus fiable que les options bon marché."
survey_water-bottle-choice__RZyQ7Xv,persona/datasets/matraix-persona-1m/cohorts/cohort-b9851ff4d44d/persona_synthetic-027f478f9929.yaml,1.0,beijixiong_316,杯具熊 316 保温杯,129.0,4,insulation,4,55-64,Premium-seeking,East Asia,Middle,Man,Retirement,<$25k,Retired,保温是我最看重的，316/316L内胆加无尾真空在这个价位算是顶配了。129块不贵也不便宜，国产牌子够用又放心，容量600ml刚好一天够喝。
survey_water-bottle-choice__RgnahWh,persona/datasets/matraix-persona-1m/cohorts/cohort-b9851ff4d44d/persona_synthetic-f1dc9a422f09.yaml,1.0,beijixiong_316,杯具熊 316 保温杯,129.0,4,price,4,18-24,Cost-sensitive,Latin America,Lower-middle,Woman,Student,$50k-100k,Full-time,"Como estudiante con presupuesto ajustado, busco el mejor equilibrio entre precio y calidad. El Beijixiong 316 ofrece acero inoxidable 316/316L con triple bloqueo térmico a un precio de 129 yuanes, bastante razonable para uso diario. Prefiero una botella térmica que mantenga la temperatura y sea duradera antes que pagar el sobreprecio de marcas virales o de lujo."
survey_water-bottle-choice__Rj7NPFM,persona/datasets/matraix-persona-1m/cohorts/cohort-b9851ff4d44d/persona_wiki-521ffb66533e.yaml,1.0,beijixiong_316,杯具熊 316 保温杯,129.0,5,insulation,4,35-44,Indifferent,Southeast Asia,Upper-middle,Woman,Mid-life,$100k-200k,Full-time,"I want a genuinely insulated bottle for daily commuting and long workdays, and this 600 ml 316/316L stainless option gives me the best insulation and build at the ¥100 tier. The ¥129 price is modest enough that I'm not paying for viral branding or a name I don't need, and the capacity is right for a full day without being bulky."
survey_water-bottle-choice__RvS5UrB,persona/datasets/matraix-persona-1m/cohorts/cohort-b9851ff4d44d/persona_synthetic-8a2285c2bb09.yaml,1.0,beijixiong_316,杯具熊 316 保温杯,129.0,4,price,4,25-34,Cost-sensitive,Latin America,Lower-middle,Woman,Early career,$25k-50k,Student,"Preciso de um recipiente térmico para o dia a dia e o Beijixiong entrega 316/316L com isolamento triplo por ¥129, o melhor custo-benefício da prateleira. O Fuguang é barato, mas 500 ml e isolamento básico não compensam; já o Zojirushi e o Stanley custam o dobro ou mais sem justificar a diferença para o meu uso."
survey_water-bottle-choice__S2mLicZ,persona/datasets/matraix-persona-1m/cohorts/cohort-b9851ff4d44d/persona_synthetic-0912c7c668d1.yaml,1.0,beijixiong_316,杯具熊 316 保温杯,129.0,4,price,4,25-34,Cost-sensitive,South Asia,Middle,Woman,Career change,<$25k,Full-time,"I want a daily-use insulated bottle that keeps my tea warm on the commute, and at ¥129 the Beijixiong sits right at the price point I can justify without stretching my budget. The 600 ml size is a bit more generous than the 500 ml budget options, and the 316/316L liner plus triple heat blocking sounds like the most reliable insulation I can get below the ¥200 mark, which matters since I drink slowly through the day. I considered the cheaper Fuguang, but the small upgrade in capacity and build quality feels worth the extra money."
survey_water-bottle-choice__S4opwjN,persona/datasets/matraix-persona-1m/cohorts/cohort-b9851ff4d44d/persona_synthetic-1b1178e2fa01.yaml,1.0,fuguang_316,富光 316 保温杯,39.9,5,price,4,25-34,Cost-sensitive,South Asia,Low income,Man,Career change,$25k-50k,Full-time,"मेरा बजट तंग है और मैं कीमत के प्रति बहुत संवेदनशील हूँ, इसलिए ₹39.9 वाली बोतल सबसे व्यावहारिक लगती है। बेसिक वैक्यूम इंसुलेशन, मजबूत सील और टिकाऊ 316 स्टील रोज़ के इस्तेमाल के लिए काफी है।"
survey_water-bottle-choice__S6x6hHj,persona/datasets/matraix-persona-1m/cohorts/cohort-b9851ff4d44d/persona_wiki-c3465fb42078.yaml,1.0,beijixiong_316,杯具熊 316 保温杯,129.0,4,insulation,4,65-74,Indifferent,Western Europe,Middle,Man,Mid-life,$50k-100k,Full-time,"I want a genuinely insulated bottle for daily commuting and long walks, and the Beijixiong gives me a 316/316L liner and proper vacuum insulation at a price I can justify without feeling indulgent. The 600 ml size suits a full day out better than the 480-500 ml options, and I have no interest in paying ¥229-319 for a brand name or a viral tumbler."
survey_water-bottle-choice__S7PJ7hC,persona/datasets/matraix-persona-1m/cohorts/cohort-b9851ff4d44d/persona_synthetic-8feb6dee138d.yaml,1.0,fuguang_316,富光 316 保温杯,39.9,4,price,4,55-64,Cost-sensitive,East Asia,Low income,Man,Parent of young kids,<$25k,Gig / freelance,我手头不宽裕，钱要花在刀刃上。这个¥39.9的国产316不锈钢保温瓶容量500毫升够我一天用，密封可靠、结实耐用，基本功能都有。贵的那些多是品牌溢价，我用不着。
survey_water-bottle-choice__SBwzjmB,persona/datasets/matraix-persona-1m/cohorts/cohort-b9851ff4d44d/persona_synthetic-de81cad4118f.yaml,1.0,beijixiong_316,杯具熊 316 保温杯,129.0,4,price,4,45-54,Value-driven,Southeast Asia,Upper-middle,Man,Career change,<$25k,Homemaker,"I want a proper insulated bottle for daily use, and this one gives 316/316L steel and strong vacuum insulation at ¥129, which is the sweet spot for me. The cheaper Fuguang feels too basic, while Zojirushi and Stanley cost more than I'd spend on a bottle I carry every day."
survey_water-bottle-choice__SHiFda3,persona/datasets/matraix-persona-1m/cohorts/cohort-b9851ff4d44d/persona_synthetic-e185b09ee1f2.yaml,1.0,fuguang_316,富光 316 保温杯,39.9,5,price,4,55-64,Cost-sensitive,Sub-Saharan Africa,Low income,Woman,Mid-life,$25k-50k,Self-employed,I live on a tight budget and ¥39.9 for a 316 stainless insulated bottle is unbeatable value. I don't need fancy branding or big capacity — just something that keeps my water cold and seals reliably without breaking the bank.
survey_water-bottle-choice__SKPSU6k,persona/datasets/matraix-persona-1m/cohorts/cohort-b9851ff4d44d/persona_wiki-654afd20cfd4.yaml,1.0,beijixiong_316,杯具熊 316 保温杯,129.0,4,insulation,4,65-74,Indifferent,Oceania,Middle,Man,Mid-life,null,Full-time,"I want a genuinely insulated bottle that keeps water cold through long daily walks and volunteer shifts, and 316/316L stainless with triple heat blocking at ¥129 is the best real value on this shelf. The 600 ml size is a practical middle ground for me — bigger than the basic 500 ml options without the bulk of the Stanley. I'd rather spend mid-tier money on proven insulation than pay ¥229–319 for brand cachet or a plastic non-insulated bottle."
survey_water-bottle-choice__SLDATdy,persona/datasets/matraix-persona-1m/cohorts/cohort-b9851ff4d44d/persona_wiki-e1f85c258078.yaml,1.0,beijixiong_316,杯具熊 316 保温杯,129.0,5,insulation,5,18-24,Indifferent,North America,Middle,Woman,Early career,,Self-employed,"I want a genuinely insulated bottle for daily commutes and long freelance work sessions, and the Beijixiong hits the sweet spot: 316/316L steel, triple heat blocking, and a reliable 600 ml size at ¥129. It beats the cheaper Fuguang on insulation quality without the ¥229+ premium of Zojirushi or the oversized viral Stanley. Best value for a bottle I'll actually carry every day."
survey_water-bottle-choice__SM4QuEm,persona/datasets/matraix-persona-1m/cohorts/cohort-b9851ff4d44d/persona_wiki-45afd1ee29f9.yaml,1.0,beijixiong_316,杯具熊 316 保温杯,129.0,4,insulation,4,35-44,Value-driven,Western Europe,Middle,Man,Early career,$50k-100k,Full-time,"Je cherche un thermos fiable pour un usage quotidien, et le Beijixiong offre une double paroi 316/316L avec isolation triple à un prix raisonnable (¥129), nettement moins cher que le Mijia ou le Zojirushi pour des performances comparables. Les 600 ml correspondent bien à mes besoins entre le bureau et les trajets en voiture, et je préfère payer pour la qualité de l'isolation plutôt que pour un logo ou un design viral."
survey_water-bottle-choice__SMhSdB7,persona/datasets/matraix-persona-1m/cohorts/cohort-b9851ff4d44d/persona_synthetic-e07a83a36463.yaml,1.0,beijixiong_316,杯具熊 316 保温杯,129.0,4,price,4,35-44,Cost-sensitive,Sub-Saharan Africa,Low income,Man,Career change,<$25k,Full-time,"I am cost-sensitive and buy for daily use, so the ¥129 Beijixiong gives me a genuine 316/316L insulated bottle with triple heat blocking at a price I can actually justify. It holds more than the Fuguang and Zojirushi while costing far less than the Mijia, Stanley, and Zojirushi. The Fuguang is cheapest but only 500 ml and basic, and the plastic Nalgene is not insulated, which rules it out for me."
survey_water-bottle-choice__SN69KXi,persona/datasets/matraix-persona-1m/cohorts/cohort-b9851ff4d44d/persona_synthetic-e879129d2b22.yaml,1.0,beijixiong_316,杯具熊 316 保温杯,129.0,4,insulation,4,55-64,Cost-sensitive,East Asia,Lower-middle,Woman,Mid-life,$50k-100k,Full-time,保温性を重視しており、316/316Lの内装と真空断熱でこの価格帯では最良の性能と評価している。500mlでは少し足りないが600mlなら日常使いに十分で、¥129という価格も手頃だと感じる。
survey_water-bottle-choice__SPkpdmo,persona/datasets/matraix-persona-1m/cohorts/cohort-b9851ff4d44d/persona_synthetic-496a58c9a395.yaml,1.0,beijixiong_316,杯具熊 316 保温杯,129.0,4,price,4,75-84,Premium-seeking,Sub-Saharan Africa,Lower-middle,Self-described,Retirement,$100k-200k,Retired,"Prefiero el Beijixiong 316 porque ofrece la mejor relación calidad-precio en el rango de los ¥100: acero inoxidable 316/316L en el interior, aislamiento al vacío sin cola y triple bloqueo térmico, lo que garantiza durabilidad y buen rendimiento térmico. Además, su capacidad de 600 ml es adecuada para mi uso diario y el precio de ¥129 me parece razonable para un producto de esta calidad."
survey_water-bottle-choice__SQ2rxDU,persona/datasets/matraix-persona-1m/cohorts/cohort-b9851ff4d44d/persona_synthetic-69ea69095410.yaml,1.0,beijixiong_316,杯具熊 316 保温杯,129.0,4,insulation,4,45-54,Cost-sensitive,East Asia,High income,Woman,Mid-life,$25k-50k,Full-time,"I want proper insulation for daily use, and this gives me a 316/316L interior and triple heat blocking at a reasonable ¥129. The budget Fuguang is tempting but I would rather pay a little more for better build quality. I do not need the huge Stanley capacity or Zojirushi pricing."
survey_water-bottle-choice__SXru3C6,persona/datasets/matraix-persona-1m/cohorts/cohort-b9851ff4d44d/persona_synthetic-e962fa3cdd42.yaml,1.0,fuguang_316,富光 316 保温杯,39.9,5,price,4,45-54,Cost-sensitive,East Asia,Lower-middle,Woman,Career change,<$25k,Full-time,我预算紧，家里开销大，能省就省。这个39.9元的国产316不锈钢保温瓶，容量500毫升够我一天用，密封可靠又耐用，坏了再买也不心疼。品牌虽然普通，但基本功能都有，对我来说够用了。
survey_water-bottle-choice__SacqVKC,persona/datasets/matraix-persona-1m/cohorts/cohort-b9851ff4d44d/persona_wiki-ff12e00f6b7c.yaml,1.0,beijixiong_316,杯具熊 316 保温杯,129.0,5,insulation,4,55-64,Indifferent,East Asia,Upper-middle,Woman,Mid-life,null,Full-time,"It hits the sweet spot for me: a 316/316L stainless steel liner with triple heat blocking at ¥129, which is genuinely good insulation without paying the premium markup of the Zojirushi or the viral Stanley. The 600 ml capacity suits a full teaching day, and I prefer a sturdy, well-sealed bottle from a solid mid-tier brand over a plastic non-insulated option or a trendy oversized tumbler."
survey_water-bottle-choice__Savnkv7,persona/datasets/matraix-persona-1m/cohorts/cohort-b9851ff4d44d/persona_synthetic-5f2daffe93e4.yaml,1.0,beijixiong_316,杯具熊 316 保温杯,129.0,4,price,4,55-64,Cost-sensitive,Latin America,Lower-middle,Woman,Mid-life,$25k-50k,Unemployed,"Precio medio de ¥129 con acero inoxidable 316/316L y triple bloqueo térmico, lo que ofrece la mejor relación calidad-precio para uso diario. Soy sensible al costo y prefiero algo duradero y bien aislado antes que pagar por una marca viral o un diseño minimalista. Además, 600 ml es una capacidad práctica para llevar conmigo sin resultar pesada."
survey_water-bottle-choice__ScoguhE,persona/datasets/matraix-persona-1m/cohorts/cohort-b9851ff4d44d/persona_synthetic-55a10c2c3d5a.yaml,1.0,beijixiong_316,杯具熊 316 保温杯,129.0,4,price,4,45-54,Cost-sensitive,MENA,Low income,Woman,Mid-life,$50k-100k,Full-time,"Je cherche avant tout une bouteille isolée fiable pour un usage quotidien, et la Beijixiong offre une double paroi 316/316L avec isolation sous vide à un prix très raisonnable. À ¥129, elle représente le meilleur compromis entre qualité de fabrication, capacité de 600 ml et coût, sans payer la prime de marque des Zojirushi ou Stanley. Le prix reste modeste pour une bouteille que j'utiliserai tous les jours."
survey_water-bottle-choice__SfrVmuJ,persona/datasets/matraix-persona-1m/cohorts/cohort-b9851ff4d44d/persona_synthetic-f4005f026861.yaml,1.0,beijixiong_316,杯具熊 316 保温杯,129.0,4,price,4,18-24,Cost-sensitive,East Asia,Lower-middle,Man,Early career,<$25k,Student,我预算有限，但每天都要用，所以想要保温靠谱又不太贵的一款。北极熊这款在百元档里用料最好（316/316L内胆、无尾真空），600ml容量也够用，比基础款只贵一点。
survey_water-bottle-choice__SgAJpqZ,persona/datasets/matraix-persona-1m/cohorts/cohort-b9851ff4d44d/persona_synthetic-524ae3de97e8.yaml,1.0,beijixiong_316,杯具熊 316 保温杯,129.0,4,insulation,4,65-74,Value-driven,East Asia,High income,Woman,Retirement,<$25k,Retired,我每天都要用，最看重保温可靠和价格合理。北極熊316在百元档里内胆和真空工艺最好，600毫升容量也够用，比小米和象印便宜不少，比39.9元那款更耐用。
survey_water-bottle-choice__Sm7Z4iQ,persona/datasets/matraix-persona-1m/cohorts/cohort-b9851ff4d44d/persona_wiki-3444d9b7c1fa.yaml,1.0,beijixiong_316,杯具熊 316 保温杯,129.0,4,insulation,4,45-54,Value-driven,Oceania,Upper-middle,Woman,,null,Full-time,"I want a bottle I can carry daily that keeps drinks hot or cold, and the Beijixiong 316 offers a genuine 316/316L stainless liner and triple heat blocking at a sensible ¥129. The 600 ml capacity is practical for commuting and meetings, and it sits well below the premium options without giving up insulation performance."
survey_water-bottle-choice__SnuriJ8,persona/datasets/matraix-persona-1m/cohorts/cohort-b9851ff4d44d/persona_synthetic-1734d84cc751.yaml,1.0,fuguang_316,富光 316 保温杯,39.9,5,price,4,45-54,Cost-sensitive,South Asia,Middle,Woman,Empty nester,<$25k,Full-time,"I run a small side business and money is tight, so the ¥39.9 Fuguang gets me a sealed 316 stainless bottle without the brand markup. 500 ml is plenty for my desk and commute, and if I lose it on the bus I won't be upset. The fancy tumblers cost more than a week of my grocery budget."
survey_water-bottle-choice__SsJcmxw,persona/datasets/matraix-persona-1m/cohorts/cohort-b9851ff4d44d/persona_synthetic-7b5ef6fd2f3f.yaml,1.0,beijixiong_316,杯具熊 316 保温杯,129.0,4,price,4,75-84,Cost-sensitive,South Asia,Low income,Woman,Retirement,$25k-50k,Unemployed,"I want a stainless steel insulated bottle that keeps tea hot through the day, and 316/316L with triple heat blocking at ¥129 is the best value on this shelf. The 600 ml size is right for my daily errands, and I trust a mid-tier price more than the ¥229-319 premium bottles since I am on a fixed income."
survey_water-bottle-choice__Sw5HT2T,persona/datasets/matraix-persona-1m/cohorts/cohort-b9851ff4d44d/persona_synthetic-61d2c2c99780.yaml,1.0,beijixiong_316,杯具熊 316 保温杯,129.0,4,insulation,4,25-34,Cost-sensitive,East Asia,Middle,Woman,Mid-life,<$25k,Full-time,我每天都要用，保温性能和耐用度是底线，北極熊316在同价位里内胆规格最扎实，129元也算能接受。日本牌子溢价太高，塑料瓶不保温，Stanley太大又贵，日常通勤不合适。
survey_water-bottle-choice__SwYB3AA,persona/datasets/matraix-persona-1m/cohorts/cohort-b9851ff4d44d/persona_synthetic-f8b198daa297.yaml,1.0,beijixiong_316,杯具熊 316 保温杯,129.0,4,insulation,4,18-24,Cost-sensitive,MENA,Low income,Woman,Early career,$100k-200k,Student,"I want a bottle that keeps my water cold all day in the heat, and the 316/316L stainless steel inner liner with triple heat blocking sounds like the most reliable insulation I can get without overspending. The ¥129 price sits comfortably in my budget, and I trust a mid-tier 600 ml insulated bottle more than a cheap basic one or a plastic bottle that won't hold temperature."
survey_water-bottle-choice__THdFawS,persona/datasets/matraix-persona-1m/cohorts/cohort-b9851ff4d44d/persona_wiki-fad68904d5ae.yaml,1.0,beijixiong_316,杯具熊 316 保温杯,129.0,4,price,4,35-44,Cost-sensitive,Western Europe,Lower-middle,Woman,Mid-life,null,Part-time,"I'm cost-sensitive and widowed with two teenagers, so I need something reliable without overspending. The Beijixiong gives me genuine 316 stainless steel insulation and a solid seal at ¥129, which is the best balance of quality and price here. The cheaper Fuguang worries me on durability, and the premium brands feel like paying for a name I don't need."
survey_water-bottle-choice__THiZwU3,persona/datasets/matraix-persona-1m/cohorts/cohort-b9851ff4d44d/persona_synthetic-bda2fa010b61.yaml,1.0,fuguang_316,富光 316 保温杯,39.9,3,insulation,3,45-54,Cost-sensitive,East Asia,Low income,Woman,Retirement,$50k-100k,Full-time,"No persona-specific answer was produced, so a neutral answer was used."
survey_water-bottle-choice__TKDm6s3,persona/datasets/matraix-persona-1m/cohorts/cohort-b9851ff4d44d/persona_wiki-e922d5528d43.yaml,1.0,beijixiong_316,杯具熊 316 保温杯,129.0,5,insulation,4,65-74,Value-driven,North America,Upper-middle,Man,Mid-life,null,Self-employed,"I want vacuum insulation for daily use and 316 stainless steel as a quality marker, and this hits both at a fair price. The 600 ml capacity suits a full workday, and the ¥129 tier is a reasonable ceiling for something I'll carry constantly. Zojirushi is better but I can't justify nearly double the price for a bottle I'll likely dent."
survey_water-bottle-choice__TLTtgAg,persona/datasets/matraix-persona-1m/cohorts/cohort-b9851ff4d44d/persona_synthetic-5853aa67f018.yaml,1.0,fuguang_316,富光 316 保温杯,39.9,5,price,4,65-74,Cost-sensitive,East Asia,Middle,Woman,Retirement,<$25k,Retired,退休后收入有限，每月要精打细算，39.9元的价格最符合我的预算。316不锈钢内胆加真空保温，日常喝热水足够用，密封可靠、耐摔耐用，坏了也不心疼。
survey_water-bottle-choice__TVxEoTr,persona/datasets/matraix-persona-1m/cohorts/cohort-b9851ff4d44d/persona_wiki-a5448713187f.yaml,1.0,beijixiong_316,杯具熊 316 保温杯,129.0,5,insulation,5,85+,Indifferent,North America,Middle,Woman,Retirement,,Self-employed,"At 600 ml it holds enough for a full day of errands and volunteer commitments, and the 316/316L stainless liner with triple heat blocking is exactly the kind of durable, well-engineered product I trust without paying a lifestyle-brand premium. The ¥129 price is fair for that build quality, and I would rather support a solid mid-tier maker than a viral tumbler."
survey_water-bottle-choice__Tapp6k2,persona/datasets/matraix-persona-1m/cohorts/cohort-b9851ff4d44d/persona_wiki-76173cdad0c3.yaml,1.0,zojirushi_sm_sz,象印 SM-SZ,229.0,5,insulation,5,85+,Premium-seeking,Latin America,High income,Man,Mid-life,$200k+,Self-employed,"I drink coffee and tea throughout the day, so top-tier insulation and the easy-to-clean non-stick interior matter more to me than saving a few yuan. The Zojirushi's Japanese build quality and light weight suit my daily routine, and at this price it is still a modest, sensible purchase."
survey_water-bottle-choice__TcuaeES,persona/datasets/matraix-persona-1m/cohorts/cohort-b9851ff4d44d/persona_synthetic-afbc56d9436f.yaml,1.0,beijixiong_316,杯具熊 316 保温杯,129.0,4,insulation,4,25-34,Value-driven,East Asia,Low income,Man,Mid-life,$50k-100k,Full-time,我要买的是每天随身用的水瓶，最看重保温性能和长期耐用，而不是外观或品牌名气。北極熊这款在百元档里给到316/316L内胆、无尾真空和三重隔热，600毫升的容量也比500毫升更实用，129元的价格对我来说是能接受的合理区间。相比之下，39.9元那款虽然便宜但容量偏小、档次更低，而Zojirushi和Stanley的价格已经超出我愿意为一只水瓶支付的范围。
survey_water-bottle-choice__TddoNAZ,persona/datasets/matraix-persona-1m/cohorts/cohort-b9851ff4d44d/persona_synthetic-e9bc5765909d.yaml,1.0,beijixiong_316,杯具熊 316 保温杯,129.0,4,insulation,4,45-54,Indifferent,Sub-Saharan Africa,Low income,Woman,Career change,<$25k,Self-employed,"I need a bottle that keeps water hot through long days and my budget is tight, so the ¥129 316/316L insulated bottle hits the sweet spot — better insulation than the ¥39.9 basic one without paying Mijia or Zojirushi prices. Stanley's 40oz is too big and pricey for me, and the Nalgene isn't insulated at all, which kills it for daily hot drinks."
survey_water-bottle-choice__Tdj6Pjt,persona/datasets/matraix-persona-1m/cohorts/cohort-b9851ff4d44d/persona_wiki-76ae82ff2e9e.yaml,1.0,beijixiong_316,杯具熊 316 保温杯,129.0,5,insulation,4,45-54,Value-driven,South Asia,null,Woman,Mid-life,null,Self-employed,"As a media professional who's on the move between shoots, sets, and client meetings, I need a bottle that actually keeps liquids hot through a long day — and 316/316L stainless with triple heat blocking at ¥129 is the sweet spot where quality and price meet. The Fuguang is tempting at ¥39.9 but the basic insulation won't hold up, while the Zojirushi and Stanley ask for premium prices I can't justify for a daily beater I'll be tossing in a bag. The Beijixiong gives me the insulation performance I care about without paying for a brand name or viral marketing."
survey_water-bottle-choice__TgTRn2Z,persona/datasets/matraix-persona-1m/cohorts/cohort-b9851ff4d44d/persona_wiki-06684927cde0.yaml,1.0,zojirushi_sm_sz,象印 SM-SZ,229.0,4,insulation,5,75-84,Premium-seeking,Sub-Saharan Africa,High income,Man,Mid-life,null,Retired,"I have used Zojirushi vacuum flasks for years and trust their insulation and build quality above all others on this shelf. The non-stick interior coating makes daily cleaning effortless, which matters for a bottle I will use every single day. At ¥229 it is a premium price, but for a tool I rely on daily, paying for proven Japanese engineering is the sensible choice."
survey_water-bottle-choice__TiLwAXX,persona/datasets/matraix-persona-1m/cohorts/cohort-b9851ff4d44d/persona_wiki-4923654cf65c.yaml,1.0,beijixiong_316,杯具熊 316 保温杯,129.0,5,insulation,4,45-54,Indifferent,Latin America,High income,Man,Mid-life,null,Full-time,"Prefiero un termo de acero inoxidable 316 por su durabilidad y sellado fiable para el uso diario, y este modelo ofrece la mejor relación calidad-precio en el tramo de ¥100 con aislamiento de triple barrera. La capacidad de 600 ml es adecuada para mi jornada y su precio es razonable sin pagar sobreprecio por marca o moda."
survey_water-bottle-choice__Tnc6G2w,persona/datasets/matraix-persona-1m/cohorts/cohort-b9851ff4d44d/persona_synthetic-6aa776ecfc20.yaml,1.0,beijixiong_316,杯具熊 316 保温杯,129.0,4,insulation,4,35-44,Cost-sensitive,Sub-Saharan Africa,Lower-middle,Man,Mid-life,$50k-100k,Full-time,"I want real insulation without paying premium prices, and the Beijixiong 316 gives me a 316/316L inner liner and triple heat blocking at ¥129. The 600 ml size suits my daily needs better than the 500 ml budget pick, and I don't trust plastic bottles like the Nalgene to keep drinks warm."
survey_water-bottle-choice__ToTKYRA,persona/datasets/matraix-persona-1m/cohorts/cohort-b9851ff4d44d/persona_synthetic-97983ca7b2c4.yaml,1.0,fuguang_316,富光 316 保温杯,39.9,5,price,4,45-54,Cost-sensitive,South Asia,Upper-middle,Man,Mid-life,<$25k,Self-employed,"I'm cost-sensitive and on a tight budget, so the ¥39.9 Fuguang gives me the insulated 316 stainless steel performance I want without overspending. It's a reliable, durable daily bottle from a budget national brand, and I don't need the extra capacity or viral branding of the pricier options."
survey_water-bottle-choice__TwEQJKp,persona/datasets/matraix-persona-1m/cohorts/cohort-b9851ff4d44d/persona_synthetic-f9f98bbcb006.yaml,1.0,fuguang_316,富光 316 保温杯,39.9,5,price,4,45-54,Cost-sensitive,Latin America,Lower-middle,Woman,Career change,<$25k,Homemaker,"Con cinco personas en casa y el dinero justo, no puedo gastar más de lo necesario en una botella. La Fuguang de ¥39.9 es de acero 316, sella bien y mantiene el agua fría, que es lo único que le pido. Prefiero ahorrar el resto para la comida que pagar por una marca viral."
survey_water-bottle-choice__TzX7PXw,persona/datasets/matraix-persona-1m/cohorts/cohort-b9851ff4d44d/persona_synthetic-f1148b8c9a0a.yaml,1.0,fuguang_316,富光 316 保温杯,39.9,5,price,4,55-64,Cost-sensitive,MENA,Middle,Man,Retirement,$25k-50k,Full-time,"I'm cost-sensitive and don't need premium features — basic vacuum insulation and a reliable seal cover daily use. At ¥39.9 it's cheap enough to replace without worry, and the 500 ml 316 steel body fits my minimal, low-risk habits."
survey_water-bottle-choice__U4FMaPx,persona/datasets/matraix-persona-1m/cohorts/cohort-b9851ff4d44d/persona_wiki-156660b9a22b.yaml,1.0,zojirushi_sm_sz,象印 SM-SZ,229.0,4,insulation,5,65-74,Value-driven,North America,High income,Woman,Retirement,$100k-200k,Full-time,"I want a bottle that keeps drinks at temperature for hours without fail, and Zojirushi's insulation is the best-proven on this shelf. The non-stick interior coating matters because I use my bottle daily with coffee and tea, and easy cleaning is worth the premium. At ¥229 it's a modest outlay for a tool I'll carry every day for years."
survey_water-bottle-choice__U69XseF,persona/datasets/matraix-persona-1m/cohorts/cohort-b9851ff4d44d/persona_wiki-ce192047abb9.yaml,1.0,zojirushi_sm_sz,象印 SM-SZ,229.0,4,insulation,4,35-44,Premium-seeking,South Asia,Upper-middle,Woman,Mid-life,$100k-200k,Self-employed,I carry a bottle every day and I want one that actually keeps my coffee hot and my water cold without leaking into my bag — the Zojirushi's insulation and non-stick interior are worth paying for. The 480 ml size fits my handbag and the ultra-light build means I'll actually carry it instead of leaving it at home. I'd rather buy the premium Japanese one once than replace a cheap bottle every few months.
survey_water-bottle-choice__UCWv6Tz,persona/datasets/matraix-persona-1m/cohorts/cohort-b9851ff4d44d/persona_synthetic-589d92ef3708.yaml,1.0,beijixiong_316,杯具熊 316 保温杯,129.0,4,price,4,65-74,Cost-sensitive,MENA,Lower-middle,Woman,Retirement,<$25k,Retired,أحتاج زجاجة يومية متينة بحجم معقول وسعر معقول. البيجيشيونغ 316 يقدّم عزلًا ممتازًا وبطانة 316/316L بسعر 129 يوان، وهو أفضل قيمة في المنتصف بينما البقية إما غالية أو غير معزولة.
survey_water-bottle-choice__URuiXpd,persona/datasets/matraix-persona-1m/cohorts/cohort-b9851ff4d44d/persona_wiki-df6512ab38e5.yaml,1.0,zojirushi_sm_sz,象印 SM-SZ,229.0,4,insulation,4,75-84,Value-driven,Oceania,Upper-middle,Man,Retirement,null,Retired,"I want a genuinely reliable insulated bottle for daily use, and the Zojirushi's top-tier insulation and non-stick interior make it the most dependable option here. The 480 ml size is right for my needs, and the ultra-light build suits my preference for well-engineered, minimal gear. I would rather pay once for Japanese build quality than replace a cheaper bottle."
survey_water-bottle-choice__UXiXdi9,persona/datasets/matraix-persona-1m/cohorts/cohort-b9851ff4d44d/persona_synthetic-bde67dcde4ed.yaml,1.0,beijixiong_316,杯具熊 316 保温杯,129.0,4,insulation,4,45-54,Cost-sensitive,Latin America,Lower-middle,Woman,Mid-life,$25k-50k,Full-time,"Necesito algo que aguante el frío de la mañana y el calor del mediodía, y el acero 316 con triple bloqueo térmico me da eso sin que me duela el bolsillo. A ¥129 es lo más honesto de la estantería: buena marca, buen material, precio que puedo pagar. El Stanley es puro show y el Zojirushi se me va del presupuesto."
survey_water-bottle-choice__Uah4EPt,persona/datasets/matraix-persona-1m/cohorts/cohort-b9851ff4d44d/persona_synthetic-be3e96dfd737.yaml,1.0,beijixiong_316,杯具熊 316 保温杯,129.0,4,insulation,4,25-34,Cost-sensitive,Sub-Saharan Africa,Low income,Woman,Early career,$200k+,Full-time,"I want a vacuum-insulated bottle I can carry daily, and this one gives 316/316L steel and triple heat blocking at a price I can actually justify. The 600 ml size is right for a workday, and it costs far less than the Zojirushi or Stanley while still feeling like a real upgrade over the ¥39.9 basic bottle."
survey_water-bottle-choice__UidQCzb,persona/datasets/matraix-persona-1m/cohorts/cohort-b9851ff4d44d/persona_synthetic-61c6092ef1e5.yaml,1.0,beijixiong_316,杯具熊 316 保温杯,129.0,4,insulation,4,55-64,Indifferent,East Asia,Low income,Woman,Empty nester,$50k-100k,Retired,我偏好316不锈钢内胆，因为它对日常饮用更安心，且真空保温可靠。北吉熊这款在百元价位提供316/316L内胆与三重隔热，容量600毫升也适合我全天使用。价格适中，符合我对耐用与性价比兼顾的要求。
survey_water-bottle-choice__UjZhuu2,persona/datasets/matraix-persona-1m/cohorts/cohort-b9851ff4d44d/persona_synthetic-948e7c403f75.yaml,1.0,beijixiong_316,杯具熊 316 保温杯,129.0,4,price,4,18-24,Value-driven,East Asia,Low income,Woman,Early career,$25k-50k,Full-time,我要的是每天带出门、能保温又不心疼的瓶子，129元这个价位拿到316/316L内胆加无尾真空，是这排货里性价比最实在的。国产品牌买起来也放心，坏了再买一个不肉疼。
survey_water-bottle-choice__UjuNDGr,persona/datasets/matraix-persona-1m/cohorts/cohort-b9851ff4d44d/persona_synthetic-1e45376b23e3.yaml,1.0,beijixiong_316,杯具熊 316 保温杯,129.0,4,insulation,4,45-54,Cost-sensitive,East Asia,Middle,Man,Mid-life,<$25k,Homemaker,"I want an insulated bottle that actually keeps tea hot through a long day, and the 316/316L liner with tail-less vacuum at ¥129 is the best value on this shelf. The cheaper Fuguang is tempting but the upgrade in build quality here is worth the extra money. The premium Zojirushi and viral Stanley are just paying for brand and size I don't need."
survey_water-bottle-choice__UkiQujo,persona/datasets/matraix-persona-1m/cohorts/cohort-b9851ff4d44d/persona_synthetic-551a29bf5d84.yaml,1.0,beijixiong_316,杯具熊 316 保温杯,129.0,4,insulation,4,65-74,Indifferent,Sub-Saharan Africa,Lower-middle,Woman,Retirement,$50k-100k,Retired,"I want insulated stainless steel so my tea stays warm through the day, and 316/316L with good vacuum insulation at ¥129 feels like the sweet spot. The 600 ml size is right for daily use, and it avoids the plastic of the Nalgene and the price jump of the Zojirushi and Stanley."
survey_water-bottle-choice__Um5Kude,persona/datasets/matraix-persona-1m/cohorts/cohort-b9851ff4d44d/persona_wiki-a08f2591d70b.yaml,1.0,beijixiong_316,杯具熊 316 保温杯,129.0,5,insulation,5,55-64,Value-driven,Sub-Saharan Africa,High income,Woman,Mid-life,null,Full-time,"I need a reliable insulated bottle for daily commuting and long meetings, and the Beijixiong 316 offers premium 316/316L stainless steel and triple heat blocking at ¥129 — the sweet spot between the budget Fuguang and the pricier Mijia. I would rather pay a modest premium over the ¥39.9 basic model for better thermal performance and durability, without stepping up to the lifestyle-priced Stanley or Zojirushi."
survey_water-bottle-choice__UuzkMFw,persona/datasets/matraix-persona-1m/cohorts/cohort-b9851ff4d44d/persona_synthetic-937e083a8140.yaml,1.0,beijixiong_316,杯具熊 316 保温杯,129.0,4,price,4,35-44,Value-driven,Southeast Asia,Low income,Woman,Mid-life,$100k-200k,Self-employed,أنا أدور على قارورة للاستخدام اليومي، وأهم شي عندي العزل والجودة مقابل السعر. البيجيشيونغ 316 يعطيني بطانة 316/316L وعزل ثلاثي بسعر 129 يوان، وهذا أفضل توازن بين القيمة والأداء. الفوغوانغ رخيص بس أحس إنه أساسيات مرة، أما نالجين ما يعزل، والباقي غالي زيادة على ميزانيتي.
survey_water-bottle-choice__UyBbeQ6,persona/datasets/matraix-persona-1m/cohorts/cohort-b9851ff4d44d/persona_synthetic-3fd10c2b1073.yaml,1.0,beijixiong_316,杯具熊 316 保温杯,129.0,4,insulation,4,45-54,Value-driven,South Asia,Upper-middle,Woman,Mid-life,<$25k,Full-time,"I want real vacuum insulation for daily use and 316/316L steel, but I won't pay premium prices for a brand name. At ¥129 the Beijixiong gives me the best insulation specs at the mid tier, and 600 ml suits my daily needs without being bulky."
survey_water-bottle-choice__Uywc9xC,persona/datasets/matraix-persona-1m/cohorts/cohort-b9851ff4d44d/persona_synthetic-44c3c0bd9e12.yaml,1.0,beijixiong_316,杯具熊 316 保温杯,129.0,4,insulation,4,65-74,Value-driven,East Asia,Middle,Man,Retirement,$200k+,Retired,保温性能と316ステンレス内装で、100元台としては最もバランスが良いと判断しました。500mlでは少し心もとなく、1180mlは大きすぎるため、600mlという容量も日常使いに丁度良いです。国産ブランドで密封性も信頼でき、値段も手頃なので、これに決めます。
survey_water-bottle-choice__V4hk5ux,persona/datasets/matraix-persona-1m/cohorts/cohort-b9851ff4d44d/persona_wiki-887127681007.yaml,1.0,beijixiong_316,杯具熊 316 保温杯,129.0,5,insulation,5,35-44,Value-driven,Sub-Saharan Africa,Upper-middle,Woman,Parent of young kids,$100k-200k,Self-employed,"I need a bottle that actually keeps water cold through long school-run mornings, client calls, and kitchen sessions, and 316 stainless with proper vacuum insulation is the spec that matters to me. At ¥129 it's the sweet spot — I get premium-grade materials without paying Zojirushi or Stanley-brand tax, and 600 ml is the right size for a daily carry that still fits my bag."
survey_water-bottle-choice__V9cc384,persona/datasets/matraix-persona-1m/cohorts/cohort-b9851ff4d44d/persona_synthetic-c0074f3ec45f.yaml,1.0,fuguang_316,富光 316 保温杯,39.9,5,price,4,18-24,Cost-sensitive,South Asia,Lower-middle,Woman,Early career,<$25k,Student,"I need a basic insulated bottle for daily use and my budget is tight, so the ¥39.9 Fuguang is the only one I can justify. It covers the essentials — vacuum insulation, a reliable seal, and 316 steel — without paying for branding I don't need."
survey_water-bottle-choice__VAmTKXf,persona/datasets/matraix-persona-1m/cohorts/cohort-b9851ff4d44d/persona_synthetic-49c118195881.yaml,1.0,fuguang_316,富光 316 保温杯,39.9,5,price,4,55-64,Value-driven,South Asia,Low income,Woman,Mid-life,$25k-50k,Homemaker,"I need a cheap, dependable daily bottle and this one covers the basics — vacuum insulation, a seal that holds, and 316 stainless steel — for only ¥39.9. I am a homemaker on a tight budget with two children to look after, so I would rather spend the savings on the household than on a premium brand name I do not need. The 500 ml size is enough for my everyday errands and morning routine, and if it gets lost or dented I will not be heartbroken."
survey_water-bottle-choice__VFLAs9M,persona/datasets/matraix-persona-1m/cohorts/cohort-b9851ff4d44d/persona_synthetic-e9dd2c3a5477.yaml,1.0,beijixiong_316,杯具熊 316 保温杯,129.0,5,price,4,45-54,Cost-sensitive,MENA,Lower-middle,Woman,Career change,<$25k,Full-time,أحتاج زجاجة معزولة للاستخدام اليومي، وهذا الطراز يقدّم أفضل قيمة في فئة المئة يوان: بطانة 316/316L وعزل ثلاثي وسعر معقول. ماركة غير مشهورة لكن المواصفات مذكورة بوضوح وتكفيني، والتكلفة تناسب ميزانيتي المحدودة.
survey_water-bottle-choice__VQK5Sgi,persona/datasets/matraix-persona-1m/cohorts/cohort-b9851ff4d44d/persona_synthetic-874ae4938311.yaml,1.0,fuguang_316,富光 316 保温杯,39.9,5,price,4,65-74,Cost-sensitive,East Asia,High income,Woman,Retirement,$200k+,Homemaker,我买东西看性价比，这款39.9元最便宜，316不锈钢内胆、真空保温、密封可靠，日常喝水完全够用。家里人多、开销大，我又是精打细算的人，没必要为品牌溢价买单。不过我不太喜欢塑料瓶和花哨的网红款，这款朴素耐用正合适。
survey_water-bottle-choice__VUBMkHk,persona/datasets/matraix-persona-1m/cohorts/cohort-b9851ff4d44d/persona_synthetic-71fb1f43b0ef.yaml,1.0,beijixiong_316,杯具熊 316 保温杯,129.0,4,insulation,4,45-54,Cost-sensitive,East Asia,Low income,Woman,Career change,$100k-200k,Full-time,保温性能は毎日の通勤で使うなら譲れないが、200元を超えるのは抵抗がある。316ステンレスで600ml、129元なら価格と性能のバランスが一番取れている。
survey_water-bottle-choice__VZzypmF,persona/datasets/matraix-persona-1m/cohorts/cohort-b9851ff4d44d/persona_wiki-a6e2c69212f9.yaml,1.0,zojirushi_sm_sz,象印 SM-SZ,229.0,4,insulation,5,65-74,Value-driven,North America,Upper-middle,Woman,Mid-life,null,Self-employed,"I care most about insulation and easy cleaning for a bottle I'll use every day, and Zojirushi's reputation for top-tier vacuum insulation plus a non-stick interior is worth the premium to me. The 480 ml size suits my urban commute and desk work, and the ultra-light build means I'll actually carry it. At ¥229 it's a considered purchase rather than a splurge, and I'd rather buy one excellent bottle than replace a cheap one."
survey_water-bottle-choice__VhQMLiq,persona/datasets/matraix-persona-1m/cohorts/cohort-b9851ff4d44d/persona_synthetic-993bf393968a.yaml,1.0,fuguang_316,富光 316 保温杯,39.9,4,price,4,18-24,Cost-sensitive,South Asia,Upper-middle,Woman,Early career,$25k-50k,Part-time,"मेरा बजट सीमित है और मैं कीमत के प्रति बहुत सजग हूँ, इसलिए ¥39.9 का दाम मेरे लिए सही बैठता है। 316 स्टील, वैक्यूम इंसुलेशन और भरोसेमंद सील जैसी बुनियादी ज़रूरतें इसमें पूरी होती हैं। रोज़ाना के इस्तेमाल के लिए यह टिकाऊ और सस्ता विकल्प पर्याप्त है।"
survey_water-bottle-choice__Viif9FZ,persona/datasets/matraix-persona-1m/cohorts/cohort-b9851ff4d44d/persona_wiki-bf99e714e8a1.yaml,1.0,beijixiong_316,杯具熊 316 保温杯,129.0,4,insulation,4,35-44,Indifferent,MENA,Middle,Woman,Early career,,Full-time,"Günlük kullanım için sıcak/soğuk performansı, sızdırmazlık ve dayanıklılık benim için en önemlisi; 316/316L iç kaplama ve üçlü ısı yalıtımı bu fiyat bandında en iyi dengeyi sunuyor. 600 ml kapasite çantamda taşınabilir ama gün boyu yetecek kadar da geniş. Marka takıntım yok, ama bu kadar iyi bir teknik özellik setini ¥129'a almak bana mantıklı geliyor."
survey_water-bottle-choice__VnGJqTg,persona/datasets/matraix-persona-1m/cohorts/cohort-b9851ff4d44d/persona_synthetic-2d05b0668ec6.yaml,1.0,fuguang_316,富光 316 保温杯,39.9,3,insulation,3,65-74,Cost-sensitive,Sub-Saharan Africa,Lower-middle,Woman,Retirement,$25k-50k,Self-employed,"No persona-specific answer was produced, so a neutral answer was used."
survey_water-bottle-choice__VxpWLGW,persona/datasets/matraix-persona-1m/cohorts/cohort-b9851ff4d44d/persona_synthetic-6f082968f2fe.yaml,1.0,beijixiong_316,杯具熊 316 保温杯,129.0,5,insulation,4,18-24,Indifferent,East Asia,Low income,Man,Student,<$25k,Student,我每天通勤和上课都要带着水壶，保温效果和耐用性最重要。Beijixiong 在百元档给了 316/316L 内胆和无尾真空，比 Fuguang 的入门款靠谱，又比 Mijia、Zojirushi 便宜一大截。600ml 容量刚好够我一天喝，价格我负担得起。
survey_water-bottle-choice__VyDTxzX,persona/datasets/matraix-persona-1m/cohorts/cohort-b9851ff4d44d/persona_wiki-6434dd7c7100.yaml,1.0,zojirushi_sm_sz,象印 SM-SZ,229.0,4,insulation,4,55-64,Premium-seeking,Western Europe,High income,Woman,Mid-life,null,Self-employed,"I cycle through my bottles daily and value things that simply work well for years, so the Japanese build quality and top-tier insulation justify the price. The ultra-light weight and non-stick interior that cleans easily matter more to me than saving a hundred yuan, and at 480 ml it's the right size for desk and car use."
survey_water-bottle-choice__VzFLzwg,persona/datasets/matraix-persona-1m/cohorts/cohort-b9851ff4d44d/persona_wiki-918f5994354c.yaml,1.0,beijixiong_316,杯具熊 316 保温杯,129.0,5,insulation,4,85+,Indifferent,MENA,Middle,Woman,Retirement,,Self-employed,"At my age I drink warm water throughout the day, so real insulation matters more than looks. The Beijixiong gives me a proper 316/316L vacuum liner and triple heat blocking at ¥129, which is the sensible middle of this shelf — the Zojirushi is lovely but I cannot justify nearly double for a bottle I will knock about the kitchen and garden. The 600 ml size also suits my routine better than the small 480–500 ml options."
survey_water-bottle-choice__W4pefPV,persona/datasets/matraix-persona-1m/cohorts/cohort-b9851ff4d44d/persona_synthetic-fe56fbb3d5c7.yaml,1.0,fuguang_316,富光 316 保温杯,39.9,5,price,4,18-24,Cost-sensitive,Southeast Asia,Low income,Woman,Student,$50k-100k,Unemployed,我预算紧张，日常只是想喝口温水，39.9元的316不锈钢保温瓶已经够用。国产基础款密封靠谱、坏了也不心疼，没必要为品牌或外观多花一两百。
survey_water-bottle-choice__W9gdG7E,persona/datasets/matraix-persona-1m/cohorts/cohort-b9851ff4d44d/persona_synthetic-c8bffdf18dee.yaml,1.0,fuguang_316,富光 316 保温杯,39.9,5,price,4,65-74,Cost-sensitive,South Asia,Middle,Woman,Retirement,<$25k,Retired,"मैं रिटायर्ड हूँ और मेरा खर्च सीमित है, इसलिए ¥39.9 की कीमत मेरे लिए सबसे व्यावहारिक है। 500 ml रोज़ के इस्तेमाल के लिए काफी है, और 316 स्टील का वैक्यूम इंसुलेशन तथा भरोसेमंद सील इस दाम पर अच्छा मूल्य देता है।"
survey_water-bottle-choice__WB7BPXA,persona/datasets/matraix-persona-1m/cohorts/cohort-b9851ff4d44d/persona_synthetic-c4c708816b4e.yaml,1.0,fuguang_316,富光 316 保温杯,39.9,5,price,4,25-34,Value-driven,South Asia,Low income,Woman,Mid-life,$50k-100k,Unemployed,"I'm unbanked and on a tight budget, so ¥39.9 for a reliable sealed insulated bottle is what I can actually afford right now. It's a basic national brand, but durability and a good seal are what I need for daily use, not fancy features."
survey_water-bottle-choice__WCDYKP9,persona/datasets/matraix-persona-1m/cohorts/cohort-b9851ff4d44d/persona_synthetic-40a4f568c9b9.yaml,1.0,beijixiong_316,杯具熊 316 保温杯,129.0,4,price,4,35-44,Indifferent,Sub-Saharan Africa,Lower-middle,Woman,Early career,<$25k,Homemaker,"Preciso de um produto com bom custo-benefício e o Beijixiong 316 oferece isolamento térmico superior e aço inoxidável 316 por um preço justo. O Fuguang é mais barato, mas o Beijixiong parece mais durável e confiável para uso diário."
survey_water-bottle-choice__WDBcPgg,persona/datasets/matraix-persona-1m/cohorts/cohort-b9851ff4d44d/persona_synthetic-ec8047bf17a8.yaml,1.0,beijixiong_316,杯具熊 316 保温杯,129.0,4,insulation,4,55-64,Indifferent,South Asia,Middle,Woman,Mid-life,<$25k,Self-employed,"I want real vacuum insulation and a 316 stainless liner, and this one delivers both at ¥129, which is the sweet spot for me. The 600 ml size is just right for daily use, and I would rather pay a bit more than the ¥39.9 basic bottle to get the tail-less vacuum and triple heat blocking. The Zojirushi and Stanley are nice but I cannot justify nearly double the price for features I do not need."
survey_water-bottle-choice__WJb24fg,persona/datasets/matraix-persona-1m/cohorts/cohort-b9851ff4d44d/persona_synthetic-7513f5cabdb5.yaml,1.0,beijixiong_316,杯具熊 316 保温杯,129.0,4,insulation,4,65-74,Cost-sensitive,Sub-Saharan Africa,Middle,Woman,Retirement,$50k-100k,Retired,"I want vacuum insulation and a 316 stainless liner for daily use, and this one delivers both at a mid-tier price rather than paying the premium for Zojirushi or Stanley branding. The 600 ml capacity suits a full day of commuting and errands, and the reliable seal matters since I carry it in a bag on public transit."
survey_water-bottle-choice__WMbxatF,persona/datasets/matraix-persona-1m/cohorts/cohort-b9851ff4d44d/persona_wiki-2f61280aacf9.yaml,1.0,beijixiong_316,杯具熊 316 保温杯,129.0,5,insulation,5,45-54,Value-driven,South Asia,Upper-middle,Man,Mid-life,$100k-200k,Self-employed,"I train daily and carry a bottle everywhere, so real vacuum insulation in 316/316L steel is non-negotiable for me. The Beijixiong hits that spec at ¥129, which is the sweet spot before prices start buying brand name rather than performance. The Zojirushi and Stanley are nice, but I don't need to pay double for a logo or a straw lid I'd never use."
survey_water-bottle-choice__WQk4B55,persona/datasets/matraix-persona-1m/cohorts/cohort-b9851ff4d44d/persona_synthetic-e404e31563b9.yaml,1.0,beijixiong_316,杯具熊 316 保温杯,129.0,4,price,4,18-24,Cost-sensitive,South Asia,Low income,Man,Student,$50k-100k,Full-time,"আমি প্রতিদিন ব্যবহারের জন্য এমন একটা বোতল চাই যেটা টেকসই, ভালো ইনসুলেশন দেয়, আর দামও সাশ্রয়ী। ফুগুয়াং সস্তা হলেও ৬০০ মিলি ও ভালো ৩১৬ স্টেইনলেস স্টিলের গুণমানের তুলনায় বেইজিক্সিওং ৩১৬ আমার বাজেট ও প্রয়োজন দুটোর সাথেই সবচেয়ে ভালো মেলে। তাই আমি এটাই কিনব।"
survey_water-bottle-choice__WSjCtrt,persona/datasets/matraix-persona-1m/cohorts/cohort-b9851ff4d44d/persona_wiki-825566f5655d.yaml,1.0,zojirushi_sm_sz,象印 SM-SZ,229.0,4,insulation,4,75-84,Value-driven,MENA,High income,Man,Mid-life,$200k+,Self-employed,"I want a bottle that simply works, every day, without fuss. The Zojirushi's top-tier insulation and non-stick interior coating mean less cleaning and reliable temperature control, and its Japanese build quality aligns with my preference for proven reliability over gimmicks. The Stanley's viral bulk and plastic Nalgene feel wrong for someone who values durable, understated function, and the cheaper insulated bottles offer no meaningful advantage at my budget."
survey_water-bottle-choice__WTXyXHM,persona/datasets/matraix-persona-1m/cohorts/cohort-b9851ff4d44d/persona_synthetic-8a1eb36da0b5.yaml,1.0,beijixiong_316,杯具熊 316 保温杯,129.0,4,price,4,35-44,Cost-sensitive,South Asia,Low income,Woman,Parent of young kids,<$25k,Full-time,"Ich brauche was Isoliertes für den täglichen Weg, und 316/316L-Edelstahl mit Dreifach-Wärmedämmung für ¥129 ist der beste Gegenwert hier. Der Fuguang ist billiger, aber nur 500 ml und Basisdämmung — der Beijixiong hält länger heiß und hat mehr Volumen für fast dasselbe Geld."
survey_water-bottle-choice__WWGPXoa,persona/datasets/matraix-persona-1m/cohorts/cohort-b9851ff4d44d/persona_synthetic-bf4129c6f38e.yaml,1.0,fuguang_316,富光 316 保温杯,39.9,5,price,4,45-54,Cost-sensitive,Sub-Saharan Africa,Middle,Man,Mid-life,<$25k,Full-time,"Kwa matumizi ya kila siku, bei ya ¥39.9 inanifaa sana kwa bajeti yangu ndogo ya kaya. Chupa hii ina insulation ya msingi na muhuri wa kuaminika, ambayo inatosha kabisa kunihudumia kila siku bila kuhatarisha usalama wa kifedha."
survey_water-bottle-choice__WWgPqDA,persona/datasets/matraix-persona-1m/cohorts/cohort-b9851ff4d44d/persona_synthetic-b9075198a03a.yaml,1.0,fuguang_316,富光 316 保温杯,39.9,5,price,5,35-44,Cost-sensitive,Sub-Saharan Africa,Lower-middle,Woman,Parent of young kids,<$25k,Full-time,"Natumia pesa kwa uangalifu na ninahitaji kitu cha kudumu kwa kila siku. Chupa hii ni ya bei nafuu sana (¥39.9), ina insulation ya kawaida na muhuri wa kuaminika — inatosha kabisa kwangu. Sitaki kulipa zaidi ya ¥100 kwa chupa ya maji."
survey_water-bottle-choice__WaGguZA,persona/datasets/matraix-persona-1m/cohorts/cohort-b9851ff4d44d/persona_synthetic-0afcc80300da.yaml,1.0,fuguang_316,富光 316 保温杯,39.9,5,price,4,18-24,Cost-sensitive,South Asia,Low income,Man,Early career,$25k-50k,Full-time,"मेरी आय सीमित है और मैं खर्च को लेकर सतर्क रहता हूँ, इसलिए ¥39.9 का बजट विकल्प मेरे लिए सबसे व्यावहारिक है। यह 316 स्टेनलेस स्टील है, वैक्यूम इंसुलेटेड है और सील भी भरोसेमंद बताई गई है — रोज़ के इस्तेमाल के लिए इतना काफी है।"
survey_water-bottle-choice__WeAgomY,persona/datasets/matraix-persona-1m/cohorts/cohort-b9851ff4d44d/persona_synthetic-aa61236edde4.yaml,1.0,fuguang_316,富光 316 保温杯,39.9,4,price,4,45-54,Value-driven,Sub-Saharan Africa,Lower-middle,Man,Mid-life,<$25k,Full-time,"I need a bottle that keeps tea warm through the day and survives being knocked around, and the 316 steel with vacuum insulation at ¥39.9 does that without straining my budget. I am unbanked and pay cash, so a cheap, durable, reliable-seal bottle I can replace without worry suits me better than any of the pricier lifestyle options."
survey_water-bottle-choice__WmqN6sp,persona/datasets/matraix-persona-1m/cohorts/cohort-b9851ff4d44d/persona_synthetic-f798f2f81502.yaml,1.0,beijixiong_316,杯具熊 316 保温杯,129.0,4,insulation,4,65-74,Indifferent,Sub-Saharan Africa,Low income,Man,Retirement,$100k-200k,Part-time,"I want insulated, and the 316/316L liner with triple heat blocking at ¥129 is the best value in the mid tier. The cheap Fuguang is tempting but I'd rather pay a bit more for the better vacuum build."
survey_water-bottle-choice__WyKSnaW,persona/datasets/matraix-persona-1m/cohorts/cohort-b9851ff4d44d/persona_wiki-f448d51692cc.yaml,1.0,zojirushi_sm_sz,象印 SM-SZ,229.0,4,insulation,4,75-84,Premium-seeking,Sub-Saharan Africa,High income,Man,Mid-life,,Retired,"At 75+ with a chronic illness and low energy, insulation that actually holds temperature and a non-stick interior I can rinse clean in seconds matter more to me than saving a hundred yuan. I have bought cheap bottles before and they always end up leaking or tasting of metal, so I would rather pay for the Japanese build quality once. The 480 ml size is right for desk and car use, and I am long past wanting a 40-ounce tumbler to lug around."
survey_water-bottle-choice__Wz7PXch,persona/datasets/matraix-persona-1m/cohorts/cohort-b9851ff4d44d/persona_synthetic-9465975903d4.yaml,1.0,fuguang_316,富光 316 保温杯,39.9,5,price,4,45-54,Value-driven,Southeast Asia,Low income,Woman,Empty nester,$25k-50k,Self-employed,"Money's tight and I'm on a fixed patchwork income, so ¥39.9 for a sealed 316 stainless bottle is what I can actually justify. It's insulated, durable, and cheap to replace if I lose it — which happens. The fancy tumblers are nice but I can't spend ¥300 on a bottle when rent is due."
survey_water-bottle-choice__X7sUfSA,persona/datasets/matraix-persona-1m/cohorts/cohort-b9851ff4d44d/persona_synthetic-1f28daec1916.yaml,1.0,beijixiong_316,杯具熊 316 保温杯,129.0,3,insulation,3,35-44,Cost-sensitive,South Asia,Low income,Woman,Mid-life,<$25k,Self-employed,"আমি প্রতিদিন গরম চা-পানি খাই, তাই ইনসুলেশন আমার কাছে সবচেয়ে জরুরি। ৩১৬ স্টিলের ইনসুলেশন আর দামের ভারসাম্য দেখে বেইজিক্সিওং-ই সবচেয়ে বুদ্ধিমান পছন্দ মনে হচ্ছে — ফুগুয়াং-এর চেয়ে মাত্র কয়েক টাকা বেশি, কিন্তু অনেক ভালো স্পেক।"
survey_water-bottle-choice__XAkXDVH,persona/datasets/matraix-persona-1m/cohorts/cohort-b9851ff4d44d/persona_synthetic-6e1253dd9277.yaml,1.0,fuguang_316,富光 316 保温杯,39.9,5,price,4,25-34,Cost-sensitive,Sub-Saharan Africa,Low income,Man,Career change,<$25k,Unemployed,"Natumia bajeti ndogo na pesa zangu ni chache, kwa hiyo bei ya ¥39.9 inafaa sana. Chupa hii ina insulation ya msingi na muhuri wa kuaminika, inatosha kwa matumizi ya kila siku. Sihitaji chupa kubwa au ya kifahari."
survey_water-bottle-choice__XBomSxD,persona/datasets/matraix-persona-1m/cohorts/cohort-b9851ff4d44d/persona_synthetic-fcb3487e965e.yaml,1.0,beijixiong_316,杯具熊 316 保温杯,129.0,4,price,4,65-74,Cost-sensitive,East Asia,Low income,Man,Retirement,$50k-100k,Retired,我选北極熊316保温瓶。它是百元档里最划算的，316/316L内胆加无尾真空和三重阻热，保温效果应该够我日常用，600毫升容量也合适。价格129元我这种靠养老金过日子的人还能接受，比小米和象印便宜不少，又比39.9元那款更耐用放心。
survey_water-bottle-choice__XCMF8ZR,persona/datasets/matraix-persona-1m/cohorts/cohort-b9851ff4d44d/persona_synthetic-ae16bc5f82fb.yaml,1.0,beijixiong_316,杯具熊 316 保温杯,129.0,4,insulation,4,35-44,Cost-sensitive,Sub-Saharan Africa,Middle,Woman,Career change,$25k-50k,Unemployed,I need insulation for daily use and the 316/316L liner with triple heat blocking is the best build quality I can get without paying premium prices. The ¥129 price is reasonable for a 600 ml bottle that will actually last.
survey_water-bottle-choice__XDTYbL8,persona/datasets/matraix-persona-1m/cohorts/cohort-b9851ff4d44d/persona_synthetic-75781b4caae0.yaml,1.0,fuguang_316,富光 316 保温杯,39.9,5,price,4,25-34,Cost-sensitive,Sub-Saharan Africa,Middle,Woman,Early career,$50k-100k,Gig / freelance,"I need a bottle that actually keeps tea and water hot through long shift-based days, and vacuum insulation is non-negotiable. At ¥39.9 the Fuguang 316 gives me that for a fraction of the others, which matters since I'm unemployed and watching every yuan. The 500 ml size is enough for daily use and 316 steel is the safer lining."
survey_water-bottle-choice__XGx26dv,persona/datasets/matraix-persona-1m/cohorts/cohort-b9851ff4d44d/persona_wiki-5b91f5e75844.yaml,1.0,zojirushi_sm_sz,象印 SM-SZ,229.0,4,insulation,5,35-44,Value-driven,East Asia,Upper-middle,Man,Mid-life,$100k-200k,Full-time,仕事の移動や現場取材が多く、保温性と軽さは譲れない。象印のSM-SZは480mlでカバンに入れても負担にならず、内面の加工で手入れも簡単なので、毎日使う道具として信頼できる。価格は少し高いが、10年以上使う前提なら妥当だと感じる。
survey_water-bottle-choice__XMrERPW,persona/datasets/matraix-persona-1m/cohorts/cohort-b9851ff4d44d/persona_synthetic-5f22bcc2540e.yaml,1.0,beijixiong_316,杯具熊 316 保温杯,129.0,4,price,4,45-54,Value-driven,Southeast Asia,Upper-middle,Woman,Career change,$100k-200k,Gig / freelance,أنا أبحث عن زجاجة للاستخدام اليومي بميزانية معقولة، و316 ستانلس ستيل مع عزل ثلاثي عند 129 يوان يبدو أفضل قيمة في الرف. ماركة وطنية بسعر أقل من مياجا وزوجيروشي وستانلي، ويعطيني نفس الأداء الأساسي بدون دفع علاوة العلامة.
survey_water-bottle-choice__XQPc3F5,persona/datasets/matraix-persona-1m/cohorts/cohort-b9851ff4d44d/persona_synthetic-7db74995ca77.yaml,1.0,beijixiong_316,杯具熊 316 保温杯,129.0,4,insulation,4,65-74,Value-driven,Sub-Saharan Africa,Middle,Man,Retirement,<$25k,Retired,"Ninahitaji chupa ya bei nafuu lakini yenye ubora wa kudumu kwa matumizi ya kila siku, na 316/316L stainless steel ya Beijixiong inatoa insulation bora zaidi kwenye kiwango cha ¥100. Bei ya ¥129 inaingia ndani ya uwezo wangu wa kifedha kama mstaafu, na uwezo wa 600 ml unatosha kunibeba siku nzima bila kunilazimu kununua maji mara kwa mara."
survey_water-bottle-choice__XSmTKTh,persona/datasets/matraix-persona-1m/cohorts/cohort-b9851ff4d44d/persona_synthetic-01537dfe4958.yaml,1.0,beijixiong_316,杯具熊 316 保温杯,129.0,4,insulation,4,55-64,Premium-seeking,East Asia,Upper-middle,Woman,Mid-life,<$25k,Full-time,在我能接受的价位里，这款的保温配置最实在——316/316L内胆加无尾真空，三层隔热，600毫升的容量日常够用。价格129元，比小米和象印都便宜，保温用料却不含糊，符合我买耐用品时看重性价比、不追品牌溢价的习惯。
survey_water-bottle-choice__XZNwcco,persona/datasets/matraix-persona-1m/cohorts/cohort-b9851ff4d44d/persona_synthetic-50107a8d4080.yaml,1.0,fuguang_316,富光 316 保温杯,39.9,5,price,4,55-64,Value-driven,East Asia,Low income,Man,Career change,$50k-100k,Self-employed,実用一辺倒で安ければいい。316ステンレスで真空断熱、蓋の密閉もちゃんとして39.9元なら文句なし。ブランドやデザインには金を払わない主義なので、これで十分。
survey_water-bottle-choice__Xdm7H34,persona/datasets/matraix-persona-1m/cohorts/cohort-b9851ff4d44d/persona_synthetic-d524ef7b1219.yaml,1.0,beijixiong_316,杯具熊 316 保温杯,129.0,4,insulation,4,45-54,Premium-seeking,Sub-Saharan Africa,Lower-middle,Woman,Mid-life,$25k-50k,Full-time,"I want a properly insulated bottle I can trust for daily use, and the Beijixiong gives me a 316/316L inner liner and triple heat blocking at a price that still feels sensible. The 600 ml size suits a long shift, and I would rather pay a little more than gamble on a cheap basic bottle or on a plastic one that will not keep my drink warm."
survey_water-bottle-choice__Xer8FTt,persona/datasets/matraix-persona-1m/cohorts/cohort-b9851ff4d44d/persona_synthetic-4717475f9ebb.yaml,1.0,beijixiong_316,杯具熊 316 保温杯,129.0,4,insulation,4,35-44,Value-driven,East Asia,Upper-middle,Man,Early career,$25k-50k,Full-time,129元能买到316/316L内胆加无尾真空，保温这块基本是这个价位能拿到的最好配置，日常用完全够。500ml的福光虽然便宜，但容量偏小、内胆规格也一般；再往上加钱（小米、象印、Stanley）多出来的主要是品牌和外观，我不为这个买单。
survey_water-bottle-choice__XfcV3E8,persona/datasets/matraix-persona-1m/cohorts/cohort-b9851ff4d44d/persona_wiki-3ab1ff4d6236.yaml,1.0,beijixiong_316,杯具熊 316 保温杯,129.0,5,insulation,4,85+,Value-driven,North America,High income,Man,Mid-life,$200k+,Self-employed,"I want a bottle that actually keeps my coffee and water at temperature through a long day of farm and volunteer work, and 316/316L stainless with triple heat blocking at ¥129 is the honest sweet spot. The budget Fuguang is tempting but too small a step down in build, and the Zojirushi and Stanley prices are paying for a name and a trend rather than function. I buy tools, not fashion, so best value mid-tier wins."
survey_water-bottle-choice__Xk3PYCH,persona/datasets/matraix-persona-1m/cohorts/cohort-b9851ff4d44d/persona_synthetic-366fdc2ecdb3.yaml,1.0,beijixiong_316,杯具熊 316 保温杯,129.0,4,price,4,55-64,Cost-sensitive,East Asia,Low income,Woman,Early career,<$25k,Unemployed,"I want real insulation for daily tea and water, and 316 steel matters to me more than a fancy logo. At ¥129 it sits in the middle of the shelf — I get premium-grade material without paying Zojirushi or Stanley prices. The budget Fuguang is tempting, but the Beijixiong's triple heat blocking and tail-less vacuum feel like the honest value pick."
survey_water-bottle-choice__XoUjYLF,persona/datasets/matraix-persona-1m/cohorts/cohort-b9851ff4d44d/persona_synthetic-2fabe6493218.yaml,1.0,fuguang_316,富光 316 保温杯,39.9,5,price,4,55-64,Value-driven,South Asia,Lower-middle,Man,Career change,<$25k,Homemaker,"আমার হাতে টাকা কম, তাই সস্তা আর টেকসই বোতলটাই আমার দরকার। ৩৯.৯ ইউয়ানে ৩১৬ স্টেইনলেস স্টিল আর ভালো সিল পাওয়া যায়, যা প্রতিদিন ব্যবহারের জন্য যথেষ্ট। দামি ব্র্যান্ডের বোতলে অত টাকা খরচ করার মতো অবস্থা আমার নেই।"
survey_water-bottle-choice__XpJvx9L,persona/datasets/matraix-persona-1m/cohorts/cohort-b9851ff4d44d/persona_synthetic-ba4e94a26a05.yaml,1.0,beijixiong_316,杯具熊 316 保温杯,129.0,4,insulation,4,75-84,Cost-sensitive,MENA,Lower-middle,Woman,Retirement,$100k-200k,Retired,"Soy una persona mayor que camina mucho y vive en un clima cálido, así que necesito que el agua se mantenga fría todo el día. El Beijixiong de 600 ml me da el mejor aislamiento y capacidad al precio más razonable, y desconfío de las marcas virales caras como Stanley. El Fuguang es más barato pero 500 ml se me queda corto."
survey_water-bottle-choice__XwREskF,persona/datasets/matraix-persona-1m/cohorts/cohort-b9851ff4d44d/persona_synthetic-46c1094a826c.yaml,1.0,fuguang_316,富光 316 保温杯,39.9,5,price,4,18-24,Cost-sensitive,Sub-Saharan Africa,Low income,Man,Student,$50k-100k,Student,"Je suis étudiant avec un budget serré et je préfère un achat simple et fiable. La bouteille Fuguang 316 à ¥39.9 offre une isolation sous vide de base, une bonne étanchéité et une capacité de 500 ml suffisante pour un usage quotidien, sans payer pour une marque ou des fonctions superflues."
survey_water-bottle-choice__XzLGyMA,persona/datasets/matraix-persona-1m/cohorts/cohort-b9851ff4d44d/persona_synthetic-7eecb26b0b9b.yaml,1.0,beijixiong_316,杯具熊 316 保温杯,129.0,4,price,4,18-24,Cost-sensitive,Sub-Saharan Africa,Lower-middle,Man,Student,$50k-100k,Student,"Preciso de um produto durável para uso diário e este é o que oferece melhor equilíbrio entre preço e qualidade: 316/316L no interior, isolamento a vácuo sem cauda e triplo bloqueio de calor por ¥129. Não quero gastar mais de ¥150 e o Fuguang básico parece demasiado frágil para o dia-a-dia, por isso o Beijixiong é a escolha mais racional."
survey_water-bottle-choice__Y5o9RQ5,persona/datasets/matraix-persona-1m/cohorts/cohort-b9851ff4d44d/persona_synthetic-0a229f0d8dc0.yaml,1.0,beijixiong_316,杯具熊 316 保温杯,129.0,4,price,4,55-64,Cost-sensitive,East Asia,Middle,Woman,Mid-life,<$25k,Part-time,我这个人买东西就看性价比，不看牌子名气。北極熊这款129块，316/316L内胆加无尾真空三层隔热，在百元档里算最能打的；比39.9的杂牌靠谱，又比小米、象印、Stanley便宜一大截，容量600毫升也刚好够我一天用。
survey_water-bottle-choice__YCTLz2H,persona/datasets/matraix-persona-1m/cohorts/cohort-b9851ff4d44d/persona_synthetic-af207eeb6a46.yaml,1.0,beijixiong_316,杯具熊 316 保温杯,129.0,4,insulation,4,55-64,Value-driven,Latin America,Lower-middle,Woman,Mid-life,<$25k,Part-time,"Preciso de uma garrafa térmica para o dia a dia e o inox 316 com isolamento a vácuo é o que procuro em termos de durabilidade e manutenção da temperatura. O preço de ¥129 cabe no meu orçamento apertado sem abrir mão da qualidade do material interno, o que me dá mais confiança do que as opções mais baratas ou muito caras."
survey_water-bottle-choice__YCpq3E4,persona/datasets/matraix-persona-1m/cohorts/cohort-b9851ff4d44d/persona_synthetic-0f2f6e8124f9.yaml,1.0,fuguang_316,富光 316 保温杯,39.9,5,price,4,45-54,Cost-sensitive,Sub-Saharan Africa,Low income,Man,Mid-life,<$25k,Homemaker,"Money is tight and I need a bottle that just works every day. The Fuguang is cheap, insulated, seals well, and I can replace it without stress if it breaks. The fancy viral tumblers and Japanese premium bottles cost more than my weekly food budget."
survey_water-bottle-choice__YCvio5V,persona/datasets/matraix-persona-1m/cohorts/cohort-b9851ff4d44d/persona_synthetic-3618fc972814.yaml,1.0,beijixiong_316,杯具熊 316 保温杯,129.0,4,insulation,4,45-54,Value-driven,South Asia,Lower-middle,Man,Mid-life,<$25k,Full-time,"I need a bottle that keeps my tea hot through a long workday, and the 316/316L stainless steel with triple heat blocking at ¥129 hits the sweet spot between price and real insulation quality. The budget Fuguang is tempting but I've been burned by cheap seals before, and I can't justify ¥229+ for a Japanese premium or ¥319 for a viral tumbler when money is tight and I'm helping support a household of five. This one feels like the sensible middle that I won't regret."
survey_water-bottle-choice__YNFNNhA,persona/datasets/matraix-persona-1m/cohorts/cohort-b9851ff4d44d/persona_synthetic-9fd310746ca2.yaml,1.0,beijixiong_316,杯具熊 316 保温杯,129.0,4,price,3,45-54,Cost-sensitive,Sub-Saharan Africa,Middle,Woman,Career change,<$25k,Full-time,"I want an insulated bottle for daily use, and at ¥129 the Beijixiong gives me 316/316L stainless steel with triple heat blocking for far less than the Mijia or Zojirushi. The 600 ml size suits my day, and the ¥39.9 option feels too basic to trust for insulation. I am cost-sensitive, so this mid-tier value pick is the one I would actually pay for."
survey_water-bottle-choice__YQSGpL7,persona/datasets/matraix-persona-1m/cohorts/cohort-b9851ff4d44d/persona_wiki-6fbf43e6f061.yaml,1.0,beijixiong_316,杯具熊 316 保温杯,129.0,5,insulation,5,85+,Value-driven,South Asia,Upper-middle,Man,Retirement,$100k-200k,Retired,"मैं रोज़ाना सफ़र और लंबी मीटिंग्स में पानी साथ रखता हूँ, इसलिए 316/316L स्टील की अच्छी इंसुलेशन और मज़बूत सील मेरे लिए सबसे ज़रूरी है। बीजिक्सिओंग 600 ml उस काम के लिए ¥129 में सबसे संतुलित वैल्यू देता है — न बहुत सस्ता जो जल्दी खराब हो, न ब्रांड-प्रीमियम जिसकी कीमत सिर्फ़ नाम की हो।"
survey_water-bottle-choice__YR3fJwE,persona/datasets/matraix-persona-1m/cohorts/cohort-b9851ff4d44d/persona_synthetic-e11274ad083f.yaml,1.0,beijixiong_316,杯具熊 316 保温杯,129.0,4,insulation,4,18-24,Cost-sensitive,South Asia,Low income,Woman,Student,$50k-100k,Part-time,"I want insulated stainless steel because I carry my bottle all day and hate warm water, and 316/316L with triple heat blocking at ¥129 hits the sweet spot between the cheap basic option and the ¥179-229 premium ones. The Fuguang is tempting at ¥39.9 but only 500ml and basic insulation, while the Mijia and Zojirushi cost noticeably more for what looks like similar or only slightly better performance. As a cost-sensitive student on a tight budget, this is the value pick I would actually check out with."
survey_water-bottle-choice__YXhDZsL,persona/datasets/matraix-persona-1m/cohorts/cohort-b9851ff4d44d/persona_synthetic-403852a5a694.yaml,1.0,beijixiong_316,杯具熊 316 保温杯,129.0,4,insulation,4,35-44,Cost-sensitive,Sub-Saharan Africa,Lower-middle,Man,Mid-life,<$25k,Full-time,"I want an insulated bottle that keeps drinks hot through a long work day, and the Beijixiong gives me a 316/316L liner and triple heat blocking for ¥129 — well under the premium brands. The Fuguang is cheaper but only 500 ml and basic insulation, and I don't need the Stanley's 1180 ml lifestyle size or the Zojirushi's price. This is the sensible middle: real insulation, decent capacity, fair price."
survey_water-bottle-choice__YYkxAvN,persona/datasets/matraix-persona-1m/cohorts/cohort-b9851ff4d44d/persona_synthetic-d3963832139d.yaml,1.0,fuguang_316,富光 316 保温杯,39.9,5,price,4,45-54,Cost-sensitive,South Asia,Low income,Woman,Mid-life,<$25k,Full-time,"Paisa tight hai, aur 500 ml insulated bottle roz ke liye kaafi hai. Basic vacuum insulation, seal theek, aur ₹39.9 jaisa sasta — pehli bottle kharab ho gayi to naya lena aasan. Brand aur chamak-dhamak se matlab nahi, kaam se matlab hai."
survey_water-bottle-choice__YmgTf2V,persona/datasets/matraix-persona-1m/cohorts/cohort-b9851ff4d44d/persona_synthetic-aa21cfe256be.yaml,1.0,beijixiong_316,杯具熊 316 保温杯,129.0,4,price,4,65-74,Cost-sensitive,Southeast Asia,Upper-middle,Man,Retirement,<$25k,Homemaker,"I want something insulated for daily use, and this one sits right in the middle — 316 steel, good vacuum insulation, reliable seal — without paying premium brand tax. The Fuguang is cheaper but feels too basic, and the Zojirushi and Stanley cost way more than I'd spend on a bottle."
survey_water-bottle-choice__YnWBeCV,persona/datasets/matraix-persona-1m/cohorts/cohort-b9851ff4d44d/persona_synthetic-91be53cfc557.yaml,1.0,beijixiong_316,杯具熊 316 保温杯,129.0,4,insulation,4,55-64,Cost-sensitive,MENA,Lower-middle,Woman,Mid-life,$50k-100k,Full-time,"I need one bottle that does everything — hot tea in the morning, cold water at night — so insulation is non-negotiable, and the 600 ml size suits my day better than the 500 ml options. At ¥129 I get a 316/316L liner and triple heat blocking for half the price of the Zojirushi, which matters since I'm cost-sensitive and already burned money on cheap bottles that leaked. The Stanley is too big and too expensive, and the Nalgene isn't insulated at all."
survey_water-bottle-choice__YpDqjZa,persona/datasets/matraix-persona-1m/cohorts/cohort-b9851ff4d44d/persona_synthetic-844c9f97c041.yaml,1.0,beijixiong_316,杯具熊 316 保温杯,129.0,4,insulation,4,65-74,Cost-sensitive,East Asia,Low income,Woman,Retirement,$50k-100k,Retired,我年纪大了，喝水要温的，保温最要紧。这只316不锈钢内胆、三层隔热，129元的价格我还能接受，比日本牌子便宜一大截。容量600毫升，出门带一天也够。
survey_water-bottle-choice__Yq4AUSu,persona/datasets/matraix-persona-1m/cohorts/cohort-b9851ff4d44d/persona_wiki-9e3bff18283d.yaml,1.0,beijixiong_316,杯具熊 316 保温杯,129.0,5,insulation,4,55-64,Value-driven,North America,Upper-middle,Man,Mid-life,,Full-time,"I want a genuinely insulated bottle for daily commuting and desk use, and the Beijixiong offers 316/316L stainless steel, tail-less vacuum insulation, and triple heat blocking at ¥129 — the clear value sweet spot. The 600 ml capacity is practical without being bulky, and I'd rather put the savings versus the Zojirushi or Stanley toward something I'll actually use every day."
survey_water-bottle-choice__Z4w86Vi,persona/datasets/matraix-persona-1m/cohorts/cohort-b9851ff4d44d/persona_synthetic-3e3947954441.yaml,1.0,beijixiong_316,杯具熊 316 保温杯,129.0,4,insulation,4,55-64,Value-driven,Sub-Saharan Africa,Lower-middle,Man,Mid-life,$100k-200k,Full-time,"Je veux une bouteille isolée pour le thé et l'eau fraîche pendant mes longues journées, et le prix de ¥129 reste raisonnable. Le 316/316L et l'isolation triple semblent offrir le meilleur rapport qualité-prix sans payer la prime des grandes marques."
survey_water-bottle-choice__Z8if2S6,persona/datasets/matraix-persona-1m/cohorts/cohort-b9851ff4d44d/persona_synthetic-4a9ebc1ae5df.yaml,1.0,fuguang_316,富光 316 保温杯,39.9,5,price,4,65-74,Cost-sensitive,South Asia,Lower-middle,Woman,Retirement,<$25k,Part-time,"Paisa kam hai, ghar mein paanch log hain, aur main frugal saver hoon — 39.9 yuan wali bottle ka kaam ho jayega. 316 steel hai, seal theek hai, aur budget national brand hai to bharosa bhi hai. Bhaav se zyada mujhe roz ka kaam chahiye, dikhawa nahi."
survey_water-bottle-choice__ZAuTVY3,persona/datasets/matraix-persona-1m/cohorts/cohort-b9851ff4d44d/persona_synthetic-80809f8bf45b.yaml,1.0,beijixiong_316,杯具熊 316 保温杯,129.0,4,insulation,4,65-74,Cost-sensitive,East Asia,Lower-middle,Man,Retirement,$25k-50k,Retired,保温性能是我最看重的，316/316L内胆加无尾真空在这个价位很少见，冬天装热水夏天装冰水都靠得住。600ml够我一天出门喝，¥129对退休金来说不心疼，比小米和象印便宜一大截，也比39.9那个杂牌更让人放心。
survey_water-bottle-choice__ZBoXtut,persona/datasets/matraix-persona-1m/cohorts/cohort-b9851ff4d44d/persona_synthetic-c33c7d2aa9ed.yaml,1.0,beijixiong_316,杯具熊 316 保温杯,129.0,4,price,4,18-24,Cost-sensitive,Southeast Asia,Lower-middle,Woman,Student,$25k-50k,Full-time,我预算有限，但要的是日常保温瓶，316/316L内胆加无尾真空在这个价位最实在。¥129比品牌款便宜一半，比¥39.9的基础款更耐用，容量600ml也够我一整天用。
survey_water-bottle-choice__ZCfgQuM,persona/datasets/matraix-persona-1m/cohorts/cohort-b9851ff4d44d/persona_synthetic-bd6a5849d5ff.yaml,1.0,fuguang_316,富光 316 保温杯,39.9,5,price,5,55-64,Cost-sensitive,South Asia,Low income,Woman,Mid-life,<$25k,Full-time,"मेरे लिए कीमत सबसे बड़ी बात है, क्योंकि घर में पाँच से ज़्यादा लोग हैं और खर्च सीमित है। फुगुआंग 316 में 316 स्टील, ठीक इंसुलेशन और भरोसेमंद सील मात्र ¥39.9 में मिलती है, जो रोज़ के इस्तेमाल के लिए काफी है।"
survey_water-bottle-choice__ZLqvs5s,persona/datasets/matraix-persona-1m/cohorts/cohort-b9851ff4d44d/persona_synthetic-56eb5ca1b6e6.yaml,1.0,beijixiong_316,杯具熊 316 保温杯,129.0,4,price,4,18-24,Cost-sensitive,Latin America,Low income,Man,Career change,<$25k,Part-time,"Elijo la Beijixiong 316 porque ofrece la mejor relación calidad-precio en el rango medio: acero inoxidable 316/316L, aislamiento al vacío superior y sellado fiable por ¥129, un gasto razonable para uso diario. Al ser sensible al costo pero valorar la durabilidad y el rendimiento térmico, esta botella cubre mis necesidades sin pagar el sobreprecio de las marcas premium. Prefiero una compra práctica y funcional antes que un producto de moda."
survey_water-bottle-choice__ZMk2P5U,persona/datasets/matraix-persona-1m/cohorts/cohort-b9851ff4d44d/persona_synthetic-2c3830cbf3d2.yaml,1.0,beijixiong_316,杯具熊 316 保温杯,129.0,4,insulation,4,25-34,Premium-seeking,South Asia,Lower-middle,Woman,Mid-life,$100k-200k,Full-time,"मैं रोज़ पानी पीने के लिए इंसुलेटेड बोतल चाहती हूँ, और ¥129 में 316/316L स्टील के साथ बेहतरीन इंसुलेशन मिल रहा है। बजट भी ठीक है और ब्रांड भरोसेमंद लगता है।"
survey_water-bottle-choice__ZQTcMzA,persona/datasets/matraix-persona-1m/cohorts/cohort-b9851ff4d44d/persona_synthetic-e2d9bd766c71.yaml,1.0,fuguang_316,富光 316 保温杯,39.9,5,price,5,55-64,Cost-sensitive,East Asia,Lower-middle,Woman,Retirement,$25k-50k,Retired,値段が手頃で、毎日使うには十分な保温性能と密封性があり、316ステンレスで安心して使えるからです。派手さはありませんが、壊れにくく長く使える実用的な一本だと思います。
survey_water-bottle-choice__ZYVHsTR,persona/datasets/matraix-persona-1m/cohorts/cohort-b9851ff4d44d/persona_synthetic-839f0c722434.yaml,1.0,beijixiong_316,杯具熊 316 保温杯,129.0,5,insulation,4,18-24,Cost-sensitive,Southeast Asia,Upper-middle,Woman,Student,$25k-50k,Student,我选北極熊316保温瓶，因为它在¥100价位段提供了316/316L内胆和无尾真空等最好的保温配置，600ml容量也刚好够我日常通勤和上课使用。相比更贵的Mijia和Zojirushi，它在保温性能上并不逊色，价格却便宜不少，符合我一贯精打细算、看重性价比的消费习惯。
survey_water-bottle-choice__ZZ9NmAs,persona/datasets/matraix-persona-1m/cohorts/cohort-b9851ff4d44d/persona_synthetic-d5f199316177.yaml,1.0,beijixiong_316,杯具熊 316 保温杯,129.0,4,insulation,3,18-24,Cost-sensitive,Sub-Saharan Africa,Lower-middle,Man,Student,<$25k,Student,"I want real vacuum insulation for daily use, and the Beijixiong gives me a 316/316L liner and triple heat blocking for ¥129 — the cheapest point where insulation actually seems trustworthy. The Fuguang is cheaper but I don't trust a ¥39.9 vacuum bottle to hold temperature, and everything above ¥179 is paying for brand or looks I don't care about."
survey_water-bottle-choice__ZZnW438,persona/datasets/matraix-persona-1m/cohorts/cohort-b9851ff4d44d/persona_synthetic-937ac03dd7b8.yaml,1.0,beijixiong_316,杯具熊 316 保温杯,129.0,4,insulation,4,65-74,Cost-sensitive,South Asia,Middle,Woman,Retirement,$50k-100k,Retired,"I need a daily bottle that keeps tea hot, and 316/316L steel with triple heat blocking at ¥129 is the best insulation per yuan here. The ¥39.9 one is too basic and the Zojirushi and Stanley are just paying for the name."
survey_water-bottle-choice__ZZs6NcB,persona/datasets/matraix-persona-1m/cohorts/cohort-b9851ff4d44d/persona_wiki-c2ad7327b9c1.yaml,1.0,zojirushi_sm_sz,象印 SM-SZ,229.0,5,insulation,5,55-64,Premium-seeking,East Asia,High income,Woman,Mid-life,$200k+,Full-time,我每天通勤、开会、排练连轴转，保温性能和易清洁对我来说比什么都重要。象印这款480毫升轻量、顶级保温、内壁不粘涂层好清洗，正好符合我这种对品质和秩序都有要求的人。价格虽高，但一次买对、用很多年，符合我一贯的消费逻辑。
survey_water-bottle-choice__ZgKmrRt,persona/datasets/matraix-persona-1m/cohorts/cohort-b9851ff4d44d/persona_synthetic-6c1b89f28649.yaml,1.0,beijixiong_316,杯具熊 316 保温杯,129.0,4,insulation,4,85+,Indifferent,Southeast Asia,Middle,Woman,Empty nester,<$25k,Retired,"A 316/316L liner with triple heat blocking at ¥129 is the best insulation-per-yuan on this shelf, and I want hot tea to actually stay hot on a long day. The Fuguang is cheaper but only basic vacuum, and the Zojirushi is nicer yet I won't pay ¥229 for a daily beater."
survey_water-bottle-choice__ZgYvqhG,persona/datasets/matraix-persona-1m/cohorts/cohort-b9851ff4d44d/persona_wiki-454f6ed74035.yaml,1.0,beijixiong_316,杯具熊 316 保温杯,129.0,5,insulation,5,55-64,Value-driven,Sub-Saharan Africa,High income,Man,Mid-life,$200k+,Full-time,"The Beijixiong 316 hits the sweet spot: a 316/316L stainless inner liner with triple heat blocking and a tail-less vacuum, at a sensible ¥129. I want reliable insulation and durability for daily commuting without paying a premium brand tax, and 600 ml is the right size for my routine."
survey_water-bottle-choice__ZmQK4mN,persona/datasets/matraix-persona-1m/cohorts/cohort-b9851ff4d44d/persona_synthetic-c507ae4e67bc.yaml,1.0,fuguang_316,富光 316 保温杯,39.9,4,price,4,18-24,Cost-sensitive,Southeast Asia,Low income,Man,Student,$50k-100k,Full-time,"Je suis étudiant avec un budget serré, donc le prix de ¥39.9 est le seul qui rentre vraiment dans mes moyens en ce moment. C'est un 316 inoxydable avec isolation sous vide et une bonne étanchéité, ce qui couvre l'essentiel pour un usage quotidien. La capacité de 500 ml me suffit pour la journée et je préfère acheter une marque nationale simple et fiable plutôt que de payer pour le design ou la marque."
survey_water-bottle-choice__Zmfc69X,persona/datasets/matraix-persona-1m/cohorts/cohort-b9851ff4d44d/persona_synthetic-65e651e193f6.yaml,1.0,beijixiong_316,杯具熊 316 保温杯,129.0,4,price,3,45-54,Cost-sensitive,Sub-Saharan Africa,Upper-middle,Woman,Career change,<$25k,Gig / freelance,"Je cherche une bouteille isotherme fiable pour un usage quotidien, et le modèle Beijixiong offre la meilleure valeur au palier des ¥100 avec sa doublure 316/316L et sa triple isolation. Le Fuguang est trop basique et le Zojirushi ou Stanley sont trop chers pour mon budget serré. La capacité de 600 ml convient à mes journées."
survey_water-bottle-choice__ZriN9Jy,persona/datasets/matraix-persona-1m/cohorts/cohort-b9851ff4d44d/persona_synthetic-e707eef1eee1.yaml,1.0,beijixiong_316,杯具熊 316 保温杯,129.0,4,price,4,45-54,Value-driven,Sub-Saharan Africa,Lower-middle,Man,Career change,$50k-100k,Full-time,"I need one bottle that does everything for me daily, and the Beijixiong 316 hits the sweet spot: real 316/316L stainless liner, proper vacuum insulation, and a solid seal at ¥129. The cheap Fuguang feels like a gamble on durability, the Nalgene isn't insulated, and the Mijia, Zojirushi, and Stanley all cost more for stuff I don't need. This is the value pick I'd actually trust."
survey_water-bottle-choice__ZyVj2zC,persona/datasets/matraix-persona-1m/cohorts/cohort-b9851ff4d44d/persona_synthetic-20901bbab062.yaml,1.0,beijixiong_316,杯具熊 316 保温杯,129.0,5,price,4,35-44,Indifferent,South Asia,Upper-middle,Woman,Mid-life,$100k-200k,Part-time,"I want real vacuum insulation and a stainless interior for daily use, and the 600 ml size hits the sweet spot between the tiny 480-500 ml options and the giant Stanley. At ¥129 it's the best value on the shelf — 316/316L liner and triple heat blocking for well under what the Mijia and Zojirushi ask. I won't pay ¥319 for a viral tumbler just because it's trendy."
survey_water-bottle-choice__a39cCkC,persona/datasets/matraix-persona-1m/cohorts/cohort-b9851ff4d44d/persona_synthetic-94a026767b9a.yaml,1.0,beijixiong_316,杯具熊 316 保温杯,129.0,4,insulation,4,55-64,Value-driven,Latin America,Middle,Woman,Mid-life,$100k-200k,Homemaker,"Quiero algo que mantenga el calor porque tomo puro té todo el día, y el acero 316 con triple bloqueo suena a lo mejor sin pagar de más. El de ¥129 me da lo que necesito sin regalarle dinero a una marca viral como Stanley. Además 600 ml es buen tamaño para mis caminatas."
survey_water-bottle-choice__a4d8GSm,persona/datasets/matraix-persona-1m/cohorts/cohort-b9851ff4d44d/persona_wiki-d7bfa9dcf80d.yaml,1.0,zojirushi_sm_sz,象印 SM-SZ,229.0,4,insulation,5,45-54,Value-driven,East Asia,High income,Man,Mid-life,null,Full-time,"I want a bottle I can trust for daily commuting and office use, and Zojirushi's insulation and non-stick interior are the most reliable at this size. The 480 ml capacity suits my routine, and the premium build justifies the price for something I'll handle every day."
survey_water-bottle-choice__a5poAz9,persona/datasets/matraix-persona-1m/cohorts/cohort-b9851ff4d44d/persona_synthetic-ea9b849f03be.yaml,1.0,beijixiong_316,杯具熊 316 保温杯,129.0,4,price,4,65-74,Cost-sensitive,Southeast Asia,Upper-middle,Woman,Empty nester,<$25k,Retired,"Es el mejor equilibrio entre precio y calidad: por ¥129 obtengo acero inoxidable 316/316L, aislamiento al vacío de triple capa y sellado fiable, sin pagar el sobreprecio de las marcas premium. Los 600 ml cubren mi uso diario y el material duradero encaja con mi preferencia por comprar una sola vez y bien."
survey_water-bottle-choice__a7RzCvU,persona/datasets/matraix-persona-1m/cohorts/cohort-b9851ff4d44d/persona_synthetic-e200f94886c8.yaml,1.0,beijixiong_316,杯具熊 316 保温杯,129.0,4,price,4,55-64,Cost-sensitive,East Asia,Low income,Woman,Parent of young kids,$25k-50k,Full-time,我需要一个日常使用、保温可靠又不贵的瓶子，北極熊316在百元价位给出了316/316L内胆和无尾真空，性价比最高。500ml的福光虽然更便宜，但容量和保温规格都不如它；再往上的品牌溢价我不愿意承担。
survey_water-bottle-choice__aB9kgrE,persona/datasets/matraix-persona-1m/cohorts/cohort-b9851ff4d44d/persona_synthetic-4f0d89be047f.yaml,1.0,fuguang_316,富光 316 保温杯,39.9,5,price,5,18-24,Cost-sensitive,South Asia,Lower-middle,Woman,Parent of young kids,<$25k,Student,"Main paisa bachane wali hoon aur do bachchon ke saath budget tight hai, isliye ¥39.9 mein 316 steel insulated bottle sabse samajhdari ka sauda hai. Seal reliable hai aur basic insulation daily use ke liye kaafi hai — brand ya viral tumbler pe extra kharch karne ka koi faayda nahi."
survey_water-bottle-choice__aDsFC4V,persona/datasets/matraix-persona-1m/cohorts/cohort-b9851ff4d44d/persona_synthetic-ae272423301f.yaml,1.0,beijixiong_316,杯具熊 316 保温杯,129.0,4,insulation,4,55-64,Value-driven,South Asia,Upper-middle,Woman,Mid-life,$200k+,Part-time,"मुझे रोज़ पानी गरम-ठंडा रखने की ज़रूरत है, और 316/316L स्टील इनर लाइनर वाली ट्रिपल इंसुलेशन इस दाम पर सबसे समझदारी भरा सौदा लगती है। ¥129 मेरे बजट में आराम से बैठ जाती है और 600 ml क्षमता घर-बाहर दोनों के लिए ठीक है। ज़ोजिरुशी और स्टेनली ज़्यादा महंगे हैं, और नालजीन बिना इंसुलेशन वाला प्लास्टिक है जो मुझे पसंद नहीं।"
survey_water-bottle-choice__aGVRAWr,persona/datasets/matraix-persona-1m/cohorts/cohort-b9851ff4d44d/persona_synthetic-70759162d848.yaml,1.0,beijixiong_316,杯具熊 316 保温杯,129.0,4,insulation,4,18-24,Value-driven,East Asia,Lower-middle,Woman,Early career,$100k-200k,Full-time,我日常需要保温瓶，316/316L内胆加无尾真空和三重隔热，在百元档里配置最扎实，密封和耐用性都可靠。600ml容量刚好够我一天使用，¥129的价格对这样的材质和保温性能来说性价比很高，比同材质的Mijia和Zojirushi便宜不少，也不需要Stanley那种超大容量的笨重。
survey_water-bottle-choice__aGrabGs,persona/datasets/matraix-persona-1m/cohorts/cohort-b9851ff4d44d/persona_wiki-811636b4efd2.yaml,1.0,beijixiong_316,杯具熊 316 保温杯,129.0,5,insulation,4,55-64,Value-driven,South Asia,High income,Man,Mid-life,$200k+,Full-time,"At ¥129 it delivers the best specification per rupee: a 316/316L stainless liner, tail-less vacuum and triple heat blocking, which matters for my long days of meetings and travel. The 600 ml size is right for daily use, and paying ¥100 more for a Japanese brand or ¥190 more for a viral tumbler buys me lifestyle marketing rather than better function. It is the sensible, high-utility buy."
survey_water-bottle-choice__aJsiQi2,persona/datasets/matraix-persona-1m/cohorts/cohort-b9851ff4d44d/persona_synthetic-9557ca531e26.yaml,1.0,beijixiong_316,杯具熊 316 保温杯,129.0,4,insulation,4,35-44,Value-driven,Sub-Saharan Africa,Lower-middle,Woman,Career change,<$25k,Full-time,"I need one bottle that works for both cold water during long commutes and tea in the evening, and 316/316L stainless with triple heat blocking at ¥129 gives me the best insulation per shilling. The 600 ml size fits my bag without being bulky, and the price is a one-time cost I can justify for something I use daily."
survey_water-bottle-choice__aLiBaYn,persona/datasets/matraix-persona-1m/cohorts/cohort-b9851ff4d44d/persona_wiki-93dc448b7e1f.yaml,1.0,beijixiong_316,杯具熊 316 保温杯,129.0,5,insulation,5,85+,Value-driven,Western Europe,Upper-middle,Man,Retirement,$100k-200k,Self-employed,"I want a genuinely insulated bottle for daily use, and the Beijixiong gives me a proper 316/316L stainless liner and triple heat blocking at a fair ¥129 — the best real value on this shelf. The budget option is too small and basic, while the Zojirushi and Stanley charge a premium I don't need to pay for the same job."
survey_water-bottle-choice__aSyPHSD,persona/datasets/matraix-persona-1m/cohorts/cohort-b9851ff4d44d/persona_synthetic-efac214dd127.yaml,1.0,fuguang_316,富光 316 保温杯,39.9,4,price,4,25-34,Cost-sensitive,South Asia,Low income,Woman,Early career,$25k-50k,Unemployed,"Money is tight right now, so the ¥39.9 Fuguang 316 is the only one I can justify — and it still gives me a 316 stainless steel insulated bottle with a reliable seal. It is cheap enough that losing or denting it would not hurt, which matters for a bottle I carry every day."
survey_water-bottle-choice__aTa5KTx,persona/datasets/matraix-persona-1m/cohorts/cohort-b9851ff4d44d/persona_synthetic-d53a548e724f.yaml,1.0,beijixiong_316,杯具熊 316 保温杯,129.0,4,insulation,4,35-44,Cost-sensitive,Southeast Asia,Upper-middle,Man,Early career,$50k-100k,Full-time,"I want insulated stainless steel with a genuinely clean, non-reactive inner liner, and the Beijixiong gives me 316/316L and triple heat blocking at ¥129 — well under the ¥179 Mijia and far under the Zojirushi. The 600 ml size is a practical middle ground for daily use, and the price is defensible for what it delivers."
survey_water-bottle-choice__aeYuBBj,persona/datasets/matraix-persona-1m/cohorts/cohort-b9851ff4d44d/persona_synthetic-a20c1b0d9a10.yaml,1.0,beijixiong_316,杯具熊 316 保温杯,129.0,4,price,4,35-44,Cost-sensitive,MENA,Low income,Woman,Parent of young kids,$50k-100k,Homemaker,"Je cherche une gourde isolée pour un usage quotidien, et la Beijixiong offre la meilleure valeur au palier des 100 ¥ avec sa doublure 316/316L et sa triple isolation. La Fuguang est trop basique et les options plus chères (Mijia, Zojirushi, Stanley) ne justifient pas le surcoût pour mes besoins simples."
survey_water-bottle-choice__aigWPsD,persona/datasets/matraix-persona-1m/cohorts/cohort-b9851ff4d44d/persona_synthetic-cd2f4359bb3f.yaml,1.0,beijixiong_316,杯具熊 316 保温杯,129.0,4,insulation,4,35-44,Indifferent,South Asia,Middle,Man,Mid-life,$25k-50k,Homemaker,"मैं रोज़ाना उपयोग के लिए एक भरोसेमंद, अच्छी इंसुलेशन वाली बोतल चाहता हूँ, और 316/316L स्टील तथा ट्रिपल हीट ब्लॉकिंग वाली बेजिक्सिओंग बोतल ¥129 में सबसे संतुलित वैल्यू देती है। मिजिया और ज़ोजिरुशी जैसी ब्रांडेड बोतलें अच्छी हैं, लेकिन मेरे लिए यह कीमत ज़्यादा है, जबकि फुगुआंग बहुत बुनियादी लगती है। इसलिए मैं बेजिक्सिओंग चुनूँगा।"
survey_water-bottle-choice__anb37CN,persona/datasets/matraix-persona-1m/cohorts/cohort-b9851ff4d44d/persona_synthetic-8d9ab24a34cd.yaml,1.0,zojirushi_sm_sz,象印 SM-SZ,229.0,4,insulation,4,18-24,Indifferent,East Asia,Lower-middle,Man,Early career,$100k-200k,Gig / freelance,我每天都要用，最看重保温效果和清洁便利，象印的顶级保温和不粘内涂层正好解决这两点。虽然约¥229偏贵，但480ml对我单人日常够用，且比Stanley那个1180ml的巨型杯子更便携。价格高但耐用可靠，长期算下来值得。
survey_water-bottle-choice__awzba73,persona/datasets/matraix-persona-1m/cohorts/cohort-b9851ff4d44d/persona_synthetic-50ab43d0f46e.yaml,1.0,fuguang_316,富光 316 保温杯,39.9,5,price,4,25-34,Cost-sensitive,Sub-Saharan Africa,Low income,Woman,Parent of young kids,<$25k,Unemployed,"Nina bajeti ndogo na familia kubwa, kwa hivyo bei rahisi ya ¥39.9 inanifaa zaidi. Chupa hii ina insulation ya msingi na muhuri wa kuaminika, ambayo inatosha kwa matumizi ya kila siku. Sitaki kulipa zaidi kwa chapa au muundo wakati kazi ya msingi inatimizwa."
survey_water-bottle-choice__axDtkF8,persona/datasets/matraix-persona-1m/cohorts/cohort-b9851ff4d44d/persona_synthetic-cb8fb3c85414.yaml,1.0,beijixiong_316,杯具熊 316 保温杯,129.0,4,insulation,4,45-54,Value-driven,East Asia,Upper-middle,Woman,Retirement,$50k-100k,Homemaker,保温性能は毎日の使用で一番大事で、316/316Lの内胆と真空断熱がこの価格帯では最も優れていると考えました。500mlでは少し足りないので600mlは私にちょうど良く、¥129という価格も家計に無理なく、国産ブランドの信頼感もあります。
survey_water-bottle-choice__b2vAjKv,persona/datasets/matraix-persona-1m/cohorts/cohort-b9851ff4d44d/persona_wiki-4cddda811dea.yaml,1.0,beijixiong_316,杯具熊 316 保温杯,129.0,4,insulation,4,25-34,Premium-seeking,North America,,Man,Early career,,Unemployed,"I want real vacuum insulation and a durable 316 stainless liner for daily training and commuting, and this hits that spec at a fair mid-tier price. The Stanley is too bulky and pricey for carrying around, while the cheaper Fuguang and the plastic Nalgene give up insulation."
survey_water-bottle-choice__b4U5kDK,persona/datasets/matraix-persona-1m/cohorts/cohort-b9851ff4d44d/persona_synthetic-03e7bdd737ce.yaml,1.0,beijixiong_316,杯具熊 316 保温杯,129.0,4,price,4,55-64,Cost-sensitive,South Asia,Low income,Woman,Parent of young kids,$50k-100k,Gig / freelance,"मैं रोज़ पानी पीने के लिए एक भरोसेमंद और टिकाऊ बोतल चाहती हूँ, और बेइजीश्योंग 316 में 316/316L स्टील लाइनर और अच्छी वैक्यूम इंसुलेशन मिलती है जो सस्ती बोतलों से बेहतर है। 129 युआन की कीमत मेरे बजट में है और यह ज़्यादा महँगे ब्रांडेड विकल्पों जितना ही काम देगी, इसलिए यही सबसे समझदारी भरा चुनाव लगता है।"
survey_water-bottle-choice__b7A9EBn,persona/datasets/matraix-persona-1m/cohorts/cohort-b9851ff4d44d/persona_synthetic-55fe647d9866.yaml,1.0,beijixiong_316,杯具熊 316 保温杯,129.0,5,price,4,18-24,Value-driven,Sub-Saharan Africa,Middle,Man,Early career,$100k-200k,Part-time,"I want insulated stainless steel for daily hot and cold drinks, and 316/316L with a tail-less vacuum at ¥129 hits the sweet spot between the cheap budget bottle and the pricey Japanese brands. It's the best value mid tier, has a reliable seal for carrying in my bag, and 600 ml is a sensible size for a workday."
survey_water-bottle-choice__b98x26r,persona/datasets/matraix-persona-1m/cohorts/cohort-b9851ff4d44d/persona_synthetic-97845b6035f6.yaml,1.0,beijixiong_316,杯具熊 316 保温杯,129.0,4,insulation,4,65-74,Cost-sensitive,Southeast Asia,Lower-middle,Woman,Retirement,$50k-100k,Full-time,我每天都要用，保温最要紧，316/316L内胆加三重隔热在这个价位最实在。六百毫升够我一天喝，一百二十九元不算便宜但也不离谱，比小米和象印省下不少。斯坦利太大太重，纳尔基因不保温直接不考虑。
survey_water-bottle-choice__bHSHGYZ,persona/datasets/matraix-persona-1m/cohorts/cohort-b9851ff4d44d/persona_synthetic-ff9ec0c18888.yaml,1.0,beijixiong_316,杯具熊 316 保温杯,129.0,4,insulation,3,45-54,Cost-sensitive,East Asia,Lower-middle,Woman,Early career,<$25k,Full-time,我买瓶子的第一诉求是保温和耐用，其次是价格能长期承受。北極熊这款在百元档用的316/316L内胆加无尾真空，参数上明显比39.9元的福光扎实，又比小米和象印便宜一半，600ml对我日常够用。象印和Stanley溢价太高，Nalgene不保温，所以选它。
survey_water-bottle-choice__bPuEGTe,persona/datasets/matraix-persona-1m/cohorts/cohort-b9851ff4d44d/persona_synthetic-8d8b0106f95c.yaml,1.0,beijixiong_316,杯具熊 316 保温杯,129.0,4,insulation,4,45-54,Cost-sensitive,Southeast Asia,Low income,Woman,Mid-life,<$25k,Full-time,"I want insulated stainless steel for daily tea and water, and the 316/316L liner plus triple heat blocking at ¥129 is the best value on this shelf. The 600 ml size fits my bag without being bulky, and the ¥39.9 budget one feels too basic for something I'll use every day."
survey_water-bottle-choice__bRFbv38,persona/datasets/matraix-persona-1m/cohorts/cohort-b9851ff4d44d/persona_synthetic-9064e375fc44.yaml,1.0,beijixiong_316,杯具熊 316 保温杯,129.0,4,insulation,4,18-24,Cost-sensitive,East Asia,Lower-middle,Woman,Student,$25k-50k,Student,我平时在城里开车通勤，也常去户外，所以需要一个保温好、容量够又不贵的瓶子。北極熊这款在¥100档里给了316/316L内胆和无尾真空，三重隔热听起来最实在，600ml比500ml更够用，价格又远低于小米和象印。作为一个对性价比很敏感、又偏好可靠结构的人，它最符合我的日常需求。
survey_water-bottle-choice__bSbfDU4,persona/datasets/matraix-persona-1m/cohorts/cohort-b9851ff4d44d/persona_synthetic-1d3767386805.yaml,1.0,beijixiong_316,杯具熊 316 保温杯,129.0,4,price,4,65-74,Value-driven,Sub-Saharan Africa,Middle,Woman,Retirement,<$25k,Retired,"I want a small insulated bottle I can carry daily and trust to keep tea hot, and the 316/316L liner at ¥129 is the best value on this shelf. The budget Fuguang is cheaper but I don't trust a ¥40 vacuum seal to last, and the premium brands cost nearly double for the same job."
survey_water-bottle-choice__bTQxtG6,persona/datasets/matraix-persona-1m/cohorts/cohort-b9851ff4d44d/persona_synthetic-362a0d0974b5.yaml,1.0,beijixiong_316,杯具熊 316 保温杯,129.0,4,insulation,4,18-24,Cost-sensitive,Southeast Asia,Low income,Woman,Early career,$100k-200k,Full-time,"El precio medio de ¥129 me parece el punto justo: no es lo más barato ni lo más caro, y por ese dinero me llevo acero inoxidable 316/316L con triple bloqueo de calor, que es lo que de verdad importa para uso diario. Los de marca premium como Zojirushi o Stanley se me van de presupuesto para lo que necesito, y el Nalgene no aísla, así que no me sirve. Prefiero pagar un poco más que el Fuguang básico para tener mejor aislamiento y durabilidad."
survey_water-bottle-choice__bc5QKkC,persona/datasets/matraix-persona-1m/cohorts/cohort-b9851ff4d44d/persona_wiki-2fe2fb522acd.yaml,1.0,beijixiong_316,杯具熊 316 保温杯,129.0,4,insulation,4,55-64,Indifferent,Latin America,Middle,Man,Mid-life,null,Full-time,"Es la opción que mejor equilibra precio y calidad: por ¥129 ofrece acero inoxidable 316/316L con aislamiento al vacío superior, lo que garantiza durabilidad y buen rendimiento térmico. Su capacidad de 600 ml es la adecuada para mi uso diario, y confío en las marcas nacionales con buena reputación en su gama. No necesito pagar más por diseño viral ni por una marca premium cuando esta cumple sobradamente."
survey_water-bottle-choice__bhxErEt,persona/datasets/matraix-persona-1m/cohorts/cohort-b9851ff4d44d/persona_synthetic-27e7c83666b2.yaml,1.0,fuguang_316,富光 316 保温杯,39.9,4,price,4,65-74,Value-driven,South Asia,Low income,Man,Mid-life,<$25k,Unemployed,"Money's tight and I'm not working steady, so ¥39.9 for a 500 ml insulated bottle with a reliable seal is the only one that fits what I can actually spend. It's cheap, durable, and does the basic job — I don't need viral tumblers or eco branding to drink water."
survey_water-bottle-choice__bj3M9Gy,persona/datasets/matraix-persona-1m/cohorts/cohort-b9851ff4d44d/persona_synthetic-fa738c2daf71.yaml,1.0,beijixiong_316,杯具熊 316 保温杯,129.0,4,insulation,4,25-34,Cost-sensitive,East Asia,Low income,Man,Career change,<$25k,Full-time,保温が一番大事で、316ステンレスでこの値段なら文句なし。予算内で品質が釣り合っている。
survey_water-bottle-choice__bjr4mfD,persona/datasets/matraix-persona-1m/cohorts/cohort-b9851ff4d44d/persona_wiki-c5cc529e8ec6.yaml,1.0,beijixiong_316,杯具熊 316 保温杯,129.0,5,insulation,4,55-64,Indifferent,Southeast Asia,High income,Man,Mid-life,$100k-200k,Retired,ผมต้องการขวดที่เก็บอุณหภูมิได้จริงสำหรับใช้ประจำวัน และตัวนี้ให้สเปก 316/316L พร้อมฉนวนสุญญากาศแบบไม่มีก้นที่ระดับราคา ¥129 ซึ่งคุ้มค่าที่สุดในชั้นวาง เมื่อเทียบกับ Mijia ที่แพงกว่าแต่ความจุเท่ากันครึ่งลิตร และ Zojirushi ที่ดีแต่ราคาสูงเกินความจำเป็นสำหรับการใช้งานทั่วไป แบรนด์ระดับกลางนี้เพียงพอต่อความเชื่อถือโดยไม่ต้องจ่ายเพิ่มเพื่อชื่อเสียงระดับโลก
survey_water-bottle-choice__bkf9dfV,persona/datasets/matraix-persona-1m/cohorts/cohort-b9851ff4d44d/persona_wiki-d3736331ec53.yaml,1.0,zojirushi_sm_sz,象印 SM-SZ,229.0,4,insulation,5,25-34,Value-driven,Eastern Europe,Upper-middle,Woman,Early career,$100k-200k,Self-employed,"I carry a bottle everywhere — rehearsals, gym, studio sessions, long drives — so insulation and cleanability are non-negotiable. The Zojirushi's top-tier insulation and non-stick interior mean it actually performs and doesn't get gross, and at ¥229 it's a premium I'll happily pay for something I use every single day."
survey_water-bottle-choice__boSDh4Y,persona/datasets/matraix-persona-1m/cohorts/cohort-b9851ff4d44d/persona_synthetic-167ffd3d69d6.yaml,1.0,beijixiong_316,杯具熊 316 保温杯,129.0,4,insulation,4,45-54,Value-driven,Sub-Saharan Africa,Lower-middle,Man,Parent of young kids,$200k+,Full-time,"Nahitaji insulation ya kweli kwa safari zangu za kila siku, na 316/316L ndani ni bora kuliko chapa za bei rahisi. Kwa ¥129 napata ubora wa kiwango cha juu bila kulipa zaidi kama Zojirushi au Stanley."
survey_water-bottle-choice__bpDfLof,persona/datasets/matraix-persona-1m/cohorts/cohort-b9851ff4d44d/persona_wiki-2638cd2de015.yaml,1.0,beijixiong_316,杯具熊 316 保温杯,129.0,5,insulation,4,65-74,Value-driven,North America,Upper-middle,Woman,Mid-life,$100k-200k,Full-time,"I want a genuinely insulated bottle I can carry all day, and the Beijixiong gives me a 316/316L stainless liner and triple heat blocking at a price that doesn't feel like a splurge. The 600 ml capacity is the sweet spot for me — more than the basic 500 ml options, without the bulk of the Stanley. I'm value-driven and skeptical of paying for a viral name, so this mid-tier pick earns its ¥129."
survey_water-bottle-choice__bzXvzMR,persona/datasets/matraix-persona-1m/cohorts/cohort-b9851ff4d44d/persona_synthetic-d456fd84ffc1.yaml,1.0,beijixiong_316,杯具熊 316 保温杯,129.0,5,insulation,4,65-74,Cost-sensitive,East Asia,Middle,Man,Retirement,$50k-100k,Part-time,我年纪大了，喝不了冰水，保温是第一位。北極熊這款在百元價位給到316/316L內膽和無尾真空，性價比我認為最划算，比米家和象印便宜一半還多。600毫升比我現在用的舊瓶子大一點，一天不用反覆加水，正好。
survey_water-bottle-choice__c2P4aTf,persona/datasets/matraix-persona-1m/cohorts/cohort-b9851ff4d44d/persona_synthetic-0da7795ccb9c.yaml,1.0,beijixiong_316,杯具熊 316 保温杯,129.0,4,price,4,18-24,Cost-sensitive,South Asia,Middle,Woman,Student,<$25k,Gig / freelance,"मैं रोज़ाना उपयोग के लिए एक भरोसेमंद और टिकाऊ बोतल चाहती हूँ, और बीजिक्सिओंग 316 मुझे सबसे संतुलित विकल्प लगती है — 316/316L स्टील की अंदरूनी परत, अच्छी वैक्यूम इंसुलेशन और मज़बूत सील, जो मेरे पानी को लंबे समय तक ठंडा रखेगी। इसकी कीमत ¥129 मेरी सीमित आय के हिसाब से उचित है, जबकि ज़ोजिरुशी और स्टेनली जैसी महँगी बोतलें मेरे बजट से बाहर हैं। 600 ml का आकार भी दिनभर के लिए पर्याप्त है और इसे ले जाना आसान रहेगा।"
survey_water-bottle-choice__c2qs4Z8,persona/datasets/matraix-persona-1m/cohorts/cohort-b9851ff4d44d/persona_synthetic-b2b4688220ea.yaml,1.0,fuguang_316,富光 316 保温杯,39.9,5,price,4,65-74,Indifferent,South Asia,Middle,Man,Retirement,$50k-100k,Retired,"मैं रिटायर्ड हूँ और पैसा बचाना मेरे लिए ज़रूरी है, इसलिए ¥39.9 की कीमत सबसे व्यावहारिक लगती है। 316 स्टील और वैक्यूम इंसुलेशन रोज़ के इस्तेमाल के लिए काफी है, और बेसिक सील भरोसेमंद लगती है।"
survey_water-bottle-choice__cAGa6b7,persona/datasets/matraix-persona-1m/cohorts/cohort-b9851ff4d44d/persona_synthetic-9505abc59cc2.yaml,1.0,beijixiong_316,杯具熊 316 保温杯,129.0,4,insulation,4,55-64,Indifferent,South Asia,Upper-middle,Woman,Empty nester,<$25k,Homemaker,我平时喝水不多，500ml左右刚好，不需要Stanley那种大容量。129元的北极熊316内胆和三重隔热在同价位里最实在，保温够用又不算贵。
survey_water-bottle-choice__cGTWDKb,persona/datasets/matraix-persona-1m/cohorts/cohort-b9851ff4d44d/persona_synthetic-6e3c9e6fba74.yaml,1.0,beijixiong_316,杯具熊 316 保温杯,129.0,4,insulation,4,18-24,Cost-sensitive,South Asia,Lower-middle,Woman,Early career,$25k-50k,Student,"मेरे लिए रोज़ पानी गरम-ठंडा रखना और कीमत दोनों मायने रखते हैं, और 316/316L लाइनर वाली थर्मल बोतल ₹129 पर सबसे संतुलित लगती है — सस्ती बोतल से बेहतर बनावट, महंगी ज़ोजिरुशी से काफ़ी कम दाम। 600 ml क्षमता भी दिन भर के लिए ठीक है, इसलिए यही खरीदूँगी।"
survey_water-bottle-choice__cMY7kN8,persona/datasets/matraix-persona-1m/cohorts/cohort-b9851ff4d44d/persona_synthetic-fef82b71b5de.yaml,1.0,beijixiong_316,杯具熊 316 保温杯,129.0,4,price,3,35-44,Cost-sensitive,Southeast Asia,Lower-middle,Woman,Career change,<$25k,Full-time,"Je cherche une bouteille isotherme pour tous les jours, et la Beijixiong offre la meilleure isolation en acier 316 pour environ 129 yuans, ce qui reste dans mon budget serré. La Fuguang est moins chère mais l'isolation est basique, tandis que la Mijia et la Zojirushi coûtent nettement plus cher pour un usage quotidien simple. Je préfère donc le bon rapport qualité-prix du milieu de gamme."
survey_water-bottle-choice__cNrMsij,persona/datasets/matraix-persona-1m/cohorts/cohort-b9851ff4d44d/persona_synthetic-507ca9a9f5ef.yaml,1.0,beijixiong_316,杯具熊 316 保温杯,129.0,4,insulation,4,45-54,Cost-sensitive,South Asia,Low income,Woman,Mid-life,$50k-100k,Homemaker,"I want real insulation without paying a premium, and the Beijixiong 316 gives me a 316/316L liner and triple heat blocking at ¥129 — the sweet spot between the cheap basic bottle and the overpriced viral tumblers. The 600 ml size suits my daily tea-and-water routine, and I trust a mid-tier brand far more than a plastic bottle that won't keep anything warm."
survey_water-bottle-choice__cTWsc8L,persona/datasets/matraix-persona-1m/cohorts/cohort-b9851ff4d44d/persona_synthetic-59a7b0dadfd9.yaml,1.0,fuguang_316,富光 316 保温杯,39.9,5,price,4,25-34,Cost-sensitive,MENA,Low income,Woman,Mid-life,<$25k,Full-time,"Le budget est serré en ce moment, donc je regarde d'abord le prix. Le Fuguang 316 à ¥39.9 fait exactement ce dont j'ai besoin au quotidien : isotherme, bonne capacité 500 ml et joint fiable. Pas besoin de payer plus pour un logo ou des gadgets."
survey_water-bottle-choice__cUpMJW2,persona/datasets/matraix-persona-1m/cohorts/cohort-b9851ff4d44d/persona_synthetic-9617c75859eb.yaml,1.0,beijixiong_316,杯具熊 316 保温杯,129.0,4,insulation,4,18-24,Cost-sensitive,South Asia,Low income,Man,Student,<$25k,Full-time,"I want proper vacuum insulation and a durable 316 stainless liner for daily use, and the Beijixiong gives me both at a price I can justify. It sits in the sweet spot: clearly better specs than the ¥39.9 budget bottle, but far cheaper than the Mijia and premium imports for essentially the same core function. I don't need a viral tumbler or a 946 ml plastic bottle — I need something reliable, sealed, and easy to carry."
survey_water-bottle-choice__cVeFVY9,persona/datasets/matraix-persona-1m/cohorts/cohort-b9851ff4d44d/persona_synthetic-3d45a1fea1d0.yaml,1.0,fuguang_316,富光 316 保温杯,39.9,3,insulation,3,18-24,Value-driven,South Asia,Lower-middle,Man,Early career,<$25k,Homemaker,"No persona-specific answer was produced, so a neutral answer was used."
survey_water-bottle-choice__cZEXBzX,persona/datasets/matraix-persona-1m/cohorts/cohort-b9851ff4d44d/persona_wiki-18e8ce5b922d.yaml,1.0,beijixiong_316,杯具熊 316 保温杯,129.0,5,insulation,4,35-44,Value-driven,Europe,Upper-middle,Woman,Mid-life,$100k-200k,Self-employed,"The Beijixiong hits the sweet spot for me: 316/316L stainless steel with a tail-less vacuum and triple heat blocking at ¥129, which is genuinely best-in-class for that price tier. I use a bottle all day, every day, so insulation and easy cleaning matter more than viral branding or a designer look. The 600 ml capacity is the right size for commuting and desk work without being bulky."
survey_water-bottle-choice__cZk6eeb,persona/datasets/matraix-persona-1m/cohorts/cohort-b9851ff4d44d/persona_synthetic-9a1e0ff8dfcd.yaml,1.0,beijixiong_316,杯具熊 316 保温杯,129.0,4,insulation,4,25-34,Indifferent,Southeast Asia,Upper-middle,Man,Early career,<$25k,Gig / freelance,"I want proper insulation for hot tea and cold water all day, and 316/316L steel at ¥129 is the best value on this shelf — the Fuguang is cheaper but only a basic build, and I'm not paying ¥179+ just for a brand name. 600 ml also fits my hand and my bag without being a brick like the Stanley."
survey_water-bottle-choice__cdCiwXT,persona/datasets/matraix-persona-1m/cohorts/cohort-b9851ff4d44d/persona_synthetic-4344ed8b2707.yaml,1.0,beijixiong_316,杯具熊 316 保温杯,129.0,4,insulation,4,55-64,Value-driven,South Asia,Middle,Woman,Retirement,$200k+,Homemaker,"मुझे रोज़ पानी गर्म रखने की ज़रूरत है, और 316/316L लाइनर वाली बोतल इस दाम पर सबसे भरोसेमंद लगती है। 600 ml का साइज़ मेरे लिए ठीक है और ¥129 मेरे बजट में आराम से आ जाता है।"
survey_water-bottle-choice__ceC6jF7,persona/datasets/matraix-persona-1m/cohorts/cohort-b9851ff4d44d/persona_synthetic-af5c3968a253.yaml,1.0,fuguang_316,富光 316 保温杯,39.9,5,price,5,18-24,Cost-sensitive,Sub-Saharan Africa,Low income,Man,Student,<$25k,Student,"Sou estudante, sem emprego e com renda familiar baixa, então o preço é o fator decisivo. O Fuguang 316 entrega o essencial que preciso no dia a dia: isolamento a vácuo básico, vedação confiável e aço inoxidável 316 durável, por apenas ¥39.9. Não vejo motivo para pagar três ou oito vezes mais por recursos que não uso."
survey_water-bottle-choice__cfPfSLA,persona/datasets/matraix-persona-1m/cohorts/cohort-b9851ff4d44d/persona_synthetic-5fe2328a2c13.yaml,1.0,beijixiong_316,杯具熊 316 保温杯,129.0,4,insulation,4,18-24,Indifferent,Sub-Saharan Africa,Middle,Woman,Student,<$25k,Student,"Preciso de uma garrafa térmica para o dia a dia e esta parece o melhor equilíbrio entre preço e qualidade. O interior em 316/316L e o isolamento a vácuo triplo prometem manter a temperatura bem, sem eu gastar o que não tenho. As opções mais caras não me convencem pelo que oferecem a mais."
survey_water-bottle-choice__chcKHrB,persona/datasets/matraix-persona-1m/cohorts/cohort-b9851ff4d44d/persona_synthetic-981c44aa9001.yaml,1.0,beijixiong_316,杯具熊 316 保温杯,129.0,4,insulation,4,18-24,Cost-sensitive,East Asia,Low income,Man,Career change,$25k-50k,Part-time,我预算有限，但每天通勤都要用，所以最看重保温效果和耐用性。北極熊 316 在百元价位给到 316/316L 内胆和无尾真空，比同价位的塑料瓶和更贵的品牌都更划算，129 元也在可接受范围内。
survey_water-bottle-choice__civJgjE,persona/datasets/matraix-persona-1m/cohorts/cohort-b9851ff4d44d/persona_synthetic-5bc9904a9fb9.yaml,1.0,fuguang_316,富光 316 保温杯,39.9,5,price,4,75-84,Cost-sensitive,East Asia,Low income,Woman,Retirement,<$25k,Retired,我是靠固定养老金过日子的，花两百多买个水壶实在舍不得。这个国产老牌子只要三十九块九，316不锈钢内胆、真空保温、密封也靠谱，日常喝水够用了。牌子便宜但结实，坏了丢了也不心疼。
survey_water-bottle-choice__cnFWDNq,persona/datasets/matraix-persona-1m/cohorts/cohort-b9851ff4d44d/persona_wiki-76bc41056167.yaml,1.0,beijixiong_316,杯具熊 316 保温杯,129.0,5,insulation,5,35-44,Value-driven,South Asia,Upper-middle,Man,Mid-life,$100k-200k,Self-employed,"मैं रोज़ाना ऑफिस और मीटिंग्स में बोतल ले जाता हूँ, इसलिए 316/316L स्टील लाइनर और triple heat blocking वाली इंसुलेशन मेरे लिए सबसे भरोसेमंद है — चाय-कॉफ़ी का स्वाद और गर्माहट दोनों बनी रहती है। ¥129 पर यह Zojirushi से लगभग आधी कीमत में उसी स्तर का परफ़ॉर्मेंस देती है, और 600 ml क्षमता मेरे पूरे दिन के लिए पर्याप्त है। ब्रांड-वैल्यू वाली Mijia या सस्ती Fuguang की तुलना में यह सबसे संतुलित विकल्प है।"
survey_water-bottle-choice__cpL32ib,persona/datasets/matraix-persona-1m/cohorts/cohort-b9851ff4d44d/persona_synthetic-aba97e80145d.yaml,1.0,beijixiong_316,杯具熊 316 保温杯,129.0,4,price,4,45-54,Cost-sensitive,East Asia,Lower-middle,Man,Mid-life,$25k-50k,Self-employed,我买水瓶就图个实在：316不锈钢内胆、真空保温、密封好，129块钱这个价位里它给的东西最扎实，比40块那个杂牌放心，又不像象印、Stanley那样为牌子多掏一百多。600毫升日常带水够用，不花哨，坏了也不心疼。
survey_water-bottle-choice__cpcqAzB,persona/datasets/matraix-persona-1m/cohorts/cohort-b9851ff4d44d/persona_synthetic-d22923eb6664.yaml,1.0,fuguang_316,富光 316 保温杯,39.9,5,price,4,25-34,Cost-sensitive,MENA,Low income,Non-binary,Career change,<$25k,Homemaker,"I am on a low income and cost-sensitive, so the ¥39.9 Fuguang is the only price I can comfortably justify right now. It still gives me what I actually need daily: 316 stainless steel, vacuum insulation, and a reliable seal for a 500 ml bottle. The premium options add features I do not need and prices I cannot absorb."
survey_water-bottle-choice__cpf9knv,persona/datasets/matraix-persona-1m/cohorts/cohort-b9851ff4d44d/persona_synthetic-666aec73290f.yaml,1.0,beijixiong_316,杯具熊 316 保温杯,129.0,4,price,4,45-54,Cost-sensitive,Sub-Saharan Africa,Lower-middle,Man,Mid-life,$50k-100k,Homemaker,"I want real vacuum insulation and a 316 stainless liner without paying premium brand tax. At ¥129 the Beijixiong gives me the 316/316L inner liner and triple heat blocking for about half what the Zojirushi or Mijia cost, and 600 ml is the right size for a daily commute. The Fuguang is cheaper but the 500 ml basic spec feels like a compromise I'd regret."
survey_water-bottle-choice__cprHEig,persona/datasets/matraix-persona-1m/cohorts/cohort-b9851ff4d44d/persona_synthetic-5f5f9d5df456.yaml,1.0,fuguang_316,富光 316 保温杯,39.9,5,price,4,35-44,Cost-sensitive,East Asia,Upper-middle,Woman,Career change,<$25k,Full-time,我只需要一个能装水、不漏、便宜耐用的瓶子，316不锈钢加真空保温在¥39.9这个价位已经够用。Zojirushi、Stanley那些溢价买的是品牌和外观，我不为这些付费。预算紧，选最实在的。
survey_water-bottle-choice__cpuD99U,persona/datasets/matraix-persona-1m/cohorts/cohort-b9851ff4d44d/persona_synthetic-a1373ccd2832.yaml,1.0,beijixiong_316,杯具熊 316 保温杯,129.0,4,price,4,18-24,Value-driven,East Asia,Low income,Woman,Student,<$25k,Full-time,我预算有限，想要保温性能可靠、容量够日常喝水的瓶子，这款600ml的316不锈钢内胆在这个价位算是性价比最高的。日本牌子太贵，塑料瓶不保温，Stanley又太大太重，所以选它。
survey_water-bottle-choice__cr6yLm2,persona/datasets/matraix-persona-1m/cohorts/cohort-b9851ff4d44d/persona_synthetic-2964b43832c4.yaml,1.0,fuguang_316,富光 316 保温杯,39.9,5,price,5,35-44,Cost-sensitive,East Asia,Upper-middle,Woman,Parent of young kids,<$25k,Full-time,家里五口人，三个孩子，钱得省着花，39.9元这个价格最实在。316不锈钢加真空保温，密封可靠又耐用，日常带水完全够用，没必要为牌子多花好几倍的钱。
survey_water-bottle-choice__d734AaA,persona/datasets/matraix-persona-1m/cohorts/cohort-b9851ff4d44d/persona_synthetic-cd77029476f4.yaml,1.0,fuguang_316,富光 316 保温杯,39.9,5,price,4,18-24,Cost-sensitive,South Asia,Low income,Woman,Student,<$25k,Unemployed,"I'm a student with no income and I'm very cost-sensitive, so ¥39.9 for a basic insulated 500ml bottle is what I can actually afford. It seals well and keeps drinks warm, which is all I really need for daily use. The pricier ones are nice but not realistic for me right now."
survey_water-bottle-choice__d9bbnFZ,persona/datasets/matraix-persona-1m/cohorts/cohort-b9851ff4d44d/persona_synthetic-34279b86ab4f.yaml,1.0,fuguang_316,富光 316 保温杯,39.9,5,price,4,18-24,Value-driven,Southeast Asia,Middle,Woman,Student,<$25k,Full-time,أحتاج زجاجة يومية بسيطة وموثوقة، وسعري محدود لأنني طالبة أعيش بميزانية ضيقة. سعر ٣٩.٩ يوان مناسب جداً، والفولاذ ٣١٦ مع العزل الأساسي والإغلاق المحكم يكفي لاحتياجي اليومي دون دفع مبالغ كبيرة مقابل ميزات لا أستخدمها.
survey_water-bottle-choice__dDiQuVM,persona/datasets/matraix-persona-1m/cohorts/cohort-b9851ff4d44d/persona_synthetic-1c6a0d28d1ae.yaml,1.0,beijixiong_316,杯具熊 316 保温杯,129.0,4,price,3,18-24,Cost-sensitive,Sub-Saharan Africa,Lower-middle,Man,Early career,<$25k,Full-time,"Ich brauche eine isolierte Flasche für den täglichen Gebrauch, und 316/316L-Edelstahl mit dreifacher Isolierung ist für ¥129 ein starkes Angebot. Die 600-ml-Größe reicht mir, und der Preis passt zu meinem knappen Budget. Die Marke sagt mir nichts, aber die Spezifikationen überzeugen."
survey_water-bottle-choice__dRy4QGw,persona/datasets/matraix-persona-1m/cohorts/cohort-b9851ff4d44d/persona_synthetic-1a8e87f92a0c.yaml,1.0,beijixiong_316,杯具熊 316 保温杯,129.0,4,price,4,45-54,Cost-sensitive,South Asia,Low income,Woman,Mid-life,<$25k,Self-employed,"I want a properly insulated bottle for daily use, and this one sits at a price I can actually justify at ¥129. The 316/316L inner liner and triple heat blocking sound like the most honest value at the mid tier, without paying for a viral brand name I don't need. The 600 ml size also suits my routine better than a tiny 480 ml bottle."
survey_water-bottle-choice__dVySzGL,persona/datasets/matraix-persona-1m/cohorts/cohort-b9851ff4d44d/persona_synthetic-44536b17d150.yaml,1.0,beijixiong_316,杯具熊 316 保温杯,129.0,4,price,4,75-84,Cost-sensitive,South Asia,Upper-middle,Man,Career change,<$25k,Self-employed,"मैं रोज़ पानी पीने के लिए टिकाऊ और भरोसेमंद बोतल चाहता हूँ, और 316 स्टेनलेस स्टील की इनर लाइनर वाली यह बोतल 100 रुपये के दायरे में सबसे अच्छी लगती है। 600 ml क्षमता मेरे लिए ठीक है और कीमत भी जेब पर भारी नहीं पड़ती।"
survey_water-bottle-choice__dXq9eFh,persona/datasets/matraix-persona-1m/cohorts/cohort-b9851ff4d44d/persona_synthetic-5141c5a70c93.yaml,1.0,beijixiong_316,杯具熊 316 保温杯,129.0,4,insulation,4,45-54,Indifferent,Sub-Saharan Africa,Low income,Woman,Mid-life,<$25k,Homemaker,"I want proper insulation for tea on cold mornings, and the 600 ml size fits my bag without being bulky. At ¥129 it's the sweet spot — cheaper than the Mijia and Zojirushi, but with a better liner and vacuum build than the ¥39.9 budget bottle. I don't need a giant Stanley tumbler for daily use."
survey_water-bottle-choice__ddvRNzG,persona/datasets/matraix-persona-1m/cohorts/cohort-b9851ff4d44d/persona_synthetic-e1a338426904.yaml,1.0,fuguang_316,富光 316 保温杯,39.9,5,price,4,45-54,Cost-sensitive,MENA,Low income,Woman,Career change,$25k-50k,Homemaker,الميزانية محدودة وأنا أبحث عن زجاجة عملية للاستخدام اليومي. السعر 39.9 يوان مناسب جداً، والفولاذ 316 مع العزل الفراغي والغطاء المحكم يكفي لاحتياجي. لا أحتاج سعة كبيرة أو علامة تجارية فاخرة.
survey_water-bottle-choice__dgPf4qK,persona/datasets/matraix-persona-1m/cohorts/cohort-b9851ff4d44d/persona_wiki-39bfd381ce20.yaml,1.0,beijixiong_316,杯具熊 316 保温杯,129.0,5,insulation,4,55-64,Indifferent,South Asia,Upper-middle,Man,Mid-life,,Full-time,"I want a bottle that keeps my tea hot through a long day of lectures and office hours, and 316/316L stainless steel with triple heat blocking at ¥129 is the best insulation-per-yuan on this shelf. The 600 ml size suits my desk-to-commute routine, and I see no reason to pay ¥179 or ¥229 for a marginal gain in a bottle I will mostly use indoors."
survey_water-bottle-choice__dgdWpYk,persona/datasets/matraix-persona-1m/cohorts/cohort-b9851ff4d44d/persona_synthetic-2ceeb41e7f3e.yaml,1.0,fuguang_316,富光 316 保温杯,39.9,5,price,4,55-64,Cost-sensitive,Sub-Saharan Africa,Lower-middle,Woman,Early career,<$25k,Self-employed,"El precio es lo que más pesa para mí: ¥39.9 por un termo de acero inoxidable 316 con buen sellado me parece imbatible. No necesito gran capacidad ni marcas virales, solo algo fiable y barato para el día a día. 😊"
survey_water-bottle-choice__dhqLTsT,persona/datasets/matraix-persona-1m/cohorts/cohort-b9851ff4d44d/persona_synthetic-b1cc130333e9.yaml,1.0,beijixiong_316,杯具熊 316 保温杯,129.0,4,insulation,4,55-64,Value-driven,South Asia,Lower-middle,Woman,Mid-life,<$25k,Part-time,"I want real vacuum insulation for daily use, but I'm on a fixed lower income so ¥229-¥319 is too much. The Beijixiong 316 at ¥129 gives me the 316/316L liner and triple heat blocking that the cheap Fuguang lacks, without paying for the Xiaomi or Zojirushi name. 600 ml is a good size for carrying around all day."
survey_water-bottle-choice__doThYTR,persona/datasets/matraix-persona-1m/cohorts/cohort-b9851ff4d44d/persona_wiki-5a28df28f207.yaml,1.0,zojirushi_sm_sz,象印 SM-SZ,229.0,4,brand,4,75-84,Value-driven,Western Europe,Upper-middle,Woman,Mid-life,null,Self-employed,"I am a creature of habit and have learned to trust Japanese craftsmanship where fine detail matters; the Zojirushi SM-SZ is light enough for my arthritic hands, its non-stick interior is easy to clean, and top-tier insulation suits my daily routine. At my stage of life I would rather pay once for something dependable and well made than replace a cheap bottle every year."
survey_water-bottle-choice__doggzNb,persona/datasets/matraix-persona-1m/cohorts/cohort-b9851ff4d44d/persona_synthetic-e86fc8e7c049.yaml,1.0,beijixiong_316,杯具熊 316 保温杯,129.0,4,insulation,4,35-44,Value-driven,Sub-Saharan Africa,Middle,Woman,Mid-life,$200k+,Full-time,"I want a bottle that actually keeps water cool through a long hot day, and 316/316L stainless with triple heat blocking at ¥129 is the best insulation I can get without paying premium brand tax. The 600 ml size suits my daily walks and commute, and I'd rather buy one solid bottle than a cheap one I'd replace. The Zojirushi is nicer but ¥229 is more than I care to spend on a bottle."
survey_water-bottle-choice__dq4WeSw,persona/datasets/matraix-persona-1m/cohorts/cohort-b9851ff4d44d/persona_synthetic-767c12b21a4e.yaml,1.0,beijixiong_316,杯具熊 316 保温杯,129.0,4,insulation,4,55-64,Cost-sensitive,East Asia,Middle,Man,Career change,$25k-50k,Full-time,我需要保温性能好又不想花冤枉钱，这只在百元档给到316/316L内胆加三重隔热，600ml 对我来说容量刚好。日本牌子贵一截，Stanley 太大又太招摇，Nalgene 不保温直接排除，所以它最合适。
survey_water-bottle-choice__dy6aQWg,persona/datasets/matraix-persona-1m/cohorts/cohort-b9851ff4d44d/persona_wiki-152e16ca4c4f.yaml,1.0,zojirushi_sm_sz,象印 SM-SZ,229.0,4,insulation,4,35-44,Value-driven,North America,High income,Woman,Early career,$200k+,Self-employed,"I want a bottle I actually carry every day, so insulation and easy cleaning matter more to me than capacity or trend appeal. The Zojirushi's top-tier insulation and non-stick interior justify the premium for a daily object I'll use for years, and at 480 ml it still fits my bag and desk setup."
survey_water-bottle-choice__dyoiQWM,persona/datasets/matraix-persona-1m/cohorts/cohort-b9851ff4d44d/persona_wiki-88c5a408ac8d.yaml,1.0,beijixiong_316,杯具熊 316 保温杯,129.0,5,insulation,5,45-54,Value-driven,Sub-Saharan Africa,Upper-middle,Man,Mid-life,,Self-employed,"I want proper vacuum insulation for daily use, and the Beijixiong gives me 316/316L stainless steel, triple heat blocking and a reliable seal at ¥129 — the sweet spot between the cheap basic bottle and the overpriced lifestyle tumblers. The 600 ml size is right for a full day of training and office work, and I'd rather pay mid-tier for best-in-class build than ¥229 for a smaller Zojirushi or ¥319 for a viral tumbler I don't need."
survey_water-bottle-choice__e4Nc9nY,persona/datasets/matraix-persona-1m/cohorts/cohort-b9851ff4d44d/persona_synthetic-896bed53c938.yaml,1.0,beijixiong_316,杯具熊 316 保温杯,129.0,5,price,5,65-74,Value-driven,East Asia,Middle,Woman,Retirement,$100k-200k,Retired,我选北极熊316保温瓶，因为129元这个价位它给到316/316L内胆和无尾真空、三层隔热，性价比最实在。600毫升容量对我日常出门够用，我不需要花哨的杯盖或超大容量，也不愿为品牌溢价多付钱。国货、便宜、保温靠谱，符合我买东西认准实用和价格的习惯。
survey_water-bottle-choice__e7iMqGX,persona/datasets/matraix-persona-1m/cohorts/cohort-b9851ff4d44d/persona_synthetic-3b5d5e14d155.yaml,1.0,fuguang_316,富光 316 保温杯,39.9,5,price,4,45-54,Cost-sensitive,East Asia,Middle,Woman,Career change,<$25k,Part-time,我現在做兼職、還要養孫子，錢得省著花，所以¥39.9這個價位最實在。316不鏽鋼加上真空保溫和可靠的密封，日常喝水夠用了，摔了壞了也不心疼。
survey_water-bottle-choice__eCQGSKn,persona/datasets/matraix-persona-1m/cohorts/cohort-b9851ff4d44d/persona_synthetic-27ccd05d712b.yaml,1.0,beijixiong_316,杯具熊 316 保温杯,129.0,4,insulation,4,25-34,Cost-sensitive,East Asia,Lower-middle,Woman,Early career,<$25k,Homemaker,我预算有限，但每天都要用，所以保温性能和耐用度是我最看重的。这款在百元档里给了316/316L内胆和无尾真空、三层隔热，规格最实在，价格也在我能接受的范围内，比¥39.9的基础款更耐用，又比日系和网红款省下不少钱。
survey_water-bottle-choice__eDwct32,persona/datasets/matraix-persona-1m/cohorts/cohort-b9851ff4d44d/persona_wiki-88dcf0a87deb.yaml,1.0,beijixiong_316,杯具熊 316 保温杯,129.0,5,insulation,4,25-34,Value-driven,East Asia,High income,Man,Mid-life,null,Full-time,"I prioritize insulation performance and durability for daily use, and the Beijixiong offers a 316/316L inner liner with triple heat blocking at a reasonable ¥129. The Fuguang is cheaper but only basic insulation, while the Zojirushi and Stanley cost significantly more for features I don't need. This mid-tier option gives the best functional value without paying for brand premiums."
survey_water-bottle-choice__eKghjkt,persona/datasets/matraix-persona-1m/cohorts/cohort-b9851ff4d44d/persona_synthetic-606badd28c6d.yaml,1.0,fuguang_316,富光 316 保温杯,39.9,4,price,4,75-84,Cost-sensitive,South Asia,Low income,Woman,Retirement,$50k-100k,Retired,"I need a bottle that just works and doesn't cost much. The Fuguang 316 is cheap, insulated, and seals reliably — good enough for daily use, and at ¥39.9 I won't fret if it gets dinged or lost. I don't see the point of paying ¥229 or ¥319 for a tumbler when a basic vacuum bottle does the same job."
survey_water-bottle-choice__eZweP65,persona/datasets/matraix-persona-1m/cohorts/cohort-b9851ff4d44d/persona_synthetic-383a73893d14.yaml,1.0,beijixiong_316,杯具熊 316 保温杯,129.0,4,insulation,4,75-84,Value-driven,South Asia,Low income,Woman,Retirement,<$25k,Retired,"I want a vacuum-insulated bottle I can trust for daily use, and the Beijixiong hits the sweet spot: 316/316L liner, triple heat blocking and a proper seal at ¥129. The Fuguang is cheaper but feels too basic, while the Mijia and Zojirushi cost more for what is largely the same job. 600 ml suits my routine and I don't need a straw-lid tumbler."
survey_water-bottle-choice__ejmMajq,persona/datasets/matraix-persona-1m/cohorts/cohort-b9851ff4d44d/persona_synthetic-2e8d0f58c200.yaml,1.0,fuguang_316,富光 316 保温杯,39.9,5,price,5,18-24,Cost-sensitive,South Asia,Low income,Man,Student,$50k-100k,Full-time,"Budget is tight and I need something cheap that actually works — insulated, sealed, durable. ¥39.9 for a 316 steel vacuum bottle from a national brand is a no-brainer; the fancier ones are just paying for names and looks I don't care about."
survey_water-bottle-choice__epJgk9A,persona/datasets/matraix-persona-1m/cohorts/cohort-b9851ff4d44d/persona_wiki-9e284a23b0b7.yaml,1.0,beijixiong_316,杯具熊 316 保温杯,129.0,4,insulation,4,45-54,Value-driven,Western Europe,Middle,Woman,Mid-life,,Self-employed,"I want a genuinely insulated bottle for daily use, and the Beijixiong 316 offers the best balance of quality and price at the ¥100 tier with its 316/316L liner and triple heat blocking. The 600 ml capacity suits my routine, and I would rather invest a little more than settle for the basic ¥39.9 option that likely underperforms."
survey_water-bottle-choice__erxsUL8,persona/datasets/matraix-persona-1m/cohorts/cohort-b9851ff4d44d/persona_synthetic-1a8460406761.yaml,1.0,beijixiong_316,杯具熊 316 保温杯,129.0,5,insulation,4,18-24,Indifferent,Southeast Asia,Upper-middle,Woman,Parent of young kids,$50k-100k,Full-time,"As someone who carries a bottle all day for myself and my kid, I need real insulation and a leak-proof seal without paying a lifestyle-brand markup, and the Beijixiong gives me 316/316L stainless with triple heat blocking for ¥129. The 600 ml size is the sweet spot between the tiny 480 ml Zojirushi and the unwieldy 1180 ml Stanley. I am risk-averse about spending, so the ¥39.9 basic bottle feels too flimsy for daily use and the ¥229+ options are more than the job requires."
survey_water-bottle-choice__euKXkWp,persona/datasets/matraix-persona-1m/cohorts/cohort-b9851ff4d44d/persona_synthetic-75a63941d1a9.yaml,1.0,beijixiong_316,杯具熊 316 保温杯,129.0,4,price,4,55-64,Cost-sensitive,Latin America,Middle,Woman,Parent of young kids,$25k-50k,Full-time,"Es el mejor equilibrio entre precio y calidad: 316/316L con triple aislamiento por ¥129, dentro de lo que gasto en algo de uso diario. El Fuguang es demasiado básico y los de marca premium o el Stanley viral no justifican pagar el doble por lo que necesito."
survey_water-bottle-choice__evZAgBS,persona/datasets/matraix-persona-1m/cohorts/cohort-b9851ff4d44d/persona_synthetic-759032bf28a7.yaml,1.0,beijixiong_316,杯具熊 316 保温杯,129.0,4,price,4,55-64,Cost-sensitive,Sub-Saharan Africa,Middle,Man,Career change,<$25k,Part-time,"I need one bottle that does everything for daily use, and the Beijixiong gives me real 316/316L insulation and a reliable tail-less vacuum seal at ¥129, which is the most honest price-to-performance on this shelf. The Fuguang is cheaper but too basic, and the Mijia and Zojirushi charge a brand premium I cannot justify on a part-time income. The Stanley is far too big and pricey, and the Nalgene is plastic and uninsulated, which fails my main need."
survey_water-bottle-choice__ezYmNTk,persona/datasets/matraix-persona-1m/cohorts/cohort-b9851ff4d44d/persona_wiki-8d2ca1846b44.yaml,1.0,beijixiong_316,杯具熊 316 保温杯,129.0,5,insulation,4,65-74,Value-driven,North America,Upper-middle,Woman,Mid-life,$100k-200k,Self-employed,"I want a genuinely insulated bottle for daily commuting and desk use, and the Beijixiong offers a 316/316L liner and triple heat blocking at ¥129 — the sweet spot between the cheap basic bottle and the overpriced lifestyle tumblers. The 600 ml size suits a full workday without being bulky, and I'd rather pay modestly more for proven thermal performance than for a viral brand name."
survey_water-bottle-choice__f8eVJbH,persona/datasets/matraix-persona-1m/cohorts/cohort-b9851ff4d44d/persona_synthetic-81c148643679.yaml,1.0,beijixiong_316,杯具熊 316 保温杯,129.0,4,insulation,4,18-24,Cost-sensitive,South Asia,Lower-middle,Woman,Student,$50k-100k,Full-time,"I want a stainless steel insulated bottle I can trust for daily use, and this one sits at a price I can actually justify on a lower-middle income. The 316/316L inner liner and triple heat blocking sound like the best build quality at the ¥100 tier, and 600 ml is a practical size without being bulky. I would rather pay a bit more than the ¥39.9 basic bottle to get something that lasts."
survey_water-bottle-choice__fAAAVdH,persona/datasets/matraix-persona-1m/cohorts/cohort-b9851ff4d44d/persona_wiki-10a9588f10b4.yaml,1.0,zojirushi_sm_sz,象印 SM-SZ,229.0,4,brand,4,45-54,Value-driven,South Asia,Upper-middle,Woman,Mid-life,,Self-employed,"मैं रोज़ाना एक ही बोतल इस्तेमाल करती हूँ और सफ़ाई व टिकाऊपन मेरे लिए सबसे अहम है, इसलिए नॉन-स्टिक इनर कोटिंग और ज़ोजिरुशी की भरोसेमंद इंसुलेशन गुणवत्ता मुझे सबसे व्यावहारिक लगती है। 480 ml का आकार मेरे बैग और डेस्क दोनों के लिए सुविधाजनक है, और कीमत भी प्रीमियम होते हुए मेरे बजट में ठीक बैठती है।"
survey_water-bottle-choice__fGxp7ri,persona/datasets/matraix-persona-1m/cohorts/cohort-b9851ff4d44d/persona_synthetic-a0458c855634.yaml,1.0,beijixiong_316,杯具熊 316 保温杯,129.0,4,price,4,35-44,Cost-sensitive,South Asia,Lower-middle,Man,Early career,$100k-200k,Full-time,"I need one bottle for daily use, so insulation and a reliable seal matter more than looks. The Beijixiong gives me 316 stainless steel and triple heat blocking at ¥129, which is the best value in the middle tier — the Mijia and Zojirushi cost more for basically the same job, and the Stanley is too big and too expensive for me."
survey_water-bottle-choice__fHPBced,persona/datasets/matraix-persona-1m/cohorts/cohort-b9851ff4d44d/persona_synthetic-3eb4b0e3bc24.yaml,1.0,beijixiong_316,杯具熊 316 保温杯,129.0,4,insulation,4,55-64,Value-driven,Sub-Saharan Africa,Upper-middle,Woman,Retirement,<$25k,Retired,"Kwa matumizi ya kila siku, chupa hii inatoa usawaziko bora kati ya bei na ubora. Kiini cha 316/316L na insulation ya joto mara tatu ni bora kuliko chapa za bei rahisi, lakini bado ni nafuu kuliko Mijia na Zojirushi. Uwezo wa 600 ml unatosha kwangu, na bei ya ¥129 inaonekana ya haki kwa kile inachotoa."
survey_water-bottle-choice__fLHWt5S,persona/datasets/matraix-persona-1m/cohorts/cohort-b9851ff4d44d/persona_synthetic-49900d69808d.yaml,1.0,beijixiong_316,杯具熊 316 保温杯,129.0,4,insulation,3,25-34,Value-driven,East Asia,Lower-middle,Woman,Parent of young kids,<$25k,Unemployed,作为单亲家长、目前失业且家里五口人，我对每一笔支出都很谨慎，但又不想在保温性能上妥协。北極熊这款在百元价位给出316/316L内胆和无尾真空三层隔热，600毫升的容量也够我一整天用。相比同价位的塑料瓶或贵一倍的品牌款，它是我实际会掏钱的那个。
survey_water-bottle-choice__fPDk4pt,persona/datasets/matraix-persona-1m/cohorts/cohort-b9851ff4d44d/persona_synthetic-be9ef22c345a.yaml,1.0,beijixiong_316,杯具熊 316 保温杯,129.0,4,insulation,4,35-44,Value-driven,South Asia,Middle,Man,Mid-life,<$25k,Gig / freelance,"I want vacuum insulation for daily use, and the Beijixiong 316 gives me a 316/316L liner with triple heat blocking at ¥129 — about half the price of the Zojirushi or Mijia for essentially the same core job. The 600 ml capacity is right for my commute, and 316 steel matters to me more than a viral brand name. The Stanley is too big and too expensive, and the Nalgene isn't insulated at all."
survey_water-bottle-choice__fQo5GQT,persona/datasets/matraix-persona-1m/cohorts/cohort-b9851ff4d44d/persona_synthetic-2fdeec94884e.yaml,1.0,beijixiong_316,杯具熊 316 保温杯,129.0,4,insulation,4,18-24,Cost-sensitive,South Asia,Lower-middle,Woman,Early career,$100k-200k,Self-employed,"I want proper vacuum insulation for hot tea on cold mornings, and this hits the sweet spot: 316/316L inner liner and triple heat blocking at only ¥129. The 600 ml size is right for a daily commute and it's cheaper than the Mijia or Zojirushi without giving up the steel quality I care about."
survey_water-bottle-choice__ffsnaN7,persona/datasets/matraix-persona-1m/cohorts/cohort-b9851ff4d44d/persona_synthetic-b32e7d8e83c1.yaml,1.0,beijixiong_316,杯具熊 316 保温杯,129.0,4,insulation,4,35-44,Cost-sensitive,MENA,Low income,Woman,Mid-life,$50k-100k,Student,أحتاج زجاجة للاستخدام اليومي تحفظ حرارة الشاي أو الماء البارد طوال يوم العمل، وسعر ¥129 مناسب لميزانيتي المحدودة. الفولاذ 316 مع العزل الثلاثي يبدو أفضل قيمة في هذه الفئة، وأفضل من خيار ¥39.9 الذي قد لا يدوم، ودون دفع ¥229 أو ¥319 على علامة تجارية فاخرة لا أحتاجها.
survey_water-bottle-choice__fi2ngVi,persona/datasets/matraix-persona-1m/cohorts/cohort-b9851ff4d44d/persona_synthetic-491315e86271.yaml,1.0,beijixiong_316,杯具熊 316 保温杯,129.0,4,insulation,4,55-64,Value-driven,Sub-Saharan Africa,Low income,Man,Mid-life,$50k-100k,Full-time,"Je cherche une bouteille isolée pour un usage quotidien, et la Beijixiong offre une isolation de qualité supérieure (316/316L, triple blocage thermique) à un prix encore raisonnable de ¥129. La Fuguang est moins chère mais l'isolation de base me semble trop limitée, tandis que les options Mijia, Zojirushi et Stanley dépassent ce que je juge nécessaire de dépenser. Le format 600 ml me convient également mieux que les 500 ml des modèles bas de gamme."
survey_water-bottle-choice__fjnjeoo,persona/datasets/matraix-persona-1m/cohorts/cohort-b9851ff4d44d/persona_synthetic-c4eaaa3ecd9a.yaml,1.0,fuguang_316,富光 316 保温杯,39.9,5,price,4,55-64,Cost-sensitive,Latin America,Lower-middle,Woman,Retirement,<$25k,Full-time,Mi presupuesto es limitado y el precio de ¥39.9 es lo único que puedo justificar sin culpa. Necesito algo básico que selle bien y no se rompa; la capacidad de 500 ml me alcanza para el día y el acero 316 me da confianza aunque sea marca económica.
survey_water-bottle-choice__frjS8Xw,persona/datasets/matraix-persona-1m/cohorts/cohort-b9851ff4d44d/persona_wiki-ea324e54b22d.yaml,1.0,beijixiong_316,杯具熊 316 保温杯,129.0,5,insulation,4,25-34,Value-driven,South Asia,Middle,Man,Mid-life,$50k-100k,Full-time,"I want proper vacuum insulation for daily commutes and long days, and 316/316L stainless with triple heat blocking at ¥129 is the sweet spot between the cheap basic bottle and the premium Japanese one. The 600 ml size covers a full work session without being bulky, and I'd rather spend mid-tier money on solid engineering than pay ¥229-319 for branding or a viral tumbler I don't need."
survey_water-bottle-choice__fwbuGDv,persona/datasets/matraix-persona-1m/cohorts/cohort-b9851ff4d44d/persona_synthetic-61b3432a9c7f.yaml,1.0,beijixiong_316,杯具熊 316 保温杯,129.0,4,price,4,25-34,Value-driven,East Asia,Middle,Woman,Mid-life,$25k-50k,Homemaker,"Preciso de uma garrafa térmica para o dia a dia, e essa é a melhor relação custo-benefício do meio da tabela: aço 316/316L com isolamento triplo por ¥129. As opções baratas me parecem frágeis e as premium custam quase o dobro sem me dar nada que eu realmente use."
survey_water-bottle-choice__g5TmCp3,persona/datasets/matraix-persona-1m/cohorts/cohort-b9851ff4d44d/persona_synthetic-3c3a05920b0f.yaml,1.0,beijixiong_316,杯具熊 316 保温杯,129.0,4,price,4,25-34,Cost-sensitive,Sub-Saharan Africa,Low income,Woman,Career change,$25k-50k,Full-time,"I need insulation for daily commuting and the ¥39.9 bottle is too basic, while the ¥179-319 options cost more than I can justify on a tight budget. The Beijixiong at ¥129 gives me 316 steel, real vacuum insulation, and 600 ml — the best value at the mid tier."
survey_water-bottle-choice__g5iwvPN,persona/datasets/matraix-persona-1m/cohorts/cohort-b9851ff4d44d/persona_synthetic-32270bd7f38f.yaml,1.0,fuguang_316,富光 316 保温杯,39.9,5,price,4,45-54,Cost-sensitive,South Asia,Lower-middle,Man,Mid-life,<$25k,Homemaker,"Paisa tight hai aur mujhe sirf ek simple, tikau bottle chahiye jo din bhar paani rakhe. 316 stainless steel hai, seal pakka hai, aur ¥39.9 mein itna kaafi hai — branded cheezon pe extra kharch karne ka koi faayda nahi dikhta."
survey_water-bottle-choice__g8gghbk,persona/datasets/matraix-persona-1m/cohorts/cohort-b9851ff4d44d/persona_wiki-a38134c7289d.yaml,1.0,zojirushi_sm_sz,象印 SM-SZ,229.0,5,insulation,4,75-84,Premium-seeking,East Asia,High income,Man,Retirement,$200k+,Retired,"I want a daily-use bottle I can carry without noticing it, and the Zojirushi's top-tier insulation and ultra-light build justify the premium for something I'll handle every day. The non-stick interior matters to me — I drink tea and coffee, and easy cleaning plus no lingering flavors is worth paying for. The cheaper 316 bottles are fine on paper, but I've learned that buying the best in a small category once costs less than replacing it twice."
survey_water-bottle-choice__gBRqAze,persona/datasets/matraix-persona-1m/cohorts/cohort-b9851ff4d44d/persona_wiki-2915570587ef.yaml,1.0,zojirushi_sm_sz,象印 SM-SZ,229.0,4,insulation,4,55-64,Value-driven,North America,Upper-middle,Man,Retirement,,Self-employed,"I drink coffee and tea throughout the day, so temperature retention and a non-stick interior that cleans easily matter more to me than saving twenty or thirty yuan. Zojirushi has a long-standing reputation for top-tier insulation, and the 480 ml size is right for a desk-bound working day. The price is fair for a bottle I would use daily for years."
survey_water-bottle-choice__gCvSqvY,persona/datasets/matraix-persona-1m/cohorts/cohort-b9851ff4d44d/persona_synthetic-631830c63c1e.yaml,1.0,fuguang_316,富光 316 保温杯,39.9,4,price,4,18-24,Cost-sensitive,Sub-Saharan Africa,Low income,Man,Early career,<$25k,Unemployed,"Money is tight right now and I'm not working, so ¥39.9 for a 500 ml insulated bottle is what I can actually afford. It seals properly and keeps water cold, which is all I need for daily carry — I don't see the point paying 3-8x more for a brand name."
survey_water-bottle-choice__gDJsAQY,persona/datasets/matraix-persona-1m/cohorts/cohort-b9851ff4d44d/persona_synthetic-6bf92b01811f.yaml,1.0,fuguang_316,富光 316 保温杯,39.9,5,price,4,25-34,Cost-sensitive,MENA,Lower-middle,Woman,Mid-life,$50k-100k,Self-employed,أنا حريصة على المال وأرفض الديون، وهذا الخيار بسعر ¥39.9 يقدم عزلًا مزدوجًا وختمًا موثوقًا يكفي لاحتياجي اليومي. لا أريد دفع مبالغ كبيرة مقابل علامة تجارية أو تصاميم فيروسية لا أحتاجها.
survey_water-bottle-choice__gEubaoa,persona/datasets/matraix-persona-1m/cohorts/cohort-b9851ff4d44d/persona_synthetic-1672c89aa9e6.yaml,1.0,beijixiong_316,杯具熊 316 保温杯,129.0,5,insulation,4,55-64,Cost-sensitive,South Asia,Middle,Man,Mid-life,$25k-50k,Homemaker,I want proper insulation for daily use and the 316/316L liner with triple heat blocking sounds like the best build for the money. At ¥129 it sits comfortably in my range without paying extra just for a viral brand name.
survey_water-bottle-choice__gJQhVYX,persona/datasets/matraix-persona-1m/cohorts/cohort-b9851ff4d44d/persona_synthetic-7652c7186583.yaml,1.0,beijixiong_316,杯具熊 316 保温杯,129.0,4,insulation,4,18-24,Indifferent,MENA,Lower-middle,Man,Early career,$100k-200k,Student,"Je cherche une bouteille isotherme fiable pour tous les jours, et la Beijixiong offre une vraie isolation 316/316L à 129 ¥, ce qui reste raisonnable pour moi. La Fuguang à 39,9 ¥ est tentante mais trop basique, et la Zojirushi ou la Stanley dépassent ce que je veux mettre. Le compromis capacité 600 ml, qualité et prix me convient."
survey_water-bottle-choice__gKKL69H,persona/datasets/matraix-persona-1m/cohorts/cohort-b9851ff4d44d/persona_synthetic-4926255d7950.yaml,1.0,beijixiong_316,杯具熊 316 保温杯,129.0,4,insulation,4,55-64,Cost-sensitive,East Asia,Lower-middle,Man,Mid-life,$50k-100k,Homemaker,保温と値段のバランスが一番しっくりきた。316ステンレスの内胆に真空断熱、600mlでこの値段なら普段使いで文句なし。派手なブランド代を払う気はないけど、安すぎる基本モデルより保温がちゃんとしてそうなのが決め手。
survey_water-bottle-choice__gQe89ga,persona/datasets/matraix-persona-1m/cohorts/cohort-b9851ff4d44d/persona_synthetic-8caad2661f25.yaml,1.0,beijixiong_316,杯具熊 316 保温杯,129.0,4,insulation,4,45-54,Value-driven,East Asia,Upper-middle,Man,Early career,<$25k,Full-time,我每天用瓶子，最看重保温效果和耐用性，316/316L内胆加无尾真空在这个价位算最实在的选择。¥129价格我可以接受，500ml那款容量偏小，而Zojirushi和Stanley多出来的钱买不到我真正需要的功能。Nalgene不保温，直接排除。
survey_water-bottle-choice__gQsxeqV,persona/datasets/matraix-persona-1m/cohorts/cohort-b9851ff4d44d/persona_synthetic-8c51c842764f.yaml,1.0,beijixiong_316,杯具熊 316 保温杯,129.0,4,insulation,4,18-24,Cost-sensitive,Southeast Asia,Lower-middle,Man,Student,<$25k,Full-time,"I'm cost-sensitive and on a tight budget, but I want real insulation for daily use, so the ¥129 Beijixiong hits the sweet spot — 316/316L stainless steel and triple heat blocking at a mid-tier price. The ¥39.9 Fuguang is tempting but feels too basic, and the Zojirushi and Stanley are well beyond what I can justify spending. This one balances value, durability, and temperature performance for me."
survey_water-bottle-choice__gUMGfdE,persona/datasets/matraix-persona-1m/cohorts/cohort-b9851ff4d44d/persona_synthetic-2d29725d100a.yaml,1.0,fuguang_316,富光 316 保温杯,39.9,5,price,4,45-54,Cost-sensitive,South Asia,Low income,Non-binary,Mid-life,<$25k,Full-time,"मेरी तनख्वाह कम है और मैं किराए के मकान में अकेली रहती हूँ, इसलिए ¥39.9 वाली बोतल ही मेरे बजट में फिट बैठती है — बाकी सब बहुत महंगी हैं। 316 स्टील, ठीक-ठाक इंसुलेशन और भरोसेमंद सील मेरे रोज़ के इस्तेमाल के लिए काफी है, ऊपर से सस्ती होने पर खराब हो जाए तो नई ले लूँगी।"
survey_water-bottle-choice__gWCZMx9,persona/datasets/matraix-persona-1m/cohorts/cohort-b9851ff4d44d/persona_synthetic-7ec37c6f8d8c.yaml,1.0,beijixiong_316,杯具熊 316 保温杯,129.0,4,insulation,4,65-74,Value-driven,South Asia,Middle,Woman,Retirement,<$25k,Part-time,"I want insulation for daily use and I'm not paying ¥229 or ¥319 for a name. The Beijixiong gives me a 316 liner and proper vacuum insulation at ¥129, which is the sweet spot between the cheap one and the showy ones. The Stanley is too big and too expensive, and the Nalgene isn't insulated at all."
survey_water-bottle-choice__gWyg4BH,persona/datasets/matraix-persona-1m/cohorts/cohort-b9851ff4d44d/persona_synthetic-469099c6330b.yaml,1.0,beijixiong_316,杯具熊 316 保温杯,129.0,4,insulation,4,18-24,Indifferent,South Asia,Middle,Woman,Student,<$25k,Student,我选北极熊316保温瓶，因为它在百元档里配置最扎实：316/316L内胆、无尾真空、三重隔热，日常装热水或冷水都放心。价格129元属于我能接受的范围，容量600ml也刚好够一天使用，比更贵的品牌款更划算。
survey_water-bottle-choice__gXkovZn,persona/datasets/matraix-persona-1m/cohorts/cohort-b9851ff4d44d/persona_wiki-37b9a5e139bc.yaml,1.0,beijixiong_316,杯具熊 316 保温杯,129.0,5,price,4,25-34,Premium-seeking,North America,Upper-middle,Man,Early career,null,Retired,"I want a genuinely insulated bottle for daily use, and the Beijixiong 316 gives me 316/316L stainless, triple heat blocking, and a reliable tail-less vacuum at ¥129 — the sweet spot between budget junk and overpriced branding. The 600 ml capacity is right for carrying all day, and I'd rather put the savings versus Zojirushi or Stanley into something I actually use every day."
survey_water-bottle-choice__gZ7DyPs,persona/datasets/matraix-persona-1m/cohorts/cohort-b9851ff4d44d/persona_synthetic-31a822c59523.yaml,1.0,beijixiong_316,杯具熊 316 保温杯,129.0,4,insulation,4,65-74,Cost-sensitive,Sub-Saharan Africa,High income,Woman,Retirement,<$25k,Full-time,أحتاج زجاجة معزولة للاستخدام اليومي، ودرجة الحرارة مهمة عندي. سعر 129 يوان معقول مقابل بطانة 316/316L وعزل ثلاثي، وهو أفضل قيمة في هذه الفئة.
survey_water-bottle-choice__gZi9Naz,persona/datasets/matraix-persona-1m/cohorts/cohort-b9851ff4d44d/persona_synthetic-15ffca276292.yaml,1.0,beijixiong_316,杯具熊 316 保温杯,129.0,4,insulation,4,45-54,Cost-sensitive,East Asia,Lower-middle,Man,Career change,<$25k,Full-time,我需要保温瓶，316/316L内胆和无尾真空是我能接受的最低工艺标准，129元在这个规格里性价比最实在。Fuguang虽便宜但只有基础真空，Zojirushi和Stanley的溢价我承担不起，Nalgene不保温对我没用。
survey_water-bottle-choice__gaob3MX,persona/datasets/matraix-persona-1m/cohorts/cohort-b9851ff4d44d/persona_synthetic-baa121466d1d.yaml,1.0,beijixiong_316,杯具熊 316 保温杯,129.0,4,insulation,4,45-54,Cost-sensitive,East Asia,Middle,Man,Early career,$25k-50k,Homemaker,我每天都要用，保温性能和耐用性是刚需，316/316L内胆加无尾真空在这个价位最实在。¥129对我这种预算敏感的人来说刚好卡在能接受的区间，比¥39.9的基础款可靠，又不像日系和网红款那样为牌子多掏钱。
survey_water-bottle-choice__gbUAfS2,persona/datasets/matraix-persona-1m/cohorts/cohort-b9851ff4d44d/persona_wiki-379b2ca27877.yaml,1.0,beijixiong_316,杯具熊 316 保温杯,129.0,5,insulation,5,55-64,Value-driven,Western Europe,Upper-middle,Man,Mid-life,$100k-200k,Self-employed,"I want a genuinely insulated bottle for daily use, and the Beijixiong gives me 316/316L stainless steel, a tail-less vacuum, and triple heat blocking at ¥129 — the best specification-per-yuan on the shelf. The Zojirushi is nicer but I can't justify nearly double the price for a bottle I'll knock about daily, and the budget Fuguang is a step down in liner quality."
survey_water-bottle-choice__gjrneYc,persona/datasets/matraix-persona-1m/cohorts/cohort-b9851ff4d44d/persona_synthetic-620e427760cd.yaml,1.0,beijixiong_316,杯具熊 316 保温杯,129.0,4,insulation,4,18-24,Value-driven,Sub-Saharan Africa,Low income,Woman,Student,<$25k,Unemployed,"I need a bottle that keeps water cold through long hot days, so insulation matters more than looks. The Beijixiong gives me proper 316/316L steel and triple heat blocking at ¥129, which is the most I can justify spending. The budget Fuguang is tempting but I'd rather pay a bit more for the better liner and seal."
survey_water-bottle-choice__gmPw4W5,persona/datasets/matraix-persona-1m/cohorts/cohort-b9851ff4d44d/persona_synthetic-e1b158bd63a3.yaml,1.0,beijixiong_316,杯具熊 316 保温杯,129.0,4,insulation,4,35-44,Value-driven,South Asia,Lower-middle,Man,Parent of young kids,$25k-50k,Full-time,"I need something insulated for daily use and this one hits the sweet spot — 316/316L stainless steel inner liner with triple heat blocking at ¥129, which is mid-tier pricing for near-premium specs. The Mijia and Zojirushi cost more for basically the same job, and the Stanley is too big and too expensive for my budget right now."
survey_water-bottle-choice__gn5EGM2,persona/datasets/matraix-persona-1m/cohorts/cohort-b9851ff4d44d/persona_wiki-31f7c12ed57b.yaml,1.0,beijixiong_316,杯具熊 316 保温杯,129.0,4,insulation,4,65-74,Value-driven,Western Europe,Middle,Woman,Retirement,null,Self-employed,"I want proper vacuum insulation for hot tea and cold water through a long working day, and the 600 ml size is just right — not a heavy 1.2 litre tumbler I'd never carry. At ¥129 it delivers 316/316L steel and triple heat blocking for far less than the Mijia or Zojirushi, so it's the sensible value pick."
survey_water-bottle-choice__gpanhBq,persona/datasets/matraix-persona-1m/cohorts/cohort-b9851ff4d44d/persona_synthetic-5bf9f29e931a.yaml,1.0,beijixiong_316,杯具熊 316 保温杯,129.0,4,insulation,4,45-54,Value-driven,Southeast Asia,Middle,Woman,Early career,$50k-100k,Unemployed,"I need a bottle that keeps tea hot through long shifts, and the 316/316L liner with triple heat blocking at ¥129 is the best insulation I can get without overspending. The budget ¥39.9 option is too basic for all-day temperature retention, and the premium brands cost nearly double for the same core function."
survey_water-bottle-choice__gquKuoL,persona/datasets/matraix-persona-1m/cohorts/cohort-b9851ff4d44d/persona_synthetic-a5eed4d0e663.yaml,1.0,fuguang_316,富光 316 保温杯,39.9,3,insulation,3,18-24,Cost-sensitive,East Asia,Lower-middle,Woman,Student,$50k-100k,Student,"No persona-specific answer was produced, so a neutral answer was used."
survey_water-bottle-choice__grRD9L7,persona/datasets/matraix-persona-1m/cohorts/cohort-b9851ff4d44d/persona_real-human-survey-0e1664837913.yaml,1.0,beijixiong_316,杯具熊 316 保温杯,129.0,4,insulation,4,65-74,Cost-sensitive,South Asia,Middle,Man,Retirement,<$25k,Retired,"I want a bottle that keeps my tea hot through a long day and won't leak in my bag, and the 316/316L stainless interior with triple heat blocking gives me the most insulation for the money. At ¥129 it sits well under the premium brands while still being a step up from the cheapest basic option, and 600 ml is the right size for daily errands and visits."
survey_water-bottle-choice__grjzzPn,persona/datasets/matraix-persona-1m/cohorts/cohort-b9851ff4d44d/persona_synthetic-462037ae7bd3.yaml,1.0,beijixiong_316,杯具熊 316 保温杯,129.0,4,insulation,4,75-84,Cost-sensitive,Sub-Saharan Africa,Upper-middle,Man,Retirement,$100k-200k,Homemaker,"Kama mstaafu ninayetafuta chupa ya kila siku, bei ya ¥129 inatoa usawa mzuri kati ya ubora na gharama. Chupa hii ina kiinishaji cha 316/316L na mfumo wa hali ya juu wa kuzuia joto, kitu ambacho ni muhimu kwangu kwa kunywa chai moto asubuhi na maji baridi mchana. Sipendi kulipa zaidi ya ¥200 kwa chupa moja, na chapa hii inaonekana kuwa ya kuaminika bila kuwa ghali kupita kiasi."
survey_water-bottle-choice__gxkG5oB,persona/datasets/matraix-persona-1m/cohorts/cohort-b9851ff4d44d/persona_synthetic-e24fcfe714bd.yaml,1.0,beijixiong_316,杯具熊 316 保温杯,129.0,4,insulation,4,65-74,Cost-sensitive,Sub-Saharan Africa,Lower-middle,Man,Empty nester,<$25k,Retired,"Je cherche une bouteille isotherme fiable pour un usage quotidien, et la Beijixiong offre la meilleure combinaison de qualité et de prix à mon avis. La doublure 316/316L et l'isolation sous vide sans queue me semblent plus durables que les modèles bas de gamme, sans payer le prix premium de Zojirushi ou Stanley. À ¥129, c'est raisonnable pour quelque chose que j'utiliserai tous les jours."
survey_water-bottle-choice__gykkHDv,persona/datasets/matraix-persona-1m/cohorts/cohort-b9851ff4d44d/persona_synthetic-3ce01a15bdc8.yaml,1.0,zojirushi_sm_sz,象印 SM-SZ,229.0,4,insulation,3,75-84,Cost-sensitive,Sub-Saharan Africa,Low income,Woman,Retirement,$50k-100k,Retired,"Je bois mon eau chaude toute la journée et je veux quelque chose de léger et facile à nettoyer. La Zojirushi est chère, mais sa double paroi et son intérieur anti-adhérent valent le coût pour un usage quotidien. Les grandes gourdes comme la Stanley sont trop lourdes pour mes mains."
survey_water-bottle-choice__hAgXCrs,persona/datasets/matraix-persona-1m/cohorts/cohort-b9851ff4d44d/persona_synthetic-f2cb7e00cdb1.yaml,1.0,fuguang_316,富光 316 保温杯,39.9,5,price,5,45-54,Cost-sensitive,East Asia,Lower-middle,Woman,Mid-life,$25k-50k,Homemaker,我预算有限，家里开销大，这个¥39.9的保温瓶最实际。316不锈钢、密封可靠、容量500ml够我日常用，便宜坏了也不心疼。
survey_water-bottle-choice__hCkVHwE,persona/datasets/matraix-persona-1m/cohorts/cohort-b9851ff4d44d/persona_synthetic-ac738577c81e.yaml,1.0,beijixiong_316,杯具熊 316 保温杯,129.0,4,insulation,4,18-24,Cost-sensitive,East Asia,Low income,Woman,Early career,<$25k,Part-time,我要日常用、又要保温，316/316L内胆加三层锁温在这个价位算最实在的，129块我掏得起也不会心疼。国产品牌懂我们这边的使用习惯，密封和耐用性比那些花里胡哨的联名款靠谱多了。
survey_water-bottle-choice__hGyK94j,persona/datasets/matraix-persona-1m/cohorts/cohort-b9851ff4d44d/persona_synthetic-3353351457bb.yaml,1.0,beijixiong_316,杯具熊 316 保温杯,129.0,4,insulation,4,55-64,Cost-sensitive,Southeast Asia,Low income,Woman,Career change,$25k-50k,Full-time,"Je cherche une bouteille isotherme pour un usage quotidien, et la Beijixiong offre la meilleure combinaison de qualité et de prix à mon avis. La doublure intérieure en 316/316L et l'isolation sous vide sans queue me semblent plus fiables que les modèles bas de gamme, sans payer le prix premium d'une Zojirushi ou d'un Stanley. À ¥129, c'est un achat raisonnable et durable."
survey_water-bottle-choice__hJJskNY,persona/datasets/matraix-persona-1m/cohorts/cohort-b9851ff4d44d/persona_wiki-a1f340d9943a.yaml,1.0,beijixiong_316,杯具熊 316 保温杯,129.0,5,insulation,4,25-34,Value-driven,North America,Upper-middle,Man,Mid-life,,Self-employed,"It hits the sweet spot for me: 316/316L stainless steel with triple heat blocking and a tail-less vacuum at ¥129, which is the best insulation per yuan on this shelf. At 600 ml it's the right size for a day of meetings and travel, and I'd rather put the saved money toward a second bottle than pay ¥229–319 for a viral tumbler I don't need."
survey_water-bottle-choice__hKmAqHh,persona/datasets/matraix-persona-1m/cohorts/cohort-b9851ff4d44d/persona_synthetic-11c216a05b20.yaml,1.0,beijixiong_316,杯具熊 316 保温杯,129.0,4,price,4,35-44,Value-driven,South Asia,Low income,Woman,Parent of young kids,<$25k,Full-time,"Mere paas teen bachche hain aur paisa kam hai, toh main sabse achhi value chahti hoon. Beijixiong 316 ke ₹129 mein 316/316L liner, tail-less vacuum aur triple heat blocking milta hai — yeh 600 ml bhi hai jo mere jaise ghar se office jaane wale ke liye kaafi hai. Zojirushi aur Stanley bahut mehnge hain, aur Nalgene insulated nahi hai toh chai/garam paani ke liye theek nahi."
survey_water-bottle-choice__hSpwwgG,persona/datasets/matraix-persona-1m/cohorts/cohort-b9851ff4d44d/persona_synthetic-c86e8ac66c56.yaml,1.0,beijixiong_316,杯具熊 316 保温杯,129.0,4,price,4,25-34,Value-driven,Latin America,High income,Man,Early career,<$25k,Homemaker,"Encuentro el mejor equilibrio entre precio y calidad: por ¥129 obtengo acero inoxidable 316/316L con triple aislamiento térmico, lo que me da confianza en la durabilidad y en mantener la temperatura. La capacidad de 600 ml me resulta práctica para el uso diario sin ser un envase demasiado grande. Las opciones más económicas me parecen de menor calidad y las más caras no justifican el gasto para mi presupuesto ajustado."
survey_water-bottle-choice__hUAHwjH,persona/datasets/matraix-persona-1m/cohorts/cohort-b9851ff4d44d/persona_synthetic-c7015edc0009.yaml,1.0,fuguang_316,富光 316 保温杯,39.9,5,price,4,18-24,Cost-sensitive,East Asia,Middle,Woman,Student,<$25k,Part-time,お金ないので安いのが一番。316ステンレスで真空断熱、密封もちゃんとしてて毎日使うならこれで十分。500mlは通学バッグに入れやすいサイズ。
survey_water-bottle-choice__hUJhrqm,persona/datasets/matraix-persona-1m/cohorts/cohort-b9851ff4d44d/persona_synthetic-31937c446b59.yaml,1.0,beijixiong_316,杯具熊 316 保温杯,129.0,4,insulation,4,65-74,Indifferent,East Asia,Upper-middle,Woman,Retirement,$25k-50k,Retired,我要的是保温、耐用、密封可靠，日常带水够用就好，不需要花哨功能。这款 600 ml 的 316/316L 内胆、无尾真空、三层隔热在百元档里最实在，比 39.9 元的基础款更放心，又比 179 元以上的品牌溢价划算。¥129 的价格对它的配置来说可以接受。
survey_water-bottle-choice__hUxnX4p,persona/datasets/matraix-persona-1m/cohorts/cohort-b9851ff4d44d/persona_synthetic-4ad5a980c4b2.yaml,1.0,fuguang_316,富光 316 保温杯,39.9,5,price,4,75-84,Value-driven,South Asia,Middle,Woman,Retirement,<$25k,Retired,"I am retired on a small fixed income and rent, so I want a cheap, reliable insulated bottle that will not strain my budget. The Fuguang 316 gives me a proper 316 steel vacuum bottle with a dependable seal for ¥39.9, and 500 ml is enough for my daily use. I do not need a large or fashionable bottle, just something durable and cheap."
survey_water-bottle-choice__hbEWkXd,persona/datasets/matraix-persona-1m/cohorts/cohort-b9851ff4d44d/persona_synthetic-6a514c01cf7d.yaml,1.0,beijixiong_316,杯具熊 316 保温杯,129.0,4,insulation,4,18-24,Cost-sensitive,Southeast Asia,Low income,Woman,Student,$100k-200k,Student,"I want vacuum insulation for daily use, and 316/316L steel with triple heat blocking at ¥129 is the sweet spot between the cheap ¥39.9 bottle and the ¥229+ premium ones. The 600 ml size holds enough for a full day without being bulky like the Stanley."
survey_water-bottle-choice__heZenRy,persona/datasets/matraix-persona-1m/cohorts/cohort-b9851ff4d44d/persona_synthetic-f3e2165a5aaa.yaml,1.0,fuguang_316,富光 316 保温杯,39.9,5,price,4,55-64,Cost-sensitive,Sub-Saharan Africa,Low income,Woman,Retirement,$25k-50k,Self-employed,"I live alone on a modest fixed income and I am very cost-sensitive, so the ¥39.9 price is the deciding factor. It is a 316 stainless steel insulated bottle with a reliable seal from a national brand, which covers everything I need for daily use. The expensive tumblers and premium imports offer nothing I would actually pay extra for."
survey_water-bottle-choice__hfhVaad,persona/datasets/matraix-persona-1m/cohorts/cohort-b9851ff4d44d/persona_wiki-8be281bc8f5d.yaml,1.0,zojirushi_sm_sz,象印 SM-SZ,229.0,5,insulation,4,85+,Value-driven,North America,High income,Man,Retirement,$200k+,Retired,"I've owned Zojirushi bottles for years and their insulation is in a class of its own — coffee is still hot at the end of a long day, and the non-stick interior makes cleaning trivial. At this stage of life I'd rather pay once for something that lasts and works flawlessly than replace a cheap bottle every season. The 480 ml size suits my daily routine, and the ultra-light build is easy on arthritic hands."
survey_water-bottle-choice__hfkF7bD,persona/datasets/matraix-persona-1m/cohorts/cohort-b9851ff4d44d/persona_synthetic-27ca1c7d5e4d.yaml,1.0,beijixiong_316,杯具熊 316 保温杯,129.0,4,insulation,4,45-54,Indifferent,South Asia,Middle,Woman,Retirement,$50k-100k,Gig / freelance,"I want a bottle that keeps my tea hot through a long shift, and 316/316L steel with triple heat blocking at ¥129 is the sweet spot — I get premium insulation without paying for the Zojirushi name. 600 ml is also the right size for me, big enough for refills but still fits my bag, and I am skeptical of paying ¥319 just for a viral Stanley label."
survey_water-bottle-choice__hjmqvou,persona/datasets/matraix-persona-1m/cohorts/cohort-b9851ff4d44d/persona_synthetic-c8a818fbb520.yaml,1.0,fuguang_316,富光 316 保温杯,39.9,5,price,4,35-44,Cost-sensitive,South Asia,Middle,Woman,Mid-life,$50k-100k,Full-time,"Paise ki bahut tight hai, aur mujhe sirf basic kaam chahiye — paani thanda ya garam thoda der ke liye. 316 steel ka budget bottle ¥39.9 mein seal aur durability dono deta hai, isliye yeh mere liye sahi hai."
survey_water-bottle-choice__hkf8Hf3,persona/datasets/matraix-persona-1m/cohorts/cohort-b9851ff4d44d/persona_synthetic-728a2862e94a.yaml,1.0,beijixiong_316,杯具熊 316 保温杯,129.0,5,insulation,4,25-34,Value-driven,South Asia,Lower-middle,Woman,Early career,$25k-50k,Gig / freelance,"Eu quero uma garrafa térmica de verdade, porque bebo água o dia todo e odeio quando esquenta. A Beijixiong parece o melhor custo-benefício: interior de 316/316L, isolamento triplo e 600 ml por ¥129, que cabe no meu orçamento. A Stanley é grande demais e cara, e a Nalgene não isola, então não serve pra mim."
survey_water-bottle-choice__hpWyRX6,persona/datasets/matraix-persona-1m/cohorts/cohort-b9851ff4d44d/persona_wiki-9971eccdbf87.yaml,1.0,beijixiong_316,杯具熊 316 保温杯,129.0,5,insulation,4,85+,Indifferent,South Asia,High income,Man,Retirement,$200k+,Full-time,"At my age I require a bottle that keeps water genuinely hot through long hours of teaching, mentoring, and volunteer work, and I will not compromise on material quality where my health is concerned. The Beijixiong offers a 316/316L stainless steel liner and true vacuum insulation at ¥129, which is the most honest value on this shelf; the Zojirushi is finer still but its non-stick coating and ¥229 price are unnecessary for me, and the plastic Nalgene, oversized Stanley, and cheaper bottles either fail on insulation or on capacity suited to one person."
survey_water-bottle-choice__hueKZ6F,persona/datasets/matraix-persona-1m/cohorts/cohort-b9851ff4d44d/persona_synthetic-790537250a8e.yaml,1.0,beijixiong_316,杯具熊 316 保温杯,129.0,4,price,4,18-24,Cost-sensitive,Sub-Saharan Africa,Lower-middle,Man,Early career,<$25k,Student,"Le prix de ¥129 reste dans mon budget serré tout en offrant une isolation 316/316L et une triple barrière thermique, ce qui est rare à ce niveau. La capacité de 600 ml est suffisante pour une journée, et la marque nationale me rassure sur le rapport qualité-prix."
survey_water-bottle-choice__hx6hUMr,persona/datasets/matraix-persona-1m/cohorts/cohort-b9851ff4d44d/persona_synthetic-7f3f085fd20c.yaml,1.0,beijixiong_316,杯具熊 316 保温杯,129.0,4,insulation,4,25-34,Value-driven,Southeast Asia,Upper-middle,Man,Parent of young kids,$100k-200k,Gig / freelance,"It hits the sweet spot: 316/316L liner and triple heat blocking at ¥129, well under the premium brands but a real step up from the ¥39.9 basic. For daily use with a young kid I need something that keeps temperature and survives drops without paying for a viral tumbler I don't need."
survey_water-bottle-choice__i3NgHcU,persona/datasets/matraix-persona-1m/cohorts/cohort-b9851ff4d44d/persona_wiki-4afc926fe6e2.yaml,1.0,zojirushi_sm_sz,象印 SM-SZ,229.0,4,insulation,4,55-64,Premium-seeking,Western Europe,Upper-middle,Man,Mid-life,$100k-200k,Self-employed,"I want a premium daily bottle and the Zojirushi's Japanese build, top-tier insulation, and easy-clean non-stick interior justify the higher price for something I'll use every day. At 480 ml it's the right size for commuting and desk use, and the brand's reliability matters more to me than chasing a viral trend."
survey_water-bottle-choice__i622mGu,persona/datasets/matraix-persona-1m/cohorts/cohort-b9851ff4d44d/persona_synthetic-881b81d1ef59.yaml,1.0,fuguang_316,富光 316 保温杯,39.9,5,price,4,35-44,Cost-sensitive,Sub-Saharan Africa,Lower-middle,Woman,Mid-life,<$25k,Gig / freelance,أبحث عن زجاجة بسيطة للاستعمال اليومي، والسعر المنخفض يناسب ميزانيتي المحدودة. الفولاذ المقاوم للصدأ 316 مع العزل الأساسي والإغلاق الموثوق يكفي لاحتياجي.
survey_water-bottle-choice__i7oVi9k,persona/datasets/matraix-persona-1m/cohorts/cohort-b9851ff4d44d/persona_wiki-53ff9b63ef82.yaml,1.0,zojirushi_sm_sz,象印 SM-SZ,229.0,4,insulation,4,75-84,Indifferent,Southeast Asia,High income,Man,Retirement,null,Retired,"I want a bottle I can rely on daily for years, and the Zojirushi's top-tier insulation and non-stick interior justify the premium for easy cleaning and consistent temperature. At 480 ml it suits my desk and travel use, and the Japanese build quality matches my preference for durability over novelty."
survey_water-bottle-choice__iAS5w4f,persona/datasets/matraix-persona-1m/cohorts/cohort-b9851ff4d44d/persona_synthetic-64fa9dd83596.yaml,1.0,beijixiong_316,杯具熊 316 保温杯,129.0,4,price,4,18-24,Premium-seeking,Southeast Asia,Low income,Man,Student,<$25k,Student,"I want insulated performance for daily carry, and the 316/316L liner with triple heat blocking at ¥129 is the best value on this shelf. The budget Fuguang is cheaper but the mid-tier construction and 600 ml size suit me better for the price. I don't need a viral tumbler or a premium Japanese bottle when this covers the core job."
survey_water-bottle-choice__iAht29E,persona/datasets/matraix-persona-1m/cohorts/cohort-b9851ff4d44d/persona_synthetic-2fd3eab7bb96.yaml,1.0,beijixiong_316,杯具熊 316 保温杯,129.0,4,price,4,25-34,Cost-sensitive,South Asia,Upper-middle,Woman,Early career,<$25k,Full-time,"I want a bottle I can actually carry all day, and the 600 ml size hits the sweet spot between the tiny 480-500 ml options and the huge Stanley. At ¥129 it gives me 316/316L stainless steel and triple heat blocking without paying the Zojirushi or Stanley premium, which matters since I'm cost-sensitive and budget carefully. The Fuguang is cheaper but feels like a false economy for something I'll use every single day."
survey_water-bottle-choice__iB6FaNN,persona/datasets/matraix-persona-1m/cohorts/cohort-b9851ff4d44d/persona_wiki-a7b8f873e946.yaml,1.0,beijixiong_316,杯具熊 316 保温杯,129.0,4,insulation,4,85+,Value-driven,North America,Upper-middle,Man,Retirement,null,Self-employed,"At 85 with low vision and moderate hearing loss, I need a bottle that keeps water hot for hours without fussing over it, and the Beijixiong's 316/316L liner and triple heat blocking deliver that at a sensible ¥129. The 600 ml capacity suits a full day outdoors birdwatching, and it is insulated — the Nalgene is not, and the Stanley's 1180 ml is more vessel than I care to carry at my age. I would rather spend mid-tier on proven thermal performance than pay ¥229 for a Japanese badge or ¥319 for a viral tumbler."
survey_water-bottle-choice__iCk8CXD,persona/datasets/matraix-persona-1m/cohorts/cohort-b9851ff4d44d/persona_synthetic-e33f20b83561.yaml,1.0,beijixiong_316,杯具熊 316 保温杯,129.0,4,price,4,45-54,Value-driven,MENA,High income,Woman,Career change,$50k-100k,Part-time,أبحث عن زجاجة يومية عملية، وهذا الخيار يقدّم أفضل توازن بين السعر والجودة: هيكل 316/316L مع عزل ثلاثي عند 129 يواناً فقط. كما أن سعته 600 مل مناسبة لاستخدامي اليومي دون أن تكون ثقيلة أو ضخمة. العلامات العالمية مثل ستانلي وزنوجيروشي أغلى من حاجتي الفعلية.
survey_water-bottle-choice__iEeZjqp,persona/datasets/matraix-persona-1m/cohorts/cohort-b9851ff4d44d/persona_synthetic-66f5dc60148b.yaml,1.0,beijixiong_316,杯具熊 316 保温杯,129.0,5,insulation,4,18-24,Cost-sensitive,Southeast Asia,Lower-middle,Woman,Student,<$25k,Student,"I want insulated performance for daily use, and the 600 ml size covers a full class or commute without being bulky. At ¥129 it's the best value in the mid tier — 316/316L liner and triple heat blocking beat the cheaper basic bottle without the ¥229-319 premium I can't justify on a student budget."
survey_water-bottle-choice__iGVo4nW,persona/datasets/matraix-persona-1m/cohorts/cohort-b9851ff4d44d/persona_synthetic-60d80c9bf688.yaml,1.0,fuguang_316,富光 316 保温杯,39.9,5,price,4,18-24,Cost-sensitive,East Asia,Middle,Woman,Early career,<$25k,Homemaker,我手头很紧，收入不到两万五还失业在家，四十块以内的保温瓶是唯一不心疼的选择。316不锈钢内胆、密封可靠、够日常用，坏了丢了也不肉疼。
survey_water-bottle-choice__iKuizC3,persona/datasets/matraix-persona-1m/cohorts/cohort-b9851ff4d44d/persona_synthetic-f1b80d7ed075.yaml,1.0,beijixiong_316,杯具熊 316 保温杯,129.0,5,price,4,45-54,Cost-sensitive,East Asia,Lower-middle,Woman,Early career,<$25k,Full-time,我买水杯最看重保温和耐用，但又不想多花钱。北極熊这款129元给了316/316L内胆和三重隔热，比39.9的杂牌靠谱，又比小米、象印、Stanley便宜一大截，600ml装水也够我一天用。这个价位买到这种配置，我觉得最划算。
survey_water-bottle-choice__iN6Zx5A,persona/datasets/matraix-persona-1m/cohorts/cohort-b9851ff4d44d/persona_wiki-545beb222cb3.yaml,1.0,beijixiong_316,杯具熊 316 保温杯,129.0,5,insulation,5,35-44,Value-driven,Latin America,Middle,Woman,Mid-life,null,Self-employed,"I want a genuinely insulated bottle for daily commutes and long workdays, and the Beijixiong hits the sweet spot — full 316/316L stainless liner and triple heat blocking at ¥129, without the premium markup of Zojirushi or the viral Stanley. It's the best value in the mid tier and the 600 ml size is right for everyday carry."
survey_water-bottle-choice__iPqFxYG,persona/datasets/matraix-persona-1m/cohorts/cohort-b9851ff4d44d/persona_wiki-e3224f56edae.yaml,1.0,beijixiong_316,杯具熊 316 保温杯,129.0,4,insulation,4,25-34,Value-driven,MENA,Upper-middle,Man,Mid-life,null,Full-time,من دنبال bottleی هستم که هم روزانه با خودم ببرم سر کار و هم توی باشگاه، پس عایق بودن و دوام برایم مهم است. Beijixiong با پوشش داخلی 316/316L و خلأ بدون دنباله، بهترین تعادل کیفیت به قیمت را در ردهٔ میان‌قیمت دارد و 129 یوان برای یک محصول قابل اعتماد منطقی است.
survey_water-bottle-choice__ihZPENP,persona/datasets/matraix-persona-1m/cohorts/cohort-b9851ff4d44d/persona_synthetic-6a0064224e1a.yaml,1.0,fuguang_316,富光 316 保温杯,39.9,5,price,4,65-74,Cost-sensitive,South Asia,Middle,Woman,Retirement,<$25k,Retired,"Sou aposentada, com renda apertada e orçamento familiar abaixo de 25 mil dólares, então o preço de ¥39.9 é o único que cabe com folga no meu bolso. Prefiro um produto nacional simples, com vedação confiável e isolamento básico, que dá conta do uso diário sem frescura. Os outros são bonitos, mas caros demais para o que eu preciso."
survey_water-bottle-choice__iwK92RP,persona/datasets/matraix-persona-1m/cohorts/cohort-b9851ff4d44d/persona_synthetic-8f73db01d499.yaml,1.0,fuguang_316,富光 316 保温杯,39.9,3,insulation,3,75-84,Value-driven,Sub-Saharan Africa,Middle,Woman,Retirement,<$25k,Retired,"No persona-specific answer was produced, so a neutral answer was used."
survey_water-bottle-choice__iyiyQJV,persona/datasets/matraix-persona-1m/cohorts/cohort-b9851ff4d44d/persona_synthetic-71c1caeb05c4.yaml,1.0,beijixiong_316,杯具熊 316 保温杯,129.0,4,insulation,4,18-24,Premium-seeking,Southeast Asia,High income,Woman,Early career,<$25k,Gig / freelance,"I want a genuinely insulated bottle for daily use, and the Beijixiong gives me 316/316L steel, a tail-less vacuum, and triple heat blocking for ¥129 — the best specs at a price I can actually justify on a volatile freelance income. The Fuguang is cheaper but feels like a compromise, and the Zojirushi and Stanley are paying for brand and lifestyle I don't need."
survey_water-bottle-choice__iyvBFzC,persona/datasets/matraix-persona-1m/cohorts/cohort-b9851ff4d44d/persona_synthetic-5d4946ddc86f.yaml,1.0,fuguang_316,富光 316 保温杯,39.9,5,price,4,18-24,Value-driven,East Asia,Low income,Woman,Student,$25k-50k,Full-time,"I'm broke and on a tight budget, so ¥39.9 is the only price I can actually justify right now. It's insulated 316 steel with a reliable seal, which covers the basics for daily use without me stressing about losing or breaking an expensive bottle."
survey_water-bottle-choice__iztL2Y4,persona/datasets/matraix-persona-1m/cohorts/cohort-b9851ff4d44d/persona_synthetic-19e9c2adbc59.yaml,1.0,beijixiong_316,杯具熊 316 保温杯,129.0,5,insulation,4,45-54,Cost-sensitive,East Asia,Middle,Woman,Mid-life,<$25k,Full-time,我要的是日常带水的保温瓶，316/316L内胆加无尾真空、三重隔热的配置在百元档里最实在，600ml容量比500ml更够我一天喝。Fuguang太便宜让我担心做工和保温持久度，而Zojirushi和Stanley的价格超出我这种现金消费习惯能接受的范围。
survey_water-bottle-choice__j4tegvs,persona/datasets/matraix-persona-1m/cohorts/cohort-b9851ff4d44d/persona_synthetic-9383c096b3f7.yaml,1.0,beijixiong_316,杯具熊 316 保温杯,129.0,4,insulation,4,35-44,Value-driven,Southeast Asia,Middle,Woman,Parent of young kids,$25k-50k,Full-time,"I want a genuinely insulated bottle for daily commuting and keeping tea warm through a long office day, and the 600 ml size is the sweet spot between the tiny 480-500 ml options and the oversized Stanley. At ¥129 it gives the 316/316L liner and triple heat blocking that the ¥39.9 budget bottle only gestures at, without paying the Zojirushi or Mijia brand premium. The Stanley is too big and straw-lidded for my bag, and the Nalgene isn't insulated at all."
survey_water-bottle-choice__j5A9rCt,persona/datasets/matraix-persona-1m/cohorts/cohort-b9851ff4d44d/persona_synthetic-02f905d0f515.yaml,1.0,zojirushi_sm_sz,象印 SM-SZ,229.0,4,insulation,4,65-74,Value-driven,East Asia,Middle,Woman,Retirement,$50k-100k,Full-time,我年纪大了，每天要喝温水，保温性能对我来说最要紧，日本牌子的真空保温一向靠得住。480毫升不大不小，出门带着轻，内壁不粘好清洗，省心。虽然二百多块不算便宜，但一个瓶子用上好几年，摊下来也就值了。
survey_water-bottle-choice__j7EWot4,persona/datasets/matraix-persona-1m/cohorts/cohort-b9851ff4d44d/persona_synthetic-325401b109ee.yaml,1.0,fuguang_316,富光 316 保温杯,39.9,5,price,4,55-64,Cost-sensitive,South Asia,Low income,Woman,Mid-life,<$25k,Part-time,"Paisa vasool hai — sirf ¥39.9 mein 316 stainless steel, vacuum insulation aur reliable seal mil raha hai. Main hard saver hoon aur budget pe tight rehti hoon, toh ₹300+ ka tumbler ya Japanese premium bottle mere liye fizool kharcha hai. 500 ml roz ke liye kaafi hai, aur sasta hone ki wajah se kho jaaye ya dent lage toh bhi dil nahi dukhega."
survey_water-bottle-choice__j7GWAHp,persona/datasets/matraix-persona-1m/cohorts/cohort-b9851ff4d44d/persona_wiki-e578f683e182.yaml,1.0,beijixiong_316,杯具熊 316 保温杯,129.0,5,insulation,5,35-44,Value-driven,MENA,Upper-middle,Man,Mid-life,null,Self-employed,أحتاج زجاجة معزولة للاستخدام اليومي، وBeijixiong 316 يقدّم أفضل توازن بين السعر والمواصفات: بطانة 316/316L وعزل ثلاثي عند 129 يوان فقط. العزل مهم بالنسبة لي أكثر من الحجم الكبير أو التصميم، وهذا الخيار يغطي احتياجي الأساسي دون دفع علاوة العلامات التجارية الفاخرة.
survey_water-bottle-choice__j8auMCR,persona/datasets/matraix-persona-1m/cohorts/cohort-b9851ff4d44d/persona_synthetic-09229f40b02e.yaml,1.0,fuguang_316,富光 316 保温杯,39.9,5,price,4,18-24,Cost-sensitive,South Asia,Low income,Woman,Student,<$25k,Student,"I am a student on a very tight income, so the ¥39.9 price is what actually fits my budget. It still gives me a 316 stainless steel insulated bottle with a reliable seal, which covers my basic daily needs without overspending on features I do not require."
survey_water-bottle-choice__jAew58E,persona/datasets/matraix-persona-1m/cohorts/cohort-b9851ff4d44d/persona_synthetic-07128bb71eaf.yaml,1.0,fuguang_316,富光 316 保温杯,39.9,5,price,4,55-64,Cost-sensitive,South Asia,Lower-middle,Man,Empty nester,<$25k,Part-time,"আমি বর্তমানে বেকার, তাই খরচের ব্যাপারে খুব সতর্ক থাকতে হয়। ৩৯.৯ ইউয়ানে ৩১৬ স্টেইনলেস স্টিলের ভ্যাকুয়াম ইনসুলেটেড বোতল আমার দৈনন্দিন প্রয়োজন মিটিয়ে দেবে — সিল ভালো, টেকসই, আর দামও হাতের নাগালে। দামি ব্র্যান্ড বা বড় সাইজের জন্য অতিরিক্ত টাকা খরচ করার কোনো কারণ আমি দেখি না।"
survey_water-bottle-choice__jF6j5ZQ,persona/datasets/matraix-persona-1m/cohorts/cohort-b9851ff4d44d/persona_wiki-ce2cb382ac6b.yaml,1.0,zojirushi_sm_sz,象印 SM-SZ,229.0,4,insulation,5,55-64,Indifferent,Southeast Asia,High income,Woman,Mid-life,null,Full-time,"As a senior academic who reads specifications carefully, I prioritise build quality and hygiene over novelty. The Zojirushi's non-stick interior coating is genuinely easier to clean and less prone to odour retention than bare stainless steel, and its top-tier insulation and light weight suit long days of teaching and meetings. The ¥229 price is justified by Japanese manufacturing reliability and years of service, whereas the viral Stanley tumbler is oversized and the budget options compromise on finish."
survey_water-bottle-choice__jUJHXAW,persona/datasets/matraix-persona-1m/cohorts/cohort-b9851ff4d44d/persona_synthetic-27e6ce6db859.yaml,1.0,beijixiong_316,杯具熊 316 保温杯,129.0,4,insulation,4,18-24,Cost-sensitive,South Asia,Lower-middle,Man,Student,$25k-50k,Homemaker,"I want proper vacuum insulation for daily use, and the Beijixiong gives me a 316/316L liner and triple heat blocking at ¥129 — well below the Japanese premium. The Fuguang is cheaper but I'd rather pay a bit more for the better-sealed mid-tier build. The 600 ml size also suits my routine better than the 500 ml options."
survey_water-bottle-choice__jXBjf69,persona/datasets/matraix-persona-1m/cohorts/cohort-b9851ff4d44d/persona_synthetic-c5fa21ee4874.yaml,1.0,beijixiong_316,杯具熊 316 保温杯,129.0,4,insulation,4,35-44,Cost-sensitive,East Asia,Middle,Man,Mid-life,<$25k,Full-time,お金はあまりないけど、家族が多いから毎日使うものは安っぽくても困る。316ステンレスの内胆に真空断熱で129元なら、39.9元の安物より長持ちしそうで、229元や319元のブランド品に払う余裕もない自分にはちょうどいい落としどころ。保温が効けば冬も夏も一日中使えるから、これに決めます。
survey_water-bottle-choice__jXEFsTL,persona/datasets/matraix-persona-1m/cohorts/cohort-b9851ff4d44d/persona_synthetic-004ce7edbe3b.yaml,1.0,beijixiong_316,杯具熊 316 保温杯,129.0,4,insulation,4,35-44,Premium-seeking,Latin America,Middle,Woman,Career change,$50k-100k,Self-employed,"Necesito algo que aguante el día completo y mantenga el té caliente, y este tiene doble pared de acero 316 con triple bloqueo de calor por un precio que puedo pagar sin culpa. Los de marca japonesa o el Stanley viral se me hacen carísimos para lo que son, y el Nalgene no aísla nada, así que este es el equilibrio justo entre calidad y precio."
survey_water-bottle-choice__jbz3U9y,persona/datasets/matraix-persona-1m/cohorts/cohort-b9851ff4d44d/persona_synthetic-249dbc6ebef0.yaml,1.0,beijixiong_316,杯具熊 316 保温杯,129.0,3,insulation,3,65-74,Cost-sensitive,South Asia,Middle,Woman,Retirement,<$25k,Retired,"मैं रोज़ पानी पीने के लिए एक ऐसा बोतल चाहती हूँ जो गर्म पानी को लंबे समय तक गर्म रखे, क्योंकि मुझे चाय और गुनगुना पानी दिनभर पीने की आदत है। बीजिक्सियोंग 316 की कीमत ¥129 मेरे बजट में है और इसमें 316/316L इनर लाइनर तथा तीन-स्तरीय हीट ब्लॉकिंग जैसी बेहतर इंसुलेशन सुविधाएँ हैं, जो इस दाम पर सबसे अच्छा मूल्य देती हैं। स्टेनली और ज़ोजिरुशी मेरे लिए बहुत महँगे हैं, और नालजीन का प्लास्टिक बोतल गर्म पानी के लिए ठीक नहीं।"
survey_water-bottle-choice__jk9Dxzy,persona/datasets/matraix-persona-1m/cohorts/cohort-b9851ff4d44d/persona_synthetic-d9d1d56e6980.yaml,1.0,fuguang_316,富光 316 保温杯,39.9,5,price,4,45-54,Cost-sensitive,Sub-Saharan Africa,Low income,Woman,Early career,<$25k,Self-employed,"I am cost-sensitive and on a limited income, so the ¥39.9 price is what I can actually afford for a daily bottle. It is insulated 316 stainless steel with a reliable seal, which covers my basic need to carry tea or water to work. The expensive viral tumblers and premium brands do not offer me anything worth five to eight times the price."
survey_water-bottle-choice__jp2syLm,persona/datasets/matraix-persona-1m/cohorts/cohort-b9851ff4d44d/persona_synthetic-89b0b0b5ba99.yaml,1.0,beijixiong_316,杯具熊 316 保温杯,129.0,4,insulation,4,35-44,Value-driven,South Asia,Low income,Man,Parent of young kids,$25k-50k,Self-employed,أحتاج زجاجة معزولة للاستخدام اليومي، وهذا الطراز يقدّم عزلًا ممتازًا بفولاذ 316 بسعر معقول (¥129). سعة 600 مل مناسبة لي ولأولادي، والسعر في متناول ميزانيتي المحدودة.
survey_water-bottle-choice__k3DUuDr,persona/datasets/matraix-persona-1m/cohorts/cohort-b9851ff4d44d/persona_synthetic-bb2d64bb53f6.yaml,1.0,beijixiong_316,杯具熊 316 保温杯,129.0,4,insulation,4,45-54,Cost-sensitive,Southeast Asia,Lower-middle,Woman,Mid-life,<$25k,Homemaker,"I need a bottle that keeps tea hot through a long shift, and 316 stainless with triple heat blocking at ¥129 is the most I can justify. The ¥39.9 one is tempting but too basic to trust for all-day insulation, and anything above ¥129 is money I cannot spare for five people at home."
survey_water-bottle-choice__k6wcaD7,persona/datasets/matraix-persona-1m/cohorts/cohort-b9851ff4d44d/persona_synthetic-e32b05612bbe.yaml,1.0,beijixiong_316,杯具熊 316 保温杯,129.0,4,insulation,4,65-74,Value-driven,East Asia,Low income,Man,Empty nester,$50k-100k,Part-time,我这个人买东西就认一个理：钱要花在刀刃上，但刀刃得是真钢。Fuguang那个39块9的太便宜，保温层薄，我以前买过类似的，冬天装热水两小时就温吞了；Zojirushi和Stanley是牌子货，可229、319这个价对我来说就是买个标，不值。Beijixiong这个129块，316L内胆加无尾真空，参数上跟贵的那些一个档次，容量600毫升也够我一天喝，所以选它。
survey_water-bottle-choice__k8ahUFm,persona/datasets/matraix-persona-1m/cohorts/cohort-b9851ff4d44d/persona_synthetic-6d2c66b0ab53.yaml,1.0,beijixiong_316,杯具熊 316 保温杯,129.0,4,insulation,4,65-74,Value-driven,South Asia,Upper-middle,Woman,Retirement,$50k-100k,Homemaker,"আমি প্রতিদিন গরম চা ও পানি সাথে রাখি, তাই অন্তরণক্ষম ইস্পাতের বোতল আমার প্রধান প্রয়োজন। বেইজিশিয়ং ৩১৬ বোতলটি ৩১৬/৩১৬L আস্তরণ ও ত্রি-স্তর তাপ প্রতিরোধসহ ¥১২৯ দামে সবচেয়ে ভালো ভারসাম্য দেয়, যা আমার সীমিত বাজেটের সাথে মানানসই। ফুগুয়াং সস্তা হলেও ৫০০ মিলি ধারণক্ষমতা আমার জন্য যথেষ্ট নয়, আর জোজিরু ও স্ট্যানলি আমার আয়ের তুলনায় অতিরিক্ত ব্যয়বহুল।"
survey_water-bottle-choice__kAepooD,persona/datasets/matraix-persona-1m/cohorts/cohort-b9851ff4d44d/persona_synthetic-314fb802e8fe.yaml,1.0,beijixiong_316,杯具熊 316 保温杯,129.0,4,price,4,25-34,Cost-sensitive,South Asia,Low income,Man,Mid-life,$50k-100k,Full-time,"আমি রোজ ব্যবহারের জন্য এমন বোতল চাই যেটা টেকসই, ভালো ইনসুলেশন দেয়, আর দামও হাতের নাগালে। বেইজিক্সিওং ৩১৬ বোতলটাই এই তিনটার সেরা ভারসাম্য — ৬০০ মিলি ধারণক্ষমতা আমার সারাদিনের চাহিদা মেটাবে, ৩১৬/৩১৬এল স্টেইনলেস স্টিল আর ট্রিপল হিট ব্লকিং এই দামে দুর্দান্ত। ফুগুয়াং সস্তা হলেও ধারণক্ষমতা কম আর ব্র্যান্ডে ভরসা কম, তাই মাঝারি দামের এই অপশনটাই বেছে নিচ্ছি।"
survey_water-bottle-choice__kB44tDM,persona/datasets/matraix-persona-1m/cohorts/cohort-b9851ff4d44d/persona_synthetic-023ba7a668ea.yaml,1.0,beijixiong_316,杯具熊 316 保温杯,129.0,4,insulation,4,18-24,Cost-sensitive,Sub-Saharan Africa,Lower-middle,Woman,Student,<$25k,Student,"I want real insulation without paying premium brand tax, and 600ml is a good daily size. At ¥129 the Beijixiong hits the sweet spot — 316/316L liner and triple heat blocking for way less than the Zojirushi or Stanley."
survey_water-bottle-choice__kCK5xzM,persona/datasets/matraix-persona-1m/cohorts/cohort-b9851ff4d44d/persona_synthetic-5828e25ff14f.yaml,1.0,beijixiong_316,杯具熊 316 保温杯,129.0,4,price,4,35-44,Indifferent,South Asia,Lower-middle,Man,Early career,<$25k,Self-employed,"Paisa vasool pick hai. 316/316L liner aur triple heat blocking is price pe milna mushkil hai, aur 600ml mere daily ghar-kaam ke liye theek hai. Budget bhi tight hai, toh zyada kharcha nahi karna."
survey_water-bottle-choice__kHqUKkm,persona/datasets/matraix-persona-1m/cohorts/cohort-b9851ff4d44d/persona_synthetic-d6aa282ac753.yaml,1.0,beijixiong_316,杯具熊 316 保温杯,129.0,4,price,4,45-54,Value-driven,South Asia,Lower-middle,Woman,Mid-life,$25k-50k,Unemployed,"Main ghar par rehti hoon aur paisa tight hai, toh budget national brand ke saath 316 stainless steel aur best-in-class insulation mil raha hai ¥129 mein — yeh mere liye sabse samajhdari wala pick hai. 600 ml capacity din bhar ke liye theek hai aur tail-less vacuum wali baat mujhe bharosemand lagti hai. Zojirushi aur Stanley toh achhe hain par mere budget se bahar hain."
survey_water-bottle-choice__kJMYNRt,persona/datasets/matraix-persona-1m/cohorts/cohort-b9851ff4d44d/persona_synthetic-4e12ea8350b3.yaml,1.0,fuguang_316,富光 316 保温杯,39.9,5,price,4,25-34,Indifferent,South Asia,Low income,Man,Parent of young kids,$25k-50k,Full-time,"Budget is tight with two kids and rent, so ¥39.9 for a reliable sealed 316 steel bottle makes sense. It is insulated, durable, and cheap enough that losing it would not hurt. I do not need a viral tumbler or premium Japanese features for daily use."
survey_water-bottle-choice__kJUjfJF,persona/datasets/matraix-persona-1m/cohorts/cohort-b9851ff4d44d/persona_wiki-8a3479a34055.yaml,1.0,beijixiong_316,杯具熊 316 保温杯,129.0,4,insulation,4,55-64,Indifferent,Southeast Asia,High income,Man,Mid-life,,Full-time,"Saya memilih Beijixiong 316 karena menawarkan liner dalam 316/316L dengan insulasi vakum tanpa ekor pada harga ¥129, yang secara teknis merupakan titik keseimbangan terbaik antara kinerja termal, daya tahan, dan biaya di rak ini. Kapasitas 600 ml sesuai untuk penggunaan harian di iklim tropis, dan spesifikasi materialnya lebih unggul daripada opsi anggaran maupun opsi plastik non-insulasi."
survey_water-bottle-choice__kRLhnJS,persona/datasets/matraix-persona-1m/cohorts/cohort-b9851ff4d44d/persona_synthetic-c8c203c360c3.yaml,1.0,beijixiong_316,杯具熊 316 保温杯,129.0,4,insulation,4,55-64,Cost-sensitive,South Asia,Lower-middle,Woman,Retirement,$50k-100k,Retired,"I want proper vacuum insulation and a 316 steel liner, and this hits the ¥100 tier with the best specs for the money. The Fuguang at ¥39.9 is tempting but too bare-bones, and I won't pay Zojirushi or Stanley prices for a daily bottle I'll knock around."
survey_water-bottle-choice__kWse5Lp,persona/datasets/matraix-persona-1m/cohorts/cohort-b9851ff4d44d/persona_wiki-8aa557df2167.yaml,1.0,beijixiong_316,杯具熊 316 保温杯,129.0,5,insulation,5,45-54,Value-driven,South Asia,High income,Man,Mid-life,,Self-employed,"I want proper vacuum insulation for daily commutes and travel, and the 600 ml capacity hits the sweet spot between portability and not having to refill constantly. At ¥129 the Beijixiong gives me a 316/316L liner and triple heat blocking — the same core performance as the ¥179-229 premium bottles for materially less money, which is exactly the value equation I optimize for."
survey_water-bottle-choice__kXXJSXS,persona/datasets/matraix-persona-1m/cohorts/cohort-b9851ff4d44d/persona_wiki-44146b963e9e.yaml,1.0,zojirushi_sm_sz,象印 SM-SZ,229.0,4,insulation,4,75-84,Value-driven,Western Europe,High income,Man,Mid-life,$200k+,Self-employed,"At my age I drink hot tea through the day and a non-stick interior that cleans easily matters more than saving money. The Zojirushi's top-tier insulation and light weight suit my reduced grip and mobility, and Japanese build quality has never disappointed me."
survey_water-bottle-choice__ke5buiX,persona/datasets/matraix-persona-1m/cohorts/cohort-b9851ff4d44d/persona_synthetic-4368db2d1419.yaml,1.0,beijixiong_316,杯具熊 316 保温杯,129.0,4,insulation,4,18-24,Premium-seeking,Sub-Saharan Africa,Upper-middle,Woman,Student,<$25k,Self-employed,"Bei ya ¥129 inatoa 316/316L stainless steel na insulation ya hali ya juu, ambayo ni bora kuliko Fuguang ya ¥39.9 bila kuongeza gharama kama Mijia au Zojirushi. Kwa matumizi ya kila siku, uwezo wa 600 ml na insulation ya kudumu ndiyo inayonifaa."
survey_water-bottle-choice__khhHa8i,persona/datasets/matraix-persona-1m/cohorts/cohort-b9851ff4d44d/persona_synthetic-1a611ad9f9fc.yaml,1.0,beijixiong_316,杯具熊 316 保温杯,129.0,4,insulation,4,25-34,Cost-sensitive,Southeast Asia,Low income,Woman,Early career,$50k-100k,Part-time,我需要日常保温，316/316L 内胆配无尾真空，129 元这个价位性能最实在。比起 39.9 元的基础款，多花几十块换更好的保温效果和耐用度，我觉得值。
survey_water-bottle-choice__kuQLnTu,persona/datasets/matraix-persona-1m/cohorts/cohort-b9851ff4d44d/persona_synthetic-20a33cdf4853.yaml,1.0,beijixiong_316,杯具熊 316 保温杯,129.0,4,insulation,4,85+,Cost-sensitive,Sub-Saharan Africa,Lower-middle,Woman,Retirement,<$25k,Full-time,"Je cherche une bouteille pour tous les jours, et à mon âge je bois surtout du thé chaud, donc l'isolation compte plus que tout. La Beijixiong offre une double paroi 316/316L et une triple isolation pour ¥129, ce qui me semble le meilleur compromis entre qualité et prix. Je ne paierai pas ¥229 ou ¥319 pour un gadget de mode alors que celle-ci fait le travail sérieusement."
survey_water-bottle-choice__kuycndH,persona/datasets/matraix-persona-1m/cohorts/cohort-b9851ff4d44d/persona_wiki-a2013f1146f1.yaml,1.0,beijixiong_316,杯具熊 316 保温杯,129.0,5,price,5,45-54,Value-driven,North America,High income,Man,Mid-life,$100k-200k,Self-employed,"I want a genuinely insulated bottle for daily commuting and office use, and the Beijixiong delivers 316/316L stainless steel construction and triple heat blocking at a price that reflects real value rather than marketing. The ¥129 tier is the sweet spot between the flimsy budget option and the overpriced lifestyle brands, and the 600 ml capacity suits a full workday."
survey_water-bottle-choice__kze9Bnq,persona/datasets/matraix-persona-1m/cohorts/cohort-b9851ff4d44d/persona_synthetic-59b19cf808b0.yaml,1.0,beijixiong_316,杯具熊 316 保温杯,129.0,4,insulation,3,25-34,Value-driven,Southeast Asia,Upper-middle,Woman,Mid-life,<$25k,Gig / freelance,"I want proper vacuum insulation for daily commutes and long desk days, and the 600 ml size sits between too-small and bulky. At ¥129 the Beijixiong gives me a 316/316L liner and triple heat blocking without paying the premium markup of Zojirushi or the viral Stanley tax. The Fuguang is cheaper but the 500 ml basic insulation feels like a compromise I would regret."
survey_water-bottle-choice__m5iokXc,persona/datasets/matraix-persona-1m/cohorts/cohort-b9851ff4d44d/persona_wiki-4518bf215c02.yaml,1.0,beijixiong_316,杯具熊 316 保温杯,129.0,5,insulation,5,55-64,Value-driven,Latin America,Upper-middle,Woman,Mid-life,null,Full-time,"Busco una botella de uso diario que mantenga la temperatura y sea duradera, y este modelo ofrece acero inoxidable 316/316L con aislamiento al vacío de triple capa a un precio de gama media muy razonable. La capacidad de 600 ml cubre bien mi jornada laboral en oficina, y prefiero pagar por especificaciones técnicas sólidas antes que por una marca de moda o un precio excesivamente bajo."
survey_water-bottle-choice__mDi3D9M,persona/datasets/matraix-persona-1m/cohorts/cohort-b9851ff4d44d/persona_synthetic-873a78cab5c4.yaml,1.0,beijixiong_316,杯具熊 316 保温杯,129.0,5,insulation,4,65-74,Cost-sensitive,South Asia,Upper-middle,Man,Retirement,$50k-100k,Full-time,"मैं रोज़ पानी पीने के लिए टिकाऊ और अच्छी इंसुलेशन वाली बोतल चाहता हूँ, और ¥129 की कीमत में 316/316L स्टील, ट्रिपल हीट ब्लॉकिंग और टेल-लेस वैक्यूम जैसी बेहतरीन सुविधाएँ मिल रही हैं। बजट ब्रांड से थोड़ा महंगा है, लेकिन प्रीमियम ज़ोजिरुशी से काफी सस्ता है, इसलिए यह मूल्य और गुणवत्ता का सबसे अच्छा संतुलन है। मेरी प्राथमिकता इंसुलेशन और टिकाऊपन है, और यह बोतल दोनों देती है।"
survey_water-bottle-choice__mHuabiT,persona/datasets/matraix-persona-1m/cohorts/cohort-b9851ff4d44d/persona_synthetic-0ef3424a218e.yaml,1.0,beijixiong_316,杯具熊 316 保温杯,129.0,4,price,4,18-24,Cost-sensitive,South Asia,Low income,Woman,Student,<$25k,Part-time,I need insulation for daily use and 316 steel is the safest material for me at a price I can actually swing on a part-time income. The ¥129 tier gives me the best specs without paying for a viral brand name I don't care about.
survey_water-bottle-choice__mVstbqy,persona/datasets/matraix-persona-1m/cohorts/cohort-b9851ff4d44d/persona_wiki-6aa27bd2cad1.yaml,1.0,beijixiong_316,杯具熊 316 保温杯,129.0,5,insulation,5,35-44,Premium-seeking,Sub-Saharan Africa,High income,Woman,Mid-life,$200k+,Self-employed,"At ¥129 it delivers the best-in-class 316/316L stainless steel liner and triple heat blocking, which is exactly the durable, well-insulated daily bottle I want without paying for viral branding. I value order, structure and getting real quality for the money, and the 600 ml capacity suits a full working day. The budget Fuguang feels too flimsy for daily use and the Stanley's 1180 ml size is impractical for carrying."
survey_water-bottle-choice__mdysJUh,persona/datasets/matraix-persona-1m/cohorts/cohort-b9851ff4d44d/persona_wiki-c3ab91de4b32.yaml,1.0,beijixiong_316,杯具熊 316 保温杯,129.0,4,price,4,25-34,Value-driven,Latin America,Middle,Man,,$50k-100k,Full-time,"El Beijixiong 316 ofrece la mejor relación calidad-precio del estante: acero inoxidable 316/316L con aislamiento al vacío de triple capa por solo ¥129, justo en el rango medio. Los 600 ml cubren bien mi uso diario entre el trabajo híbrido y el gimnasio, y prefiero pagar por durabilidad real antes que por una marca viral o un diseño minimalista sobrevalorado."
survey_water-bottle-choice__mjAmmYq,persona/datasets/matraix-persona-1m/cohorts/cohort-b9851ff4d44d/persona_wiki-508444773bb6.yaml,1.0,zojirushi_sm_sz,象印 SM-SZ,229.0,4,insulation,5,55-64,Value-driven,East Asia,High income,Man,Mid-life,,Self-employed,"I carry a bottle daily and care most about how it performs and feels in the hand, so the Zojirushi's top-tier insulation, low weight, and easy-to-clean non-stick interior justify the premium for me. The 480 ml size suits urban commuting, and the restrained Japanese design fits my aesthetic sense better than the viral Stanley or the plainer budget options."
survey_water-bottle-choice__mn4oCzq,persona/datasets/matraix-persona-1m/cohorts/cohort-b9851ff4d44d/persona_synthetic-9ae2f91ff32c.yaml,1.0,beijixiong_316,杯具熊 316 保温杯,129.0,5,price,4,65-74,Cost-sensitive,South Asia,Middle,Woman,Retirement,<$25k,Self-employed,"I want an insulated bottle that keeps water warm through the day, and 316/316L stainless steel with triple heat blocking at ¥129 is the best value on this shelf. The budget Fuguang is cheaper but too basic, and the premium Zojirushi and Stanley cost far more than I need to spend."
survey_water-bottle-choice__mrniX6P,persona/datasets/matraix-persona-1m/cohorts/cohort-b9851ff4d44d/persona_synthetic-402153018b24.yaml,1.0,fuguang_316,富光 316 保温杯,39.9,5,price,4,18-24,Cost-sensitive,South Asia,Low income,Man,Early career,$50k-100k,Student,"I'm cost-sensitive and uninsured with a chronic condition, so my budget is tight right now. A ¥39.9 316 stainless insulated bottle from a national brand gives me vacuum insulation and a reliable seal without the markup for viral branding or premium finishes. It covers the daily basics I actually need."
survey_water-bottle-choice__mucciSG,persona/datasets/matraix-persona-1m/cohorts/cohort-b9851ff4d44d/persona_wiki-a3a9962c6807.yaml,1.0,beijixiong_316,杯具熊 316 保温杯,129.0,5,insulation,5,55-64,Value-driven,North America,High income,Man,Mid-life,,Full-time,"I want a genuinely insulated bottle for daily commuting and desk use, and the Beijixiong offers 316/316L stainless steel and triple heat blocking at ¥129, which is the best value in the mid tier. The 600 ml capacity is a practical middle ground — larger than the 500 ml options but still easy to carry. The budget Fuguang saves money but is a step down in materials, while the Mijia and Zojirushi charge a premium I don't think the marginal gains justify for a daily beater."
survey_water-bottle-choice__n7wBXvv,persona/datasets/matraix-persona-1m/cohorts/cohort-b9851ff4d44d/persona_wiki-48275e55857b.yaml,1.0,beijixiong_316,杯具熊 316 保温杯,129.0,4,insulation,4,75-84,Indifferent,North America,Middle,Man,Retirement,null,Retired,"I want a properly insulated bottle for daily use and the Beijixiong 316 gives me a 316 stainless liner, triple heat blocking, and a reliable tail-less vacuum at a fair ¥129 — the best value in the mid tier. The budget Fuguang is tempting on price, but for a few more yuan I get a better-built bottle that will last."
survey_water-bottle-choice__n8XmuEx,persona/datasets/matraix-persona-1m/cohorts/cohort-b9851ff4d44d/persona_synthetic-b4d91e8336ec.yaml,1.0,beijixiong_316,杯具熊 316 保温杯,129.0,4,insulation,4,45-54,Cost-sensitive,MENA,Low income,Woman,Career change,$200k+,Full-time,"I want insulation and a trustworthy 316 stainless liner, and this hits the best balance of price and quality at the ¥100 tier. The ¥39.9 option is too basic for daily hot drinks, and the premium brands cost nearly double for features I don't need."
survey_water-bottle-choice__n9e3ZL2,persona/datasets/matraix-persona-1m/cohorts/cohort-b9851ff4d44d/persona_synthetic-a1d134ef5af5.yaml,1.0,beijixiong_316,杯具熊 316 保温杯,129.0,4,insulation,4,45-54,Premium-seeking,South Asia,Upper-middle,Woman,Mid-life,<$25k,Homemaker,"मुझे रोज़ पानी गरम रखने की ज़रूरत है, और 316/316L स्टील के साथ ट्रिपल हीट ब्लॉकिंग इस दाम पर सबसे ठोस लगती है। ¥129 मेरी जेब के लिए ठीक है, और 600 ml रोज़ के इस्तेमाल के लिए पर्याप्त है।"
survey_water-bottle-choice__nBXnrNs,persona/datasets/matraix-persona-1m/cohorts/cohort-b9851ff4d44d/persona_synthetic-120a64e67d4e.yaml,1.0,beijixiong_316,杯具熊 316 保温杯,129.0,4,insulation,4,85+,Cost-sensitive,Sub-Saharan Africa,Middle,Woman,Retirement,<$25k,Retired,"I need one bottle that keeps tea hot through a long, cold morning and does not leak in my bag, and the Beijixiong gives me 316/316L steel and triple heat blocking for ¥129. The Fuguang is cheaper but I distrust its basic insulation, while the Zojirushi and Stanley cost far more than the job requires. Mid-tier price, best-in-class build — that is the sensible buy."
survey_water-bottle-choice__nF9MT8r,persona/datasets/matraix-persona-1m/cohorts/cohort-b9851ff4d44d/persona_synthetic-bf4a5a51065e.yaml,1.0,beijixiong_316,杯具熊 316 保温杯,129.0,4,insulation,4,75-84,Cost-sensitive,Sub-Saharan Africa,Middle,Woman,Retirement,$25k-50k,Retired,"Ninahitaji chupa ya kudumu yenye mali bora kwa bei nafuu. Beijixiong 316 inatoa insulation ya hali ya juu na 316/316L stainless steel kwa ¥129, ambayo ni thamani kubwa kuliko Mijia au Zojirushi. Kwa matumizi ya kila siku na hali yangu ya afya, ubora wa insulation na uimara ni muhimu zaidi kuliko brand au aesthetics."
survey_water-bottle-choice__nHc58vs,persona/datasets/matraix-persona-1m/cohorts/cohort-b9851ff4d44d/persona_synthetic-b65f7d0adf15.yaml,1.0,fuguang_316,富光 316 保温杯,39.9,5,price,4,25-34,Cost-sensitive,Sub-Saharan Africa,Low income,Woman,Parent of young kids,$25k-50k,Full-time,"As a cost-sensitive single parent living with family, I need a reliable bottle without spending much. The Fuguang 316 offers basic vacuum insulation, a dependable seal, and durable 316 stainless steel at ¥39.9, which fits my budget and daily needs. I do not require large capacity or premium branding, so the budget pick is the sensible, secure choice."
survey_water-bottle-choice__nJAUd5x,persona/datasets/matraix-persona-1m/cohorts/cohort-b9851ff4d44d/persona_synthetic-fae854cecee1.yaml,1.0,beijixiong_316,杯具熊 316 保温杯,129.0,4,insulation,4,35-44,Value-driven,MENA,Lower-middle,Woman,Mid-life,<$25k,Part-time,أحتاج زجاجة للاستخدام اليومي مع عزل حراري جيد، و316/316L مع تفريغ بلا ذيل يبدو الأفضل ضمن ميزانيتي. سعر 129 يوان معقول جداً مقابل هذا المستوى، ولا أرى داعياً لدفع 229 أو 319 لعلامة تجارية فقط.
survey_water-bottle-choice__nKnTqGG,persona/datasets/matraix-persona-1m/cohorts/cohort-b9851ff4d44d/persona_synthetic-e48aaeb40fd2.yaml,1.0,beijixiong_316,杯具熊 316 保温杯,129.0,4,price,4,45-54,Value-driven,East Asia,Upper-middle,Woman,Career change,<$25k,Full-time,"Мне нужна надёжная термобутылка на каждый день, и 316/316L нержавейка с тройной теплоизоляцией за ¥129 — это лучшее соотношение цены и качества на этой полке. Дешёвый вариант за ¥39.9 слишком базовый, а Stanley и Zojirushi переплата за бренд без реальной выгоды для меня."
survey_water-bottle-choice__nQT4Qrh,persona/datasets/matraix-persona-1m/cohorts/cohort-b9851ff4d44d/persona_synthetic-8384dfd8cf5e.yaml,1.0,beijixiong_316,杯具熊 316 保温杯,129.0,4,insulation,4,45-54,Cost-sensitive,South Asia,Middle,Woman,Mid-life,$50k-100k,Full-time,"मैं रोज़ाना इस्तेमाल के लिए ऐसा बोतल चाहती हूँ जो मज़बूत हो, पानी गर्म-ठंडा रखे और कीमत भी जेब पर भारी न पड़े। बीजिक्सिओंग 316 में 316/316L इनर लाइनर, टेल-लेस वैक्यूम और ट्रिपल हीट ब्लॉकिंग मिलती है, जो ¥129 में बेहतरीन वैल्यू है। फुगुआंग सस्ता है पर बेसिक है, और ज़ोजिरुशी/स्टेनली मेरे बजट से ऊपर हैं।"
survey_water-bottle-choice__nUst8Qu,persona/datasets/matraix-persona-1m/cohorts/cohort-b9851ff4d44d/persona_synthetic-39090ffc1f60.yaml,1.0,fuguang_316,富光 316 保温杯,39.9,3,insulation,3,55-64,Cost-sensitive,South Asia,Lower-middle,Woman,Mid-life,<$25k,Self-employed,"No persona-specific answer was produced, so a neutral answer was used."
survey_water-bottle-choice__nVGaXuY,persona/datasets/matraix-persona-1m/cohorts/cohort-b9851ff4d44d/persona_synthetic-57d13e999263.yaml,1.0,beijixiong_316,杯具熊 316 保温杯,129.0,4,insulation,4,75-84,Value-driven,South Asia,Lower-middle,Woman,Retirement,<$25k,Retired,"I want insulation for daily tea and my hands are not what they were, so a vacuum bottle with a reliable seal matters more than looks. At ¥129 the Beijixiong gives 316 steel and triple heat blocking without paying premium brand money."
survey_water-bottle-choice__nX89BwC,persona/datasets/matraix-persona-1m/cohorts/cohort-b9851ff4d44d/persona_synthetic-33d5744b9bf1.yaml,1.0,beijixiong_316,杯具熊 316 保温杯,129.0,4,price,4,18-24,Value-driven,South Asia,Middle,Man,Student,$50k-100k,Student,أبحث عن زجاجة للاستخدام اليومي تجمع بين العزل الجيد والسعر المعقول. زجاجة بيجيشيونغ 316 تقدم بطانة 316/316L وعزلاً ثلاثياً بسعر 129 يوان فقط، وهو أفضل توازن بين الجودة والتكلفة في هذه الرف. الزجاجات الأرخص قد لا تعزل جيداً، والأغلى تدفع فيها مقابل العلامة التجارية أكثر من الأداء.
survey_water-bottle-choice__ndCaqZx,persona/datasets/matraix-persona-1m/cohorts/cohort-b9851ff4d44d/persona_wiki-cbfab37c2fe9.yaml,1.0,beijixiong_316,杯具熊 316 保温杯,129.0,5,price,4,35-44,Indifferent,Western Europe,Middle,Woman,Early career,null,Full-time,"At ¥129 it gives me a proper 316/316L liner, triple heat blocking and a tail-less vacuum seal — genuinely good insulation without the premium markup. The 600 ml capacity suits a full day of teaching and moving between rooms, and I'd rather spend the money on performance than on a viral logo."
survey_water-bottle-choice__ndW43yz,persona/datasets/matraix-persona-1m/cohorts/cohort-b9851ff4d44d/persona_synthetic-a4e2c81c4221.yaml,1.0,beijixiong_316,杯具熊 316 保温杯,129.0,4,insulation,4,25-34,Value-driven,South Asia,Low income,Woman,Early career,<$25k,Unemployed,"I need something insulated since I'm on the move a lot and drink mostly tea, so the 316/316L liner and triple heat blocking at ¥129 hits the sweet spot between the cheap basic bottle and the expensive premium ones. The Fuguang is too small and basic, and anything above ¥179 is more than I want to spend on a bottle when money is tight. Beijixiong gives me the best specs at a price I can actually justify."
survey_water-bottle-choice__ndninvK,persona/datasets/matraix-persona-1m/cohorts/cohort-b9851ff4d44d/persona_synthetic-8a3e9855f9b5.yaml,1.0,beijixiong_316,杯具熊 316 保温杯,129.0,4,price,4,65-74,Indifferent,South Asia,Lower-middle,Woman,Empty nester,<$25k,Homemaker,"I want real vacuum insulation and a 316 stainless liner, but I'm not paying ¥229+ for a Japanese brand or ¥319 for a viral tumbler when my income is tight. The Beijixiong hits the sweet spot at ¥129 with 600 ml, a slightly bigger capacity than the 500 ml basics, and 316/316L quality. The ¥39.9 Fuguang is tempting but too bare-bones, and the Nalgene isn't insulated at all."
survey_water-bottle-choice__nf6Hqeb,persona/datasets/matraix-persona-1m/cohorts/cohort-b9851ff4d44d/persona_wiki-540ded989773.yaml,1.0,beijixiong_316,杯具熊 316 保温杯,129.0,5,insulation,5,25-34,Value-driven,Southeast Asia,Upper-middle,Woman,Early career,$100k-200k,Self-employed,ผมต้องการขวดที่เก็บอุณหภูมิได้จริงสำหรับพกไปทำงานและเดินทางบ่อย ตัวนี้ให้สแตนเลส 316 ทั้งชั้นในและภายนอกพร้อมฉนวนระดับสูงสุดในราคา ¥129 ซึ่งคุ้มค่าที่สุดในกลุ่ม ขนาด 600 มล. ก็พอดีกว่าขวด 500 มล. โดยไม่หนักเกินไป
survey_water-bottle-choice__nghX3WF,persona/datasets/matraix-persona-1m/cohorts/cohort-b9851ff4d44d/persona_wiki-1a42687f9181.yaml,1.0,zojirushi_sm_sz,象印 SM-SZ,229.0,4,insulation,5,55-64,Value-driven,North America,High income,Man,Mid-life,$200k+,Full-time,"I want a bottle I actually carry every day, so insulation quality and a non-stick interior that cleans easily matter more to me than saving ¥100. Zojirushi's Japanese build quality and light weight fit my preference for buying the best tool once, and 480 ml is adequate for desk and travel use."
survey_water-bottle-choice__nk92NZV,persona/datasets/matraix-persona-1m/cohorts/cohort-b9851ff4d44d/persona_synthetic-0aabaceaf96c.yaml,1.0,beijixiong_316,杯具熊 316 保温杯,129.0,4,insulation,4,65-74,Value-driven,Sub-Saharan Africa,Middle,Man,Retirement,$50k-100k,Retired,"Nahitaji chupa ya kila siku inayodumu na kuhifadhi joto, na Beijixiong inatoa 316/316L ya kweli kwa bei ya ¥129 — thamani bora kwenye daraja la kati. Fuguang ni nafuu lakini ndogo na ya msingi mno, wakati Zojirushi na Stanley ni ghali kupita kiasi kwa mahitaji yangu ya kawaida."
survey_water-bottle-choice__nnkZd2f,persona/datasets/matraix-persona-1m/cohorts/cohort-b9851ff4d44d/persona_synthetic-b940e315c325.yaml,1.0,beijixiong_316,杯具熊 316 保温杯,129.0,4,insulation,4,55-64,Value-driven,South Asia,Lower-middle,Woman,Retirement,<$25k,Retired,"আমি ৩১৬ স্টেইনলেস স্টিলের ভেতরের আস্তরণ আর ভালো ভ্যাকুয়াম ইনসুলেশন চাই, কারণ আমি সারা দিন গরম পানি খাই। ১২৯ ইউয়ানে এই দামে সবচেয়ে ভালো মান পাওয়া যায়, আর জোজিরুশি বা স্ট্যানলির দাম আমার বাজেটের বাইরে। ৬০০ মিলি ধারণক্ষমতাও আমার দৈনিক ব্যবহারের জন্য যথেষ্ট।"
survey_water-bottle-choice__nq87jLA,persona/datasets/matraix-persona-1m/cohorts/cohort-b9851ff4d44d/persona_synthetic-282114cb938d.yaml,1.0,beijixiong_316,杯具熊 316 保温杯,129.0,4,insulation,4,55-64,Value-driven,East Asia,Low income,Man,Empty nester,<$25k,Self-employed,我每天都要用，保温性能和耐用度最要紧，316/316L内胆加无尾真空这个价位很难找到更好的。129块对我来说不算贵也不算便宜，但东西实在，比那些花里胡哨的牌子靠谱。
survey_water-bottle-choice__nr7rfXb,persona/datasets/matraix-persona-1m/cohorts/cohort-b9851ff4d44d/persona_synthetic-243e5031dd96.yaml,1.0,beijixiong_316,杯具熊 316 保温杯,129.0,4,price,4,65-74,Indifferent,Sub-Saharan Africa,Upper-middle,Woman,Retirement,<$25k,Retired,"Escolho a Beijixiong 316 porque oferece a melhor relação entre preço e qualidade: aço inoxidável 316/316L com isolamento a vácuo triplo por apenas ¥129. Prefiro pagar um pouco mais do que a opção básica para garantir durabilidade e bom desempenho térmico, sem chegar ao preço exagerado das marcas de prestígio ou do copo viral. A capacidade de 600 ml também é adequada para o uso diário."
survey_water-bottle-choice__ntZKqed,persona/datasets/matraix-persona-1m/cohorts/cohort-b9851ff4d44d/persona_synthetic-020fba2c8ba8.yaml,1.0,fuguang_316,富光 316 保温杯,39.9,5,price,4,65-74,Value-driven,East Asia,Low income,Woman,Retirement,<$25k,Retired,我退休了，钱要省着花，这个39块9的国产老牌子够用就行。316不锈钢保温，密封也好，便宜又耐用，坏了丢了也不心疼。
survey_water-bottle-choice__o5gddbJ,persona/datasets/matraix-persona-1m/cohorts/cohort-b9851ff4d44d/persona_synthetic-bd219274ebbd.yaml,1.0,beijixiong_316,杯具熊 316 保温杯,129.0,4,insulation,4,18-24,Cost-sensitive,South Asia,Upper-middle,Woman,Student,$25k-50k,Student,"I want insulated since I carry one bottle all day, and the 316/316L liner plus triple heat blocking at ¥129 is the sweet spot — cheaper than Mijia and Zojirushi without giving up much. The Fuguang is tempting at ¥39.9 but 500 ml and a basic build feels like it'd annoy me within a month."
survey_water-bottle-choice__oD27ZjR,persona/datasets/matraix-persona-1m/cohorts/cohort-b9851ff4d44d/persona_wiki-4d71a18f0c44.yaml,1.0,zojirushi_sm_sz,象印 SM-SZ,229.0,4,insulation,4,65-74,Value-driven,North America,High income,Woman,Retirement,$100k-200k,Self-employed,"I want a genuinely reliable insulated bottle for daily commuting and desk use, and Zojirushi's reputation for top-tier insulation and an easy-to-clean non-stick interior justifies the premium. At 480 ml it is the right size for my bag, and I would rather pay once for a well-made object than replace a cheap one repeatedly."
survey_water-bottle-choice__oFutD7i,persona/datasets/matraix-persona-1m/cohorts/cohort-b9851ff4d44d/persona_synthetic-ae29bcde4ed1.yaml,1.0,fuguang_316,富光 316 保温杯,39.9,5,price,4,18-24,Cost-sensitive,Sub-Saharan Africa,Lower-middle,Man,Early career,$25k-50k,Part-time,"Money is tight right now and I need something that just works every day, so the ¥39.9 Fuguang 316 hits my budget without giving up insulation or a reliable seal. I have lost a parent recently and I am being careful with every yuan, so paying ¥100+ for a bottle feels wasteful when this one covers the basics."
survey_water-bottle-choice__oH9w3Yu,persona/datasets/matraix-persona-1m/cohorts/cohort-b9851ff4d44d/persona_synthetic-f39ba979ca79.yaml,1.0,beijixiong_316,杯具熊 316 保温杯,129.0,4,insulation,4,45-54,Value-driven,Sub-Saharan Africa,Middle,Woman,Mid-life,$100k-200k,Homemaker,"I want real insulation for daily commutes and shift work, and 316/316L with triple heat blocking at ¥129 is the sweet spot. The Fuguang is cheaper but too basic, and the premium brands are just paying for a name I don't trust."
survey_water-bottle-choice__oNam4jx,persona/datasets/matraix-persona-1m/cohorts/cohort-b9851ff4d44d/persona_synthetic-53d45568c460.yaml,1.0,beijixiong_316,杯具熊 316 保温杯,129.0,4,insulation,4,55-64,Value-driven,South Asia,Upper-middle,Woman,Retirement,<$25k,Full-time,"I want a genuinely insulated bottle for daily use, and the Beijixiong 316 gives me 316/316L stainless steel and triple heat blocking at ¥129 — half the price of the Mijia and Zojirushi for essentially the same job. The 600 ml size suits my daily routine, and I have no interest in paying a premium for a viral brand or an uninsulated plastic bottle."
survey_water-bottle-choice__oNeLAp3,persona/datasets/matraix-persona-1m/cohorts/cohort-b9851ff4d44d/persona_synthetic-b128ce07e5ad.yaml,1.0,fuguang_316,富光 316 保温杯,39.9,4,price,4,55-64,Premium-seeking,Latin America,Low income,Woman,Mid-life,<$25k,Part-time,"Elijo la botella Fuguang 316 porque su precio de ¥39.9 es el único que realmente puedo justificar con mis ingresos limitados, y además es de acero inoxidable 316 con aislamiento básico, sello fiable y marca nacional reconocida, lo cual me da confianza suficiente para el uso diario. No necesito gran capacidad ni diseño viral; prefiero algo económico, duradero y sencillo de reemplazar si se daña."
survey_water-bottle-choice__oQazmyz,persona/datasets/matraix-persona-1m/cohorts/cohort-b9851ff4d44d/persona_synthetic-2ebf44ef4668.yaml,1.0,beijixiong_316,杯具熊 316 保温杯,129.0,4,insulation,4,35-44,Cost-sensitive,East Asia,Lower-middle,Woman,Mid-life,$25k-50k,Full-time,"I want insulated stainless steel for daily tea, and 316/316L with triple heat blocking at ¥129 is the sweet spot. The ¥39.9 one is too basic and the premium brands cost nearly double for less capacity."
survey_water-bottle-choice__oeS6kZz,persona/datasets/matraix-persona-1m/cohorts/cohort-b9851ff4d44d/persona_wiki-23e2602d3438.yaml,1.0,beijixiong_316,杯具熊 316 保温杯,129.0,5,insulation,5,35-44,Premium-seeking,MENA,Upper-middle,Man,Mid-life,,Full-time,أبحث عن زجاجة يومية للعمل والرياضة، وهذا الخيار يقدّم أفضل توازن بين السعر والجودة: هيكل 316/316L وعزل حراري ثلاثي بسعر 129 يوان فقط. كما أن سعة 600 مل مناسبة لاحتياجي اليومي دون أن تكون ثقيلة أو ضخمة.
survey_water-bottle-choice__ogtukwG,persona/datasets/matraix-persona-1m/cohorts/cohort-b9851ff4d44d/persona_synthetic-622bbabb06f7.yaml,1.0,beijixiong_316,杯具熊 316 保温杯,129.0,3,price,4,18-24,Cost-sensitive,MENA,Low income,Woman,Early career,<$25k,Unemployed,"The Beijixiong 316 sits at a price I can actually justify on a tight budget, yet it still gives me real vacuum insulation and a 316/316L liner, which matters more to me than brand names or looks. I drink hot tea through the day and I am cost-sensitive, so the ¥129 tier is the sweet spot between the cheap basic bottle and the overpriced premium ones I do not need."
survey_water-bottle-choice__oiiHQk3,persona/datasets/matraix-persona-1m/cohorts/cohort-b9851ff4d44d/persona_wiki-e9b705b61593.yaml,1.0,zojirushi_sm_sz,象印 SM-SZ,229.0,4,insulation,4,45-54,Value-driven,MENA,Upper-middle,Woman,Mid-life,$100k-200k,Self-employed,"I carry a bottle with me all day between studio, meetings and travel, so insulation and easy cleaning matter more to me than saving a hundred yuan. The Zojirushi's non-stick interior and ultra-light build at ¥229 feel like the right balance of quality and practicality, and the design is restrained enough to suit my taste. I'd rather buy one good bottle that lasts than replace a cheap one every year."
survey_water-bottle-choice__okr4S7U,persona/datasets/matraix-persona-1m/cohorts/cohort-b9851ff4d44d/persona_synthetic-8d87f7be3a0e.yaml,1.0,fuguang_316,富光 316 保温杯,39.9,5,price,4,45-54,Cost-sensitive,South Asia,Lower-middle,Man,Early career,$50k-100k,Full-time,"I'm cost-sensitive and unbanked, so cash-on-delivery cheap gear wins. 316 steel with basic insulation and a reliable seal covers my daily needs, and ¥39.9 is a price I won't agonize over. The fancy tumblers are just paying for a logo."
survey_water-bottle-choice__opSLPtZ,persona/datasets/matraix-persona-1m/cohorts/cohort-b9851ff4d44d/persona_synthetic-0aa2be86a600.yaml,1.0,beijixiong_316,杯具熊 316 保温杯,129.0,4,price,4,55-64,Value-driven,Sub-Saharan Africa,Low income,Woman,Retirement,$100k-200k,Homemaker,"I want insulated steel and I don't drink cold water fast, so 600 ml at ¥129 with a 316/316L liner is the sensible middle. The ¥39.9 one is too small and cheap-feeling for daily carry, and I won't pay ¥229+ for a brand name or ¥319 for a viral tumbler I'd never use with a straw."
survey_water-bottle-choice__or2igey,persona/datasets/matraix-persona-1m/cohorts/cohort-b9851ff4d44d/persona_synthetic-7e458cfdecc4.yaml,1.0,fuguang_316,富光 316 保温杯,39.9,5,price,4,55-64,Cost-sensitive,South Asia,Low income,Woman,Mid-life,<$25k,Unemployed,"मैं रोज़ पानी पीने के लिए सस्ता, टिकाऊ और भरोसेमंद बोतल चाहती हूँ, और घर में पैसे की कमी है तो बजट बहुत मायने रखता है। 316 स्टेनलेस स्टील की बुनियादी वैक्यूम इंसुलेशन और अच्छी सील वाली यह बोतल मेरी ज़रूरत के लिए काफी है, इसलिए मैं यही खरीदूँगी।"
survey_water-bottle-choice__ovViStU,persona/datasets/matraix-persona-1m/cohorts/cohort-b9851ff4d44d/persona_synthetic-7de882820a1e.yaml,1.0,beijixiong_316,杯具熊 316 保温杯,129.0,4,price,4,35-44,Cost-sensitive,Latin America,Low income,Man,Career change,$50k-100k,Full-time,"Como comprador sensible al costo y que trabaja por turnos, necesito algo que mantenga la temperatura durante horas sin gastar de más. El Beijixiong 316 ofrece acero inoxidable 316/316L, vacío sin cola y triple bloqueo térmico a ¥129, lo cual es un punto medio razonable entre el modelo básico barato y las opciones premium. El Stanley y el Zojirushi son demasiado caros para mi presupuesto, y el Nalgene no aísla, lo cual descarto de inmediato."
survey_water-bottle-choice__ozbwKY2,persona/datasets/matraix-persona-1m/cohorts/cohort-b9851ff4d44d/persona_synthetic-6c0e9dc93ea6.yaml,1.0,beijixiong_316,杯具熊 316 保温杯,129.0,4,insulation,4,25-34,Cost-sensitive,East Asia,Low income,Man,Career change,<$25k,Gig / freelance,预算有限，我需要一个真正保温的瓶子，316/316L内胆加三层隔热在这个价位最实在。600ml容量够我一天用，比39.9元那款贵不了多少但做工明显更靠谱。
survey_water-bottle-choice__p6XFe7i,persona/datasets/matraix-persona-1m/cohorts/cohort-b9851ff4d44d/persona_synthetic-b3467f1b0bc0.yaml,1.0,beijixiong_316,杯具熊 316 保温杯,129.0,4,insulation,4,45-54,Cost-sensitive,East Asia,Low income,Man,Empty nester,$100k-200k,Self-employed,我选北極熊316保溫瓶。價格129元在可接受範圍內，316/316L內膽和無尾真空隔熱對日常使用最實用。容量600ml比500ml更夠用，又不像Stanley那麼笨重。
survey_water-bottle-choice__pCjVd4N,persona/datasets/matraix-persona-1m/cohorts/cohort-b9851ff4d44d/persona_synthetic-3afb3313a9e4.yaml,1.0,beijixiong_316,杯具熊 316 保温杯,129.0,4,insulation,4,55-64,Indifferent,South Asia,High income,Man,Retirement,<$25k,Part-time,"I want insulation for my daily tea and long commutes, and 316/316L steel with triple heat blocking at ¥129 hits the sweet spot — better spec than the cheap ¥39.9 bottle without paying Zojirushi or Stanley prices. The 600 ml size is practical for one person and the brand tier is credible enough for me."
survey_water-bottle-choice__pLbTTv3,persona/datasets/matraix-persona-1m/cohorts/cohort-b9851ff4d44d/persona_synthetic-0f53b8cc7086.yaml,1.0,beijixiong_316,杯具熊 316 保温杯,129.0,4,insulation,4,65-74,Indifferent,Sub-Saharan Africa,Middle,Woman,Career change,<$25k,Full-time,"I want a bottle that keeps my water hot through long days, and the 316/316L inner liner with triple heat blocking at ¥129 seems like the most solid insulation for the money. The Zojirushi is nicer but ¥229 is more than I can justify right now, and the plastic Nalgene won't hold temperature at all."
survey_water-bottle-choice__pTo5BwP,persona/datasets/matraix-persona-1m/cohorts/cohort-b9851ff4d44d/persona_synthetic-7891f32956ce.yaml,1.0,beijixiong_316,杯具熊 316 保温杯,129.0,4,insulation,4,65-74,Value-driven,East Asia,Middle,Man,Retirement,<$25k,Retired,保温性能と価格のバランスが一番良いと感じた。316ステンレスで真空断熱、600mlは日常使いにちょうどよく、129元なら納得できる。派手さより実用性を重視する自分に合っている。
survey_water-bottle-choice__pTs8gEg,persona/datasets/matraix-persona-1m/cohorts/cohort-b9851ff4d44d/persona_synthetic-8062543263dd.yaml,1.0,beijixiong_316,杯具熊 316 保温杯,129.0,4,price,4,25-34,Cost-sensitive,Southeast Asia,Low income,Man,Mid-life,<$25k,Full-time,"मैं रोज़ाना पानी पीने के लिए इंसुलेटेड बोतल चाहता हूँ, और मेरा बजट सीमित है, इसलिए ¥129 पर 316/316L स्टील, बिना टेल वाला वैक्यूम और ट्रिपल हीट ब्लॉकिंग वाला बेजिक्सियोंग सबसे अच्छा सौदा लगता है। 600 ml की क्षमता मेरे दिन भर के इस्तेमाल के लिए पर्याप्त है और यह सस्ती फ़ुगुआंग से ज़्यादा टिकाऊ तथा भरोसेमंद लगती है।"
survey_water-bottle-choice__pYVVaQr,persona/datasets/matraix-persona-1m/cohorts/cohort-b9851ff4d44d/persona_wiki-d76b5bf8428f.yaml,1.0,beijixiong_316,杯具熊 316 保温杯,129.0,5,insulation,4,75-84,Value-driven,Western Europe,Middle,Man,Retirement,$50k-100k,Self-employed,"I want a genuinely insulated bottle that keeps drinks hot through a long day of coaching and outdoor activity, and the Beijixiong gives me 316/316L stainless steel and triple heat blocking at a fair ¥129. The 600 ml capacity suits my daily use better than a 500 ml, and I see no reason to pay ¥229 or ¥319 for premium branding when this does the job properly."
survey_water-bottle-choice__pYqxqiG,persona/datasets/matraix-persona-1m/cohorts/cohort-b9851ff4d44d/persona_synthetic-de11a750cd01.yaml,1.0,beijixiong_316,杯具熊 316 保温杯,129.0,4,price,4,25-34,Cost-sensitive,Sub-Saharan Africa,Lower-middle,Woman,Early career,$100k-200k,Self-employed,"Ninapenda kunywa maji ya moto na baridi wakati wa kazi zangu za zamu, kwa hivyo insulation ni muhimu sana kwangu. Beijixiong inatoa 316/316L stainless steel na triple heat blocking kwa ¥129 tu, ambayo ni bei nafuu kuliko Mijia na Zojirushi lakini ina uwezo sawa au bora zaidi. Kwa kuwa bajeti yangu ni ya wasiwasi na ninahitaji kitu cha kudumu, hii inaonekana kama chaguo bora la thamani."
survey_water-bottle-choice__pZuZtmQ,persona/datasets/matraix-persona-1m/cohorts/cohort-b9851ff4d44d/persona_synthetic-37c046bcd260.yaml,1.0,fuguang_316,富光 316 保温杯,39.9,5,price,4,85+,Cost-sensitive,Southeast Asia,Lower-middle,Man,Retirement,<$25k,Retired,我这个人花钱看紧，钱只花在刀刃上。这个¥39.9的国产不锈钢保温瓶，容量500ml够我一天用，密封可靠、耐摔耐用，坏了丢了也不心疼。那些上百块的瓶子对我来说就是花冤枉钱买牌子，不值。
survey_water-bottle-choice__pa9WbDk,persona/datasets/matraix-persona-1m/cohorts/cohort-b9851ff4d44d/persona_wiki-9f883849b647.yaml,1.0,beijixiong_316,杯具熊 316 保温杯,129.0,5,insulation,4,75-84,Value-driven,North America,Upper-middle,Man,Retirement,$100k-200k,Retired,"The 600 ml capacity hits the sweet spot for daily use — bigger than the 500 ml basics but not the unwieldy 1.2 L Stanley. At ¥129 it delivers 316/316L stainless with triple heat blocking, which is the best temperature performance per yuan on this shelf, and I'd rather spend for real insulation than pay ¥229 for a Japanese premium or ¥319 for a viral tumbler I don't need."
survey_water-bottle-choice__paeaMk5,persona/datasets/matraix-persona-1m/cohorts/cohort-b9851ff4d44d/persona_wiki-44129bd12f80.yaml,1.0,beijixiong_316,杯具熊 316 保温杯,129.0,5,insulation,4,55-64,Value-driven,Oceania,Upper-middle,Woman,Mid-life,$100k-200k,Self-employed,"At ¥129 the Beijixiong offers the best combination of quality and value for daily use: a 316/316L stainless interior, tail-less vacuum construction and triple heat blocking give me proper insulation without paying the premium import markup. The 600 ml capacity suits a full day of commuting and desk work, and the price is low enough that I can buy one without agonising over it."
survey_water-bottle-choice__pcg4gvA,persona/datasets/matraix-persona-1m/cohorts/cohort-b9851ff4d44d/persona_synthetic-7e6e912b9a7a.yaml,1.0,zojirushi_sm_sz,象印 SM-SZ,229.0,4,insulation,4,65-74,Value-driven,East Asia,Middle,Woman,Empty nester,<$25k,Full-time,"I'm 65-plus with a chronic illness and I'm on the go a lot, so I want a bottle that keeps my tea hot for hours and is genuinely easy to clean — the non-stick interior on the Zojirushi seals it for me. It's the lightest of the insulated options and I've trusted Japanese build quality my whole life, so the ¥229 is worth it for something I'll carry every single day."
survey_water-bottle-choice__pd3Toji,persona/datasets/matraix-persona-1m/cohorts/cohort-b9851ff4d44d/persona_synthetic-defbcaa4495a.yaml,1.0,beijixiong_316,杯具熊 316 保温杯,129.0,4,insulation,4,18-24,Value-driven,Southeast Asia,Lower-middle,Woman,Early career,$50k-100k,Part-time,"I want a properly insulated bottle for daily use, and this one gives me a 316/316L stainless steel liner and triple heat blocking for ¥129, which is the best value in the middle tier. The 600 ml size suits my routine, and I would rather pay a little more than the ¥39.9 budget bottle to get reliable insulation that lasts."
survey_water-bottle-choice__peWqyAd,persona/datasets/matraix-persona-1m/cohorts/cohort-b9851ff4d44d/persona_synthetic-d3b49450806c.yaml,1.0,beijixiong_316,杯具熊 316 保温杯,129.0,4,insulation,4,35-44,Cost-sensitive,Sub-Saharan Africa,Lower-middle,Self-described,Early career,$25k-50k,Full-time,"Preciso de garrafa térmica que aguente o dia todo, e essa tem isolamento triplo com aço 316 por ¥129 — metade do preço da Zojirushi. A Fuguang é barata mas básica demais, e a Nalgene não isola nada."
survey_water-bottle-choice__pew78ch,persona/datasets/matraix-persona-1m/cohorts/cohort-b9851ff4d44d/persona_synthetic-d7a02e49324e.yaml,1.0,beijixiong_316,杯具熊 316 保温杯,129.0,4,insulation,4,45-54,Value-driven,East Asia,High income,Woman,Career change,$50k-100k,Full-time,我每天都要用，保温性能和耐用性最重要，而这款在100元档给出了316/316L内胆和无尾真空，性价比最实在。¥129对我来说是可以接受的支出，500-600ml的容量也刚好适合通勤携带，不像Stanley那样笨重。价格再高就超出我日常用品的预算范围了。
survey_water-bottle-choice__pgpUkwf,persona/datasets/matraix-persona-1m/cohorts/cohort-b9851ff4d44d/persona_wiki-81f66f55d02b.yaml,1.0,beijixiong_316,杯具熊 316 保温杯,129.0,5,insulation,5,25-34,Premium-seeking,North America,Upper-middle,Man,Early career,$200k+,Full-time,"I want proper vacuum insulation for daily use, and the Beijixiong 316 offers a 316/316L liner with triple heat blocking at a price that's easy to justify. It's the sweet spot between the cheap basic bottle and the premium Japanese option, and 600 ml suits my daily hydration needs."
survey_water-bottle-choice__pkGNsrQ,persona/datasets/matraix-persona-1m/cohorts/cohort-b9851ff4d44d/persona_synthetic-9ddac9fdf9e6.yaml,1.0,fuguang_316,富光 316 保温杯,39.9,5,price,4,55-64,Cost-sensitive,Latin America,Lower-middle,Woman,Retirement,<$25k,Self-employed,"Sou aposentada, com renda baixa e cuido de familiares, então preciso de algo barato e confiável. O Fuguang 316 custa só ¥39.9, tem isolamento a vácuo básico e vedação confiável — atende o uso diário sem pesar no bolso. Não preciso de capacidade grande nem de marca viral."
survey_water-bottle-choice__pkYJE5G,persona/datasets/matraix-persona-1m/cohorts/cohort-b9851ff4d44d/persona_synthetic-300f79468357.yaml,1.0,beijixiong_316,杯具熊 316 保温杯,129.0,4,insulation,4,35-44,Cost-sensitive,East Asia,Middle,Man,Parent of young kids,<$25k,Self-employed,我每天带水主要是为了保温，316不锈钢内胆在这个价位是实打实的用料，比基础款只贵几十块但隔热和密封都更靠谱。500ml对我偏小，600ml刚好够一天上班用，价格也在能接受的范围。
survey_water-bottle-choice__puMnAZy,persona/datasets/matraix-persona-1m/cohorts/cohort-b9851ff4d44d/persona_synthetic-f0065b116ed9.yaml,1.0,fuguang_316,富光 316 保温杯,39.9,5,price,4,65-74,Cost-sensitive,South Asia,Low income,Man,Mid-life,$25k-50k,Self-employed,"I'm on a tight budget and money is tight right now, so ¥39.9 for a basic insulated 316 steel bottle is the only price I can justify for everyday use. It's a national brand, seals reliably, and 500 ml is plenty for my daily needs — I don't need fancy coatings or viral tumbler status."
survey_water-bottle-choice__pxgDUtU,persona/datasets/matraix-persona-1m/cohorts/cohort-b9851ff4d44d/persona_synthetic-bb78badd1e10.yaml,1.0,beijixiong_316,杯具熊 316 保温杯,129.0,4,price,4,45-54,Cost-sensitive,Latin America,Low income,Woman,Mid-life,<$25k,Homemaker,"Ich brauche eine Flasche für den täglichen Gebrauch, und 600 ml bei 316/316L-Edelstahl mit guter Isolierung sind für mich das beste Verhältnis von Preis und Leistung. Die 129 Yuan liegen in meinem realistischen Budget, und ich vertraue der Marke als solide Mittelklasse mehr als dem billigsten Modell."
survey_water-bottle-choice__q4n5w3x,persona/datasets/matraix-persona-1m/cohorts/cohort-b9851ff4d44d/persona_synthetic-c31686ddcde0.yaml,1.0,beijixiong_316,杯具熊 316 保温杯,129.0,4,price,4,35-44,Cost-sensitive,Sub-Saharan Africa,Middle,Woman,Mid-life,<$25k,Homemaker,"Bei ya ¥129 inalingana na bajeti yangu ya kila siku, na bado inanipa chuma cha 316/316L cha kweli pamoja na insulation ya joto tatu. Kwa mtu anayetaka kitu cha kudumu na salama bila kulipa bei ya kifahari, hii ndiyo inatoa thamani bora zaidi kwenye rafu."
survey_water-bottle-choice__q5P2bEf,persona/datasets/matraix-persona-1m/cohorts/cohort-b9851ff4d44d/persona_synthetic-57cf5ed65383.yaml,1.0,beijixiong_316,杯具熊 316 保温杯,129.0,4,insulation,4,18-24,Value-driven,South Asia,High income,Man,Student,<$25k,Gig / freelance,"I need insulation for daily use and I'm not paying for viral branding. The Beijixiong gives 316/316L steel and triple heat blocking at ¥129, which is the best value on this shelf. The cheaper Fuguang saves ¥90 but 316 basic insulation and a smaller 500ml don't cover a full day for me."
survey_water-bottle-choice__q9stht6,persona/datasets/matraix-persona-1m/cohorts/cohort-b9851ff4d44d/persona_synthetic-30aace97d3d1.yaml,1.0,fuguang_316,富光 316 保温杯,39.9,5,price,4,55-64,Cost-sensitive,South Asia,Middle,Woman,Career change,<$25k,Full-time,"আমি সীমিত আয়ে চলি, আর এই বোতলটাই সবচেয়ে সাশ্রয়ী — ৩৯.৯ ইউয়ানে ৩১৬ স্টেইনলেস স্টিল আর ভালো সিল পাওয়া যায়। দৈনন্দিন ব্যবহারের জন্য বেসিক ইনসুলেশনই যথেষ্ট, দামি ব্র্যান্ডের জন্য বাড়তি টাকা খরচ করার প্রয়োজন দেখি না।"
survey_water-bottle-choice__qBTHqy3,persona/datasets/matraix-persona-1m/cohorts/cohort-b9851ff4d44d/persona_wiki-aec1f587752e.yaml,1.0,beijixiong_316,杯具熊 316 保温杯,129.0,5,insulation,4,85+,Value-driven,North America,Middle,Man,Retirement,Unknown,Retired,"I want a genuinely insulated bottle for daily use, and the Beijixiong gives me a 316/316L liner and triple heat blocking at a sensible ¥129 — better construction than the budget Fuguang without the Zojirushi markup. The 600 ml size suits my day, and I would rather pay once for solid materials than chase a viral brand."
survey_water-bottle-choice__qEtKXeN,persona/datasets/matraix-persona-1m/cohorts/cohort-b9851ff4d44d/persona_wiki-e90867748382.yaml,1.0,zojirushi_sm_sz,象印 SM-SZ,229.0,4,insulation,4,35-44,Value-driven,East Asia,High income,Man,Mid-life,$200k+,Self-employed,"I want a bottle I carry every day, so insulation quality, low weight, and easy cleaning matter more to me than saving a few yuan. Zojirushi's non-stick interior and top-tier vacuum insulation suit my daily gym-and-office routine, and the Japanese premium build justifies the mid-high price. The Stanley is too bulky for my commute, and the budget 316 bottles don't match the reliability I'm after."
survey_water-bottle-choice__qGnh5Q6,persona/datasets/matraix-persona-1m/cohorts/cohort-b9851ff4d44d/persona_synthetic-abc24e2e2801.yaml,1.0,beijixiong_316,杯具熊 316 保温杯,129.0,4,price,4,65-74,Cost-sensitive,Southeast Asia,Low income,Woman,Retirement,$50k-100k,Part-time,"I want a real insulated bottle and this one gives 316/316L liner and triple heat blocking for ¥129, which is the best value in the middle tier. The 600 ml size is right for daily use, and the price is low enough that I won't feel I overspent."
survey_water-bottle-choice__qJLW3EL,persona/datasets/matraix-persona-1m/cohorts/cohort-b9851ff4d44d/persona_synthetic-beb7f0e1b4b9.yaml,1.0,fuguang_316,富光 316 保温杯,39.9,5,price,5,65-74,Cost-sensitive,MENA,Upper-middle,Woman,Retirement,<$25k,Homemaker,"I'm on a tight budget and this is the cheapest insulated option, so it fits my wallet. I don't need a big fancy bottle — just something that keeps water cool and doesn't leak. The 500 ml size is fine for daily use."
survey_water-bottle-choice__qKhKU5K,persona/datasets/matraix-persona-1m/cohorts/cohort-b9851ff4d44d/persona_wiki-537cf2c4dcb7.yaml,1.0,zojirushi_sm_sz,象印 SM-SZ,229.0,5,insulation,4,85+,Indifferent,South Asia,High income,Man,Retirement,null,Full-time,"At 85, I drink water slowly and in modest quantities, so a compact 480 ml bottle suits my routine far better than the oversized tumblers. The Zojirushi's top-tier insulation and non-stick interior mean my water stays at the right temperature and the bottle is effortless to clean, which matters more to me than saving a few yuan. I have trusted Japanese craftsmanship for decades, and the ultra-light weight is kind to older hands."
survey_water-bottle-choice__qLe5YCJ,persona/datasets/matraix-persona-1m/cohorts/cohort-b9851ff4d44d/persona_synthetic-3a6c1860d685.yaml,1.0,beijixiong_316,杯具熊 316 保温杯,129.0,4,price,4,65-74,Cost-sensitive,South Asia,Lower-middle,Woman,Retirement,$25k-50k,Retired,"I want insulation for daily tea and cold water, and I'm cost-sensitive, so the ¥129 316 stainless bottle hits the sweet spot — proper 316 liner and triple heat blocking without paying for the Mijia or Zojirushi name. The ¥39.9 one is tempting but 500 ml and basic build feels too flimsy for everyday use, and the plastic Nalgene isn't insulated."
survey_water-bottle-choice__qPm9fJM,persona/datasets/matraix-persona-1m/cohorts/cohort-b9851ff4d44d/persona_synthetic-1e04a1513102.yaml,1.0,beijixiong_316,杯具熊 316 保温杯,129.0,4,price,4,45-54,Cost-sensitive,South Asia,Lower-middle,Woman,Mid-life,<$25k,Unemployed,"I want proper insulation for my tea and daily water, but I'm on a tight budget and won't pay for viral branding or premium Japanese pricing. The Beijixiong at ¥129 gives me 316 stainless steel, a 600 ml size that fits my bag, and best-in-class specs for that price tier. The ¥39.9 one is tempting but I don't trust a basic bottle to keep drinks hot all day, and the Stanley is far too big and expensive for me."
survey_water-bottle-choice__qRgfEhT,persona/datasets/matraix-persona-1m/cohorts/cohort-b9851ff4d44d/persona_synthetic-20a15dd4319e.yaml,1.0,beijixiong_316,杯具熊 316 保温杯,129.0,4,insulation,4,55-64,Cost-sensitive,Latin America,Upper-middle,Woman,Empty nester,$25k-50k,Retired,"Necesito algo que mantenga el agua caliente o fría todo el día, y el acero 316 con triple aislamiento a ¥129 me parece lo más sensato del estante. El Fuguang es muy barato, pero con el uso diario prefiero pagar un poco más por mejor aislamiento y durabilidad."
survey_water-bottle-choice__qU44Lzo,persona/datasets/matraix-persona-1m/cohorts/cohort-b9851ff4d44d/persona_wiki-18dcf1ee5237.yaml,1.0,beijixiong_316,杯具熊 316 保温杯,129.0,5,insulation,5,35-44,Premium-seeking,North America,High income,Man,Retirement,,Retired,"I want a genuinely insulated bottle I can carry daily, and the Beijixiong delivers a 316/316L liner, triple heat blocking, and a reliable tail-less vacuum at ¥129 — the sweet spot where quality meets price. The budget Fuguang feels too cheap for daily abuse, while the Zojirushi and Stanley charge a hefty premium for branding or size I don't need. This one gives me the performance and durability I expect without overpaying."
survey_water-bottle-choice__qUfbvA2,persona/datasets/matraix-persona-1m/cohorts/cohort-b9851ff4d44d/persona_wiki-b456556d2113.yaml,1.0,beijixiong_316,杯具熊 316 保温杯,129.0,4,insulation,4,35-44,Value-driven,Western Europe,Middle,Woman,Mid-life,,Self-employed,"I want proper vacuum insulation for daily use, and 316/316L stainless steel with triple heat blocking at ¥129 is the sweet spot — I get real quality without paying for a viral brand name or a lifestyle object I don't need. Zojirushi tempts me on craft, but the premium isn't justified for something I'll knock around in a tote bag."
survey_water-bottle-choice__qVYUyXy,persona/datasets/matraix-persona-1m/cohorts/cohort-b9851ff4d44d/persona_wiki-0470f34f3a6d.yaml,1.0,beijixiong_316,杯具熊 316 保温杯,129.0,5,insulation,5,65-74,Value-driven,North America,Upper-middle,Woman,Retirement,null,Retired,"I want a genuinely insulated bottle for daily use, and the Beijixiong delivers a 316/316L liner, tail-less vacuum construction, and triple heat blocking at a price I consider fair. The 600 ml capacity suits my daily hydration without being bulky, and I would rather pay a modest premium over the ¥39.9 basic bottle for demonstrably better thermal performance and build quality. The viral Stanley is oversized for my needs, and the uninsulated Nalgene fails my core requirement."
survey_water-bottle-choice__qfdYcWz,persona/datasets/matraix-persona-1m/cohorts/cohort-b9851ff4d44d/persona_synthetic-79a5d1016eea.yaml,1.0,beijixiong_316,杯具熊 316 保温杯,129.0,4,price,4,18-24,Cost-sensitive,Southeast Asia,Middle,Man,Student,$100k-200k,Unemployed,我想买一个日常用的保温瓶，价格要实惠但质量要靠谱。北吉熊316在¥129这个价位给了316/316L内胆和无尾真空三层隔热，比同价位的塑料瓶保温强太多，也比¥179的小米和¥229的象印便宜不少。500ml左右的容量对我够用，316钢耐用又安全，性价比最平衡。
survey_water-bottle-choice__qnQMnSV,persona/datasets/matraix-persona-1m/cohorts/cohort-b9851ff4d44d/persona_synthetic-933734c34d38.yaml,1.0,fuguang_316,富光 316 保温杯,39.9,5,price,4,85+,Cost-sensitive,East Asia,Lower-middle,Woman,Retirement,<$25k,Retired,"I'm on a fixed pension and don't need anything fancy — a ¥39.9 316 steel bottle with a reliable seal does the job. Cheap, durable, and if I lose it I won't cry."
survey_water-bottle-choice__qsYq7h4,persona/datasets/matraix-persona-1m/cohorts/cohort-b9851ff4d44d/persona_synthetic-bd9f1d8f7c52.yaml,1.0,fuguang_316,富光 316 保温杯,39.9,5,price,4,45-54,Cost-sensitive,Sub-Saharan Africa,Lower-middle,Woman,Mid-life,<$25k,Homemaker,"I'm a homemaker on a tight budget with three kids, so the ¥39.9 Fuguang is the only one that fits what I can actually spend. It's insulated 316 stainless steel with a reliable seal, which covers the basics I need for daily use without paying for viral branding or a huge tumbler I don't need."
survey_water-bottle-choice__qxRZDrh,persona/datasets/matraix-persona-1m/cohorts/cohort-b9851ff4d44d/persona_synthetic-52f3a7f3286a.yaml,1.0,beijixiong_316,杯具熊 316 保温杯,129.0,4,price,4,45-54,Cost-sensitive,East Asia,Low income,Man,Mid-life,<$25k,Full-time,我买东西最看重划算不划算，这个129块给到316/316L内胆加无尾真空，三层隔热，比那些一百七八甚至三百多的牌子实在多了。500毫升那个太便宜的我怕保温不行，Stanley那种又大又贵纯属交智商税，这个容量和价钱对我来说刚好。
survey_water-bottle-choice__r45H6sR,persona/datasets/matraix-persona-1m/cohorts/cohort-b9851ff4d44d/persona_synthetic-4b09ee1fd27a.yaml,1.0,beijixiong_316,杯具熊 316 保温杯,129.0,4,insulation,4,65-74,Cost-sensitive,Sub-Saharan Africa,Low income,Man,Retirement,$50k-100k,Retired,"I want a stainless steel insulated bottle that keeps my tea hot through a long morning, and the Beijixiong 316 gives me the best insulation and material quality for the ¥100 tier without paying for a viral brand name. The 600 ml size suits my daily routine, and at ¥129 it stays within a sensible budget."
survey_water-bottle-choice__rAdikju,persona/datasets/matraix-persona-1m/cohorts/cohort-b9851ff4d44d/persona_synthetic-5e283058a7dd.yaml,1.0,beijixiong_316,杯具熊 316 保温杯,129.0,4,price,4,65-74,Cost-sensitive,Latin America,Low income,Woman,Retirement,<$25k,Homemaker,"Como jubilada con ingresos bajos y sin seguro médico, cuido mucho cada gasto, y este modelo me da el mejor equilibrio: acero inoxidable 316/316L con triple bloqueo de calor por ¥129. Prefiero pagar un poco más que el Fuguang barato para asegurar buena retención de temperatura y durabilidad diaria. El Zojirushi y el Stanley me parecen demasiado caros para lo que realmente necesito."
survey_water-bottle-choice__rEk66rz,persona/datasets/matraix-persona-1m/cohorts/cohort-b9851ff4d44d/persona_synthetic-be38bf9ffe62.yaml,1.0,beijixiong_316,杯具熊 316 保温杯,129.0,4,insulation,4,75-84,Cost-sensitive,South Asia,Middle,Man,Retirement,$25k-50k,Retired,"I want insulated stainless steel for daily use, and 316/316L liner at ¥129 is the most sensible value tier. The ¥39.9 bottle is too basic and the ¥179-319 options cost more than I'd spend for a bottle I'll carry every day."
survey_water-bottle-choice__rEy3TYf,persona/datasets/matraix-persona-1m/cohorts/cohort-b9851ff4d44d/persona_synthetic-577288221f7c.yaml,1.0,beijixiong_316,杯具熊 316 保温杯,129.0,5,insulation,4,18-24,Value-driven,South Asia,Middle,Woman,Career change,<$25k,Self-employed,"मैं रोज़ पानी ठंडा रखने वाली बोतल चाहती हूँ, इसलिए इंसुलेशन ज़रूरी है, और 316/316L स्टील वाली बोतल ¥129 में बजट और गुणवत्ता का अच्छा संतुलन देती है। नालगीन प्लास्टिक और बिना इंसुलेशन वाली है, ज़ोजिरूशी और स्टेनली मेरे बजट से बाहर हैं, और फुगुआंग बहुत बेसिक लगती है। मिजिया भी ठीक है पर बीजिक्सिओंग उसी श्रेणी में ज़्यादा क्षमता और बेहतर इंसुलेशन देती है।"
survey_water-bottle-choice__rLM24EH,persona/datasets/matraix-persona-1m/cohorts/cohort-b9851ff4d44d/persona_synthetic-977daffb175c.yaml,1.0,fuguang_316,富光 316 保温杯,39.9,4,price,5,65-74,Cost-sensitive,Latin America,Low income,Woman,Retirement,$25k-50k,Homemaker,"Sou aposentada, com renda baixa e sem plano de saúde, então preciso do mais barato que funcione. O Fuguang de ¥39.9 é aço inox 316, com isolamento a vácuo e vedação confiável — atende o uso diário sem gastar. Não pago ¥100 ou ¥300 por marca ou design."
survey_water-bottle-choice__rNfNRT9,persona/datasets/matraix-persona-1m/cohorts/cohort-b9851ff4d44d/persona_synthetic-1b67a98a5969.yaml,1.0,fuguang_316,富光 316 保温杯,39.9,5,price,4,55-64,Cost-sensitive,East Asia,Lower-middle,Man,Mid-life,$25k-50k,Homemaker,我预算紧，家里就两个人，日常喝水500毫升够用，316不锈钢的保温瓶才39.9元，密封可靠又耐用，便宜坏了也不心疼。日系和Stanley那些太贵，Nalgene那个又不保温，所以这个最实在。
survey_water-bottle-choice__rSUAzMn,persona/datasets/matraix-persona-1m/cohorts/cohort-b9851ff4d44d/persona_synthetic-ab982e443bd4.yaml,1.0,beijixiong_316,杯具熊 316 保温杯,129.0,4,insulation,4,75-84,Cost-sensitive,South Asia,Low income,Woman,Retirement,$25k-50k,Retired,"I want an insulated bottle I can actually afford, and the ¥129 Beijixiong gives me 316/316L steel and triple heat blocking without the premium price tag. The 600 ml size is plenty for a day out, and the tail-less vacuum design sounds easier to keep clean. Fuguang is cheaper but I'd rather spend a little more for the better liner."
survey_water-bottle-choice__rTbZ4rJ,persona/datasets/matraix-persona-1m/cohorts/cohort-b9851ff4d44d/persona_synthetic-d0dfab30f186.yaml,1.0,beijixiong_316,杯具熊 316 保温杯,129.0,4,insulation,4,45-54,Value-driven,South Asia,Middle,Woman,Mid-life,$50k-100k,Homemaker,我每天都要用，最看重的是保温效果和耐用度，而预算有限，所以中端价位最合适。Beijixiong 316 在 ¥100 档位里用料最好，316/316L 内胆加无尾真空和三重隔热，600 ml 容量也刚好够我一天喝。相比之下 ¥39.9 的太基础、塑料瓶不保温、而 Zojirushi 和 Stanley 的价格对我这个阶段来说没必要。
survey_water-bottle-choice__rWZJrqn,persona/datasets/matraix-persona-1m/cohorts/cohort-b9851ff4d44d/persona_synthetic-2daa2d65ddc2.yaml,1.0,zojirushi_sm_sz,象印 SM-SZ,229.0,4,insulation,4,45-54,Cost-sensitive,East Asia,Lower-middle,Woman,Mid-life,$100k-200k,Full-time,"I want a bottle I can trust for the long haul, and Zojirushi's insulation and non-stick interior are worth the extra cost for daily use. The 480 ml size is right for commuting and fits my bag without being heavy. I'd rather pay once for something reliable than replace a cheap bottle every year."
survey_water-bottle-choice__rbDZKAz,persona/datasets/matraix-persona-1m/cohorts/cohort-b9851ff4d44d/persona_synthetic-2f1892dd8189.yaml,1.0,beijixiong_316,杯具熊 316 保温杯,129.0,4,price,4,18-24,Value-driven,Latin America,Lower-middle,Woman,Early career,<$25k,Full-time,"Quero isolamento térmico de verdade, mas não vou pagar preço de importado premium. O Beijixiong entrega liner 316/316L, vedação e isolamento triplo por ¥129, o melhor equilíbrio entre custo e desempenho. O Stanley é grande demais e caro, e o Nalgene não isola, então não serve pro meu uso diário."
survey_water-bottle-choice__rbpWFqy,persona/datasets/matraix-persona-1m/cohorts/cohort-b9851ff4d44d/persona_synthetic-4bf4628face2.yaml,1.0,beijixiong_316,杯具熊 316 保温杯,129.0,4,price,4,18-24,Cost-sensitive,South Asia,Middle,Man,Student,<$25k,Student,"I want proper vacuum insulation for daily commutes and cold mornings, and 316/316L steel with a tail-less vacuum is the most bottle I can justify at the ¥100 tier. The 600 ml size covers a full shift without being bulky, and at ¥129 it's cheaper than the Mijia and Zojirushi while beating the Fuguang on build quality. I'm cost-sensitive and skeptical of paying for a viral brand name, so this is the pragmatic middle."
survey_water-bottle-choice__rgQdygD,persona/datasets/matraix-persona-1m/cohorts/cohort-b9851ff4d44d/persona_synthetic-0017e258a586.yaml,1.0,beijixiong_316,杯具熊 316 保温杯,129.0,4,price,4,55-64,Value-driven,Sub-Saharan Africa,Lower-middle,Woman,Career change,$100k-200k,Full-time,"Ninahitaji chupa ya kudumu kwa matumizi ya kila siku, na hii inatoa chuma cha 316/316L na insulation ya hali ya juu kwa bei ya kati ya ¥129. Bei ni nafuu kuliko Mijia na Zojirushi, lakini ubora ni wa kiwango cha juu. Nalgene haina insulation, na Stanley ni kubwa mno na ghali kupita kiasi."
survey_water-bottle-choice__rhuLuGV,persona/datasets/matraix-persona-1m/cohorts/cohort-b9851ff4d44d/persona_synthetic-c1f5bbd017fd.yaml,1.0,beijixiong_316,杯具熊 316 保温杯,129.0,4,insulation,4,45-54,Cost-sensitive,South Asia,Low income,Woman,Mid-life,$50k-100k,Part-time,"I want an insulated bottle that keeps tea hot through a long office day, and 316/316L steel with triple heat blocking at ¥129 is the best value on this shelf. The 600 ml size suits me better than 500 ml, and I'm not paying premium prices for a brand name or a viral tumbler I don't need."
survey_water-bottle-choice__riccduR,persona/datasets/matraix-persona-1m/cohorts/cohort-b9851ff4d44d/persona_synthetic-9cadb56070f0.yaml,1.0,beijixiong_316,杯具熊 316 保温杯,129.0,4,price,3,25-34,Cost-sensitive,South Asia,Low income,Man,Early career,<$25k,Unemployed,"Money's tight right now, so ¥129 is about the most I can justify, and 316/316L liner with triple heat blocking sounds like the best insulation I'll get at that tier. The Fuguang is cheaper but the Beijixiong reads like a real step up for only a bit more."
survey_water-bottle-choice__rmHCsjg,persona/datasets/matraix-persona-1m/cohorts/cohort-b9851ff4d44d/persona_synthetic-42e3373af256.yaml,1.0,beijixiong_316,杯具熊 316 保温杯,129.0,4,insulation,4,45-54,Cost-sensitive,Sub-Saharan Africa,Low income,Man,Empty nester,$100k-200k,Homemaker,"I want insulation for daily tea and coffee, and I refuse to pay premium prices for a brand name. The Beijixiong gives me a 316/316L liner, triple heat blocking, and a reliable seal at ¥129 — the cheapest bottle here that actually does the job properly. The ¥39.9 one is tempting but I don't trust a basic budget bottle to hold temperature all day."
survey_water-bottle-choice__rmKT2Mt,persona/datasets/matraix-persona-1m/cohorts/cohort-b9851ff4d44d/persona_wiki-b064509e1f90.yaml,1.0,beijixiong_316,杯具熊 316 保温杯,129.0,5,price,4,35-44,Value-driven,South Asia,Upper-middle,Man,Mid-life,,Full-time,"Soy de uso diario intenso y entreno a diario, así que necesito aislamiento térmico real y un cierre fiable, no solo diseño. El Beijixiong 316 ofrece liner 316/316L, vacío sin cola y triple bloqueo térmico por ¥129, lo que lo convierte en el mejor equilibrio entre rendimiento y precio frente al Zojirushi (más caro) y al Fuguang (demasiado básico)."
survey_water-bottle-choice__rrXyZ42,persona/datasets/matraix-persona-1m/cohorts/cohort-b9851ff4d44d/persona_synthetic-a5702367db5b.yaml,1.0,beijixiong_316,杯具熊 316 保温杯,129.0,4,insulation,4,65-74,Indifferent,East Asia,Lower-middle,Woman,Retirement,$25k-50k,Full-time,"I want insulation and a reliable seal, and 316/316L steel at ¥129 is honest value. The 600 ml size suits my day without being bulky, and I don't pay extra for a viral brand name."
survey_water-bottle-choice__s4gN3LM,persona/datasets/matraix-persona-1m/cohorts/cohort-b9851ff4d44d/persona_synthetic-f98d352192ce.yaml,1.0,beijixiong_316,杯具熊 316 保温杯,129.0,4,insulation,4,35-44,Indifferent,South Asia,Lower-middle,Man,Mid-life,$200k+,Self-employed,"I want real insulation for daily use but I'm frugal and mostly pay cash, so ¥129 is my ceiling for something I'll carry every day. The Beijixiong gives me a 316/316L liner and triple heat blocking at the ¥100 tier — the Mijia and Zojirushi cost more for basically the same job, and the Stanley's 1180 ml is far too big and pricey for one person on public transit. The Fuguang is cheap but 500 ml with only basic insulation would have me refilling constantly."
survey_water-bottle-choice__s7uWYvo,persona/datasets/matraix-persona-1m/cohorts/cohort-b9851ff4d44d/persona_wiki-0acaa3f6cab4.yaml,1.0,zojirushi_sm_sz,象印 SM-SZ,229.0,4,insulation,4,35-44,Value-driven,East Asia,High income,Man,Early career,$200k+,Full-time,"일상용으로 매일 쓰는 물병이라 위생과 온도 유지가 가장 중요합니다. 조지루시는 논스틱 내부 코팅으로 세척이 쉽고 보온 성능이 최상위이며, 480ml는 들고 다니기 부담 없는 초경량이라 프리미엄 가격을 지불할 가치가 충분합니다."
survey_water-bottle-choice__sEoBmLv,persona/datasets/matraix-persona-1m/cohorts/cohort-b9851ff4d44d/persona_synthetic-3d1fba2a5b35.yaml,1.0,beijixiong_316,杯具熊 316 保温杯,129.0,5,price,4,18-24,Cost-sensitive,East Asia,Middle,Woman,Student,$50k-100k,Part-time,我平时出门时间长、又爱喝热的，600ml 的容量刚好够用，316/316L 内胆加三重隔热的配置在这个价位很实在。¥129 买一套顶配保温结构，比花 ¥229 上象印或 ¥319 上 Stanley 更符合我的成本敏感习惯。
survey_water-bottle-choice__sGvyGAk,persona/datasets/matraix-persona-1m/cohorts/cohort-b9851ff4d44d/persona_synthetic-9030248aec78.yaml,1.0,beijixiong_316,杯具熊 316 保温杯,129.0,4,price,4,18-24,Value-driven,Sub-Saharan Africa,Upper-middle,Woman,Student,$25k-50k,Part-time,"Ninahitaji kitu cha kutegemewa kila siku, na hii inatoa 316/316L na insulation ya hali ya juu kwa ¥129 tu — bei inayolingana na bajeti yangu ya uangalifu. Fuguang ni rahisi lakini uwezo wake wa joto haunivutii, na Stanley ni ghali mno kwa mahitaji yangu ya kawaida. Beijixiong inaonekana kama thamani bora katikati."
survey_water-bottle-choice__sH6gLgj,persona/datasets/matraix-persona-1m/cohorts/cohort-b9851ff4d44d/persona_synthetic-1d3e0c29da0e.yaml,1.0,beijixiong_316,杯具熊 316 保温杯,129.0,4,price,4,18-24,Cost-sensitive,Sub-Saharan Africa,Low income,Man,Student,<$25k,Full-time,"I want insulated performance without overpaying, and the Beijixiong 316 gives me a 316/316L liner and triple heat blocking at ¥129, which sits comfortably in my budget. The 600 ml capacity is enough for a full workday and the mid-tier price feels like the best real value on this shelf. I'm skeptical of paying ¥179–¥319 just for brand or viral hype."
survey_water-bottle-choice__sLDkm5H,persona/datasets/matraix-persona-1m/cohorts/cohort-b9851ff4d44d/persona_synthetic-dfef4f5bba58.yaml,1.0,beijixiong_316,杯具熊 316 保温杯,129.0,4,insulation,4,45-54,Value-driven,East Asia,Lower-middle,Man,Mid-life,$100k-200k,Unemployed,我每天都要喝温水，保温是刚需，所以我只考虑保温瓶。北極熊这款316/316L内胆加无尾真空，在百元价位里配置最实在，比39.9元的基础款更耐用，又比小米、象印、Stanley便宜不少。600毫升容量够我一天用，价格也在我的预算内，所以选它。
survey_water-bottle-choice__sLfVrg5,persona/datasets/matraix-persona-1m/cohorts/cohort-b9851ff4d44d/persona_synthetic-587c82bb8575.yaml,1.0,beijixiong_316,杯具熊 316 保温杯,129.0,4,price,4,65-74,Cost-sensitive,East Asia,Middle,Woman,Empty nester,$25k-50k,Retired,我退休了，收入固定，花钱要精打细算，但保温杯是天天用的东西，太便宜的不放心。北極熊这款在百元档里用料最实在：316/316L内胆、无尾真空、三层隔热，600毫升也够我一天喝。价格129元我能接受，比小米和象印便宜不少，保温效果又不打折扣。
survey_water-bottle-choice__sSFvXkd,persona/datasets/matraix-persona-1m/cohorts/cohort-b9851ff4d44d/persona_synthetic-9f4fe57bcd66.yaml,1.0,beijixiong_316,杯具熊 316 保温杯,129.0,4,insulation,4,25-34,Cost-sensitive,Sub-Saharan Africa,Middle,Man,Early career,<$25k,Full-time,I need insulation for daily use and the 316/316L liner with triple heat blocking at ¥129 is the best value for a real stainless bottle. The budget Fuguang is tempting but the mid-tier upgrade is worth it for durability.
survey_water-bottle-choice__sWEUqLZ,persona/datasets/matraix-persona-1m/cohorts/cohort-b9851ff4d44d/persona_synthetic-5feb7e61323a.yaml,1.0,beijixiong_316,杯具熊 316 保温杯,129.0,4,insulation,3,35-44,Cost-sensitive,MENA,Lower-middle,Man,Parent of young kids,<$25k,Full-time,"I want an insulated bottle for daily use and 316 stainless steel is what I look for in anything I drink from, so the budget Fuguang feels too basic and the Mijia and Zojirushi cost nearly double for the same job. The Beijixiong sits at the ¥100 tier with 316/316L liner and solid vacuum insulation, which matches my cost-sensitive but quality-first thinking. I don't need a 1.2L viral tumbler or a plastic bottle that won't hold heat."
survey_water-bottle-choice__sYBgy4T,persona/datasets/matraix-persona-1m/cohorts/cohort-b9851ff4d44d/persona_synthetic-7301d6368c3c.yaml,1.0,beijixiong_316,杯具熊 316 保温杯,129.0,4,insulation,4,45-54,Cost-sensitive,South Asia,Middle,Man,Career change,$25k-50k,Homemaker,"I want a steel insulated bottle that keeps tea hot through long shift days, and the Beijixiong gives me a 316/316L liner and triple heat blocking for ¥129 — well under the ¥179 Mijia and ¥229 Zojirushi. The 600 ml size fits my bag and daily use, and the Fuguang at ¥39.9 is too basic for the insulation I actually need. Paying ¥319 for a viral tumbler or ¥119 for a non-insulated plastic bottle makes no sense for me."
survey_water-bottle-choice__scV6eWU,persona/datasets/matraix-persona-1m/cohorts/cohort-b9851ff4d44d/persona_synthetic-15322a22f052.yaml,1.0,fuguang_316,富光 316 保温杯,39.9,5,price,4,45-54,Cost-sensitive,South Asia,Low income,Woman,Mid-life,<$25k,Self-employed,"मेरा बजट बहुत सीमित है और मैं अकेले रहती हूँ, इसलिए सस्ता और टिकाऊ बोतल चाहिए। 316 स्टील होने से पानी सुरक्षित रहेगा और सील भी भरोसेमंद है।"
survey_water-bottle-choice__sfAaFPP,persona/datasets/matraix-persona-1m/cohorts/cohort-b9851ff4d44d/persona_synthetic-5939711a46fd.yaml,1.0,fuguang_316,富光 316 保温杯,39.9,3,insulation,3,18-24,Value-driven,Sub-Saharan Africa,Middle,Woman,Early career,$200k+,Full-time,"No persona-specific answer was produced, so a neutral answer was used."
survey_water-bottle-choice__sfZ56uQ,persona/datasets/matraix-persona-1m/cohorts/cohort-b9851ff4d44d/persona_synthetic-ee9640585e8a.yaml,1.0,beijixiong_316,杯具熊 316 保温杯,129.0,4,price,4,55-64,Cost-sensitive,East Asia,Lower-middle,Woman,Retirement,<$25k,Retired,我退休在家，预算有限，但每天都要用，不想买最便宜的凑合。北極熊这款129元，316/316L内胆加无尾真空和三重保温，是这个价位里最实在的选择，容量600毫升也刚好够我一天用。
survey_water-bottle-choice__sgCW96u,persona/datasets/matraix-persona-1m/cohorts/cohort-b9851ff4d44d/persona_wiki-7b635a6157f8.yaml,1.0,beijixiong_316,杯具熊 316 保温杯,129.0,5,insulation,4,55-64,Value-driven,South Asia,Upper-middle,Man,Mid-life,null,Full-time,"At the ¥100–130 tier it gives genuine 316/316L steel with proper vacuum insulation, which is what I actually care about for daily hot and cold drinks. The budget Fuguang is tempting but I'd rather pay a little more for a better liner, and I have no use for a plastic non-insulated bottle or a ¥319 lifestyle tumbler."
survey_water-bottle-choice__sgvoyDv,persona/datasets/matraix-persona-1m/cohorts/cohort-b9851ff4d44d/persona_synthetic-1f776e151de2.yaml,1.0,beijixiong_316,杯具熊 316 保温杯,129.0,4,insulation,4,75-84,Value-driven,Sub-Saharan Africa,Lower-middle,Woman,Retirement,<$25k,Unemployed,"BeiJiXiong 316 Insulated Bottle (¥129) — best value mid tier. Ninahitaji chupa ya kila siku yenye insulation nzuri na bei ya wastani; hii inatoa 316/316L stainless steel na triple heat blocking kwa ¥129 tu, ambayo ni thamani bora kuliko Mijia au Zojirushi. Pia ni rahisi kusafisha na kudumu."
survey_water-bottle-choice__sjKWZSd,persona/datasets/matraix-persona-1m/cohorts/cohort-b9851ff4d44d/persona_synthetic-c12fe5cc660c.yaml,1.0,beijixiong_316,杯具熊 316 保温杯,129.0,4,insulation,4,45-54,Value-driven,Latin America,Middle,Man,Empty nester,<$25k,Full-time,"Vengo de trabajar en planta, así que sé cuándo algo está bien hecho y cuándo te están vendiendo humo. Este tiene acero 316/316L de verdad, vacío sin cola y triple bloqueo de calor por ¥129, que es lo que puedo pagar sin apretarme. El Stanley y el Zojirushi se ven bonitos pero pago marca y moda, no función, y el Nalgene sin aislamiento no me sirve para el café de la madrugada."
survey_water-bottle-choice__sn5kH7d,persona/datasets/matraix-persona-1m/cohorts/cohort-b9851ff4d44d/persona_synthetic-cec2119f1539.yaml,1.0,beijixiong_316,杯具熊 316 保温杯,129.0,4,insulation,4,18-24,Value-driven,Sub-Saharan Africa,Middle,Woman,Student,$100k-200k,Student,"I want real insulation for daily use, and at ¥129 the Beijixiong gives me a 316/316L liner, tail-less vacuum and triple heat blocking — the best specs at the ¥100 tier. The cheaper Fuguang is tempting but I'd rather pay a bit more for capacity (600 ml) and build quality, and the Zojirushi/Stanley prices are more than I want to spend."
survey_water-bottle-choice__soAamyx,persona/datasets/matraix-persona-1m/cohorts/cohort-b9851ff4d44d/persona_synthetic-6fb549702344.yaml,1.0,beijixiong_316,杯具熊 316 保温杯,129.0,4,price,3,18-24,Cost-sensitive,South Asia,Low income,Woman,Student,$50k-100k,Self-employed,"सबसे अच्छा value मिड टियर लगता है — 316/316L liner और triple heat blocking ¥129 में, जो मेरे budget में fit है। मुझे insulation और साफ़ design चाहिए, और यह दोनों देता है।"
survey_water-bottle-choice__soM5Lvd,persona/datasets/matraix-persona-1m/cohorts/cohort-b9851ff4d44d/persona_synthetic-f36dba31fd36.yaml,1.0,beijixiong_316,杯具熊 316 保温杯,129.0,4,insulation,4,55-64,Cost-sensitive,MENA,Middle,Woman,Empty nester,<$25k,Retired,"Je recherche une bouteille isotherme fiable pour un usage quotidien, et le modèle Beijixiong offre une double paroi 316/316L à un prix raisonnable de 129 yuans. Le Fuguang est trop basique et le Zojirushi ou le Stanley sont trop chers pour mes besoins simples."
survey_water-bottle-choice__spcARjx,persona/datasets/matraix-persona-1m/cohorts/cohort-b9851ff4d44d/persona_synthetic-8b0aa74883d1.yaml,1.0,fuguang_316,富光 316 保温杯,39.9,3,insulation,3,18-24,Cost-sensitive,South Asia,Low income,Woman,Career change,$100k-200k,Full-time,"No persona-specific answer was produced, so a neutral answer was used."
survey_water-bottle-choice__sqr6UoS,persona/datasets/matraix-persona-1m/cohorts/cohort-b9851ff4d44d/persona_synthetic-74ffd438af62.yaml,1.0,beijixiong_316,杯具熊 316 保温杯,129.0,4,price,4,25-34,Cost-sensitive,East Asia,Low income,Woman,Early career,<$25k,Homemaker,我选择北极熊316保温瓶，因为它在百元价位提供了316/316L内胆、无尾真空和三重隔热，性价比最高。我预算有限，但每天都要用，希望保温可靠、密封耐用，600毫升容量也够日常使用。相比之下，低价的基础款保温效果一般，高价品牌溢价太多，塑料瓶又不保温。
survey_water-bottle-choice__sxfWsyq,persona/datasets/matraix-persona-1m/cohorts/cohort-b9851ff4d44d/persona_synthetic-c50c91fbb872.yaml,1.0,beijixiong_316,杯具熊 316 保温杯,129.0,4,insulation,4,55-64,Cost-sensitive,South Asia,Low income,Woman,Retirement,$25k-50k,Retired,"मैं रोज़ पानी पीने के लिए एक भरोसेमंद, गर्म-ठंडा बनाए रखने वाली बोतल चाहती हूँ, और बीजिक्सिओंग में 316/316L लाइनर तथा ट्रिपल हीट ब्लॉकिंग मिलती है जो ज़ोजिरुशी जैसी महँगी बोतलों के बहुत करीब है। कीमत ¥129 मेरी सीमित पेंशन आय के हिसाब से वाजिब है, और 600 ml रोज़ के इस्तेमाल के लिए ठीक है। सस्ती फ़ुगुआंग से बेहतर गुणवत्ता मिलती है बिना ज़्यादा पैसे खर्च किए।"
survey_water-bottle-choice__szPNrgx,persona/datasets/matraix-persona-1m/cohorts/cohort-b9851ff4d44d/persona_synthetic-f468297cb537.yaml,1.0,fuguang_316,富光 316 保温杯,39.9,3,insulation,3,65-74,Cost-sensitive,MENA,Low income,Man,Retirement,<$25k,Retired,"No persona-specific answer was produced, so a neutral answer was used."
survey_water-bottle-choice__t58cEiP,persona/datasets/matraix-persona-1m/cohorts/cohort-b9851ff4d44d/persona_synthetic-ca6e9976328f.yaml,1.0,fuguang_316,富光 316 保温杯,39.9,5,price,4,18-24,Value-driven,Sub-Saharan Africa,Lower-middle,Man,Early career,<$25k,Full-time,"Money's tight right now and my spending has been going the wrong way, so ¥39.9 for a sealed, insulated 316 steel bottle is what I can actually justify. It's a basic national brand but it does the one job I need — keeps water cold and doesn't leak in my bag."
survey_water-bottle-choice__t5dEneF,persona/datasets/matraix-persona-1m/cohorts/cohort-b9851ff4d44d/persona_synthetic-3c70c278ef9c.yaml,1.0,fuguang_316,富光 316 保温杯,39.9,5,price,4,35-44,Value-driven,South Asia,Lower-middle,Prefer not to say,Mid-life,$50k-100k,Homemaker,"मैं रोज़ाना उपयोग के लिए सस्ता और भरोसेमंद बोतल चाहता हूँ, और 316 स्टील इंसुलेटेड बोतल ₹39.9 में मिल रही है जो बजट के हिसाब से सही है। घर में खर्चे ज़्यादा हैं इसलिए महंगे ब्रांड पर पैसा लगाना मेरे लिए ठीक नहीं।"
survey_water-bottle-choice__t7Wq7xY,persona/datasets/matraix-persona-1m/cohorts/cohort-b9851ff4d44d/persona_synthetic-ac1f406e684e.yaml,1.0,beijixiong_316,杯具熊 316 保温杯,129.0,5,insulation,4,55-64,Value-driven,East Asia,Upper-middle,Woman,Retirement,<$25k,Retired,我是做电气工程的，买东西先看用料，316/316L内胆加无尾真空、三重锁温，这个配置在百元档里最实在。500ml太小不够我一天喝，Zojirushi和Stanley又太贵，Nalgene不保温对我没用。所以选北極熊，性价比最稳。
survey_water-bottle-choice__t7rgAtA,persona/datasets/matraix-persona-1m/cohorts/cohort-b9851ff4d44d/persona_synthetic-f1f78e267874.yaml,1.0,fuguang_316,富光 316 保温杯,39.9,5,price,4,65-74,Cost-sensitive,South Asia,Lower-middle,Man,Retirement,$50k-100k,Homemaker,"I am cost-sensitive and frugal, and a ¥39.9 basic insulated bottle from a national brand covers my daily needs: vacuum insulation, reliable seal, and durability. I don't need large capacity or premium features, so paying three to eight times more for the other bottles offers me no real benefit."
survey_water-bottle-choice__t7vV79J,persona/datasets/matraix-persona-1m/cohorts/cohort-b9851ff4d44d/persona_wiki-ace98865d00c.yaml,1.0,beijixiong_316,杯具熊 316 保温杯,129.0,5,insulation,4,75-84,Value-driven,Southern Europe,High income,Man,Retirement,$100k-200k,Retired,"At the ¥100–130 tier it delivers the best combination of what I actually care about: a 316/316L stainless liner, proper vacuum insulation with triple heat blocking, and a reliable tail-less seal, at a price that reflects engineering rather than marketing. The 600 ml capacity suits a full day at the office or on the move, and I have no need for the viral Stanley bulk or the Zojirushi premium markup. It is the sensible, well-specified purchase."
survey_water-bottle-choice__tAjG7y5,persona/datasets/matraix-persona-1m/cohorts/cohort-b9851ff4d44d/persona_synthetic-3b1cf3440cce.yaml,1.0,beijixiong_316,杯具熊 316 保温杯,129.0,4,price,4,45-54,Cost-sensitive,South Asia,Lower-middle,Man,Career change,<$25k,Homemaker,"Main ek ghar pe rehne wala banda hoon, paisa kam hai, aur mujhe ek bottle chahiye jo saal bhar chale. Beijixiong 316/316L liner aur triple heat blocking ke saath ¥129 mein best value hai — Zojirushi aur Stanley sirf brand ka paisa maang rahe hain. 600 ml capacity mere daily use ke liye theek hai, na bahut bada na chhota."
survey_water-bottle-choice__tDH8qtg,persona/datasets/matraix-persona-1m/cohorts/cohort-b9851ff4d44d/persona_synthetic-c956d604c905.yaml,1.0,beijixiong_316,杯具熊 316 保温杯,129.0,4,price,4,18-24,Cost-sensitive,East Asia,Low income,Man,Student,$25k-50k,Part-time,保温性能とステンレス316の内装で、100元台としては最もバランスが取れていると判断した。500mlでは一日持ち歩くには足りないが、600mlなら実用範囲で、価格も129元と手頃だから。
survey_water-bottle-choice__tKvT6BR,persona/datasets/matraix-persona-1m/cohorts/cohort-b9851ff4d44d/persona_synthetic-50ca7e5e03b6.yaml,1.0,fuguang_316,富光 316 保温杯,39.9,5,price,4,55-64,Cost-sensitive,MENA,Low income,Woman,Retirement,<$25k,Full-time,أنا على ميزانية محدودة وما أحتاج مظاهر. زجاجة 500 مل ستانلس 316 بختم محكم وسعر رخيص تكفيني للاستعمال اليومي، ومو مشكلة عندي إنها بسيطة.
survey_water-bottle-choice__tPZAKGw,persona/datasets/matraix-persona-1m/cohorts/cohort-b9851ff4d44d/persona_synthetic-bc42af2559a6.yaml,1.0,beijixiong_316,杯具熊 316 保温杯,129.0,4,insulation,4,25-34,Cost-sensitive,South Asia,Upper-middle,Man,Parent of young kids,$25k-50k,Full-time,"I want a genuinely insulated bottle for daily use, and the Beijixiong 316 gives the best insulation specs at a price I can justify. The 600 ml size is practical, the 316/316L liner is the material I trust most for hot tea, and at ¥129 it stays well under what the premium brands ask."
survey_water-bottle-choice__tQPXmxz,persona/datasets/matraix-persona-1m/cohorts/cohort-b9851ff4d44d/persona_synthetic-3bb6d8696245.yaml,1.0,fuguang_316,富光 316 保温杯,39.9,5,price,4,35-44,Cost-sensitive,South Asia,Upper-middle,Woman,Career change,<$25k,Homemaker,"আমি সীমিত বাজেটে চলি এবং সংখ্যায় কম ব্যবহার করি, তাই সস্তা ও নির্ভরযোগ্য বোতলটিই আমার জন্য যথেষ্ট। ৫০০ মিলি ধারণক্ষমতা আমার দৈনিক প্রয়োজনের সঙ্গে মেলে, আর ৩১৬ স্টেইনলেস স্টিল ও ভালো সিল থাকায় এটি টেকসই হবে।"
survey_water-bottle-choice__tRY3rWW,persona/datasets/matraix-persona-1m/cohorts/cohort-b9851ff4d44d/persona_synthetic-0fc0371654c4.yaml,1.0,beijixiong_316,杯具熊 316 保温杯,129.0,4,insulation,4,45-54,Cost-sensitive,East Asia,Lower-middle,Man,Mid-life,<$25k,Homemaker,"Цена приемлемая, а 316/316L нержавейка и тройная термоизоляция — это то, что реально нужно для повседневного использования. 600 мл хватает на день, и за 129 юаней это лучшее соотношение цены и качества среди всех вариантов."
survey_water-bottle-choice__tSbeqEZ,persona/datasets/matraix-persona-1m/cohorts/cohort-b9851ff4d44d/persona_synthetic-49a80521f9dc.yaml,1.0,beijixiong_316,杯具熊 316 保温杯,129.0,4,insulation,4,55-64,Value-driven,East Asia,Low income,Man,Empty nester,$25k-50k,Part-time,我要的是每天用的保温瓶，316/316L内胆加无尾真空，这个价位里最扎实。129元不便宜但也不算贵，比日系便宜一半，比39.9的杂牌放心，容量600ml刚好。
survey_water-bottle-choice__tZexRUG,persona/datasets/matraix-persona-1m/cohorts/cohort-b9851ff4d44d/persona_synthetic-30d65d975f29.yaml,1.0,fuguang_316,富光 316 保温杯,39.9,5,price,4,65-74,Cost-sensitive,South Asia,Low income,Woman,Retirement,<$25k,Retired,"Money is tight and I'm a bargain hunter, so the ¥39.9 basic insulated bottle does the job without fuss. It seals well, keeps drinks warm, and I don't need recycled plastic or a viral tumbler. Cheap and reliable is all I want for daily use."
survey_water-bottle-choice__tkwLbYR,persona/datasets/matraix-persona-1m/cohorts/cohort-b9851ff4d44d/persona_synthetic-fb099930dc3f.yaml,1.0,beijixiong_316,杯具熊 316 保温杯,129.0,4,price,3,45-54,Value-driven,South Asia,Low income,Man,Career change,$200k+,Part-time,"I want an insulated bottle and the Beijixiong gives me a 316/316L liner and triple heat blocking at ¥129, which is the best value in the mid tier. The Fuguang is cheaper but only basic insulation, and I can't justify paying ¥229 or ¥319 when this does the job."
survey_water-bottle-choice__tn5EmoR,persona/datasets/matraix-persona-1m/cohorts/cohort-b9851ff4d44d/persona_wiki-f6db716d59ba.yaml,1.0,beijixiong_316,杯具熊 316 保温杯,129.0,4,insulation,3,85+,Indifferent,Eastern Europe,Middle,Woman,Mid-life,,Self-employed,"Я ищу надёжную бутылку на каждый день с хорошей термоизоляцией, и Beijixiong даёт лучшую комбинацию цены и качества: внутренний слой 316/316L и тройная блокировка тепла за ¥129. Fuguang дешевле, но проще, а Zojirushi и Stanley переплачены за бренд или объём, который мне не нужен. Средняя цена здесь оправдана долговечностью и удобством."
survey_water-bottle-choice__trP2GtD,persona/datasets/matraix-persona-1m/cohorts/cohort-b9851ff4d44d/persona_synthetic-b2a0ba61cb65.yaml,1.0,fuguang_316,富光 316 保温杯,39.9,5,price,4,45-54,Premium-seeking,Latin America,Low income,Woman,Mid-life,$25k-50k,Full-time,"Escolho a Fuguang 316 porque é barata, durável e tem isolamento a vácuo básico que já resolve meu dia a dia. Não vejo motivo para pagar ¥100 ou mais por recursos que não uso, como garrafa gigante ou marca viral. Preço baixo e função simples é o que combina comigo."
survey_water-bottle-choice__twV8Vri,persona/datasets/matraix-persona-1m/cohorts/cohort-b9851ff4d44d/persona_synthetic-955ce18670ba.yaml,1.0,beijixiong_316,杯具熊 316 保温杯,129.0,4,insulation,4,35-44,Premium-seeking,South Asia,Upper-middle,Man,Career change,<$25k,Homemaker,"मुझे रोज़ पानी गरम-ठंडा दोनों रखने की ज़रूरत है, और 316/316L लाइनर वाली ट्रिपल इंसुलेशन इस कीमत पर सबसे ठोस लगती है। 600 ml का साइज़ घर-बाहर दोनों के लिए ठीक है, और ¥129 मेरी जेब के हिसाब से वाजिब है।"
survey_water-bottle-choice__tyHsK8x,persona/datasets/matraix-persona-1m/cohorts/cohort-b9851ff4d44d/persona_synthetic-4c666429e05d.yaml,1.0,beijixiong_316,杯具熊 316 保温杯,129.0,4,insulation,4,35-44,Cost-sensitive,East Asia,Lower-middle,Woman,Career change,$50k-100k,Self-employed,我想要保温、耐用、别太贵，600ml 的容量刚好够我一天喝。Beijixiong 316 在百元档里内胆是 316/316L、真空保温好，价格 ¥129 我也能接受，比 Mijia 和 Zojirushi 便宜不少。Nalgene 不保温，Stanley 又太大太贵，所以这个最合适。
survey_water-bottle-choice__u44xTx6,persona/datasets/matraix-persona-1m/cohorts/cohort-b9851ff4d44d/persona_synthetic-6d474d3acb0e.yaml,1.0,beijixiong_316,杯具熊 316 保温杯,129.0,4,insulation,4,55-64,Value-driven,South Asia,Low income,Woman,Career change,$25k-50k,Full-time,"Budget matters to me and I want insulation for hot chai on cold mornings, so the ¥129 316/316L Beijixiong hits the sweet spot — better build than the ¥39.9 basic bottle without the premium markup. The 600 ml size fits my bag and the triple heat blocking suits my daily commute."
survey_water-bottle-choice__u5QLgAK,persona/datasets/matraix-persona-1m/cohorts/cohort-b9851ff4d44d/persona_synthetic-fad6b226da3d.yaml,1.0,beijixiong_316,杯具熊 316 保温杯,129.0,4,insulation,4,45-54,Cost-sensitive,Southeast Asia,Lower-middle,Man,Empty nester,$50k-100k,Self-employed,"I want a genuinely insulated bottle for daily use, and 316/316L stainless with triple heat blocking at ¥129 is the best value on this shelf. The 600 ml size suits my routine, and I would rather spend a bit more than the ¥39.9 basic bottle to get proper temperature retention without paying Zojirushi or Stanley prices."
survey_water-bottle-choice__u5ajDDb,persona/datasets/matraix-persona-1m/cohorts/cohort-b9851ff4d44d/persona_synthetic-7593de6a277d.yaml,1.0,fuguang_316,富光 316 保温杯,39.9,4,price,4,65-74,Cost-sensitive,Sub-Saharan Africa,Low income,Woman,Retirement,<$25k,Self-employed,"I am on a low income and I am cost-sensitive, so the ¥39.9 price is what I can actually afford for a daily bottle. It is insulated 316 stainless steel with a reliable seal, which covers everything I need without paying for brand names or features I will not use."
survey_water-bottle-choice__u7LAstt,persona/datasets/matraix-persona-1m/cohorts/cohort-b9851ff4d44d/persona_synthetic-277ae537f74a.yaml,1.0,fuguang_316,富光 316 保温杯,39.9,5,price,4,25-34,Value-driven,South Asia,Middle,Woman,Early career,<$25k,Unemployed,"Als Alleinverdienerin mit knappem Budget und ohne Auto zählt für mich vor allem ein zuverlässiger, auslaufsicherer Begleiter für den Alltag. Der Fuguang bietet genau das – solide 316er-Isolierung, dichte Verschlüsse, 500 ml – für nur ¥39.9, während die anderen Optionen entweder zu teuer, zu groß oder (beim Nalgene) nicht isoliert sind."
survey_water-bottle-choice__u7UMXSP,persona/datasets/matraix-persona-1m/cohorts/cohort-b9851ff4d44d/persona_wiki-3ef75878d55f.yaml,1.0,zojirushi_sm_sz,象印 SM-SZ,229.0,4,brand,4,45-54,Indifferent,MENA,Upper-middle,Man,Mid-life,$100k-200k,Full-time,"I place a premium on proven craftsmanship and brand trust, and Zojirushi is a Japanese premium name with top-tier insulation and an easy-to-clean non-stick interior. The 480 ml size suits my daily use, and at ¥229 the price is fair for the quality and longevity I expect from a bottle I will carry every day."
survey_water-bottle-choice__u8p7uo8,persona/datasets/matraix-persona-1m/cohorts/cohort-b9851ff4d44d/persona_synthetic-290365b35a67.yaml,1.0,fuguang_316,富光 316 保温杯,39.9,3,insulation,3,55-64,Cost-sensitive,Sub-Saharan Africa,Middle,Man,Retirement,$25k-50k,Retired,"No persona-specific answer was produced, so a neutral answer was used."
survey_water-bottle-choice__uA88NX3,persona/datasets/matraix-persona-1m/cohorts/cohort-b9851ff4d44d/persona_synthetic-23aeaec65ae8.yaml,1.0,fuguang_316,富光 316 保温杯,39.9,3,insulation,3,25-34,Cost-sensitive,Sub-Saharan Africa,Middle,Woman,Mid-life,<$25k,Homemaker,"No persona-specific answer was produced, so a neutral answer was used."
survey_water-bottle-choice__uAgnFhY,persona/datasets/matraix-persona-1m/cohorts/cohort-b9851ff4d44d/persona_synthetic-fc48789be029.yaml,1.0,beijixiong_316,杯具熊 316 保温杯,129.0,4,insulation,4,45-54,Cost-sensitive,East Asia,Middle,Man,Parent of young kids,$25k-50k,Homemaker,作为需要日常携带饮水的人，我最看重保温性能和性价比。北極熊316保温瓶129元，采用316/316L不锈钢内胆和无尾真空三层隔热，保温效果在百元价位中最好，价格也在合理范围内。国产品牌可靠耐用，符合我务实、注重成本效益的消费习惯。
survey_water-bottle-choice__uBeiYFG,persona/datasets/matraix-persona-1m/cohorts/cohort-b9851ff4d44d/persona_wiki-da6c68475d1d.yaml,1.0,zojirushi_sm_sz,象印 SM-SZ,229.0,4,insulation,4,65-74,Value-driven,North America,High income,Woman,Mid-life,$100k-200k,Self-employed,"I want a bottle that keeps my coffee and tea at temperature all day, and Zojirushi's insulation is the best on this shelf. The non-stick interior and light weight matter to me for daily carry, and at roughly ¥229 the premium is modest for something I'll use every single day."
survey_water-bottle-choice__uERaamp,persona/datasets/matraix-persona-1m/cohorts/cohort-b9851ff4d44d/persona_synthetic-efa26a9a44d1.yaml,1.0,beijixiong_316,杯具熊 316 保温杯,129.0,5,insulation,4,45-54,Cost-sensitive,East Asia,Middle,Man,Career change,$200k+,Homemaker,我不需要花哨的联名或超大容量，只要一个每天带出门、保温可靠、能用好几年的瓶子。北極熊在百元档给到316/316L内胆和无尾真空、三重隔热，参数上比同价位的浮光更实在，又不像小米和象印那样为品牌溢价多掏钱。600毫升对我一天的饮水节奏刚好，密封和耐用是我最看重的两点，这款都占。
survey_water-bottle-choice__uHQnZMJ,persona/datasets/matraix-persona-1m/cohorts/cohort-b9851ff4d44d/persona_synthetic-65e65ea04cf2.yaml,1.0,beijixiong_316,杯具熊 316 保温杯,129.0,4,price,4,65-74,Indifferent,Sub-Saharan Africa,Low income,Woman,Retirement,$100k-200k,Full-time,"Je veux une bouteille isolée pour le quotidien, et à ¥129 la Beijixiong offre le meilleur rapport qualité-prix du lot avec sa doublure 316/316L et sa triple isolation. La Fuguang est moins chère mais je préfère payer un peu plus pour une meilleure qualité, et les modèles Zojirushi ou Stanley sont trop chers pour mon budget serré."
survey_water-bottle-choice__uMNoYXj,persona/datasets/matraix-persona-1m/cohorts/cohort-b9851ff4d44d/persona_synthetic-a4834d87701c.yaml,1.0,beijixiong_316,杯具熊 316 保温杯,129.0,4,price,4,18-24,Cost-sensitive,East Asia,Lower-middle,Man,Student,<$25k,Part-time,我要的是每天真正会用、又不会心疼钱的那一只，所以保温和不锈钢内胆是硬指标。北極熊这只在百元档里给到316/316L内胆和无尾真空，比富光基础款更耐用，又比小米和象印便宜一大截。斯坦利太大又太贵，纳尔金不保温，都不适合我通勤带水。
survey_water-bottle-choice__uNgSzMN,persona/datasets/matraix-persona-1m/cohorts/cohort-b9851ff4d44d/persona_wiki-780bf6a9b892.yaml,1.0,beijixiong_316,杯具熊 316 保温杯,129.0,5,price,4,35-44,Indifferent,Eastern Europe,Low income,Woman,Mid-life,<$25k,Full-time,"Я обираю практичність і довговічність за розумну ціну: 316/316L нержавіюча сталь і потрійна термоізоляція — це саме те, що потрібно для щоденного використання. За ¥129 це найкраще співвідношення якості та вартості серед представлених варіантів, без переплати за бренд чи об'єм, який мені не потрібен."
survey_water-bottle-choice__uQ3U9vp,persona/datasets/matraix-persona-1m/cohorts/cohort-b9851ff4d44d/persona_wiki-136075cd0cd1.yaml,1.0,zojirushi_sm_sz,象印 SM-SZ,229.0,4,insulation,5,85+,Value-driven,East Asia,High income,Woman,Retirement,$200k+,Retired,私は毎日車で移動し、長時間の会合や講演にも携帯するため、保温性と軽さ、そして手入れのしやすさを最優先します。象印のSM-SZは日本製プレミアムとして断熱性能が最高水準で、超軽量かつ内面が焦げ付きにくい加工で洗いやすい点が決め手です。価格は高めですが、私の使用頻度と品質重視の価値観に照らせば十分に妥当です。
survey_water-bottle-choice__uYKpMQs,persona/datasets/matraix-persona-1m/cohorts/cohort-b9851ff4d44d/persona_synthetic-f4a1262b5a0e.yaml,1.0,beijixiong_316,杯具熊 316 保温杯,129.0,4,insulation,4,25-34,Value-driven,South Asia,Lower-middle,Woman,Mid-life,<$25k,Part-time,"mujhe roz paani peena hai aur garmi mein thanda rakhna hai, isliye insulation sabse zaroori hai. Beijixiong 316/316L liner aur triple heat blocking ¥129 mein milta hai jo budget ke andar hai, aur 600ml capacity mere ghar aur bahar dono ke liye theek hai. Zojirushi aur Stanley bahut mehnga hai, aur Nalgene insulated nahi hai."
survey_water-bottle-choice__ubXtTEC,persona/datasets/matraix-persona-1m/cohorts/cohort-b9851ff4d44d/persona_synthetic-780b454ff635.yaml,1.0,beijixiong_316,杯具熊 316 保温杯,129.0,4,insulation,4,75-84,Value-driven,Sub-Saharan Africa,Middle,Woman,Retirement,$25k-50k,Self-employed,"Cold drinks and hot tea both matter to me throughout a long day, and the Beijixiong gives me genuine 316/316L insulation at a price I can justify. I am not paying a premium for a viral tumbler or a Japanese import when this covers the essentials well at ¥129."
survey_water-bottle-choice__uhc2uFD,persona/datasets/matraix-persona-1m/cohorts/cohort-b9851ff4d44d/persona_synthetic-48c60e67b158.yaml,1.0,beijixiong_316,杯具熊 316 保温杯,129.0,4,insulation,4,18-24,Value-driven,South Asia,Lower-middle,Man,Student,$25k-50k,Part-time,"Preciso de uma garrafa térmica confiável para o dia a dia, e o preço de ¥129 parece razoável para o que oferece. O aço inox 316/316L com isolamento a vácuo sem cauda e tripla barreira térmica me dá a sensação de durabilidade e boa retenção de temperatura. As outras opções ou são plásticas e não isoladas, ou custam bem mais do que estou disposto a pagar por uma garrafa de uso diário."
survey_water-bottle-choice__ukQqGtP,persona/datasets/matraix-persona-1m/cohorts/cohort-b9851ff4d44d/persona_synthetic-7abf85d13084.yaml,1.0,beijixiong_316,杯具熊 316 保温杯,129.0,4,price,4,45-54,Cost-sensitive,Sub-Saharan Africa,Lower-middle,Man,Mid-life,$25k-50k,Homemaker,"Bei ya kati ya ¥129 inanipa 316/316L ya kweli na insulation ya tabaka tatu — thamani bora kwenye shelf nzima. Zojirushi ni bora lakini ¥229 ni ghali mno kwangu, na Stanley ni kubwa mno kwa matumizi ya kila siku."
survey_water-bottle-choice__ukqvito,persona/datasets/matraix-persona-1m/cohorts/cohort-b9851ff4d44d/persona_synthetic-ae0e5f9b5e07.yaml,1.0,beijixiong_316,杯具熊 316 保温杯,129.0,4,insulation,4,45-54,Indifferent,East Asia,Middle,Woman,Mid-life,$25k-50k,Full-time,我买水瓶最看重保温和耐用，预算又不想超过一百五，Beijixiong 这款正好卡在中间：600ml 够我一天喝，316/316L 内胆加无尾真空，参数上跟两百多的日本牌子差不了多少。¥129 这个价位我觉得最划算，买回来天天用也不心疼。
survey_water-bottle-choice__utjGRrK,persona/datasets/matraix-persona-1m/cohorts/cohort-b9851ff4d44d/persona_synthetic-36b91a681bb0.yaml,1.0,beijixiong_316,杯具熊 316 保温杯,129.0,4,insulation,4,55-64,Cost-sensitive,Latin America,Lower-middle,Woman,Empty nester,<$25k,Homemaker,"Como técnica y persona práctica que ha trabajado en construcción y agricultura, valoro la durabilidad y el rendimiento por encima del estatus. El Beijixiong 316 ofrece la mejor relación calidad-precio del estante: acero inoxidable 316/316L (más resistente a la corrosión que el 304), aislamiento al vacío sin cola y triple barrera térmica por solo ¥129. El Stanley y el Zojirushi son demasiado caros para lo que ofrecen, y el Nalgene no aísla, así que no me sirve para llevar té caliente durante mis turnos."
survey_water-bottle-choice__uuBYjNN,persona/datasets/matraix-persona-1m/cohorts/cohort-b9851ff4d44d/persona_synthetic-7974d620c50e.yaml,1.0,beijixiong_316,杯具熊 316 保温杯,129.0,4,insulation,4,55-64,Value-driven,Sub-Saharan Africa,Middle,Man,Mid-life,<$25k,Full-time,"I want a well-insulated bottle for daily commuting and long shifts, and the Beijixiong 316 offers the best insulation and 316 stainless steel at a price I can justify. The Fuguang is cheaper but too basic, and the premium Zojirushi and Stanley cost far more than I am willing to spend."
survey_water-bottle-choice__uzGmghi,persona/datasets/matraix-persona-1m/cohorts/cohort-b9851ff4d44d/persona_synthetic-b2806e7b5052.yaml,1.0,beijixiong_316,杯具熊 316 保温杯,129.0,4,price,4,65-74,Indifferent,Sub-Saharan Africa,Middle,Woman,Retirement,<$25k,Retired,"I want real insulation without paying premium prices, and this one gives me a 316 stainless inner liner with proper vacuum construction for ¥129. The budget Fuguang is tempting but I'd rather spend a little more for the better build, and the Zojirushi and Stanley prices are more than I care to pay for a daily bottle."
survey_water-bottle-choice__v5fEDA7,persona/datasets/matraix-persona-1m/cohorts/cohort-b9851ff4d44d/persona_synthetic-6c311e87cf65.yaml,1.0,beijixiong_316,杯具熊 316 保温杯,129.0,4,insulation,4,55-64,Value-driven,Latin America,Upper-middle,Woman,Empty nester,$100k-200k,Full-time,"Quero isolamento de verdade e aço 316, mas sem pagar preço de importado premium. O Beijixiong entrega 316/316L, 600 ml e tripla barreira térmica por ¥129, o melhor custo-benefício da prateleira. O Fuguang é barato demais pra confiar no dia a dia e os outros só sobem o preço sem ganho real pra mim."
survey_water-bottle-choice__v9Lb7dK,persona/datasets/matraix-persona-1m/cohorts/cohort-b9851ff4d44d/persona_synthetic-d1729e3ed599.yaml,1.0,beijixiong_316,杯具熊 316 保温杯,129.0,4,insulation,4,75-84,Cost-sensitive,South Asia,Middle,Woman,Retirement,<$25k,Retired,"I want proper vacuum insulation for daily use, and 316/316L steel at ¥129 is the sweet spot — cheaper than the Mijia and Zojirushi without giving up the material quality. The 600 ml size suits my day, and I would rather pay a little more than the ¥39.9 basic bottle to get a liner that lasts."
survey_water-bottle-choice__vAUNQAJ,persona/datasets/matraix-persona-1m/cohorts/cohort-b9851ff4d44d/persona_wiki-90e339ba2d98.yaml,1.0,zojirushi_sm_sz,象印 SM-SZ,229.0,4,insulation,4,45-54,Value-driven,Western Europe,Upper-middle,Man,Mid-life,null,Self-employed,"I use a bottle every day and value build quality over chasing the cheapest option, so the Zojirushi's top-tier insulation and non-stick, easy-clean interior justify the premium for me. At 480 ml it's a sensible daily size that fits a bag or cup holder, and the Japanese engineering reputation gives me confidence it'll last years rather than months."
survey_water-bottle-choice__vAzvDyC,persona/datasets/matraix-persona-1m/cohorts/cohort-b9851ff4d44d/persona_wiki-11e109ec8737.yaml,1.0,beijixiong_316,杯具熊 316 保温杯,129.0,5,insulation,5,55-64,Value-driven,MENA,High income,Woman,Mid-life,null,Full-time,"À ce niveau de prix, c'est le seul qui coche toutes mes exigences : double paroi 316/316L, isolation sous vide éprouvée et 600 ml — le format idéal pour une journée de travail. Je préfère investir dans un produit durable et bien conçu plutôt que dans un objet de mode ou un modèle trop petit pour un usage quotidien réel."
survey_water-bottle-choice__vNqjrbe,persona/datasets/matraix-persona-1m/cohorts/cohort-b9851ff4d44d/persona_synthetic-1b7714ffb41c.yaml,1.0,fuguang_316,富光 316 保温杯,39.9,5,price,4,55-64,Value-driven,East Asia,Low income,Man,Mid-life,$50k-100k,Homemaker,我手头紧，钱要花在刀刃上，这个 ¥39.9 的国产 316 不锈钢保温瓶刚好够用。500 毫升日常喝水够，密封可靠、耐用，坏了丢了也不心疼。那些上百块的瓶子对我来说是面子钱，不是实用钱。
survey_water-bottle-choice__vRWCyWo,persona/datasets/matraix-persona-1m/cohorts/cohort-b9851ff4d44d/persona_synthetic-e618ad19d25f.yaml,1.0,fuguang_316,富光 316 保温杯,39.9,5,price,4,75-84,Cost-sensitive,South Asia,Lower-middle,Woman,Retirement,$50k-100k,Retired,"I am on a fixed pension and money is tight, so the ¥39.9 price is what I can actually afford for a daily bottle. It is insulated 316 steel with a reliable seal, which covers everything I need for carrying water to the temple and my volunteering days — I do not need a fancy brand name."
survey_water-bottle-choice__vaLtssN,persona/datasets/matraix-persona-1m/cohorts/cohort-b9851ff4d44d/persona_synthetic-1766aa0b6f69.yaml,1.0,beijixiong_316,杯具熊 316 保温杯,129.0,4,insulation,4,45-54,Premium-seeking,Southeast Asia,High income,Woman,Career change,$50k-100k,Full-time,我平时喝水多，需要保温效果好又要耐用，Beijixiong 316 在这个价位给了 316/316L 内胆和三层隔热，性价比最实在。500ml 的 Fuguang 太便宜但容量小、保温一般，而 Zojirushi 和 Stanley 溢价太高，日常用不值。
survey_water-bottle-choice__veHNyUD,persona/datasets/matraix-persona-1m/cohorts/cohort-b9851ff4d44d/persona_synthetic-637c77ebb0c2.yaml,1.0,fuguang_316,富光 316 保温杯,39.9,5,price,5,18-24,Cost-sensitive,East Asia,Low income,Man,Student,<$25k,Unemployed,我是低收入的学生，靠按揭住房、还要准备迎接孩子，预算非常紧张，所以价格是首要考量。这款¥39.9的国产316不锈钢保温瓶容量500ml够日常用，真空保温、密封可靠又耐用，完全满足我每天喝水的需求，性价比最高。虽然我平时很在意设计和品牌，但在这个阶段花哨的卖点不值得多付三倍价钱。
survey_water-bottle-choice__vigD2zN,persona/datasets/matraix-persona-1m/cohorts/cohort-b9851ff4d44d/persona_wiki-caba8cb5e174.yaml,1.0,beijixiong_316,杯具熊 316 保温杯,129.0,5,price,4,65-74,Value-driven,Western Europe,Upper-middle,Woman,Mid-life,$100k-200k,Self-employed,"I want proper vacuum insulation for daily commuting and travel, and 316/316L steel with triple heat blocking at ¥129 is the sweet spot before prices start reflecting brand rather than function. The 600 ml capacity suits a full morning without being bulky, and I'd rather put the saved money toward a second bottle for the car."
survey_water-bottle-choice__vmc3fJQ,persona/datasets/matraix-persona-1m/cohorts/cohort-b9851ff4d44d/persona_wiki-caa860ccd3f7.yaml,1.0,zojirushi_sm_sz,象印 SM-SZ,229.0,4,insulation,4,35-44,Value-driven,MENA,Upper-middle,Woman,Mid-life,,Self-employed,"I commute between meetings, studios and cafés all day, so a bottle that keeps coffee and water at temperature for hours and stays genuinely light in my bag is worth paying for. Zojirushi's insulation and easy-clean non-stick interior have a reputation I trust, and at ¥229 it's a sensible premium rather than a gimmick. The Stanley is too bulky for my daily carry and the uninsulated Nalgene fails my core requirement."
survey_water-bottle-choice__vtv8QSC,persona/datasets/matraix-persona-1m/cohorts/cohort-b9851ff4d44d/persona_wiki-9f2c64a13493.yaml,1.0,zojirushi_sm_sz,象印 SM-SZ,229.0,4,insulation,4,65-74,Value-driven,North America,null,Man,Mid-life,null,Retired,"I've spent decades in media and theater, and I've learned that the tools you touch every single day should be the best you can reasonably afford. The Zojirushi's top-tier insulation and non-stick interior mean it will actually get used and cleaned daily for years, and at 480 ml it's the right size for a desk or a commute. The price is a fair trade for something this reliable."
survey_water-bottle-choice__vy6AZDZ,persona/datasets/matraix-persona-1m/cohorts/cohort-b9851ff4d44d/persona_synthetic-454aa63f1026.yaml,1.0,beijixiong_316,杯具熊 316 保温杯,129.0,4,price,4,65-74,Value-driven,Latin America,Middle,Man,Empty nester,<$25k,Unemployed,"Preciso de um produto durável e confiável para o dia a dia, e o Beijixiong 316 oferece isolamento térmico de alta qualidade com aço inoxidável 316/316L por um preço razoável. A capacidade de 600 ml é adequada para minha rotina, e a vedação a vácuo sem cauda garante que não vaze na mochila. Prefiro investir um pouco mais em algo que dure anos do que comprar barato e trocar em pouco tempo."
survey_water-bottle-choice__w4yhWkA,persona/datasets/matraix-persona-1m/cohorts/cohort-b9851ff4d44d/persona_synthetic-5bbf178c0c03.yaml,1.0,fuguang_316,富光 316 保温杯,39.9,5,price,5,45-54,Cost-sensitive,Sub-Saharan Africa,Low income,Man,Career change,$25k-50k,Full-time,"Bei bei yangu ninahitaji kitu cha bei nafuu na kinachofanya kazi. Chupa hii ya 500ml ya chuma cha 316 inatosha kwa matumizi ya kila siku, inahifadhi joto, na bei yake ya ¥39.9 inaingia kwenye bajeti yangu. Sioni sababu ya kulipa zaidi kwa chupa ya maji."
survey_water-bottle-choice__w7Wt255,persona/datasets/matraix-persona-1m/cohorts/cohort-b9851ff4d44d/persona_synthetic-4b3916f3e4ff.yaml,1.0,beijixiong_316,杯具熊 316 保温杯,129.0,4,price,4,55-64,Cost-sensitive,Sub-Saharan Africa,Low income,Woman,Mid-life,$25k-50k,Self-employed,"Sina pesa kidogo tu, lakini ninapata chupa ya 316/316L yenye insulation bora zaidi katika kiwango hiki cha bei. Kwa matumizi ya kila siku, uwezo wa 600 ml unanitosha vizuri kuliko zile ndogo za 500 ml. Bei ya ¥129 inaonekana sawa kabisa kwa ubora unaotolewa."
survey_water-bottle-choice__wCBzdie,persona/datasets/matraix-persona-1m/cohorts/cohort-b9851ff4d44d/persona_synthetic-54a1ce13903d.yaml,1.0,fuguang_316,富光 316 保温杯,39.9,5,price,4,35-44,Cost-sensitive,South Asia,Lower-middle,Woman,Early career,<$25k,Homemaker,"আমার সীমিত বাজেটে একটি নির্ভরযোগ্য, টেকসই ইনসুলেটেড বোতল দরকার, আর ৫০০ মিলি আকার আমার প্রতিদিনের ব্যবহারের জন্য যথেষ্ট। ৩১৬ স্টেইনলেস স্টিল এবং ভালো সিল থাকায় এটি কম দামেই মৌলিক প্রয়োজন মেটায়, তাই ব্যয়বহুল ব্র্যান্ডের বোতলে অতিরিক্ত টাকা খরচ করার দরকার দেখি না।"
survey_water-bottle-choice__wFEUDWg,persona/datasets/matraix-persona-1m/cohorts/cohort-b9851ff4d44d/persona_synthetic-8a51fc8a44d7.yaml,1.0,beijixiong_316,杯具熊 316 保温杯,129.0,4,insulation,4,18-24,Cost-sensitive,Sub-Saharan Africa,Lower-middle,Woman,Early career,$50k-100k,Part-time,"Je veux une gourde isolée pour boire chaud ou froid toute la journée, et le Beijixiong offre la meilleure isolation en inox 316 pour seulement ¥129. Le Fuguang est moins cher mais l'isolation basique me laisse sceptique, et tout ce qui dépasse ¥150 est du gaspillage pour un usage quotidien."
survey_water-bottle-choice__wGznPqP,persona/datasets/matraix-persona-1m/cohorts/cohort-b9851ff4d44d/persona_synthetic-7c3f57565c28.yaml,1.0,beijixiong_316,杯具熊 316 保温杯,129.0,4,insulation,4,35-44,Cost-sensitive,Southeast Asia,Low income,Man,Early career,<$25k,Full-time,"Ich will eine isolierte Flasche für den täglichen Gebrauch, und die 600 ml passen besser als die 500-ml-Modelle. Bei ¥129 bekomme ich 316/316L-Edelstahl und eine starke Isolierung, ohne den Aufpreis für Zojirushi oder Stanley zu zahlen. Die Marke kenne ich nicht, aber die Specs überzeugen mich mehr als der billigste Fuguang."
survey_water-bottle-choice__wHPpwWY,persona/datasets/matraix-persona-1m/cohorts/cohort-b9851ff4d44d/persona_synthetic-e8cb82e94019.yaml,1.0,beijixiong_316,杯具熊 316 保温杯,129.0,4,insulation,4,35-44,Value-driven,East Asia,Low income,Woman,Mid-life,$50k-100k,Homemaker,我每天用瓶子，容量和保温是硬指标，600ml 比 500ml 那几款更实用，316/316L 内胆加三重隔热在这个价位算是把钱花在刀刃上。¥129 对全职持家、预算要盯紧的我来说不算便宜但也不算肉疼，属于我肯掏的一次性投入。Fuguang 太基础，Zojirushi 和 Stanley 那俩纯属品牌溢价，我不买账。
survey_water-bottle-choice__wK3GSrS,persona/datasets/matraix-persona-1m/cohorts/cohort-b9851ff4d44d/persona_synthetic-82be90b6fa94.yaml,1.0,beijixiong_316,杯具熊 316 保温杯,129.0,4,insulation,4,35-44,Cost-sensitive,South Asia,Upper-middle,Man,Early career,<$25k,Full-time,"আমি প্রতিদিন অফিসে যাওয়া-আসা করি, তাই ভালো ইনসুলেশন আর টেকসই বিল্ড আমার জন্য জরুরি। ১২৯ ইউয়ানে 316/316L ইনারের সাথে ট্রিপল হিট ব্লকিং পাচ্ছি, যা জোজিরুশির প্রায় অর্ধেক দামে প্রায় একই কাজ দেবে। স্ট্যানলি বা মিজিয়ার ব্র্যান্ডের জন্য বাড়তি টাকা খরচ করার কোনো মানে দেখি না, কারণ আমার বাজেট সীমিত।"
survey_water-bottle-choice__wPcb7j7,persona/datasets/matraix-persona-1m/cohorts/cohort-b9851ff4d44d/persona_synthetic-9a6abece9d62.yaml,1.0,beijixiong_316,杯具熊 316 保温杯,129.0,4,price,4,55-64,Value-driven,Sub-Saharan Africa,Middle,Man,Retirement,$100k-200k,Self-employed,"Au tiers des 100 yuans, c'est le seul qui combine une vraie isolation sous vide, un intérieur 316/316L et une marque nationale fiable — le meilleur rapport qualité-prix pour un usage quotidien. Le Fuguang est trop basique et le Zojirushi trop cher pour ce que j'en fais. 600 ml me suffit largement pour la journée."
survey_water-bottle-choice__wShifZ3,persona/datasets/matraix-persona-1m/cohorts/cohort-b9851ff4d44d/persona_synthetic-5e864fae8e0b.yaml,1.0,beijixiong_316,杯具熊 316 保温杯,129.0,4,insulation,4,35-44,Value-driven,Sub-Saharan Africa,Middle,Woman,Early career,$25k-50k,Part-time,"316/316L liner with triple heat blocking at ¥129 is the sweet spot for a daily bottle I'll carry everywhere. Insulated steel beats the plastic Nalgene for my tea habit, and I won't pay Zojirushi or Stanley prices for the same basic job."
survey_water-bottle-choice__wU7Ykou,persona/datasets/matraix-persona-1m/cohorts/cohort-b9851ff4d44d/persona_synthetic-f5ed5cd986e1.yaml,1.0,beijixiong_316,杯具熊 316 保温杯,129.0,4,insulation,4,18-24,Cost-sensitive,South Asia,Lower-middle,Woman,Early career,$100k-200k,Full-time,"मुझे रोज़ाना पानी गर्म रखने की ज़रूरत है, और 316/316L स्टील वाली थर्मल बोतल ¥129 में सबसे संतुलित सौदा लगती है। स्टेनली बहुत बड़ी और महँगी है, नालजीन बिना इंसुलेशन की है, और ज़ोजिरुशी मेरे बजट से बाहर है।"
survey_water-bottle-choice__wWuEtzX,persona/datasets/matraix-persona-1m/cohorts/cohort-b9851ff4d44d/persona_wiki-f07f57e39578.yaml,1.0,zojirushi_sm_sz,象印 SM-SZ,229.0,4,insulation,4,75-84,Value-driven,South Asia,Upper-middle,Woman,Mid-life,$100k-200k,Self-employed,"I carry a bottle all day between yoga, hikes, and long working sessions, so insulation and easy cleaning matter more to me than saving a few yuan. The Zojirushi's top-tier vacuum performance and non-stick interior justify the premium for something I'll use daily for years, and its slim 480 ml frame fits my bag better than the bulky Stanley tumbler."
survey_water-bottle-choice__wXAWbnN,persona/datasets/matraix-persona-1m/cohorts/cohort-b9851ff4d44d/persona_wiki-0c6a1c02ce55.yaml,1.0,beijixiong_316,杯具熊 316 保温杯,129.0,4,insulation,4,35-44,Value-driven,Sub-Saharan Africa,Upper-middle,Man,Early career,,Self-employed,"The 600 ml capacity suits a full working day, and the 316/316L liner with triple heat blocking is the strongest insulation spec at a reasonable price. I would rather pay ¥129 for verified performance than ¥39.9 for a basic bottle or ¥319 for a viral tumbler I do not need."
survey_water-bottle-choice__wZco9Gn,persona/datasets/matraix-persona-1m/cohorts/cohort-b9851ff4d44d/persona_synthetic-31a605dc140d.yaml,1.0,beijixiong_316,杯具熊 316 保温杯,129.0,4,insulation,4,55-64,Cost-sensitive,East Asia,Middle,Woman,Retirement,$50k-100k,Full-time,我买东西很看重性价比，这个129元的北極熊是316/316L内胆加无尾真空，保温性能在同价位里最好，容量600毫升也够我一天用。我平时坐车通勤、在家时间多，不需要斯坦利那种大容量或名牌溢价，太贵的不划算，太便宜的又怕密封和保温不行。
survey_water-bottle-choice__wfQERQe,persona/datasets/matraix-persona-1m/cohorts/cohort-b9851ff4d44d/persona_synthetic-5fecf309b411.yaml,1.0,beijixiong_316,杯具熊 316 保温杯,129.0,4,insulation,4,25-34,Value-driven,Sub-Saharan Africa,Middle,Woman,Early career,<$25k,Unemployed,"I want a genuinely insulated bottle for daily use, and 316/316L stainless with triple heat blocking at ¥129 is the best value on this shelf. The ¥39.9 option is tempting but too basic, and the premium brands cost nearly double for the same job."
survey_water-bottle-choice__whzKR8H,persona/datasets/matraix-persona-1m/cohorts/cohort-b9851ff4d44d/persona_wiki-46bb3d5b07e3.yaml,1.0,beijixiong_316,杯具熊 316 保温杯,129.0,5,insulation,5,45-54,Value-driven,Western Europe,Upper-middle,Man,Retirement,,Retired,"I want a properly insulated bottle for daily use, and the Beijixiong 316 offers the best combination of a 316/316L stainless liner, triple heat blocking and reliable build at a fair mid-tier price. The 600 ml capacity suits my active days without being bulky, and the ¥129 price is reasonable for the quality on offer."
survey_water-bottle-choice__wiRZLjL,persona/datasets/matraix-persona-1m/cohorts/cohort-b9851ff4d44d/persona_synthetic-5355bad73479.yaml,1.0,fuguang_316,富光 316 保温杯,39.9,5,price,4,45-54,Indifferent,East Asia,Lower-middle,Woman,Parent of young kids,$25k-50k,Full-time,我预算有限，日常喝水只要保温、密封好、耐用就够了。这款国货便宜又可靠，500毫升正合适，摔了丢了也不心疼。
survey_water-bottle-choice__wiu3vN2,persona/datasets/matraix-persona-1m/cohorts/cohort-b9851ff4d44d/persona_synthetic-4b185c570132.yaml,1.0,fuguang_316,富光 316 保温杯,39.9,5,price,4,45-54,Cost-sensitive,South Asia,Low income,Woman,Mid-life,<$25k,Full-time,"Money is tight in this household and I have adult children and grandchildren under my roof, so ¥39.9 for a reliable sealed 500 ml insulated bottle is what I can actually justify. I do not need a straw lid or a viral brand; I need something cheap, durable and small enough to carry on the bus since I do not drive. The 316 steel and basic vacuum insulation cover everything I require day to day."
survey_water-bottle-choice__wmM7ScZ,persona/datasets/matraix-persona-1m/cohorts/cohort-b9851ff4d44d/persona_synthetic-ea71f08e55d0.yaml,1.0,beijixiong_316,杯具熊 316 保温杯,129.0,4,price,4,18-24,Value-driven,Latin America,Upper-middle,Woman,Student,<$25k,Student,"Elijo la Beijixiong 316 porque ofrece la mejor relación calidad-precio en el tramo medio: acero inoxidable 316/316L con triple bloqueo térmico y aislamiento al vacío sin cola, por solo ¥129. Prefiero este equilibrio entre durabilidad, capacidad de 600 ml y precio contenido antes que pagar el sobrecoste de las opciones premium o conformarme con un producto demasiado básico. Además, el acero 316 me transmite mayor seguridad para uso diario que el plástico Tritan no aislado."
survey_water-bottle-choice__woVH6Tp,persona/datasets/matraix-persona-1m/cohorts/cohort-b9851ff4d44d/persona_synthetic-0ec10d9accdf.yaml,1.0,beijixiong_316,杯具熊 316 保温杯,129.0,4,price,4,25-34,Cost-sensitive,South Asia,Lower-middle,Woman,Career change,<$25k,Homemaker,"I need a bottle that keeps water hot through long days and my budget is tight, so the ¥129 Beijixiong hits the sweet spot — 316/316L liner and triple heat blocking at half the price of the premium brands. The 600 ml size is right for me and the seal reliability matters since I'm carrying it in a bag on public transit."
survey_water-bottle-choice__wsHuFzg,persona/datasets/matraix-persona-1m/cohorts/cohort-b9851ff4d44d/persona_synthetic-198dd668210f.yaml,1.0,fuguang_316,富光 316 保温杯,39.9,5,price,4,18-24,Value-driven,South Asia,Low income,Woman,Early career,<$25k,Full-time,"Money is tight right now and I'm unbanked, so I pay cash and watch every yuan. The Fuguang gives me real vacuum insulation, a reliable seal, and 316 steel for ¥39.9 — everything I actually need in a daily bottle, nothing I don't."
survey_water-bottle-choice__wtFj46Y,persona/datasets/matraix-persona-1m/cohorts/cohort-b9851ff4d44d/persona_synthetic-0e5e0c94631b.yaml,1.0,beijixiong_316,杯具熊 316 保温杯,129.0,4,insulation,4,35-44,Value-driven,South Asia,Upper-middle,Woman,Mid-life,$25k-50k,Homemaker,"I want a genuinely insulated bottle for daily use, and the Beijixiong gives me a 316/316L liner with triple heat blocking at ¥129 — the best insulation per yuan on this shelf. The ¥39.9 Fuguang is tempting but I don't trust a basic budget vacuum to hold temperature, and paying ¥229+ for Zojirushi or ¥319 for a viral Stanley tumbler buys branding and capacity I don't need. The Nalgene isn't insulated, which rules it out for me."
survey_water-bottle-choice__wvyG86R,persona/datasets/matraix-persona-1m/cohorts/cohort-b9851ff4d44d/persona_wiki-a74acb5a43cd.yaml,1.0,zojirushi_sm_sz,象印 SM-SZ,229.0,4,insulation,4,45-54,Value-driven,East Asia,High income,Man,Mid-life,$100k-200k,Self-employed,"I want a genuinely well-engineered daily bottle, and the Zojirushi's top-tier insulation, ultra-light body, and non-stick interior that is easy to clean justify the premium for something I will use every day for years. The 480 ml capacity suits desk and commuting use, and the Japanese build quality aligns with my preference for durable, precise design over viral novelty."
survey_water-bottle-choice__x4u3vud,persona/datasets/matraix-persona-1m/cohorts/cohort-b9851ff4d44d/persona_synthetic-178f22d6fed1.yaml,1.0,beijixiong_316,杯具熊 316 保温杯,129.0,4,insulation,4,65-74,Cost-sensitive,Sub-Saharan Africa,Lower-middle,Man,Career change,<$25k,Self-employed,"I want a genuinely insulated bottle for daily use, and this one delivers a 316/316L inner liner with triple heat blocking for ¥129, which is the best spec-per-yuan on the shelf. The 600 ml size suits my day, and I would rather pay a bit more than the ¥39.9 basic bottle to get the better vacuum construction and durability."
survey_water-bottle-choice__x5bwkAY,persona/datasets/matraix-persona-1m/cohorts/cohort-b9851ff4d44d/persona_synthetic-58ce6721e7bd.yaml,1.0,fuguang_316,富光 316 保温杯,39.9,5,price,4,65-74,Value-driven,East Asia,Low income,Man,Retirement,<$25k,Retired,我是靠固定收入生活的退休人士，每一分钱都要算清楚，这个 ¥39.9 的保温瓶容量够我日常喝水，密封和保温的基本功能够用，坏了也不心疼。那些上百块的瓶子卖的是牌子和设计，对我来说不值那个差价。
survey_water-bottle-choice__x8Ht7jW,persona/datasets/matraix-persona-1m/cohorts/cohort-b9851ff4d44d/persona_synthetic-fa25343ab445.yaml,1.0,beijixiong_316,杯具熊 316 保温杯,129.0,4,price,4,35-44,Cost-sensitive,East Asia,Lower-middle,Man,Parent of young kids,<$25k,Full-time,我预算有限，家里两个孩子开销大，所以太贵的瓶子上不了心。Beijixiong 这款129元，316/316L内胆加三重保温，500到600毫升够我一天上班和接送孩子时喝，性价比最合适。便宜的福光虽然只要39.9元，但保温规格写得太笼统，我更信这款中档的用料。
survey_water-bottle-choice__xBadimR,persona/datasets/matraix-persona-1m/cohorts/cohort-b9851ff4d44d/persona_wiki-4c84f5d0a2f2.yaml,1.0,beijixiong_316,杯具熊 316 保温杯,129.0,5,insulation,4,35-44,Value-driven,Eastern Europe,High income,Woman,Mid-life,$100k-200k,Self-employed,"A 600 ml 316/316L insulated bottle at ¥129 hits the sweet spot for me: genuine temperature performance and a clean, tail-less vacuum build without paying the premium for Zojirushi or Stanley. I want one bottle I can trust all day for the commute, the studio, and the school run, and this is the best value at that tier."
survey_water-bottle-choice__xFdWmLf,persona/datasets/matraix-persona-1m/cohorts/cohort-b9851ff4d44d/persona_wiki-802b99415dd2.yaml,1.0,beijixiong_316,杯具熊 316 保温杯,129.0,5,price,5,18-24,Value-driven,Eastern Europe,Upper-middle,Man,Early career,,Full-time,"As someone who trains and travels often, I want real vacuum insulation and a 316 stainless liner, but I won't overpay for a lifestyle name. The Beijixiong 316 gives me 600 ml, best-in-class ¥100-tier specs, and triple heat blocking for ¥129 — the sweet spot of performance and value. The Stanley is too bulky and pricey for daily carry, and the Nalgene isn't insulated."
survey_water-bottle-choice__xGujPvB,persona/datasets/matraix-persona-1m/cohorts/cohort-b9851ff4d44d/persona_synthetic-2cff33bbced4.yaml,1.0,beijixiong_316,杯具熊 316 保温杯,129.0,4,insulation,4,25-34,Value-driven,Southeast Asia,Middle,Woman,Career change,$100k-200k,Self-employed,"I want proper vacuum insulation for daily commutes and hot drinks, but I'm not paying premium prices for a name. The Beijixiong 316 gives me the 316/316L liner and triple heat blocking at ¥129, which is the sweet spot between the cheap basic bottle and the overpriced viral tumbler. It's the one I'd actually put in my bag every day."
survey_water-bottle-choice__xHtQLBh,persona/datasets/matraix-persona-1m/cohorts/cohort-b9851ff4d44d/persona_synthetic-6eb8e8e93735.yaml,1.0,fuguang_316,富光 316 保温杯,39.9,5,price,4,55-64,Cost-sensitive,South Asia,Low income,Man,Empty nester,<$25k,Full-time,"I need a cheap, durable bottle for daily use, and 39.9 yuan for a 316 stainless steel insulated bottle with a reliable seal is hard to beat on value. I am cost-sensitive and on a tight budget, so the basic national brand does the job without paying for features I do not need."
survey_water-bottle-choice__xLWssmD,persona/datasets/matraix-persona-1m/cohorts/cohort-b9851ff4d44d/persona_synthetic-d1f34b692b68.yaml,1.0,fuguang_316,富光 316 保温杯,39.9,5,price,4,75-84,Cost-sensitive,Sub-Saharan Africa,Lower-middle,Woman,Retirement,<$25k,Retired,"I live on a small pension and rent, so every shilling counts. The Fuguang is cheap, seals reliably, and keeps tea warm, which is all I need for daily use, and I can buy two for the price of one fancy bottle."
survey_water-bottle-choice__xRiZgpv,persona/datasets/matraix-persona-1m/cohorts/cohort-b9851ff4d44d/persona_wiki-99ae978fe4f4.yaml,1.0,beijixiong_316,杯具熊 316 保温杯,129.0,4,price,4,25-34,Value-driven,Latin America,Upper-middle,Man,Early career,,Full-time,"Busco una botella para uso diario en oficina y gimnasio, y esta ofrece la mejor relación calidad-precio del estante: acero inoxidable 316/316L con triple aislamiento por ¥129, un precio que considero justo. Las opciones más caras (Mijia, Zojirushi, Stanley) no me aportan tanto valor extra, y las más baratas o no aisladas (Fuguang, Nalgene) no cubren mi necesidad de mantener la temperatura."
survey_water-bottle-choice__xSUttWG,persona/datasets/matraix-persona-1m/cohorts/cohort-b9851ff4d44d/persona_synthetic-1b5e7d6102f1.yaml,1.0,beijixiong_316,杯具熊 316 保温杯,129.0,4,price,4,18-24,Cost-sensitive,Latin America,Low income,Man,Student,$50k-100k,Full-time,"Busco una botella aislada para uso diario y el precio medio de ¥129 me parece el mejor equilibrio entre calidad y costo. El acero inoxidable 316/316L con triple bloqueo de calor me da la durabilidad y el rendimiento térmico que necesito, sin pagar el sobreprecio de las marcas premium."
survey_water-bottle-choice__xSzYkMK,persona/datasets/matraix-persona-1m/cohorts/cohort-b9851ff4d44d/persona_synthetic-27c4a4354675.yaml,1.0,zojirushi_sm_sz,象印 SM-SZ,229.0,4,insulation,4,55-64,Indifferent,East Asia,Middle,Woman,Career change,<$25k,Full-time,"I want a bottle I can trust for years, and Zojirushi's insulation and non-stick interior are worth the premium to me. It's light enough to carry all day and easy to clean, which matters more than saving a few yuan."
survey_water-bottle-choice__xTUJgTR,persona/datasets/matraix-persona-1m/cohorts/cohort-b9851ff4d44d/persona_synthetic-c278c89db250.yaml,1.0,beijixiong_316,杯具熊 316 保温杯,129.0,4,insulation,4,18-24,Value-driven,Southeast Asia,Low income,Woman,Early career,$50k-100k,Full-time,"I want a bottle that keeps drinks hot or cold all day, and 316 stainless steel with proper vacuum insulation is exactly what I need for daily use. At ¥129 it is the best balance of quality and price for me, since the premium brands cost nearly double and the budget one feels too flimsy."
survey_water-bottle-choice__xXBnab7,persona/datasets/matraix-persona-1m/cohorts/cohort-b9851ff4d44d/persona_synthetic-f5569832106d.yaml,1.0,beijixiong_316,杯具熊 316 保温杯,129.0,4,price,4,65-74,Cost-sensitive,Latin America,Lower-middle,Woman,Retirement,$50k-100k,Retired,"Preciso de isolamento térmico para o dia a dia e o Beijixiong entrega 316/316L com tripla barreira por ¥129, o melhor custo-benefício da prateleira. O Fuguang é barato demais para confiar e o Zojirushi e Stanley são caros demais para o meu bolso apertado."
survey_water-bottle-choice__xXUDDBu,persona/datasets/matraix-persona-1m/cohorts/cohort-b9851ff4d44d/persona_synthetic-847f76534226.yaml,1.0,beijixiong_316,杯具熊 316 保温杯,129.0,4,insulation,4,55-64,Value-driven,South Asia,Middle,Woman,Mid-life,$50k-100k,Full-time,"I want proper vacuum insulation for daily use, and 316/316L steel with triple heat blocking at ¥129 is the sweet spot — good quality without paying for a viral brand name. Zojirushi and Stanley are overpriced for what I actually need, and the budget Fuguang feels too cheap to trust long-term."
survey_water-bottle-choice__xXdXMb8,persona/datasets/matraix-persona-1m/cohorts/cohort-b9851ff4d44d/persona_synthetic-f4c70c2ae14d.yaml,1.0,beijixiong_316,杯具熊 316 保温杯,129.0,4,price,4,35-44,Cost-sensitive,East Asia,Low income,Woman,Mid-life,<$25k,Part-time,预算有限，但每天使用需要保温且耐用的瓶子。北極熊316在百元档给出316/316L内胆和无尾真空，性价比最高，密封可靠，600ml容量刚好。
survey_water-bottle-choice__xXsUQUQ,persona/datasets/matraix-persona-1m/cohorts/cohort-b9851ff4d44d/persona_synthetic-a05ee07d389d.yaml,1.0,beijixiong_316,杯具熊 316 保温杯,129.0,4,insulation,4,45-54,Value-driven,Southeast Asia,Upper-middle,Woman,Mid-life,$50k-100k,Unemployed,"I need a bottle that keeps drinks hot through a long, unpredictable day, and the 316/316L liner with triple heat blocking is the strongest insulation at a price I can justify. The ¥39.9 option is tempting but too basic for daily all-day use, and the premium and viral tumblers cost more than the function is worth to me. This one sits at the point where quality and price balance."
survey_water-bottle-choice__xYXrKdm,persona/datasets/matraix-persona-1m/cohorts/cohort-b9851ff4d44d/persona_synthetic-2707cda6a857.yaml,1.0,beijixiong_316,杯具熊 316 保温杯,129.0,4,insulation,4,55-64,Cost-sensitive,MENA,Middle,Woman,Mid-life,<$25k,Self-employed,"I want insulated steel and I'm cost-sensitive, so the ¥129 tier with a 316/316L liner and triple heat blocking is the sweet spot. The ¥39.9 basic one is too cheap to trust for daily hot drinks, and the ¥179+ options are paying for brand or size I don't need. 600 ml fits my day fine."
survey_water-bottle-choice__xdv85Mz,persona/datasets/matraix-persona-1m/cohorts/cohort-b9851ff4d44d/persona_synthetic-2a3c65344756.yaml,1.0,beijixiong_316,杯具熊 316 保温杯,129.0,4,insulation,4,18-24,Cost-sensitive,South Asia,Upper-middle,Woman,Student,$50k-100k,Unemployed,"I want a genuinely insulated bottle for daily use, and the Beijixiong gives me 316/316L stainless steel and triple heat blocking at ¥129 — the sweet spot between the cheap basic bottle and the overpriced lifestyle brands. The Fuguang is tempting at ¥39.9, but the 600 ml size and better vacuum build here justify the extra spend for something I'll carry every day."
survey_water-bottle-choice__xnGMGq9,persona/datasets/matraix-persona-1m/cohorts/cohort-b9851ff4d44d/persona_synthetic-1ad95762f524.yaml,1.0,fuguang_316,富光 316 保温杯,39.9,5,price,4,18-24,Cost-sensitive,East Asia,Low income,Woman,Early career,$25k-50k,Homemaker,我手头紧，钱得省着花，39块9的保温瓶够用就行。316不锈钢加真空保温，密封也靠谱，便宜又耐用，没必要为牌子多掏钱。
survey_water-bottle-choice__xrq6Qg9,persona/datasets/matraix-persona-1m/cohorts/cohort-b9851ff4d44d/persona_synthetic-5175adb11d69.yaml,1.0,beijixiong_316,杯具熊 316 保温杯,129.0,4,price,4,55-64,Cost-sensitive,Sub-Saharan Africa,Upper-middle,Man,Empty nester,$25k-50k,Full-time,"Mid-tier price but the best spec on the shelf — 316/316L liner and triple heat blocking at ¥129. The ¥39.9 bottle is too small and cheap-feeling, and I won't pay Zojirushi or Stanley money for a daily beater. 600 ml is right for my day."
survey_water-bottle-choice__y2JjWnN,persona/datasets/matraix-persona-1m/cohorts/cohort-b9851ff4d44d/persona_wiki-c6ded6cdfc97.yaml,1.0,beijixiong_316,杯具熊 316 保温杯,129.0,4,price,4,35-44,Value-driven,East Asia,Middle,Man,Mid-life,,Self-employed,作为教育工作者和创业者，我每天在办公室与线上会议之间切换，需要一瓶保温可靠、容量适中的水杯。北極熊316在百元价位给出了316/316L内胆和无尾真空等最扎实的配置，600ml容量比500ml更实用，价格又远低于小米和象印，性价比最优。国产品牌在这个价位做出这样的用料，符合我一贯看重实际价值而非品牌溢价的消费逻辑。
survey_water-bottle-choice__y4QpGaR,persona/datasets/matraix-persona-1m/cohorts/cohort-b9851ff4d44d/persona_synthetic-cf3d162e9729.yaml,1.0,beijixiong_316,杯具熊 316 保温杯,129.0,4,price,4,18-24,Indifferent,Southeast Asia,Low income,Man,Student,$25k-50k,Part-time,"I want a real insulated bottle but I'm broke and impatient, so ¥129 for a 316/316L liner with triple heat blocking and a leak-proof seal is the sweet spot. 600 ml covers a day without being a brick, and I don't care about viral branding or paying ¥229 for a name. Cheap enough to replace if I lose it, good enough to actually keep water cold."
survey_water-bottle-choice__y6BtFKJ,persona/datasets/matraix-persona-1m/cohorts/cohort-b9851ff4d44d/persona_wiki-eb56599784fa.yaml,1.0,beijixiong_316,杯具熊 316 保温杯,129.0,5,insulation,4,35-44,Value-driven,Southeast Asia,Middle,Man,Mid-life,,Self-employed,"At ¥129 it sits in the sweet spot: 316/316L stainless steel inner liner, tail-less vacuum and triple heat blocking give real insulation performance without paying for the Zojirushi name or the Stanley hype. The 600 ml capacity is right for a full workday of coffee and water on my freelance schedule, and it's cheap enough that I won't baby it."
survey_water-bottle-choice__y6vMU6E,persona/datasets/matraix-persona-1m/cohorts/cohort-b9851ff4d44d/persona_wiki-1d4fb51f0134.yaml,1.0,beijixiong_316,杯具熊 316 保温杯,129.0,5,insulation,4,65-74,Value-driven,North America,High income,Man,Retirement,$200k+,Retired,"I want a 316 stainless vacuum bottle that actually holds temperature all day, and the Beijixiong gives me the best liner and insulation at the ¥100 tier without paying for a viral brand name. It is the right size for daily use and the price is sensible for something I will carry every day."
survey_water-bottle-choice__yBdpr3V,persona/datasets/matraix-persona-1m/cohorts/cohort-b9851ff4d44d/persona_synthetic-bb33b1b7d198.yaml,1.0,beijixiong_316,杯具熊 316 保温杯,129.0,4,insulation,4,25-34,Cost-sensitive,Southeast Asia,High income,Man,Mid-life,<$25k,Full-time,"I want real insulation without paying premium brand tax, and 600ml hits the sweet spot for a daily commute bottle. The 316/316L liner and triple heat blocking at ¥129 give me the performance I care about for the least money."
survey_water-bottle-choice__yEjpzYY,persona/datasets/matraix-persona-1m/cohorts/cohort-b9851ff4d44d/persona_synthetic-7d956857fdf3.yaml,1.0,fuguang_316,富光 316 保温杯,39.9,5,price,4,18-24,Indifferent,South Asia,Middle,Woman,Early career,<$25k,Student,"मेरा बजट सीमित है और मैं रोज़ सिर्फ़ पानी ढोने के लिए महँगी बोतल नहीं लेना चाहती। 500 ml का 316 स्टील, भरोसेमंद सील और ¥39.9 की कीमत मेरे लिए काफ़ी है। इंसुलेशन बुनियादी है पर रोज़ के इस्तेमाल के लिए ठीक है।"
survey_water-bottle-choice__yGxcGx4,persona/datasets/matraix-persona-1m/cohorts/cohort-b9851ff4d44d/persona_synthetic-f17debc27b63.yaml,1.0,fuguang_316,富光 316 保温杯,39.9,5,price,4,35-44,Indifferent,Southeast Asia,Low income,Man,Early career,$25k-50k,Unemployed,"I am unemployed with a mortgage and three-plus children in the house, so ¥39.9 for a reliable sealed 316 stainless bottle is what I can actually justify. It is insulated, durable and cheap, which covers my daily needs without pretending I have money I do not have."
survey_water-bottle-choice__yUDCZjK,persona/datasets/matraix-persona-1m/cohorts/cohort-b9851ff4d44d/persona_synthetic-a01c1fdea7ed.yaml,1.0,beijixiong_316,杯具熊 316 保温杯,129.0,4,price,4,35-44,Cost-sensitive,Southeast Asia,Lower-middle,Woman,Mid-life,<$25k,Full-time,"I need something insulated for daily commutes and hot days, and the Beijixiong 316 gives me a proper 316/316L inner liner and triple heat blocking at ¥129 — well under the premium options. The 600 ml capacity is bigger than the 500 ml basics, so I get more water per fill without paying Zojirushi or Stanley money. It's the best balance of price, material quality, and capacity for me."
survey_water-bottle-choice__yUxDU3d,persona/datasets/matraix-persona-1m/cohorts/cohort-b9851ff4d44d/persona_synthetic-fbe284af822c.yaml,1.0,beijixiong_316,杯具熊 316 保温杯,129.0,4,price,4,18-24,Cost-sensitive,Sub-Saharan Africa,Lower-middle,Man,Student,$25k-50k,Gig / freelance,"BeiJiXiong 316 gives me real 316/316L stainless for ¥129 — half the Mijia price for basically the same spec. I'm cost-sensitive and my income swings, so paying ¥179-229 for a brand name or a viral Stanley feels wasteful. It's insulated, sealed, and cheap enough that losing it won't wreck me."
survey_water-bottle-choice__yVLqAEM,persona/datasets/matraix-persona-1m/cohorts/cohort-b9851ff4d44d/persona_wiki-5b06b1a219e9.yaml,1.0,beijixiong_316,杯具熊 316 保温杯,129.0,5,insulation,4,35-44,Value-driven,Southern Europe,Middle,Woman,Mid-life,$50k-100k,Self-employed,"I want a properly insulated bottle for daily use, and the Beijixiong 316 offers the best insulation specification at the ¥100 tier — 316/316L liner, tail-less vacuum, triple heat blocking — for only ¥129. I considered the Zojirushi, but at ¥229 it costs nearly double for a smaller 480 ml capacity, and I don't need the premium brand or non-stick coating enough to justify that gap. The 600 ml size also suits my routine better than the 500 ml budget options."
survey_water-bottle-choice__ycooHXY,persona/datasets/matraix-persona-1m/cohorts/cohort-b9851ff4d44d/persona_synthetic-71d43422c75a.yaml,1.0,beijixiong_316,杯具熊 316 保温杯,129.0,4,price,4,55-64,Cost-sensitive,South Asia,Lower-middle,Woman,Mid-life,$25k-50k,Self-employed,"আমি সারা দিন পানি খাই, তাই ইনসুলেশন আর দাম দুটোই দেখতে হয়। ফুগুয়াং সস্তা কিন্তু ৫০০ মিলি আমার জন্য একটু কম, আর জোজিরু আর স্ট্যানলি আমার বাজেটের বাইরে। বেইজিক্সিওং ৩১৬/৩১৬L ইনার লাইনার আর ¥১২৯ দামে সবচেয়ে ভালো ভ্যালু মনে হচ্ছে, তাই এটাই নেব।"
survey_water-bottle-choice__yg4Hdak,persona/datasets/matraix-persona-1m/cohorts/cohort-b9851ff4d44d/persona_synthetic-3ba5459eabad.yaml,1.0,beijixiong_316,杯具熊 316 保温杯,129.0,4,insulation,4,55-64,Cost-sensitive,Latin America,Lower-middle,Man,Empty nester,<$25k,Part-time,"Preciso de um produto que aguente o dia a dia sem gastar muito, e o Beijixiong 316 entrega isolamento de verdade com aço inox 316/316L por um preço que cabe no meu orçamento apertado. Os 600 ml são um tamanho prático para levar na bolsa, e a marca nacional me dá mais confiança do que pagar caro por um Stanley ou Zojirushi que não justificam a diferença para o meu uso."
survey_water-bottle-choice__ygNqmjP,persona/datasets/matraix-persona-1m/cohorts/cohort-b9851ff4d44d/persona_synthetic-4e4b6e783224.yaml,1.0,beijixiong_316,杯具熊 316 保温杯,129.0,4,insulation,4,55-64,Value-driven,East Asia,Low income,Man,Early career,$25k-50k,Full-time,作为日常使用的保温瓶，我最看重保温性能与价格的平衡。Beijixiong 316 在百元价位提供 316/316L 内胆与三重隔热，性价比明显优于同价位的其他选项，也比便宜的基础款更耐用。
survey_water-bottle-choice__yhChA5v,persona/datasets/matraix-persona-1m/cohorts/cohort-b9851ff4d44d/persona_synthetic-bf9e30ad5bdd.yaml,1.0,beijixiong_316,杯具熊 316 保温杯,129.0,4,insulation,4,45-54,Indifferent,South Asia,Lower-middle,Woman,Mid-life,$25k-50k,Full-time,"I want insulated for daily use, and the 600 ml size fits my routine better than the 500 ml budget options. At ¥129 the Beijixiong gives me 316/316L steel and triple heat blocking without paying the Zojirushi or Stanley premium."
survey_water-bottle-choice__yhF3BbP,persona/datasets/matraix-persona-1m/cohorts/cohort-b9851ff4d44d/persona_wiki-df7a83c9a1af.yaml,1.0,zojirushi_sm_sz,象印 SM-SZ,229.0,4,insulation,4,65-74,Value-driven,Sub-Saharan Africa,High income,Man,Mid-life,,Full-time,I want a genuinely reliable daily bottle and am willing to pay for it; Zojirushi's top-tier insulation and non-stick interior mean less fuss and better temperature retention over years of use. The Japanese premium build and easy-to-clean coating justify the price for a product I will handle every day.
survey_water-bottle-choice__yiS6NZX,persona/datasets/matraix-persona-1m/cohorts/cohort-b9851ff4d44d/persona_synthetic-e619c7356c34.yaml,1.0,beijixiong_316,杯具熊 316 保温杯,129.0,4,price,4,25-34,Value-driven,Sub-Saharan Africa,Upper-middle,Man,Early career,$25k-50k,Full-time,"I want insulated stainless steel but I am skeptical about paying premium prices for a daily bottle, so the ¥129 tier hits my sweet spot. The 316/316L liner and triple heat blocking give me the durability and temperature performance I value, and 600 ml is a practical size. The Zojirushi is nicer but the extra ¥100 is not worth it to me."
survey_water-bottle-choice__yieCszg,persona/datasets/matraix-persona-1m/cohorts/cohort-b9851ff4d44d/persona_synthetic-4846de7aebe9.yaml,1.0,beijixiong_316,杯具熊 316 保温杯,129.0,4,price,4,35-44,Cost-sensitive,MENA,Lower-middle,Man,Mid-life,<$25k,Full-time,أنا رجل دخلي محدود وعندي ٣ أطفال، فـ ١٢٩ يوان سعر معقول مقابل عزل 316/316L اللي يخلي الماء حار أو بارد لساعات طويلة. سعة ٦٠٠ مل مناسبة لاستخدامي اليومي وتنقلاتي بالمواصلات العامة، والماركات الغالية مثل زوجيروشي وستانلي ما تستاهل الفرق بالنسبة لي.
survey_water-bottle-choice__ynZFa8A,persona/datasets/matraix-persona-1m/cohorts/cohort-b9851ff4d44d/persona_synthetic-36bce03c6d9b.yaml,1.0,fuguang_316,富光 316 保温杯,39.9,5,price,5,35-44,Value-driven,South Asia,Middle,Woman,Mid-life,$50k-100k,Homemaker,"I'm a frugal saver and this hits the basics: insulated, 500 ml, seals well, and it's dirt cheap at ¥39.9. I don't need brand prestige or a viral tumbler — I need something reliable that I won't cry over if it dents. The 316 steel and vacuum insulation cover my daily needs without the markup."
survey_water-bottle-choice__yta2Tud,persona/datasets/matraix-persona-1m/cohorts/cohort-b9851ff4d44d/persona_synthetic-0cb4515905dd.yaml,1.0,beijixiong_316,杯具熊 316 保温杯,129.0,4,insulation,4,45-54,Cost-sensitive,East Asia,High income,Man,Empty nester,$50k-100k,Homemaker,我每天都要用，保温可靠才是第一位的，316/316L内胆加无尾真空这个价位很难找到对手。129块不算便宜也不算贵，比起小米和象印那种品牌溢价，我更愿意为实打实的用料买单。500ml那款太小，Stanley那1180ml又太大，600ml刚好塞进包里。
survey_water-bottle-choice__yuvLyA2,persona/datasets/matraix-persona-1m/cohorts/cohort-b9851ff4d44d/persona_synthetic-33f9b01b0435.yaml,1.0,beijixiong_316,杯具熊 316 保温杯,129.0,4,insulation,4,25-34,Value-driven,MENA,Middle,Woman,Early career,$25k-50k,Self-employed,"Je cherche une bouteille isotherme fiable pour un usage quotidien, et la Beijixiong offre la meilleure valeur au palier de 100 ¥ avec sa doublure 316/316L et sa triple isolation. La capacité de 600 ml me convient mieux que les modèles 500 ml, et le prix de 129 ¥ reste dans mon budget. Je préfère payer un peu plus pour la durabilité et la performance thermique plutôt que d'acheter l'option la moins chère."
survey_water-bottle-choice__yzqPbR4,persona/datasets/matraix-persona-1m/cohorts/cohort-b9851ff4d44d/persona_wiki-a7dc8062b151.yaml,1.0,beijixiong_316,杯具熊 316 保温杯,129.0,5,insulation,4,18-24,Indifferent,North America,Lower-middle,Woman,Student,<$25k,Part-time,"I want real insulation and easy cleaning without paying premium prices, and this one hits the sweet spot at ¥129 with a 316/316L liner and triple heat blocking. The 600 ml size is a good middle ground for carrying around campus and work all day, and the budget Fuguang feels too bare-bones while the Zojirushi and Stanley are more than I'd spend."
survey_water-bottle-choice__z6AW9pj,persona/datasets/matraix-persona-1m/cohorts/cohort-b9851ff4d44d/persona_synthetic-51b0ba0c50cb.yaml,1.0,beijixiong_316,杯具熊 316 保温杯,129.0,4,price,4,45-54,Cost-sensitive,Southeast Asia,Lower-middle,Woman,Retirement,<$25k,Retired,أحتاج زجاجة معزولة للاستخدام اليومي، وهذا الخيار يوفر أفضل قيمة في فئة المئة يوان: بطانة 316/316L وعزل ثلاثي وسعة 600 مل مناسبة لي. سعر 129 يوان معقول ولا أدفع مبالغ باهظة على ماركات عالمية لا أحتاجها.
survey_water-bottle-choice__z9hJTnn,persona/datasets/matraix-persona-1m/cohorts/cohort-b9851ff4d44d/persona_synthetic-651b26e851a5.yaml,1.0,beijixiong_316,杯具熊 316 保温杯,129.0,4,insulation,4,35-44,Value-driven,Sub-Saharan Africa,Lower-middle,Woman,Parent of young kids,<$25k,Full-time,"I want proper vacuum insulation for daily use, and 316/316L stainless with a tail-less vacuum at ¥129 hits the sweet spot between the cheap basic bottle and the premium Japanese one. The 600 ml size is right for a full day out, and I'd rather pay a bit more than the ¥39.9 pick to get a liner that actually holds up."
survey_water-bottle-choice__zASAigT,persona/datasets/matraix-persona-1m/cohorts/cohort-b9851ff4d44d/persona_synthetic-773a5dd0d622.yaml,1.0,beijixiong_316,杯具熊 316 保温杯,129.0,4,insulation,4,45-54,Value-driven,Sub-Saharan Africa,Middle,Man,Retirement,<$25k,Full-time,"I need a bottle I can trust for daily use, and the 316/316L inner liner with triple heat blocking at ¥129 is the best value on this shelf. The Fuguang is cheaper but basic, and I won't pay Zojirushi or Stanley prices for a name when the specs here are already solid."
survey_water-bottle-choice__zDqryYN,persona/datasets/matraix-persona-1m/cohorts/cohort-b9851ff4d44d/persona_synthetic-a4c172dc3100.yaml,1.0,beijixiong_316,杯具熊 316 保温杯,129.0,4,insulation,4,65-74,Cost-sensitive,East Asia,Lower-middle,Woman,Retirement,<$25k,Part-time,我选北极熊316保温瓶，因为它的316/316L内胆和真空保温在这个价位里最扎实，600毫升也够我一天用。价格129元对我这个靠养老金过日子的人来说还算能接受，比小米和象印便宜不少，又比39.9元的基础款耐用放心。
survey_water-bottle-choice__zGcoeCG,persona/datasets/matraix-persona-1m/cohorts/cohort-b9851ff4d44d/persona_synthetic-62efee3e2ee5.yaml,1.0,beijixiong_316,杯具熊 316 保温杯,129.0,4,insulation,4,35-44,Indifferent,MENA,Upper-middle,Man,Career change,$25k-50k,Full-time,أبحث عن زجاجة للاستخدام اليومي بجودة تصنيع عالية دون مبالغة في السعر، و316/316L مع العزل الثلاثي يمنحني أداءً ممتازاً في الحفاظ على حرارة المشروب. سعة 600 مل مناسبة لجلوسي الطويل أمام الحاسوب، وسعر 129 يواناً يقع في المنطقة المعقولة بالنسبة لي.
survey_water-bottle-choice__zJGbbQK,persona/datasets/matraix-persona-1m/cohorts/cohort-b9851ff4d44d/persona_synthetic-f15216afc63e.yaml,1.0,fuguang_316,富光 316 保温杯,39.9,5,price,4,55-64,Cost-sensitive,East Asia,Lower-middle,Woman,Mid-life,$25k-50k,Self-employed,我预算紧，钱要花在刀刃上。这个¥39.9的国产保温瓶容量500ml够我一天用，316不锈钢、真空保温、密封可靠，便宜又耐用，坏了丢了也不心疼。花两三百买个水壶对我来说不值当。
survey_water-bottle-choice__zMq5WMK,persona/datasets/matraix-persona-1m/cohorts/cohort-b9851ff4d44d/persona_synthetic-532f847f4c12.yaml,1.0,beijixiong_316,杯具熊 316 保温杯,129.0,4,price,4,35-44,Cost-sensitive,East Asia,Low income,Woman,Mid-life,$25k-50k,Full-time,我平时喝水不多，500毫升那种小瓶一天要倒好几回，600毫升刚刚好。316不锈钢内胆加真空保温，这个价钱在百元档里是真的实在，比那些卖牌子的强。小米和象印我也看过，可多花一百块就为个标，我这人不太吃这套。
survey_water-bottle-choice__zTLWcAX,persona/datasets/matraix-persona-1m/cohorts/cohort-b9851ff4d44d/persona_synthetic-ee8732b2e953.yaml,1.0,fuguang_316,富光 316 保温杯,39.9,5,price,4,55-64,Cost-sensitive,South Asia,Low income,Woman,Career change,<$25k,Self-employed,"Money is tight right now and I need something that simply works every day. The Fuguang is insulated, seals reliably, and at ¥39.9 it costs a fraction of the others, so I can replace it without stress if it wears out. I don't need a viral tumbler or premium Japanese branding to drink water."
survey_water-bottle-choice__zZXmwnp,persona/datasets/matraix-persona-1m/cohorts/cohort-b9851ff4d44d/persona_synthetic-99a66ad8d3cb.yaml,1.0,fuguang_316,富光 316 保温杯,39.9,5,price,4,25-34,Cost-sensitive,East Asia,Low income,Woman,Early career,<$25k,Full-time,我预算紧，家里还有房贷，只想要个便宜、密封可靠、能用的保温瓶。316不锈钢加真空保温，39.9元这个价位最划算，其他几款要么太贵，要么是塑料不保温。
survey_water-bottle-choice__zcbiVnD,persona/datasets/matraix-persona-1m/cohorts/cohort-b9851ff4d44d/persona_synthetic-f2494cb1d323.yaml,1.0,beijixiong_316,杯具熊 316 保温杯,129.0,4,insulation,4,35-44,Value-driven,South Asia,Low income,Man,Mid-life,$25k-50k,Homemaker,"मुझे रोज़ पानी गरम-ठंडा दोनों पीना रहता है, इसलिए इंसुलेशन सबसे ज़रूरी है, और 316/316L लाइनर वाली यह बोतल ¥129 में बाकी सस्ती विकल्पों से बेहतर लगती है। Fuguang सस्ती है पर उसका इंसुलेशन बुनियादी है, और Zojirushi/Stanley मेरे बजट से बाहर हैं। 600 ml का आकार भी मेरे लिए ठीक है।"
survey_water-bottle-choice__zfCBWaE,persona/datasets/matraix-persona-1m/cohorts/cohort-b9851ff4d44d/persona_wiki-9e690c04ccd1.yaml,1.0,beijixiong_316,杯具熊 316 保温杯,129.0,5,insulation,4,45-54,Value-driven,North America,Upper-middle,Man,Mid-life,null,Self-employed,"I want a genuinely insulated bottle for daily use, and the Beijixiong offers the best technical spec at a fair price — 316/316L liner, tail-less vacuum, and triple heat blocking for ¥129. The Zojirushi is nicer but I don't need to pay nearly double for marginal gains, and the cheap Fuguang likely sacrifices insulation quality. This hits the value-performance sweet spot I look for."
survey_water-bottle-choice__znVhRDf,persona/datasets/matraix-persona-1m/cohorts/cohort-b9851ff4d44d/persona_synthetic-8b8f6ecf9e6d.yaml,1.0,beijixiong_316,杯具熊 316 保温杯,129.0,5,insulation,4,18-24,Value-driven,Sub-Saharan Africa,Upper-middle,Man,Early career,$50k-100k,Full-time,"Eu quero uma garrafa térmica para uso diário, e a Beijixiong entrega 316/316L com isolamento triplo por ¥129 — o melhor custo-benefício da prateleira. A Fuguang é barata mas básica demais, e as opções acima de ¥179 não justificam o preço para mim."
survey_water-bottle-choice__zosEXNR,persona/datasets/matraix-persona-1m/cohorts/cohort-b9851ff4d44d/persona_synthetic-b55f08a41572.yaml,1.0,fuguang_316,富光 316 保温杯,39.9,5,price,5,18-24,Cost-sensitive,South Asia,Lower-middle,Woman,Early career,<$25k,Part-time,"मैं सीमित बजट पर हूँ और रोज़ाना उपयोग के लिए भरोसेमंद, टिकाऊ बोतल चाहती हूँ। 316 स्टेनलेस स्टील, वैक्यूम इंसुलेशन और मज़बूत सील के साथ ¥39.9 की कीमत सबसे व्यावहारिक विकल्प है। महँगे ब्रांड मेरी ज़रूरत से अधिक हैं।"
survey_water-bottle-choice__zqtRQ3g,persona/datasets/matraix-persona-1m/cohorts/cohort-b9851ff4d44d/persona_synthetic-2797655eecb9.yaml,1.0,beijixiong_316,杯具熊 316 保温杯,129.0,4,insulation,4,25-34,Cost-sensitive,East Asia,Lower-middle,Woman,Parent of young kids,$25k-50k,Homemaker,保温性能を重視しており、316/316Lステンレスに真空断熱の三層構造という仕様がこの価格帯では最も充実していると判断しました。600mlという容量は日常使いにちょうどよく、500mlでは物足りない場面もカバーできます。予算内で品質と価格のバランスが最も取れている一本です。
survey_water-bottle-choice__zsaNxWa,persona/datasets/matraix-persona-1m/cohorts/cohort-b9851ff4d44d/persona_wiki-6d64424d5d44.yaml,1.0,zojirushi_sm_sz,象印 SM-SZ,229.0,4,insulation,4,45-54,Indifferent,MENA,High income,Woman,Mid-life,$100k-200k,Full-time,"I want a bottle I can rely on daily in a dense urban setting, and Zojirushi's top-tier insulation and ultra-light stainless steel build justify the premium for something I will carry constantly. The non-stick interior is also a practical cleaning advantage, and the 480 ml size suits commuting and desk use without being bulky."
survey_water-bottle-choice__zw9BSDx,persona/datasets/matraix-persona-1m/cohorts/cohort-b9851ff4d44d/persona_synthetic-cd749daa1870.yaml,1.0,fuguang_316,富光 316 保温杯,39.9,3,insulation,3,25-34,Value-driven,South Asia,Lower-middle,Man,Mid-life,<$25k,Full-time,"No persona-specific answer was produced, so a neutral answer was used."
survey_water-bottle-choice__zwfNxyA,persona/datasets/matraix-persona-1m/cohorts/cohort-b9851ff4d44d/persona_synthetic-8cda24ce0063.yaml,1.0,beijixiong_316,杯具熊 316 保温杯,129.0,5,insulation,4,35-44,Cost-sensitive,East Asia,Upper-middle,Woman,Career change,$25k-50k,Gig / freelance,我平时骑自行车通勤，需要一个能保温、密封可靠、单手好拿的瓶子，600ml 的容量对我来说刚好够用。北極熊这款在百元价位给了 316/316L 内胆和无尾真空，性价比明显高于同价位的其他选项，也比 39.9 元的基础款更耐用。
