trial,q_first_click,q_click_drivers,q_detail_info,q_detail_top,q_buy_first,q_notbuy_first,q_consider_more,q_second_click,q_buy_second,q_notbuy_second,q_third_click,q_buy_third,q_notbuy_third,q_fallback,q_fallback_blocker,q_reject_A,q_reject_B,q_reject_C,q_reject_D,q_reject_E,q_reject_F,q_page_browse,q_page_buy,q_factor_most,q_factor_second,q_importance_title,q_importance_image,q_importance_bullets,q_importance_aplus,q_importance_attr,q_importance_price,q_importance_reviews,q_importance_trust,q_listing_redline,q_material_pref,q_transparency_pref,q_badge_effect,q_switch_trigger,q_price_acceptance,q_purchase_intent
0,A,main_image|color_pattern|star_rating|review_count|material_word|imagine_look,reviews_photos|negative_reviews|bullets|size_specs|material_cert|qa|price_deal|zoom_images,negative_reviews,not_buy,price_too_high|want_compare,yes_more,C,not_buy,price_suspicious|few_reviews|want_compare,E,not_buy,few_reviews|transparency|want_compare,A,price|timing,fallback_favorite|price_too_high,price_suspicious|look,price_suspicious|few_reviews,few_reviews|pack,few_reviews|transparency,few_reviews|size|transparency,page2,page1,reviews,price_value,4,5,4,2,4,4,5,5,low_rating|few_reviews|no_size|material_unclear|blur_image|no_bullets,eva,semi,yes_somewhat,better_rating,4,4
1,A,main_image|color_pattern|star_rating|review_count|material_word|magnets|imagine_look,reviews_photos|negative_reviews|bullets|size_specs|material_cert|zoom_images|qa,negative_reviews,not_buy,price_too_high|want_compare,yes_more,B,not_buy,price_suspicious|material|look,C,not_buy,price_suspicious|material|brand|want_compare,A,price|timing,fallback_favorite|price_too_high,price_suspicious|material|look,price_suspicious|material|brand,few_reviews|material|pack,look|material|few_reviews,few_reviews|size|material,page2,page1,material,reviews,4,5,4,2,4,3,5,5,low_rating|few_reviews|no_size|material_unclear|blur_image|mismatch_title,eva,semi,yes_somewhat,better_rating,3,4
2,A,main_image|color_pattern|star_rating|review_count|material_word|imagine_look|right_size,reviews_photos|negative_reviews|bullets|size_specs|material_cert|zoom_images|price_deal,reviews_photos,add_cart,price_too_high|want_compare,yes_more,B,add_cart,material|want_compare,C,not_buy,brand|few_reviews|material,A,price,fallback_favorite|price_too_high,material|look,brand|few_reviews|material,few_reviews|material,look|few_reviews,few_reviews|size|look,page2,page1,reviews,price_value,4,5,4,2,4,4,5,4,low_rating|few_reviews|no_size|material_unclear|blur_image,eva,semi,yes_somewhat,better_rating,3,4
3,A,main_image|color_pattern|star_rating|review_count|material_word|imagine_look|right_size,reviews_photos|negative_reviews|bullets|size_specs|material_cert|qa|zoom_images,negative_reviews,not_buy,price_too_high|want_compare,yes_more,C,not_buy,price_suspicious|material|want_compare,B,not_buy,price_suspicious|material|look|want_compare,A,price|timing|info_gap,fallback_favorite|price_too_high,price_suspicious|material|look,price_suspicious|material|brand,few_reviews|material|pack,look|brand|few_reviews,few_reviews|size|brand,page2,page1,reviews,material,4,5,4,2,4,4,5,5,low_rating|few_reviews|no_size|material_unclear|blur_image|mismatch_title,eva,semi,yes_somewhat,better_rating,4,3
4,C,star_rating|review_count|price|magnets|material_word|right_size,negative_reviews|reviews_photos|bullets|size_specs|material_cert|qa|zoom_images|price_deal,negative_reviews,not_buy,price_suspicious|material|want_compare,yes_more,E,not_buy,few_reviews|brand|want_compare,A,not_buy,price_too_high|transparency|want_compare,E,reviews_trust|brand,price_too_high|transparency|look,price_suspicious|look|material,price_suspicious|material|look,few_reviews|material|rating,fallback_favorite|few_reviews|brand,few_reviews|size|material,page2,page1,reviews,material,4,4,4,2,4,4,5,4,low_rating|few_reviews|no_size|material_unclear|blur_image|mismatch_title,eva,semi,unlikely,better_rating,4,4
5,A,main_image|color_pattern|star_rating|review_count|material_word|magnets|imagine_look,reviews_photos|negative_reviews|bullets|size_specs|material_cert|qa|zoom_images|price_deal,negative_reviews,not_buy,price_too_high|want_compare,yes_more,C,not_buy,price_suspicious|material|want_compare,E,not_buy,few_reviews|material|look|want_compare,A,price|timing,fallback_favorite|price_too_high,price_suspicious|brand|look,price_suspicious|brand|material,few_reviews|brand|pack,few_reviews|look|material,few_reviews|size|transparency,page2,page1,reviews,material,4,5,4,2,4,4,5,5,low_rating|few_reviews|no_size|material_unclear|blur_image|no_bullets|mismatch_title,eva,semi,yes_somewhat,better_rating,3,4
6,A,main_image|color_pattern|star_rating|review_count|material_word|imagine_look,reviews_photos|negative_reviews|bullets|material_cert|zoom_images|qa,negative_reviews,not_buy,price_too_high|want_compare,yes_more,C,not_buy,price_suspicious|material|want_compare,B,not_buy,price_suspicious|material|brand|want_compare,C,price|reviews_trust|material,price_too_high,price_suspicious|brand|material,fallback_favorite|price_suspicious|material,few_reviews|material|pack,look|few_reviews|brand,few_reviews|size|look,page2,page1,price_value,reviews,4,5,4,2,4,5,5,4,low_rating|few_reviews|no_size|material_unclear|blur_image,eva,semi,yes_somewhat,better_rating,4,4
7,A,review_count|star_rating|material_word|magnets|title_keyword|main_image,negative_reviews|reviews_photos|material_cert|size_specs|bullets|qa|zoom_images,negative_reviews,not_buy,price_too_high|want_compare,yes_more,C,not_buy,price_suspicious|material|want_compare,B,not_buy,price_suspicious|material|want_compare,A,price|timing,fallback_favorite|price_too_high,price_suspicious|material|brand,price_suspicious|material|brand,few_reviews|material|pack|brand,look|few_reviews|brand|transparency,few_reviews|size|brand|material,page2,page1,reviews,material,4,4,4,2,4,4,5,5,low_rating|few_reviews|no_size|material_unclear|blur_image|no_bullets|mismatch_title,eva,semi,yes_somewhat,better_rating,3,4
8,B,main_image|color_pattern|price|star_rating|review_count|magnets|imagine_look,reviews_photos|negative_reviews|bullets|material_cert|zoom_images|size_specs,negative_reviews,not_buy,price_suspicious|material|want_compare,yes_more,C,not_buy,price_suspicious|material|few_reviews|want_compare,A,not_buy,price_too_high|want_compare,A,price|timing,price_too_high,price_suspicious|material,price_suspicious|material|few_reviews,few_reviews|material,look|few_reviews,few_reviews|size|material,page2,page1,price_value,reviews,4,5,4,2,4,5,5,4,low_rating|no_size|material_unclear|blur_image|mismatch_title,eva,semi,yes_somewhat,better_rating,3,4
9,E,main_image|material_word|imagine_look,negative_reviews|bullets|size_specs|material_cert|zoom_images|reviews_photos,negative_reviews,add_cart,few_reviews|brand|want_compare,yes_more,A,not_buy,price_too_high|look|transparency,C,not_buy,price_suspicious|material|brand,A,price|reviews_trust|material,fallback_favorite|price_too_high|transparency,price_suspicious|look|material|brand,price_suspicious|material|brand|few_reviews,few_reviews|brand|material|look,few_reviews|brand|rating,few_reviews|size|look|brand,page2,page1,reviews,material,4,4,4,2,5,4,5,5,low_rating|few_reviews|no_size|material_unclear|blur_image|mismatch_title,eva,blackout,unlikely,better_rating,3,4
10,A,main_image|color_pattern|star_rating|review_count|material_word|imagine_look,reviews_photos|negative_reviews|bullets|size_specs|material_cert|price_deal|zoom_images,negative_reviews,not_buy,price_too_high|want_compare,yes_more,C,not_buy,price_suspicious|material|want_compare,B,not_buy,price_suspicious|material|review_concern,A,price|timing,price_too_high,price_suspicious|material,price_suspicious|material,few_reviews|material|pack,look|rating,few_reviews|size|material,page2,page1,material,reviews,4,5,4,2,4,4,5,5,low_rating|few_reviews|no_size|material_unclear|blur_image|mismatch_title,eva,semi,yes_somewhat,better_rating,3,4
11,A,main_image|color_pattern|star_rating|review_count|material_word|magnets|imagine_look,reviews_photos|negative_reviews|bullets|size_specs|material_cert|zoom_images|qa,negative_reviews,not_buy,price_too_high|want_compare,yes_more,C,not_buy,price_suspicious|material|want_compare,B,add_cart,want_compare,C,reviews_trust|material,price_too_high,price_suspicious|brand,price_suspicious|brand,few_reviews|material|pack,few_reviews|look,few_reviews|size|material,page2,page1,price_value,reviews,4,5,4,2,4,5,5,4,low_rating|few_reviews|no_size|material_unclear|blur_image,eva,semi,yes_somewhat,lower_price,4,4
12,A,main_image|color_pattern|review_count|star_rating|material_word|magnets|imagine_look,reviews_photos|negative_reviews|bullets|material_cert|size_specs|zoom_images|qa|price_deal,negative_reviews,not_buy,price_too_high|want_compare,yes_more,B,not_buy,price_suspicious|material|want_compare,C,not_buy,price_suspicious|material|few_reviews|want_compare,A,price|timing,price_too_high,price_suspicious|material,price_suspicious|material|few_reviews,few_reviews|pack|material,look|transparency|brand|few_reviews,few_reviews|size|transparency,page2,page1,reviews,material,4,5,5,2,4,4,5,5,low_rating|few_reviews|no_size|material_unclear|blur_image|mismatch_title,eva,semi,yes_somewhat,better_rating,3,4
13,A,main_image|color_pattern|star_rating|review_count|material_word|magnets|imagine_look,reviews_photos|negative_reviews|bullets|size_specs|material_cert|qa|zoom_images|price_deal,negative_reviews,add_cart,price_too_high|want_compare,yes_more,C,not_buy,price_suspicious|material|few_reviews,E,not_buy,rating|few_reviews|transparency|brand,A,price|timing,fallback_favorite|price_too_high,price_suspicious|brand|material,price_suspicious|brand|few_reviews,few_reviews|material|pack,transparency|rating|few_reviews|brand,few_reviews|size|material,page2,page1,reviews,material,4,4,4,2,4,4,5,5,low_rating|few_reviews|no_size|material_unclear|blur_image|no_bullets|mismatch_title,eva,semi,yes_somewhat,better_rating,4,4
14,A,main_image|color_pattern|star_rating|review_count|material_word|imagine_look,reviews_photos|negative_reviews|bullets|size_specs|material_cert|zoom_images|price_deal,reviews_photos,not_buy,price_too_high|want_compare,yes_more,B,add_cart,price_suspicious|want_compare,C,add_cart,price_suspicious|few_reviews|want_compare,C,price|reviews_trust|material,price_too_high,price_suspicious|material,fallback_favorite|price_suspicious|few_reviews,few_reviews|material|pack,look|few_reviews,few_reviews|size|look,page2,page1,price_value,appearance,4,5,4,2,4,5,5,4,low_rating|few_reviews|no_size|material_unclear|blur_image|mismatch_title,eva,semi,yes_somewhat,better_value,4,4
15,A,main_image|color_pattern|star_rating|review_count|material_word|imagine_look,reviews_photos|negative_reviews|bullets|size_specs|material_cert|zoom_images|qa,reviews_photos,not_buy,price_too_high|want_compare,yes_more,B,not_buy,price_suspicious|material|want_compare,C,not_buy,few_reviews|price_suspicious|want_compare,A,price|timing,fallback_favorite|price_too_high,price_suspicious|material|brand,few_reviews|price_suspicious|brand,few_reviews|material|brand,few_reviews|look|brand,few_reviews|size|look,page2,page1,reviews,material,4,5,4,2,4,4,5,5,low_rating|few_reviews|no_size|material_unclear|blur_image|mismatch_title,eva,semi,yes_somewhat,better_rating,3,4
16,A,main_image|star_rating|review_count|material_word|magnets|imagine_look,reviews_photos|negative_reviews|bullets|size_specs|material_cert|qa|price_deal|zoom_images,negative_reviews,not_buy,price_too_high|want_compare,yes_more,C,not_buy,price_suspicious|brand|few_reviews|want_compare,B,not_buy,price_suspicious|brand|review_concern|want_compare,A,price|timing,fallback_favorite|price_too_high,price_suspicious|brand|review_concern,price_suspicious|brand|few_reviews,few_reviews|price_suspicious|material,few_reviews|look|brand,few_reviews|size|look|brand,page2,page1,reviews,material,4,5,4,2,4,4,5,5,low_rating|few_reviews|no_size|material_unclear|blur_image|no_bullets,eva,semi,yes_somewhat,better_rating,3,4
17,A,star_rating|review_count|material_word|main_image|magnets|right_size,reviews_photos|negative_reviews|bullets|size_specs|material_cert|zoom_images|qa,negative_reviews,not_buy,price_too_high|want_compare,yes_more,B,not_buy,price_suspicious|look|want_compare,E,not_buy,few_reviews|transparency|want_compare,A,price|reviews_trust|info_gap,fallback_favorite|price_too_high,price_suspicious|look,price_suspicious|look|few_reviews,few_reviews|material|pack,few_reviews|transparency,few_reviews|size|look,page2,page1,reviews,price_value,4,4,4,2,4,5,5,4,low_rating|no_size|material_unclear|blur_image,eva,semi,unlikely,better_rating,3,4
18,A,main_image|color_pattern|review_count|star_rating|material_word|imagine_look|magnets,reviews_photos|negative_reviews|bullets|material_cert|size_specs|zoom_images|qa,negative_reviews,not_buy,price_too_high|want_compare,yes_more,B,not_buy,price_suspicious|material|want_compare,C,not_buy,price_suspicious|brand|want_compare,A,price|timing,fallback_favorite|price_too_high,price_suspicious|look,price_suspicious|brand,few_reviews|pack|price_suspicious,look|few_reviews,few_reviews|size|material,page2,page1,reviews,price_value,4,5,4,2,4,4,5,4,low_rating|no_size|material_unclear|blur_image|mismatch_title,eva,semi,unlikely,better_rating,3,4
19,A,star_rating|review_count|main_image|material_word|imagine_look,reviews_photos|negative_reviews|bullets|size_specs|material_cert|zoom_images|qa,reviews_photos,add_cart,price_too_high|want_compare,yes_more,B,add_cart,price_suspicious|material|look|want_compare,C,add_cart,price_suspicious|brand|few_reviews|want_compare,A,price|timing,fallback_favorite|price_too_high,price_suspicious|material|look,price_suspicious|brand|few_reviews,few_reviews|pack|material,look|few_reviews|brand,few_reviews|size|material,page1,page1,reviews,material,4,5,4,2,4,5,5,5,low_rating|few_reviews|no_size|material_unclear|blur_image|no_bullets,eva,semi,no_effect,better_rating,3,4
20,A,main_image|color_pattern|star_rating|review_count|material_word|imagine_look,reviews_photos|negative_reviews|bullets|size_specs|material_cert|zoom_images|qa,negative_reviews,not_buy,price_too_high|want_compare,yes_more,B,not_buy,price_suspicious|look|want_compare,C,not_buy,price_suspicious|material|want_compare,A,price|timing|info_gap,fallback_favorite|price_too_high,price_suspicious|look,price_suspicious|material,few_reviews|pack|material,few_reviews|look|brand,few_reviews|size|transparency,page2,page1,material,reviews,4,5,4,2,4,3,5,5,low_rating|few_reviews|no_size|material_unclear|blur_image|mismatch_title,eva,semi,unlikely,better_rating,3,4
21,A,main_image|color_pattern|review_count|star_rating|imagine_look|material_word,reviews_photos|negative_reviews|bullets|size_specs|material_cert|zoom_images|price_deal,negative_reviews,not_buy,price_too_high|want_compare,yes_more,B,not_buy,price_suspicious|look,C,buy_now,no_concern,C,no_blocker,price_too_high|missing_magnet,price_suspicious|look,final_purchase,few_reviews|material,look|few_reviews,few_reviews|size,page2,page1,reviews,price_value,4,5,4,2,3,4,5,4,low_rating|no_size|material_unclear|blur_image|mismatch_title,eva,semi,yes_somewhat,better_rating,5,4
22,A,main_image|color_pattern|review_count|magnets|material_word|imagine_look,reviews_photos|negative_reviews|bullets|size_specs|material_cert|zoom_images,negative_reviews,not_buy,price_too_high|want_compare,yes_more,C,not_buy,price_suspicious|brand|material|want_compare,E,not_buy,few_reviews|brand|material|want_compare,A,price|timing,fallback_favorite|price_too_high,price_suspicious|brand|material|look,price_suspicious|brand|material,few_reviews|brand|pack|material,few_reviews|look|brand,few_reviews|size|look|brand,page2,page1,reviews,material,5,5,4,1,5,4,5,5,low_rating|few_reviews|no_size|material_unclear|blur_image|mismatch_title,eva,semi,unlikely,better_rating,3,4
23,A,review_count|star_rating|main_image|imagine_look|material_word,reviews_photos|negative_reviews|bullets|size_specs|material_cert|zoom_images|delivery_returns,negative_reviews,not_buy,price_too_high|want_compare|transparency,yes_more,C,not_buy,price_suspicious|brand|want_compare,E,not_buy,few_reviews|brand|want_compare,A,price|look_compromise|timing,fallback_favorite|price_too_high,price_suspicious|brand|look,price_suspicious|brand|look,few_reviews|brand|material|pack,few_reviews|brand|look,few_reviews|brand|size,page2,page1,reviews,price_value,4,5,4,2,4,4,5,4,low_rating|few_reviews|no_size|material_unclear|blur_image|mismatch_title,eva,semi,unlikely,better_rating,3,3
24,A,main_image|color_pattern|star_rating|review_count|material_word|imagine_look|right_size,reviews_photos|negative_reviews|bullets|size_specs|material_cert|zoom_images,negative_reviews,not_buy,price_too_high|want_compare,yes_more,C,not_buy,material|few_reviews|want_compare,B,not_buy,material|price_suspicious|want_compare,A,price|info_gap,fallback_favorite|price_too_high,price_suspicious|material|few_reviews,material|few_reviews,few_reviews|material|pack,look|few_reviews|brand,few_reviews|size|look,page2,page1,reviews,price_value,4,5,4,2,4,4,5,4,low_rating|no_size|material_unclear|blur_image|mismatch_title,eva,semi,yes_somewhat,better_rating,3,4
25,A,main_image|color_pattern|star_rating|review_count|material_word|magnets|imagine_look,reviews_photos|negative_reviews|bullets|size_specs|material_cert|zoom_images|qa,reviews_photos,add_cart,price_too_high|want_compare,yes_more,B,not_buy,price_suspicious|material|look|want_compare,C,not_buy,price_suspicious|few_reviews|brand|want_compare,A,price|timing,fallback_favorite|price_too_high,price_suspicious|material|look,price_suspicious|few_reviews|brand,few_reviews|pack|brand,look|few_reviews|brand,few_reviews|size|brand,page2,page1,reviews,material,5,5,4,2,4,5,5,5,low_rating|few_reviews|no_size|material_unclear|blur_image|no_bullets|brand_unfamiliar|mismatch_title,eva,semi,yes_somewhat,better_rating,4,4
26,A,main_image|color_pattern|review_count|material_word|imagine_look,negative_reviews|reviews_photos|bullets|material_cert|size_specs|zoom_images,negative_reviews,not_buy,price_too_high|want_compare,yes_more,C,not_buy,price_suspicious|material|brand|want_compare,E,not_buy,rating|few_reviews|transparency|want_compare,A,price|timing,fallback_favorite|price_too_high,price_suspicious|material|brand|review_concern,price_suspicious|material|brand,few_reviews|material|brand|pack,transparency|few_reviews|rating,few_reviews|size|brand|material,page2,page1,material,price_value,4,5,4,2,4,5,5,5,low_rating|no_size|material_unclear|blur_image|no_bullets,eva,semi,yes_somewhat,better_value,3,4
27,A,main_image|color_pattern|star_rating|review_count|material_word|imagine_look,reviews_photos|negative_reviews|bullets|size_specs|material_cert|zoom_images|qa,negative_reviews,not_buy,price_too_high|want_compare,yes_more,C,not_buy,price_suspicious|brand|few_reviews,E,not_buy,brand|few_reviews|look,A,price|timing,fallback_favorite|price_too_high,price_suspicious|brand|material,price_suspicious|brand|few_reviews,few_reviews|brand|pack,few_reviews|brand|look,few_reviews|size|brand,page2,page1,reviews,material,4,4,4,2,4,5,5,4,low_rating|few_reviews|no_size|material_unclear|blur_image|mismatch_title,eva,semi,yes_somewhat,better_rating,3,4
28,A,main_image|color_pattern|star_rating|review_count|material_word|imagine_look|magnets,reviews_photos|negative_reviews|bullets|size_specs|material_cert|zoom_images|qa,negative_reviews,not_buy,price_too_high|want_compare,yes_more,B,not_buy,look|price_suspicious|want_compare,C,not_buy,look|want_compare,A,price|timing,fallback_favorite|price_too_high,look|price_suspicious,look,few_reviews|material|pack,look|transparency|few_reviews,few_reviews|size|look,page2,page1,material,price_value,4,5,4,2,4,4,5,4,low_rating|few_reviews|no_size|material_unclear|blur_image|mismatch_title,eva,semi,yes_somewhat,better_value,2,4
29,A,main_image|star_rating|review_count|material_word|magnets|imagine_look|title_keyword,reviews_photos|negative_reviews|bullets|size_specs|material_cert|qa|price_deal|zoom_images,negative_reviews,not_buy,price_too_high|transparency|want_compare,yes_more,C,not_buy,price_suspicious|brand|material|want_compare,B,not_buy,price_suspicious|look|material|want_compare,A,price,fallback_favorite|price_too_high|transparency,price_suspicious|look|material,price_suspicious|brand|material,few_reviews|material|pack,look|few_reviews|transparency,few_reviews|size|material,page2,page1,reviews,material,4,5,4,2,4,4,5,4,low_rating|few_reviews|no_size|material_unclear|blur_image|mismatch_title,eva,semi,unlikely,better_rating,3,4
30,A,main_image|color_pattern|star_rating|review_count|magnets|material_word|imagine_look,reviews_photos|negative_reviews|bullets|size_specs|material_cert|zoom_images|qa,negative_reviews,add_cart,price_too_high|want_compare,yes_more,C,add_cart,price_suspicious|brand|want_compare,E,not_buy,few_reviews|material|brand|transparency,A,price|timing|look_compromise,fallback_favorite|price_too_high,price_suspicious|brand|look|few_reviews,price_suspicious|brand|few_reviews,few_reviews|pack|material|brand,few_reviews|transparency|brand|material,few_reviews|size|brand|look,page2,page1,reviews,material,4,5,4,2,4,4,5,5,low_rating|few_reviews|no_size|material_unclear|blur_image|no_bullets|mismatch_title,eva,semi,unlikely,better_rating,4,4
31,A,main_image|color_pattern|star_rating|review_count|material_word|magnets|imagine_look|right_size,reviews_photos|negative_reviews|bullets|size_specs|material_cert|zoom_images|price_deal,negative_reviews,not_buy,price_too_high|want_compare,yes_more,B,not_buy,price_suspicious|material|want_compare,C,not_buy,price_suspicious|material|few_reviews|want_compare,A,price,fallback_favorite|price_too_high,price_suspicious|material,price_suspicious|material|few_reviews,few_reviews|material|pack,look|few_reviews|brand,few_reviews|size|look,page2,page1,reviews,price_value,4,5,4,2,4,4,5,4,low_rating|few_reviews|no_size|material_unclear|blur_image|no_bullets|mismatch_title,eva,semi,yes_somewhat,better_value,3,4
32,A,main_image|color_pattern|star_rating|review_count|material_word|magnets|imagine_look,reviews_photos|negative_reviews|bullets|size_specs|material_cert|qa|price_deal|delivery_returns|zoom_images,negative_reviews,not_buy,price_too_high|want_compare,yes_more,C,not_buy,price_suspicious|material|want_compare,D,not_buy,few_reviews|material|rating,A,price|timing,fallback_favorite|price_too_high,price_suspicious|brand|material|transparency,price_suspicious|brand|material,few_reviews|material|pack,look|transparency|few_reviews|brand,few_reviews|size|material|brand,page2,page1,reviews,material,4,5,4,2,4,4,5,5,low_rating|no_size|material_unclear|blur_image|mismatch_title,eva,semi,yes_somewhat,better_rating,2,3
33,A,main_image,reviews_photos,reviews_photos,buy_now,no_concern,yes_more,A,skip_ordered,skip_ordered,A,skip_ordered,skip_ordered,A,no_blocker,final_purchase,final_purchase,final_purchase,final_purchase,final_purchase,final_purchase,page1,page1,price_value,price_value,3,3,3,3,3,3,3,3,low_rating,eva,fully_transparent,yes_strongly,lower_price,3,3
34,A,main_image|star_rating|review_count|material_word|magnets|right_size|imagine_look,reviews_photos|negative_reviews|bullets|size_specs|material_cert|qa|price_deal|zoom_images,negative_reviews,not_buy,price_too_high|want_compare,yes_more,C,not_buy,price_suspicious|brand|material,E,not_buy,look|transparency|few_reviews,A,price|timing,fallback_favorite|price_too_high,price_suspicious|brand|look|material,price_suspicious|brand|look|material,few_reviews|pack|material,look|transparency|few_reviews,few_reviews|size|look,page2,page1,reviews,price_value,4,4,4,2,4,5,5,5,low_rating|few_reviews|no_size|material_unclear|blur_image|mismatch_title,eva,semi,yes_somewhat,better_rating,2,3
35,A,main_image|color_pattern|star_rating|review_count|title_keyword|material_word|right_size|imagine_look,reviews_photos|negative_reviews|bullets|size_specs|material_cert|zoom_images|qa|price_deal,negative_reviews,add_cart,price_too_high|want_compare,yes_more,C,add_cart,price_suspicious|brand|want_compare,B,buy_now,no_concern,B,no_blocker,price_too_high,final_purchase,brand,few_reviews|material,look|few_reviews,few_reviews|size|transparency,page2,page1,reviews,price_value,4,5,4,2,4,5,5,4,low_rating|few_reviews|no_size|material_unclear|blur_image|mismatch_title,eva,semi,yes_somewhat,better_rating,5,4
36,A,main_image|color_pattern|star_rating|review_count|material_word|imagine_look,reviews_photos|negative_reviews|bullets|size_specs|material_cert|zoom_images,negative_reviews,not_buy,price_too_high|want_compare,yes_more,C,not_buy,price_suspicious|brand|few_reviews|want_compare,E,not_buy,rating|few_reviews|brand|want_compare,A,price|timing,fallback_favorite|price_too_high,price_suspicious|brand|look,price_suspicious|brand|few_reviews,few_reviews|pack|material,rating|few_reviews|brand,few_reviews|size|look,page2,page1,price_value,reviews,4,5,4,2,4,5,5,4,low_rating|no_size|material_unclear|blur_image|no_bullets,eva,semi,yes_somewhat,better_rating,3,4
37,A,main_image|color_pattern|star_rating|review_count|material_word|right_size|imagine_look,reviews_photos|negative_reviews|bullets|size_specs|material_cert|zoom_images|qa,negative_reviews,not_buy,price_too_high|want_compare,yes_more,C,not_buy,price_suspicious|material|want_compare,B,not_buy,price_suspicious|material|brand,A,price|material,fallback_favorite|price_too_high,price_suspicious|material|brand,price_suspicious|brand,few_reviews|pack|brand,look|few_reviews|brand,few_reviews|size|look,page2,page1,reviews,material,4,5,4,2,4,4,5,5,low_rating|few_reviews|material_unclear|blur_image|no_size,eva,semi,yes_somewhat,better_rating,3,4
38,A,main_image|color_pattern|star_rating|review_count|material_word|magnets|imagine_look,reviews_photos|negative_reviews|bullets|size_specs|material_cert|zoom_images|qa,reviews_photos,not_buy,price_too_high|want_compare,yes_more,C,not_buy,price_suspicious|brand|want_compare,B,not_buy,price_suspicious|brand|material|want_compare,A,price|info_gap,fallback_favorite|price_too_high,price_suspicious|brand|material,price_suspicious|brand,few_reviews|brand|material,look|brand|few_reviews,few_reviews|size|brand,page2,page1,material,reviews,4,5,4,2,4,4,5,5,low_rating|few_reviews|no_size|material_unclear|blur_image|mismatch_title,eva,semi,yes_somewhat,better_rating,3,4
39,A,review_count|star_rating|material_word|magnets|main_image|right_size,negative_reviews|reviews_photos|bullets|material_cert|size_specs|zoom_images|price_deal,negative_reviews,not_buy,price_too_high|want_compare,yes_more,C,not_buy,brand|material|few_reviews|want_compare,E,not_buy,few_reviews|brand|material,A,price|timing,fallback_favorite|price_too_high,brand|material|look,brand|few_reviews|material,few_reviews|material|pack,few_reviews|brand|look,few_reviews|size|look,page2,page1,reviews,material,4,5,4,2,4,4,5,5,low_rating|few_reviews|no_size|material_unclear|blur_image|no_bullets,eva,semi,yes_somewhat,better_rating,3,4
40,A,main_image|color_pattern|star_rating|review_count|material_word|imagine_look|magnets,reviews_photos|negative_reviews|bullets|material_cert|zoom_images|qa|size_specs,negative_reviews,not_buy,price_too_high|want_compare,yes_more,C,not_buy,price_suspicious|few_reviews|brand|want_compare,B,not_buy,price_suspicious|material|brand|want_compare,A,price|timing,fallback_favorite|price_too_high,price_suspicious|material|brand,price_suspicious|few_reviews|brand,few_reviews|material|pack,look|brand|few_reviews,few_reviews|size|look,page1,page1,reviews,material,4,5,4,2,4,4,5,5,low_rating|few_reviews|material_unclear|blur_image|no_bullets,eva,semi,yes_somewhat,better_rating,3,4
41,A,main_image|color_pattern|star_rating|review_count|material_word|imagine_look,reviews_photos|negative_reviews|bullets|size_specs|material_cert|zoom_images|qa,negative_reviews,not_buy,price_too_high|want_compare,yes_more,B,not_buy,price_suspicious|material|want_compare,C,not_buy,price_suspicious|few_reviews|want_compare,A,price|timing,fallback_favorite|price_too_high,price_suspicious|material|brand,price_suspicious|few_reviews|brand,few_reviews|pack|brand,look|few_reviews,few_reviews|size|look,page2,page1,material,reviews,4,5,4,2,4,4,5,5,low_rating|few_reviews|no_size|material_unclear|blur_image|mismatch_title,eva,semi,yes_somewhat,better_rating,3,4
42,A,main_image|color_pattern|star_rating|review_count|material_word|imagine_look|title_keyword,reviews_photos|negative_reviews|bullets|size_specs|material_cert|zoom_images|price_deal,negative_reviews,add_cart,price_too_high|want_compare,yes_more,B,not_buy,price_suspicious|material|want_compare,C,not_buy,price_suspicious|material|brand|want_compare,A,price|info_gap,fallback_favorite|price_too_high,price_suspicious|material|brand,price_suspicious|material|brand,few_reviews|material|pack,look|brand|few_reviews,few_reviews|size|brand,page2,page1,material,reviews,4,5,4,2,4,4,5,5,low_rating|few_reviews|no_size|material_unclear|blur_image|mismatch_title,eva,semi,yes_somewhat,better_rating,3,4
43,A,main_image|color_pattern|star_rating|review_count|magnets|material_word|imagine_look,reviews_photos|negative_reviews|bullets|size_specs|material_cert|zoom_images|qa,reviews_photos,not_buy,price_too_high|want_compare,yes_more,B,not_buy,price_suspicious|material|transparency,C,not_buy,price_suspicious|material|transparency|brand,A,price|timing,fallback_favorite|price_too_high,price_suspicious|material|transparency,price_suspicious|material|transparency|brand,few_reviews|material|pack,few_reviews|look|transparency,few_reviews|size|transparency|material,page2,page1,reviews,material,4,5,4,3,4,4,5,5,low_rating|few_reviews|no_size|material_unclear|blur_image|mismatch_title,eva,semi,yes_somewhat,better_rating,3,4
44,A,review_count|star_rating|material_word|magnets|title_keyword|imagine_look,negative_reviews|reviews_photos|bullets|material_cert|size_specs|zoom_images|qa,negative_reviews,not_buy,price_too_high|want_compare,yes_more,C,not_buy,price_suspicious|brand|material|want_compare,B,add_cart,no_concern,B,no_blocker,price_too_high|look,final_purchase,price_suspicious|brand|material,few_reviews|material|pack,look|few_reviews|transparency,size|few_reviews|look,page2,page1,reviews,price_value,4,5,4,2,4,5,5,4,low_rating|no_size|material_unclear|blur_image|mismatch_title,eva,semi,yes_somewhat,better_rating,5,4
45,A,main_image|color_pattern|review_count|material_word|imagine_look|star_rating,reviews_photos|negative_reviews|bullets|size_specs|material_cert|zoom_images|qa,negative_reviews,add_cart,price_too_high|want_compare,yes_more,C,add_cart,price_suspicious|brand|few_reviews|want_compare,B,add_cart,price_suspicious|material|want_compare,A,price|look_compromise,fallback_favorite|price_too_high,price_suspicious|brand,price_suspicious|brand|few_reviews,few_reviews|brand|pack|material,look|transparency|brand|few_reviews,few_reviews|size|brand|material,page2,page1,material,reviews,5,5,4,2,5,4,5,5,low_rating|few_reviews|no_size|material_unclear|blur_image|mismatch_title,eva,semi,unlikely,better_rating,4,4
46,A,main_image|color_pattern|star_rating|review_count|material_word|magnets|imagine_look,reviews_photos|negative_reviews|bullets|size_specs|material_cert|zoom_images,negative_reviews,not_buy,price_too_high|want_compare,yes_more,B,not_buy,material|review_concern|want_compare,C,not_buy,material|few_reviews|want_compare,A,price|timing,fallback_favorite|price_too_high,material|review_concern|brand,material|few_reviews|brand,few_reviews|pack|material,look|few_reviews|brand,few_reviews|size|brand,page2,page1,reviews,material,4,5,4,2,4,4,5,5,low_rating|few_reviews|no_size|material_unclear|blur_image|mismatch_title,eva,semi,unlikely,better_rating,3,4
47,A,star_rating|review_count|main_image|material_word|magnets|right_size,reviews_photos|negative_reviews|bullets|size_specs|material_cert|zoom_images|qa,negative_reviews,not_buy,price_too_high|want_compare,yes_more,C,add_cart,want_compare,B,add_cart,want_compare,C,timing|info_gap,price_too_high,final_purchase,fallback_favorite,few_reviews|brand,look|few_reviews|brand,few_reviews|size|brand,page2,page1,reviews,price_value,4,4,4,2,4,5,5,5,low_rating|few_reviews|no_size|material_unclear|blur_image|mismatch_title,eva,semi,yes_somewhat,better_rating,4,4
48,A,main_image|star_rating|review_count|material_word|right_size|imagine_look,reviews_photos|negative_reviews|bullets|size_specs|material_cert|zoom_images|qa,negative_reviews,not_buy,price_too_high|want_compare,yes_more,C,not_buy,brand|review_concern|want_compare,B,not_buy,material|brand|want_compare,A,price|reviews_trust,fallback_favorite|price_too_high,price_suspicious|material|brand,price_suspicious|brand,few_reviews|material|pack,look|few_reviews|brand,few_reviews|size|material,page2,page1,material,reviews,4,5,4,2,4,4,5,5,low_rating|few_reviews|no_size|material_unclear|blur_image|no_bullets|mismatch_title,eva,semi,unlikely,better_rating,3,4
49,A,main_image|color_pattern|review_count|material_word|magnets|imagine_look,reviews_photos|negative_reviews|bullets|size_specs|material_cert|zoom_images|price_deal,reviews_photos,not_buy,price_too_high|want_compare,yes_more,C,not_buy,price_suspicious|brand|want_compare,B,not_buy,price_suspicious|brand|material|want_compare,A,price|timing,fallback_favorite|price_too_high,price_suspicious|brand|material,price_suspicious|brand,few_reviews|brand|material|pack,look|brand|few_reviews,few_reviews|brand|size|look,page2,page1,reviews,price_value,4,5,4,2,4,5,5,4,low_rating|no_size|material_unclear|blur_image|no_bullets|mismatch_title,eva,semi,yes_somewhat,better_rating,3,4
50,A,review_count|star_rating|main_image|material_word|magnets|color_pattern,negative_reviews|reviews_photos|bullets|size_specs|material_cert|zoom_images|qa,negative_reviews,not_buy,price_too_high|want_compare,yes_more,C,not_buy,price_suspicious|brand|want_compare,B,not_buy,price_suspicious|brand|want_compare,A,price|info_gap,fallback_favorite|price_too_high,price_suspicious|brand|material,price_suspicious|brand|material,few_reviews|brand|material,few_reviews|look|brand,few_reviews|size|brand|material,page2,page1,reviews,material,5,4,4,2,5,4,5,5,low_rating|few_reviews|no_size|material_unclear|blur_image|no_bullets|mismatch_title,eva,semi,yes_somewhat,better_rating,3,4
51,A,main_image|color_pattern|star_rating|review_count|material_word|imagine_look|right_size,reviews_photos|negative_reviews|bullets|size_specs|material_cert|zoom_images|price_deal,negative_reviews,add_cart,price_too_high|want_compare,yes_more,B,not_buy,look|material|want_compare,C,not_buy,look|brand|want_compare,A,price|timing,fallback_favorite|price_too_high,look|material,look|brand,few_reviews|material,look|rating,few_reviews|size,page2,page1,reviews,price_value,4,5,4,2,4,4,5,4,low_rating|few_reviews|no_size|material_unclear|blur_image,eva,semi,yes_somewhat,better_rating,3,3
52,A,main_image|color_pattern|star_rating|review_count|material_word|imagine_look,reviews_photos|negative_reviews|bullets|material_cert|zoom_images|qa,negative_reviews,not_buy,price_too_high|want_compare,yes_more,C,not_buy,price_suspicious|material|few_reviews|want_compare,E,not_buy,look|transparency|material|want_compare,A,price|timing|look_compromise,fallback_favorite|price_too_high,price_suspicious|material,price_suspicious|material|few_reviews,few_reviews|material|pack,transparency|look|material,few_reviews|size|material,page1,page1,reviews,material,4,5,4,2,4,4,5,5,low_rating|few_reviews|no_size|material_unclear|blur_image|no_bullets,eva,semi,neutral,better_rating,3,4
53,A,star_rating|review_count|material_word|magnets|title_keyword,negative_reviews|reviews_photos|material_cert|size_specs|bullets|zoom_images,negative_reviews,not_buy,price_too_high|want_compare,yes_more,C,not_buy,few_reviews|brand|want_compare,E,not_buy,few_reviews|rating|brand,A,price,fallback_favorite|price_too_high,price_suspicious|material|brand,brand|few_reviews|material,few_reviews|material|pack,few_reviews|rating|brand,few_reviews|size|material|look,page2,page1,reviews,material,4,4,4,2,4,4,5,5,low_rating|few_reviews|no_size|material_unclear|blur_image|mismatch_title,eva,semi,yes_somewhat,better_rating,3,4
54,A,main_image|color_pattern|star_rating|review_count|material_word|imagine_look|right_size,reviews_photos|negative_reviews|bullets|size_specs|material_cert|zoom_images|delivery_returns,reviews_photos,not_buy,price_too_high|want_compare,yes_more,C,not_buy,price_suspicious|brand|want_compare,E,add_cart,few_reviews|want_compare,A,price,fallback_favorite|price_too_high,price_suspicious|brand|look,brand|price_suspicious|look,few_reviews|material|pack|look,few_reviews|brand,few_reviews|size|look,page2,page1,reviews,price_value,4,5,4,2,4,4,5,5,low_rating|few_reviews|no_size|material_unclear|blur_image|no_bullets,eva,semi,yes_somewhat,better_rating,3,4
55,A,main_image|color_pattern|star_rating|review_count|title_keyword|material_word|imagine_look,reviews_photos|negative_reviews|bullets|size_specs|material_cert|zoom_images|qa,reviews_photos,not_buy,price_too_high|want_compare,yes_more,B,add_cart,want_compare,C,not_buy,few_reviews|look|want_compare,B,timing|look_compromise,price_too_high,fallback_favorite,few_reviews|look,few_reviews|pack|material,look|few_reviews,few_reviews|size|look,page2,page1,price_value,reviews,4,5,4,2,4,5,5,4,low_rating|few_reviews|no_size|material_unclear|blur_image|no_bullets,eva,semi,yes_somewhat,lower_price,4,4
56,A,main_image|color_pattern|review_count|star_rating|imagine_look|magnets|material_word,reviews_photos|negative_reviews|bullets|size_specs|material_cert|price_deal|zoom_images,negative_reviews,not_buy,price_too_high|want_compare,yes_more,C,not_buy,price_suspicious|brand|want_compare,B,not_buy,price_suspicious|material|want_compare,A,price|timing,price_too_high,price_suspicious|material|brand,price_suspicious|brand,few_reviews|material|pack,look|brand|few_reviews,few_reviews|size|look,page2,page1,price_value,reviews,4,5,4,2,4,5,5,4,low_rating|few_reviews|no_size|material_unclear|blur_image,eva,semi,yes_somewhat,better_rating,3,4
57,A,main_image|star_rating|review_count|material_word|magnets|imagine_look,reviews_photos|negative_reviews|bullets|size_specs|material_cert|zoom_images|delivery_returns,negative_reviews,not_buy,price_too_high|want_compare,yes_more,C,not_buy,price_suspicious|want_compare,E,not_buy,few_reviews|material|want_compare,A,price|timing,fallback_favorite|price_too_high,price_suspicious|look|brand,price_suspicious|brand|few_reviews,few_reviews|material|pack,few_reviews|material|brand,few_reviews|size|transparency,page2,page1,reviews,material,4,5,4,2,4,4,5,4,low_rating|few_reviews|no_size|material_unclear|blur_image|mismatch_title,eva,blackout,neutral,better_rating,3,4
58,A,main_image|color_pattern|star_rating|review_count|material_word|imagine_look|right_size,reviews_photos|negative_reviews|bullets|size_specs|material_cert|zoom_images|qa,negative_reviews,add_cart,price_too_high|want_compare,yes_more,C,not_buy,price_suspicious|material|brand|transparency|want_compare,E,not_buy,rating|few_reviews|brand|transparency|want_compare,A,price|timing,fallback_favorite|price_too_high,price_suspicious|material|brand|look|transparency,price_suspicious|material|brand|transparency,few_reviews|material|brand|pack|look,rating|few_reviews|brand|transparency,few_reviews|material|brand|size|look,page2,page1,reviews,material,4,4,4,2,4,3,5,5,low_rating|few_reviews|no_size|material_unclear|blur_image,eva,semi,unlikely,better_rating,3,4
59,A,main_image|color_pattern|star_rating|review_count|material_word|imagine_look|magnets,reviews_photos|negative_reviews|bullets|size_specs|material_cert|qa|zoom_images,negative_reviews,not_buy,price_too_high|want_compare,yes_more,C,not_buy,price_suspicious|few_reviews,B,not_buy,price_suspicious|material,A,price|timing,fallback_favorite|price_too_high,price_suspicious|material|brand,price_suspicious|few_reviews|brand,few_reviews|material|pack,look|few_reviews|brand,few_reviews|size|material,page2,page1,price_value,reviews,4,5,4,2,4,5,5,4,low_rating|few_reviews|no_size|material_unclear|blur_image|no_bullets,eva,semi,yes_somewhat,better_rating,3,4
60,A,main_image|color_pattern|star_rating|review_count|magnets|material_word|imagine_look,reviews_photos|negative_reviews|bullets|size_specs|material_cert|qa|zoom_images,negative_reviews,not_buy,price_too_high|want_compare,yes_more,C,not_buy,price_suspicious|few_reviews|want_compare,B,not_buy,price_suspicious|look|want_compare,A,price|look_compromise,fallback_favorite|price_too_high,price_suspicious|look,price_suspicious|few_reviews,few_reviews|material,look|few_reviews,few_reviews|size,page2,page1,reviews,price_value,4,5,4,2,4,4,5,5,low_rating|few_reviews|no_size|material_unclear|blur_image|mismatch_title,eva,semi,unlikely,better_rating,3,4
61,A,star_rating|review_count|material_word|magnets|right_size|imagine_look,reviews_photos|negative_reviews|bullets|size_specs|material_cert|qa|zoom_images,negative_reviews,not_buy,price_too_high|want_compare,yes_more,C,not_buy,price_suspicious|few_reviews|brand|want_compare,E,not_buy,few_reviews|brand|transparency|want_compare,A,price|timing,fallback_favorite|price_too_high,price_suspicious|brand|material|few_reviews,price_suspicious|brand|few_reviews|material,few_reviews|brand|material,few_reviews|brand|transparency|look,few_reviews|brand|size|material,page2,page1,reviews,price_value,4,4,4,2,4,4,5,5,low_rating|few_reviews|no_size|material_unclear|blur_image|mismatch_title,eva,semi,unlikely,better_rating,3,4
62,A,main_image|color_pattern|star_rating|review_count|material_word|imagine_look|magnets,reviews_photos|negative_reviews|bullets|size_specs|material_cert|zoom_images|qa,reviews_photos,not_buy,price_too_high|want_compare,yes_more,B,not_buy,look|material|want_compare,E,not_buy,few_reviews|transparency|want_compare,A,price|timing,fallback_favorite|price_too_high,price_suspicious|look|material,price_suspicious|look|few_reviews,few_reviews|pack|material,few_reviews|transparency|brand,few_reviews|size|look,page2,page1,price_value,reviews,4,5,4,2,4,5,5,4,low_rating|few_reviews|no_size|material_unclear|blur_image|mismatch_title,eva,semi,unlikely,better_rating,3,3
63,A,main_image|color_pattern|star_rating|review_count|magnets|material_word|right_size|imagine_look,negative_reviews|reviews_photos|bullets|size_specs|material_cert|zoom_images|qa,negative_reviews,add_cart,price_too_high|want_compare,yes_more,B,not_buy,price_suspicious|material|brand|want_compare,C,buy_now,no_concern,C,no_blocker,price_too_high,price_suspicious|material|brand,final_purchase,few_reviews|material|pack,look|transparency|few_reviews,few_reviews|size|material,page2,page1,reviews,price_value,4,4,4,2,5,4,5,4,low_rating|few_reviews|no_size|material_unclear|blur_image|mismatch_title,eva,semi,unlikely,better_rating,5,4
64,A,main_image|color_pattern|star_rating|review_count|material_word|imagine_look|magnets,reviews_photos|negative_reviews|bullets|size_specs|material_cert|zoom_images|qa,reviews_photos,not_buy,price_too_high|want_compare,yes_more,B,add_cart,want_compare,C,buy_now,skip_ordered,C,no_blocker,price_too_high,final_purchase,final_purchase,few_reviews|material,look|few_reviews,few_reviews|size|transparency,page2,page1,price_value,reviews,4,5,4,3,4,5,5,4,low_rating|few_reviews|no_size|material_unclear|blur_image,eva,semi,yes_somewhat,lower_price,5,4
65,A,review_count|star_rating|material_word|magnets|main_image,negative_reviews|reviews_photos|bullets|size_specs|material_cert|zoom_images|qa,negative_reviews,not_buy,price_too_high|transparency|want_compare,yes_more,C,not_buy,brand|price_suspicious|material|look|transparency,B,not_buy,price_suspicious|material|brand|look|transparency|few_reviews,A,price|timing,fallback_favorite|price_too_high,price_suspicious|material|brand|look|transparency|few_reviews,price_suspicious|material|brand|look|transparency,few_reviews|material|brand|pack|price_suspicious,look|material|few_reviews|transparency,few_reviews|size|material|brand|transparency,page2,page1,reviews,material,4,4,4,2,4,5,5,5,low_rating|few_reviews|material_unclear|blur_image|mismatch_title,eva,semi,yes_somewhat,better_rating,3,4
66,A,main_image|color_pattern|star_rating|review_count|imagine_look|material_word,reviews_photos|negative_reviews|bullets|size_specs|material_cert|zoom_images|price_deal|qa,reviews_photos,not_buy,price_too_high|want_compare,yes_more,C,not_buy,price_suspicious|material|want_compare,B,not_buy,look|want_compare,A,price|look_compromise,fallback_favorite|price_too_high,look|price_suspicious,price_suspicious|material,few_reviews|price_suspicious,look|brand|few_reviews,few_reviews|size|material,page2,page1,appearance,reviews,4,5,4,2,4,4,5,4,low_rating|few_reviews|no_size|material_unclear|blur_image|mismatch_title,eva,semi,yes_somewhat,better_look,3,4
67,A,review_count|star_rating|material_word|magnets|color_pattern|right_size,negative_reviews|reviews_photos|bullets|size_specs|material_cert|zoom_images|price_deal,negative_reviews,not_buy,price_too_high|want_compare,yes_more,B,not_buy,look|transparency|want_compare,C,not_buy,look|transparency|want_compare,A,price|timing,fallback_favorite|price_too_high,look|transparency,look|transparency,few_reviews|material|pack,look|transparency,few_reviews|size|material,page2,page1,reviews,price_value,4,4,4,2,4,4,5,4,low_rating|few_reviews|material_unclear|blur_image|no_bullets,eva,semi,unlikely,better_rating,3,4
68,A,main_image|color_pattern|star_rating|review_count|material_word|imagine_look|magnets,reviews_photos|negative_reviews|bullets|size_specs|material_cert|zoom_images|qa,reviews_photos,not_buy,price_too_high|want_compare,yes_more,B,add_cart,want_compare,C,not_buy,look|want_compare,B,no_blocker,price_too_high,final_purchase,look,few_reviews|pack,look|few_reviews,few_reviews|size,page2,page1,price_value,reviews,4,5,4,2,4,5,5,4,low_rating|few_reviews|no_size|material_unclear|blur_image|no_bullets,eva,semi,unlikely,better_value,5,4
69,A,main_image|star_rating|review_count|material_word|magnets|right_size|imagine_look,reviews_photos|negative_reviews|bullets|size_specs|material_cert|qa|zoom_images,negative_reviews,not_buy,price_too_high|want_compare,yes_more,C,not_buy,price_suspicious|material|brand|want_compare,E,not_buy,few_reviews|look|transparency|want_compare,A,price|timing,fallback_favorite|price_too_high,brand|look,price_suspicious|brand|material,few_reviews|pack|material,few_reviews|look|transparency,few_reviews|size|look,page2,page1,reviews,material,4,5,4,2,4,4,5,5,low_rating|few_reviews|no_size|material_unclear|blur_image|mismatch_title,eva,semi,unlikely,better_rating,3,4
70,A,main_image|color_pattern|star_rating|review_count|material_word|imagine_look,reviews_photos|negative_reviews|bullets|size_specs|material_cert|zoom_images,negative_reviews,not_buy,price_too_high|want_compare,yes_more,B,not_buy,price_suspicious|material,C,not_buy,price_suspicious|material|few_reviews,A,price|timing,fallback_favorite|price_too_high,price_suspicious|material,price_suspicious|material|few_reviews,few_reviews|pack,look|brand|few_reviews,size|few_reviews|material,page2,page1,reviews,material,4,5,4,2,4,4,5,5,low_rating|few_reviews|no_size|material_unclear|blur_image|mismatch_title,eva,semi,neutral,better_rating,3,4
71,A,main_image|color_pattern|star_rating|review_count|material_word|magnets|imagine_look,reviews_photos|negative_reviews|bullets|size_specs|material_cert|zoom_images|qa,negative_reviews,not_buy,price_too_high|want_compare,yes_more,B,not_buy,price_suspicious|material|want_compare,C,not_buy,price_suspicious|material|want_compare,A,price|timing,fallback_favorite|price_too_high,price_suspicious|material,price_suspicious|material,few_reviews|material,few_reviews|look,few_reviews|size|look,page2,page1,reviews,material,4,5,4,2,4,4,5,4,low_rating|no_size|material_unclear|blur_image|mismatch_title,eva,semi,yes_somewhat,better_rating,3,4
72,A,main_image|color_pattern|star_rating|review_count|material_word|imagine_look|magnets,reviews_photos|negative_reviews|bullets|size_specs|material_cert|zoom_images|qa,negative_reviews,not_buy,price_too_high|want_compare,yes_more,C,not_buy,price_suspicious|material|transparency|want_compare,E,not_buy,few_reviews|brand|rating|want_compare,A,price|timing|info_gap,price_too_high,price_suspicious|material|look|transparency,price_suspicious|material|transparency|brand,few_reviews|material|pack|brand,few_reviews|brand|rating,few_reviews|size|material|brand,page2,page1,reviews,material,4,5,4,2,4,3,5,5,low_rating|few_reviews|no_size|material_unclear|blur_image|no_bullets|mismatch_title,eva,semi,yes_somewhat,better_rating,3,4
73,C,main_image|color_pattern|price|star_rating|review_count|magnets|material_word|right_size|imagine_look,reviews_photos|negative_reviews|bullets|size_specs|material_cert|qa|zoom_images|price_deal,negative_reviews,add_cart,want_compare|price_suspicious,yes_more,A,not_buy,price_too_high|transparency|want_compare,B,not_buy,price_suspicious|material|want_compare,C,price|reviews_trust|timing|material,price_too_high|transparency,price_suspicious|material|look,fallback_favorite|price_suspicious|material,few_reviews|pack|material,look|few_reviews|transparency,few_reviews|size|transparency,page2,page1,reviews,price_value,4,5,4,2,4,4,5,5,low_rating|few_reviews|no_size|material_unclear|blur_image|no_bullets|mismatch_title,eva,semi,unlikely,better_rating,4,4
74,A,main_image|color_pattern|star_rating|review_count|material_word|imagine_look,reviews_photos|negative_reviews|bullets|size_specs|material_cert|zoom_images|price_deal,reviews_photos,add_cart,price_too_high|want_compare,yes_more,B,add_cart,price_suspicious|want_compare,C,not_buy,brand|few_reviews|want_compare,A,price|timing,fallback_favorite|price_too_high,price_suspicious|brand,brand|few_reviews,few_reviews|pack,look|material,few_reviews|size,page2,page1,reviews,price_value,4,5,4,2,4,4,5,4,low_rating|no_size|material_unclear|blur_image,eva,semi,yes_somewhat,better_rating,3,4
75,A,main_image|color_pattern|star_rating|review_count|material_word|magnets|imagine_look,reviews_photos|negative_reviews|bullets|size_specs|material_cert|zoom_images,negative_reviews,not_buy,price_too_high|want_compare,yes_more,B,not_buy,want_compare|material,C,not_buy,want_compare|few_reviews,B,material|info_gap,price_too_high,fallback_favorite|material,few_reviews,few_reviews|material,look|few_reviews,few_reviews|size,page1,page1,price_value,reviews,4,5,4,2,4,5,5,4,low_rating|few_reviews|no_size|material_unclear|blur_image,eva,semi,unlikely,better_value,4,4
76,A,star_rating|review_count|material_word|magnets|title_keyword,reviews_photos|negative_reviews|bullets|size_specs|material_cert|zoom_images,negative_reviews,not_buy,price_too_high|want_compare,yes_more,C,not_buy,price_suspicious|material|brand|transparency,E,not_buy,few_reviews|brand|look|want_compare,A,price|look_compromise,fallback_favorite|price_too_high|look,price_suspicious|material|transparency|brand,price_suspicious|material|brand|transparency,few_reviews|material|pack|look,few_reviews|brand|look,few_reviews|size|transparency|brand,page2,page1,reviews,material,4,5,4,2,4,4,5,5,low_rating|few_reviews|no_size|material_unclear|blur_image|mismatch_title,eva,semi,yes_somewhat,better_rating,3,4
77,A,main_image|color_pattern|star_rating|review_count|material_word|magnets|imagine_look,reviews_photos|negative_reviews|bullets|size_specs|material_cert|qa|zoom_images,negative_reviews,not_buy,price_too_high|want_compare,yes_more,C,not_buy,price_suspicious|material|brand|want_compare,B,not_buy,price_suspicious|material|brand|want_compare,A,price|info_gap,fallback_favorite|price_too_high,price_suspicious|material|brand,price_suspicious|material|brand,few_reviews|material|pack,look|brand|few_reviews,few_reviews|size|material,page2,page1,reviews,price_value,4,5,4,2,4,4,5,4,low_rating|no_size|material_unclear|blur_image|mismatch_title,eva,semi,yes_somewhat,better_rating,3,4
78,A,main_image|color_pattern|star_rating|review_count|material_word|imagine_look|magnets,reviews_photos|negative_reviews|bullets|material_cert|size_specs|zoom_images|qa,reviews_photos,not_buy,price_too_high|want_compare,yes_more,C,not_buy,price_suspicious|few_reviews|want_compare,B,not_buy,look|want_compare,A,price|timing,fallback_favorite|price_too_high,price_suspicious|look,price_suspicious|few_reviews,few_reviews|material,look|few_reviews,size|few_reviews|material,page2,page1,material,reviews,4,5,4,3,4,4,5,5,low_rating|no_size|material_unclear|blur_image|no_bullets,eva,semi,yes_somewhat,better_rating,3,4
79,A,main_image|color_pattern|star_rating|review_count|material_word|imagine_look|magnets,reviews_photos|negative_reviews|bullets|size_specs|material_cert|zoom_images|price_deal,reviews_photos,add_cart,price_too_high|want_compare,yes_more,B,add_cart,price_suspicious|material|want_compare,C,not_buy,look|few_reviews|want_compare,A,price,fallback_favorite|price_too_high,price_suspicious|material|look,look|few_reviews,few_reviews|material|pack,look|brand|few_reviews,few_reviews|size|look,page2,page1,reviews,price_value,4,5,4,2,4,5,5,4,low_rating|few_reviews|no_size|material_unclear|blur_image|mismatch_title,eva,semi,yes_somewhat,better_rating,3,4
80,A,main_image|color_pattern|star_rating|review_count|material_word|imagine_look|right_size,reviews_photos|negative_reviews|bullets|size_specs|material_cert|zoom_images|price_deal,reviews_photos,not_buy,price_too_high|want_compare,yes_more,B,not_buy,look|want_compare,E,not_buy,few_reviews|transparency|want_compare,A,price|timing,fallback_favorite|price_too_high,look,look,few_reviews|pack,few_reviews|transparency,few_reviews|size,page1,page1,reviews,price_value,4,5,4,3,4,4,5,4,low_rating|few_reviews|no_size|material_unclear|blur_image|mismatch_title,eva,semi,unlikely,better_value,3,4
81,A,main_image|review_count|star_rating|material_word|magnets|imagine_look,reviews_photos|negative_reviews|bullets|size_specs|material_cert|zoom_images|qa,negative_reviews,not_buy,price_too_high|want_compare,yes_more,C,not_buy,price_suspicious|material|want_compare,B,not_buy,price_suspicious|material|want_compare,A,price,fallback_favorite|price_too_high,price_suspicious|material,price_suspicious|material,few_reviews|material,look|few_reviews,few_reviews|size,page2,page1,material,price_value,4,5,4,2,4,4,5,5,low_rating|few_reviews|no_size|material_unclear|blur_image,eva,semi,yes_somewhat,better_value,3,4
82,A,main_image|color_pattern|star_rating|review_count|material_word|magnets|imagine_look|right_size,negative_reviews|reviews_photos|bullets|material_cert|size_specs|zoom_images|qa,negative_reviews,not_buy,price_too_high|want_compare,yes_more,C,not_buy,price_suspicious|material|want_compare,E,not_buy,look|few_reviews|want_compare,A,price|timing,fallback_favorite|price_too_high,price_suspicious|material|look,price_suspicious|material|brand,few_reviews|material|pack,look|few_reviews,few_reviews|size|look,page2,page1,material,reviews,4,5,4,2,4,4,5,5,low_rating|few_reviews|no_size|material_unclear|blur_image,eva,semi,yes_somewhat,better_rating,4,4
83,A,main_image|color_pattern|review_count|star_rating|material_word|imagine_look,reviews_photos|negative_reviews|bullets|size_specs|material_cert|zoom_images|price_deal,reviews_photos,not_buy,price_too_high|want_compare,yes_more,B,add_cart,want_compare,C,not_buy,few_reviews|look|want_compare,B,timing,price_too_high,final_purchase,few_reviews|look,few_reviews|material,few_reviews|look,few_reviews|size,page2,page1,reviews,price_value,4,5,4,2,4,5,5,4,low_rating|few_reviews|no_size|material_unclear|blur_image|mismatch_title,eva,semi,yes_somewhat,better_function,5,4
84,B,color_pattern|price|review_count|magnets|material_word|imagine_look,reviews_photos|negative_reviews|bullets|size_specs|material_cert|zoom_images,negative_reviews,add_cart,price_suspicious|want_compare,yes_more,A,not_buy,price_too_high|transparency,C,not_buy,look|want_compare,B,reviews_trust|material,price_too_high|transparency,fallback_favorite,look,few_reviews|material,look|few_reviews,few_reviews|size,page1,page1,price_value,reviews,4,5,4,2,4,5,4,4,low_rating|few_reviews|no_size|material_unclear|blur_image|mismatch_title,eva,semi,unlikely,better_function,4,4
85,A,main_image|color_pattern|star_rating|review_count|material_word|right_size|imagine_look,reviews_photos|negative_reviews|bullets|size_specs|material_cert|qa|zoom_images|price_deal,negative_reviews,not_buy,price_too_high|want_compare,yes_more,C,not_buy,price_suspicious|brand|want_compare,E,not_buy,few_reviews|brand|want_compare,A,price|timing,fallback_favorite|price_too_high,price_suspicious|brand,price_suspicious|brand,few_reviews|brand|pack,few_reviews|brand|look,few_reviews|size|brand,page2,page1,price_value,reviews,4,5,4,2,4,5,5,4,low_rating|few_reviews|no_size|material_unclear|blur_image|mismatch_title,eva,semi,yes_somewhat,better_value,3,4
86,A,main_image|color_pattern|star_rating|review_count|material_word|imagine_look|right_size,reviews_photos|negative_reviews|bullets|size_specs|material_cert|zoom_images|qa,negative_reviews,not_buy,price_too_high|want_compare,yes_more,C,not_buy,price_suspicious|material|few_reviews|want_compare,E,not_buy,few_reviews|rating|brand|transparency|want_compare,A,price|timing,fallback_favorite|price_too_high,price_suspicious|material|look,price_suspicious|material|few_reviews,few_reviews|material|pack,few_reviews|brand|transparency,few_reviews|size|look,page2,page1,reviews,material,4,5,4,2,4,4,5,5,low_rating|few_reviews|no_size|material_unclear|blur_image,eva,semi,unlikely,better_rating,3,4
87,A,main_image|star_rating|review_count|material_word|imagine_look|magnets,reviews_photos|negative_reviews|bullets|size_specs|material_cert|zoom_images|qa,negative_reviews,not_buy,price_too_high|want_compare,yes_more,C,not_buy,price_suspicious|few_reviews|want_compare,B,not_buy,look|want_compare,A,price|timing,fallback_favorite|price_too_high,look|price_suspicious,price_suspicious|few_reviews,few_reviews|pack|material,look|few_reviews,few_reviews|size|look,page2,page1,reviews,price_value,4,5,4,2,4,4,5,5,low_rating|few_reviews|no_size|material_unclear|blur_image|mismatch_title,eva,semi,unlikely,better_rating,3,4
88,A,main_image|color_pattern|star_rating|review_count|material_word|imagine_look|title_keyword,reviews_photos|negative_reviews|bullets|material_cert|size_specs|zoom_images|price_deal,negative_reviews,not_buy,price_too_high|want_compare,yes_more,B,add_cart,price_suspicious|material|want_compare,C,not_buy,few_reviews|material|price_suspicious|want_compare,A,price|timing,fallback_favorite|price_too_high,price_suspicious|material|review_concern,price_suspicious|brand|few_reviews,few_reviews|material,look|transparency|few_reviews,few_reviews|size|look,page2,page1,material,price_value,4,5,4,2,4,5,5,5,low_rating|few_reviews|no_size|material_unclear|blur_image|brand_unfamiliar,eva,semi,yes_somewhat,better_value,3,4
89,C,star_rating|review_count|price|magnets|material_word|right_size,negative_reviews|reviews_photos|bullets|size_specs|material_cert|zoom_images,negative_reviews,not_buy,price_suspicious|material|want_compare,yes_more,A,not_buy,price_too_high|look|want_compare,E,not_buy,few_reviews|transparency|want_compare,A,price|look_compromise|timing,fallback_favorite|price_too_high|look,price_suspicious|material|look,price_suspicious|material|look,few_reviews|material|pack,few_reviews|transparency,few_reviews|size|look,page2,page1,reviews,material,4,5,4,2,4,4,5,4,low_rating|few_reviews|no_size|material_unclear|blur_image|mismatch_title,eva,semi,yes_somewhat,better_rating,3,4
90,A,main_image|color_pattern|review_count|star_rating|material_word|imagine_look|magnets,reviews_photos|negative_reviews|bullets|material_cert|size_specs|zoom_images|price_deal,negative_reviews,add_cart,want_compare|price_too_high,yes_more,C,add_cart,review_concern|brand|want_compare,B,not_buy,price_suspicious|look|material|brand,A,price|timing,fallback_favorite|price_too_high,price_suspicious|look|brand,brand|review_concern,few_reviews|material|brand,look|transparency|few_reviews,few_reviews|size|material|brand,page2,page1,reviews,material,4,5,4,2,4,4,5,5,low_rating|no_size|material_unclear|blur_image|mismatch_title,eva,semi,unlikely,better_rating,4,4
91,A,main_image|color_pattern|star_rating|review_count|material_word|imagine_look,reviews_photos|negative_reviews|bullets|size_specs|material_cert|zoom_images,reviews_photos,not_buy,price_too_high|want_compare,yes_more,B,not_buy,look|want_compare,C,not_buy,few_reviews|want_compare,A,price|reviews_trust,fallback_favorite|price_too_high,look|price_suspicious,few_reviews|price_suspicious,few_reviews|material|pack,look|few_reviews,few_reviews|size|transparency,page2,page1,price_value,reviews,4,5,4,3,4,5,5,4,low_rating|few_reviews|no_size|material_unclear|blur_image|no_bullets,eva,semi,yes_somewhat,better_rating,3,4
92,A,main_image|color_pattern|star_rating|review_count|material_word|imagine_look|magnets,reviews_photos|negative_reviews|bullets|size_specs|material_cert|zoom_images|price_deal,negative_reviews,not_buy,price_too_high|want_compare,yes_more,B,not_buy,price_suspicious|material|want_compare,C,not_buy,price_suspicious|material|look|want_compare,A,price|info_gap,fallback_favorite|price_too_high,price_suspicious|material|review_concern,price_suspicious|material|look,few_reviews|material|pack,look|few_reviews,few_reviews|size|material,page2,page1,material,price_value,4,5,4,2,4,5,5,5,low_rating|few_reviews|no_size|material_unclear|blur_image|mismatch_title,eva,semi,yes_somewhat,better_value,3,4
93,A,main_image|color_pattern|star_rating|review_count|title_keyword|material_word|magnets|imagine_look|right_size,reviews_photos|negative_reviews|bullets|size_specs|material_cert|qa|zoom_images|price_deal,negative_reviews,not_buy,price_too_high|want_compare,yes_more,C,not_buy,price_suspicious|brand|want_compare,B,not_buy,price_suspicious|look|brand|want_compare,A,price|timing,fallback_favorite|price_too_high,price_suspicious|look|brand,price_suspicious|brand,few_reviews|material|pack|brand,look|few_reviews|transparency|brand,few_reviews|size|look|brand,page2,page1,material,reviews,4,5,4,2,4,4,5,5,low_rating|few_reviews|no_size|material_unclear|blur_image|mismatch_title,eva,semi,unlikely,better_rating,3,4
94,A,main_image|color_pattern|review_count|material_word|imagine_look|right_size|magnets,reviews_photos|negative_reviews|bullets|size_specs|material_cert|zoom_images|qa,negative_reviews,not_buy,price_too_high|transparency|want_compare,yes_more,C,not_buy,price_suspicious|material|few_reviews|want_compare,E,not_buy,rating|review_concern|material|few_reviews|want_compare,A,price|look_compromise|timing,fallback_favorite|price_too_high,price_suspicious|material|look,price_suspicious|material|few_reviews,few_reviews|pack|price_suspicious,rating|few_reviews|review_concern,few_reviews|size|look,page2,page1,material,reviews,4,5,4,2,4,4,5,5,low_rating|few_reviews|material_unclear|blur_image|mismatch_title,eva,semi,neutral,better_rating,3,4
95,E,main_image|material_word|magnets|imagine_look|right_size,bullets|size_specs|material_cert|negative_reviews|reviews_photos|zoom_images,material_cert,not_buy,few_reviews|want_compare|rating,yes_more,A,not_buy,price_too_high|look|want_compare,B,not_buy,price_suspicious|look|want_compare,E,reviews_trust|timing,price_too_high|look,price_suspicious|look,price_suspicious|look|few_reviews,few_reviews|pack|price_suspicious,fallback_favorite|few_reviews|rating,few_reviews|size|look,page2,page1,material,reviews,4,4,4,2,4,3,5,5,low_rating|no_size|material_unclear|blur_image|no_bullets,eva,blackout,unlikely,better_rating,4,4
96,A,star_rating|review_count|material_word|magnets|imagine_look,reviews_photos|negative_reviews|bullets|size_specs|material_cert|zoom_images,negative_reviews,not_buy,price_too_high|want_compare,yes_more,C,not_buy,price_suspicious|want_compare,B,add_cart,no_concern,B,reviews_trust|material,price_too_high,fallback_favorite,price_suspicious|few_reviews,few_reviews|material,few_reviews|look,few_reviews|size,page2,page1,reviews,price_value,4,5,4,2,4,4,5,4,low_rating|few_reviews|no_size|material_unclear|blur_image|mismatch_title,eva,semi,yes_somewhat,better_rating,4,4
97,A,main_image|color_pattern|star_rating|review_count|material_word|right_size|imagine_look,reviews_photos|negative_reviews|bullets|size_specs|material_cert|zoom_images,reviews_photos,add_cart,price_too_high|want_compare,yes_more,C,not_buy,look|price_suspicious|material,B,not_buy,look|price_suspicious|material,A,price|timing,fallback_favorite|price_too_high,look|price_suspicious|material,look|price_suspicious|material,few_reviews|material|pack,look|few_reviews|material,few_reviews|size|look,page2,page1,price_value,appearance,4,5,4,2,4,4,5,4,low_rating|few_reviews|no_size|material_unclear|blur_image|no_bullets,eva,semi,unlikely,better_value,3,4
98,A,main_image|color_pattern|review_count|material_word|imagine_look|right_size,reviews_photos|negative_reviews|bullets|material_cert|size_specs|zoom_images|price_deal,reviews_photos,add_cart,price_too_high|want_compare,yes_more,B,add_cart,price_suspicious|material|want_compare,E,not_buy,few_reviews|brand|transparency,A,price|timing,fallback_favorite|price_too_high,price_suspicious|material,price_suspicious|look,few_reviews|pack,few_reviews|brand|transparency,few_reviews|size|look,page2,page1,reviews,price_value,4,5,4,2,4,4,5,4,low_rating|few_reviews|no_size|material_unclear|blur_image,eva,semi,yes_somewhat,better_rating,3,4
99,A,review_count|star_rating|material_word|main_image|title_keyword,negative_reviews|reviews_photos|material_cert|bullets|size_specs|zoom_images,negative_reviews,not_buy,price_too_high|transparency|want_compare,yes_more,C,not_buy,price_suspicious|brand|material|want_compare,E,not_buy,few_reviews|brand|material|look,A,price|timing|look_compromise,fallback_favorite|price_too_high,price_suspicious|brand|material|look,price_suspicious|brand|material,few_reviews|brand|material,few_reviews|brand|material|look,few_reviews|brand|size|material,page2,page1,material,reviews,4,5,4,2,5,4,5,5,low_rating|few_reviews|no_size|material_unclear|blur_image|mismatch_title,eva,semi,unlikely,better_function,3,4
100,A,main_image|color_pattern|star_rating|review_count|material_word|right_size|imagine_look,reviews_photos|negative_reviews|bullets|size_specs|material_cert|zoom_images|price_deal,reviews_photos,not_buy,price_too_high|want_compare,yes_more,C,not_buy,price_suspicious|material|want_compare,B,not_buy,price_suspicious|look|want_compare,A,price|timing,fallback_favorite|price_too_high,price_suspicious|look,price_suspicious,few_reviews|material|pack,look|brand|transparency,few_reviews|size|look,page2,page1,reviews,price_value,4,5,4,2,4,5,5,4,low_rating|no_size|material_unclear|blur_image|mismatch_title,eva,semi,yes_somewhat,better_rating,2,4
101,A,main_image|color_pattern|star_rating|review_count|material_word|imagine_look|magnets,reviews_photos|negative_reviews|bullets|size_specs|material_cert|zoom_images|price_deal,negative_reviews,add_cart,price_too_high|want_compare,yes_more,B,add_cart,want_compare|material,C,not_buy,few_reviews|want_compare|material,A,price|timing,fallback_favorite|price_too_high,material|price_suspicious,few_reviews|material,few_reviews|pack,look|few_reviews,few_reviews|size,page2,page1,reviews,price_value,4,5,4,2,4,5,5,4,low_rating|few_reviews|no_size|material_unclear|blur_image|mismatch_title,eva,semi,yes_somewhat,better_rating,3,3
102,A,main_image|color_pattern|star_rating|review_count|material_word|imagine_look,reviews_photos|negative_reviews|bullets|size_specs|material_cert|zoom_images|price_deal|delivery_returns,negative_reviews,not_buy,price_too_high|want_compare,yes_more,C,not_buy,price_suspicious|review_concern|want_compare,B,not_buy,material|look|want_compare,A,price,fallback_favorite|price_too_high,price_suspicious|material|look,price_suspicious|review_concern,few_reviews|material|pack,look|few_reviews|transparency,few_reviews|size|look,page2,page1,reviews,material,4,5,4,2,4,4,5,4,low_rating|no_size|material_unclear|blur_image|mismatch_title,eva,semi,yes_somewhat,better_value,3,4
103,A,review_count|star_rating|material_word|magnets|main_image|right_size,negative_reviews|reviews_photos|material_cert|bullets|size_specs|zoom_images|qa,negative_reviews,not_buy,price_too_high|want_compare,yes_more,C,not_buy,price_suspicious|brand|few_reviews|want_compare,E,not_buy,brand|rating|few_reviews|transparency|want_compare,A,price|info_gap,fallback_favorite|price_too_high,brand|price_suspicious|material|info_incomplete,brand|price_suspicious|few_reviews|material,few_reviews|pack|material|brand,brand|rating|transparency|few_reviews,few_reviews|size|brand|material,page2,page1,material,reviews,4,4,4,2,5,3,5,5,low_rating|few_reviews|no_size|material_unclear|blur_image|mismatch_title,eva,semi,unlikely,better_rating,3,4
104,A,main_image|review_count|star_rating|material_word|magnets|right_size|imagine_look,negative_reviews|reviews_photos|bullets|size_specs|material_cert|qa|zoom_images,negative_reviews,not_buy,price_too_high|want_compare,yes_more,C,not_buy,price_suspicious|brand|want_compare,E,not_buy,few_reviews|rating|want_compare,A,price,fallback_favorite|price_too_high,price_suspicious|brand|transparency,price_suspicious|brand|look,few_reviews|pack|look,few_reviews|brand|look,few_reviews|size|transparency,page2,page1,reviews,material,4,4,4,2,4,4,5,5,low_rating|few_reviews|no_size|material_unclear|blur_image|no_bullets|mismatch_title,eva,semi,neutral,better_rating,3,3
105,A,main_image|color_pattern|material_word|magnets|imagine_look,reviews_photos|negative_reviews|bullets|material_cert|size_specs|zoom_images|qa,negative_reviews,not_buy,price_too_high|want_compare,yes_more,B,not_buy,price_suspicious|material|want_compare,E,not_buy,few_reviews|brand|want_compare,A,price|timing,fallback_favorite|price_too_high,price_suspicious|material,price_suspicious|brand,few_reviews|pack,few_reviews|look,few_reviews|size,page2,page1,material,price_value,4,5,4,2,4,4,5,5,low_rating|few_reviews|no_size|material_unclear|blur_image|mismatch_title,eva,semi,unlikely,better_function,3,4
106,A,review_count|star_rating|material_word|magnets|right_size|title_keyword,material_cert|bullets|size_specs|negative_reviews|reviews_photos|zoom_images|qa,material_cert,not_buy,price_too_high|want_compare,yes_more,C,not_buy,price_suspicious|material|brand|want_compare,E,not_buy,few_reviews|brand|transparency|info_incomplete,A,price,fallback_favorite|price_too_high,price_suspicious|brand|look,price_suspicious|brand|material,few_reviews|material|pack,few_reviews|brand|transparency,few_reviews|size|material,page1,page1,material,reviews,4,4,4,2,4,4,5,5,low_rating|few_reviews|no_size|material_unclear|blur_image|mismatch_title,eva,semi,unlikely,better_rating,3,4
107,A,main_image|color_pattern|review_count|star_rating|magnets|material_word|imagine_look|right_size,reviews_photos|negative_reviews|bullets|size_specs|material_cert|qa|price_deal|zoom_images,negative_reviews,not_buy,price_too_high|want_compare|transparency|other,yes_more,C,not_buy,price_suspicious|few_reviews|material|want_compare,D,not_buy,few_reviews|material|info_incomplete|want_compare,A,price|look_compromise|info_gap,fallback_favorite|price_too_high|transparency,price_suspicious|few_reviews|material|look,price_suspicious|few_reviews|material,few_reviews|material|info_incomplete|pack,few_reviews|look|transparency|brand,few_reviews|size|material|look,page2,page2,reviews,price_value,5,5,4,2,4,5,5,5,low_rating|few_reviews|no_size|material_unclear|blur_image|no_bullets|mismatch_title,eva,semi,yes_somewhat,better_rating,3,4
108,A,main_image|color_pattern|star_rating|review_count|material_word|imagine_look|magnets,reviews_photos|negative_reviews|bullets|size_specs|material_cert|zoom_images|qa,negative_reviews,not_buy,price_too_high|want_compare,yes_more,C,not_buy,price_suspicious|few_reviews|brand,B,not_buy,price_suspicious|brand|look,A,price|timing,fallback_favorite|price_too_high,price_suspicious|brand|look,price_suspicious|brand|few_reviews,few_reviews|material|pack,look|few_reviews|brand,few_reviews|size|material,page2,page1,reviews,material,4,4,4,2,4,4,5,4,low_rating|few_reviews|no_size|material_unclear|blur_image|no_bullets,eva,semi,yes_somewhat,better_rating,4,3
109,C,color_pattern|price|star_rating|review_count|imagine_look|magnets,reviews_photos|negative_reviews|bullets|size_specs|material_cert|zoom_images|qa,negative_reviews,add_cart,want_compare|brand,yes_more,A,not_buy,price_too_high,B,add_cart,want_compare,C,brand|reviews_trust,price_too_high,final_purchase,fallback_favorite,few_reviews|material,look|few_reviews,few_reviews|size,page2,page1,reviews,price_value,4,5,4,2,4,5,5,4,low_rating|no_size|material_unclear|blur_image|few_reviews,eva,semi,yes_somewhat,better_rating,5,4
110,A,main_image|color_pattern|review_count|star_rating|material_word|magnets|right_size|imagine_look,reviews_photos|negative_reviews|bullets|size_specs|material_cert|zoom_images|qa,negative_reviews,not_buy,price_too_high|want_compare,yes_more,C,not_buy,price_suspicious|material|want_compare,B,not_buy,price_suspicious|look|material,A,price|timing,fallback_favorite|price_too_high,price_suspicious|look|material|brand,price_suspicious|material|brand,few_reviews|material|pack|brand,look|transparency|few_reviews|brand,few_reviews|size|look|brand,page2,page1,material,reviews,4,5,4,2,4,3,5,5,low_rating|few_reviews|material_unclear|blur_image|mismatch_title,eva,semi,unlikely,better_rating,3,4
111,A,main_image|color_pattern|star_rating|review_count|material_word|magnets|imagine_look,reviews_photos|negative_reviews|bullets|size_specs|material_cert|zoom_images|qa,negative_reviews,add_cart,want_compare,yes_more,C,not_buy,price_suspicious|material|brand|want_compare,B,not_buy,price_suspicious|material|look|want_compare,A,price|timing|look_compromise,fallback_favorite|price_too_high,price_suspicious|material|look,price_suspicious|material|brand,few_reviews|material|pack|brand,look|few_reviews|brand,few_reviews|size|look|brand,page2,page1,reviews,material,4,5,4,2,4,4,5,4,low_rating|few_reviews|no_size|material_unclear|blur_image,eva,semi,yes_somewhat,better_value,3,4
112,A,main_image|color_pattern|review_count|star_rating|material_word|imagine_look,reviews_photos|negative_reviews|bullets|size_specs|material_cert|zoom_images|qa,reviews_photos,not_buy,price_too_high|want_compare,yes_more,B,add_cart,price_suspicious,E,not_buy,few_reviews|brand|transparency,B,reviews_trust,price_too_high|missing_magnet,fallback_favorite|price_suspicious,price_suspicious|brand,few_reviews|material,few_reviews|transparency|brand,few_reviews|size|look,page2,page1,magnet,price_value,4,5,4,2,4,5,5,4,low_rating|few_reviews|no_size|material_unclear|blur_image|mismatch_title,eva,semi,yes_somewhat,better_function,4,4
113,A,main_image|color_pattern|review_count|material_word|imagine_look,reviews_photos|negative_reviews|bullets|material_cert|zoom_images|size_specs,reviews_photos,not_buy,price_too_high|want_compare,yes_more,B,not_buy,price_suspicious|want_compare,C,not_buy,want_compare,A,price,fallback_favorite|price_too_high,price_suspicious,price_suspicious,few_reviews|pack,look|few_reviews,few_reviews|size,page2,page1,price_value,reviews,4,5,4,2,4,5,5,4,low_rating|few_reviews|no_size|material_unclear|blur_image|mismatch_title,eva,semi,yes_somewhat,lower_price,3,4
114,A,main_image|color_pattern|review_count|star_rating|material_word|magnets|imagine_look,reviews_photos|negative_reviews|bullets|size_specs|material_cert|zoom_images|qa,reviews_photos,add_cart,price_too_high|want_compare,yes_more,B,not_buy,price_suspicious|material|want_compare,C,not_buy,price_suspicious|material|few_reviews|want_compare,A,price|timing,fallback_favorite|price_too_high,price_suspicious|material,price_suspicious|material|few_reviews,few_reviews|material,look|few_reviews,few_reviews|size,page2,page1,reviews,material,4,5,4,2,4,5,5,4,low_rating|few_reviews|material_unclear|blur_image|no_size,eva,semi,yes_somewhat,better_rating,4,4
115,A,main_image|color_pattern|star_rating|review_count|material_word|imagine_look|title_keyword,reviews_photos|negative_reviews|bullets|size_specs|material_cert|zoom_images|price_deal|qa,negative_reviews,add_cart,price_too_high|want_compare,yes_more,B,add_cart,want_compare,C,buy_now,no_concern,C,no_blocker,price_too_high,final_purchase,final_purchase,few_reviews|pack,look|few_reviews|transparency,few_reviews|size|look,page2,page1,reviews,price_value,4,4,4,2,4,5,5,4,low_rating|few_reviews|no_size|material_unclear|blur_image|mismatch_title,eva,semi,yes_somewhat,better_rating,5,4
116,A,main_image|color_pattern|star_rating|review_count|material_word|imagine_look|right_size,reviews_photos|negative_reviews|bullets|size_specs|material_cert|qa|zoom_images|price_deal,negative_reviews,add_cart,price_too_high|want_compare,yes_more,C,add_cart,want_compare|brand,B,not_buy,look|want_compare,A,price|timing,fallback_favorite|price_too_high,look|brand,brand,few_reviews|material,look|few_reviews,few_reviews|size,page2,page1,reviews,price_value,5,5,5,2,5,4,5,4,low_rating|few_reviews|no_size|material_unclear|blur_image|mismatch_title,eva,semi,yes_somewhat,better_rating,3,4
117,A,main_image|color_pattern|star_rating|review_count|material_word|imagine_look,reviews_photos|negative_reviews|bullets|size_specs|material_cert|zoom_images,negative_reviews,not_buy,price_too_high|want_compare,yes_more,C,not_buy,price_suspicious|brand|want_compare,E,not_buy,few_reviews|brand,A,price,fallback_favorite|price_too_high,price_suspicious|brand|look,price_suspicious|brand,few_reviews|brand,few_reviews|brand|look,few_reviews|brand|size,page2,page1,reviews,price_value,4,5,4,2,3,4,5,4,low_rating|few_reviews|no_size|material_unclear|blur_image,eva,semi,yes_somewhat,better_rating,3,4
118,A,main_image|color_pattern|material_word|review_count|star_rating|imagine_look|magnets,reviews_photos|negative_reviews|bullets|size_specs|material_cert|zoom_images|qa,negative_reviews,not_buy,price_too_high|want_compare,yes_more,C,not_buy,price_suspicious|brand|want_compare,B,add_cart,want_compare,A,price,fallback_favorite|price_too_high,price_suspicious|brand,price_suspicious|brand,few_reviews|material,look|few_reviews,few_reviews|size,page2,page1,reviews,price_value,4,5,4,2,4,4,5,4,low_rating|few_reviews|no_size|material_unclear|blur_image|no_bullets|mismatch_title,eva,semi,yes_somewhat,better_rating,4,5
119,A,main_image|color_pattern|review_count|material_word|imagine_look|star_rating,reviews_photos|negative_reviews|bullets|size_specs|material_cert|zoom_images|qa,negative_reviews,not_buy,price_too_high|want_compare,yes_more,B,not_buy,price_suspicious|material|look|want_compare,C,not_buy,price_suspicious|few_reviews|material|want_compare,A,price|timing|look_compromise,fallback_favorite|price_too_high|look|pack,price_suspicious|material|look|transparency,price_suspicious|few_reviews|material|transparency,few_reviews|rating|pack|material,look|few_reviews|brand,few_reviews|size|look|material,page2,page1,reviews,price_value,4,5,4,2,4,5,5,4,low_rating|few_reviews|no_size|material_unclear|blur_image|mismatch_title,eva,semi,yes_somewhat,better_rating,3,4
120,A,main_image|color_pattern|star_rating|review_count|material_word|imagine_look|magnets,reviews_photos|negative_reviews|bullets|size_specs|material_cert|zoom_images|qa,negative_reviews,add_cart,price_too_high|want_compare,yes_more,B,add_cart,material|look|want_compare,C,not_buy,look|few_reviews|brand|want_compare,A,price|timing,fallback_favorite|price_too_high,material|look,look|few_reviews|brand,few_reviews|material|pack,look|few_reviews|transparency,few_reviews|size|material|look,page2,page1,material,reviews,4,5,4,2,4,4,5,5,low_rating|few_reviews|no_size|material_unclear|blur_image|mismatch_title,eva,semi,unlikely,better_rating,2,4
121,B,main_image|color_pattern|price|star_rating|review_count|title_keyword|magnets|material_word|right_size|imagine_look,reviews_photos|negative_reviews|bullets|size_specs|material_cert|zoom_images|price_deal|qa,reviews_photos,add_cart,want_compare,yes_more,A,not_buy,price_too_high|transparency|want_compare,C,add_cart,want_compare,B,timing|look_compromise,price_too_high|transparency|pack,fallback_favorite,price_suspicious|brand,few_reviews|material|pack,look|transparency|brand,few_reviews|size|material,page2,page1,price_value,reviews,4,5,4,2,4,5,5,4,low_rating|few_reviews|no_size|material_unclear|blur_image|mismatch_title,eva,semi,unlikely,better_value,4,4
122,A,main_image|color_pattern|review_count|material_word|magnets|imagine_look,reviews_photos|negative_reviews|bullets|material_cert|zoom_images|qa,material_cert,not_buy,price_too_high|material|want_compare,yes_more,B,not_buy,price_suspicious|material|want_compare,C,not_buy,price_suspicious|material|few_reviews,A,price|material,fallback_favorite|price_too_high,price_suspicious|material,price_suspicious|material|few_reviews,few_reviews|material|pack,look|brand|few_reviews,few_reviews|size|transparency,page1,page1,material,price_value,4,5,4,2,4,5,5,5,few_reviews|no_size|material_unclear|blur_image|mismatch_title,eva,semi,yes_somewhat,better_function,3,4
123,A,main_image|color_pattern|star_rating|review_count|material_word|imagine_look|right_size,reviews_photos|negative_reviews|bullets|size_specs|material_cert|qa|price_deal|zoom_images,negative_reviews,not_buy,price_too_high|want_compare,yes_more,C,not_buy,few_reviews|brand|price_suspicious,B,not_buy,brand|price_suspicious|want_compare,A,price|timing,fallback_favorite|price_too_high,brand|price_suspicious|few_reviews,brand|price_suspicious|few_reviews,few_reviews|brand|pack,look|brand|few_reviews,few_reviews|brand|size|transparency,page2,page1,reviews,price_value,4,5,4,2,4,4,5,5,low_rating|few_reviews|no_size|material_unclear|blur_image|mismatch_title,eva,semi,unlikely,better_rating,3,3
124,A,main_image|color_pattern|star_rating|review_count|imagine_look|magnets|material_word,reviews_photos|negative_reviews|bullets|material_cert|size_specs|zoom_images|price_deal,reviews_photos,not_buy,price_too_high|want_compare,yes_more,B,not_buy,look|material|want_compare,C,not_buy,price_suspicious|few_reviews|brand|want_compare,A,price|timing,fallback_favorite|price_too_high,look|material,price_suspicious|brand|few_reviews,few_reviews|material,look|few_reviews,few_reviews|size|look,page2,page1,price_value,reviews,4,5,4,2,4,5,5,4,low_rating|few_reviews|no_size|material_unclear|blur_image,eva,semi,yes_somewhat,better_value,3,4
125,A,main_image|color_pattern|star_rating|review_count|material_word|imagine_look|magnets,reviews_photos|negative_reviews|bullets|size_specs|material_cert|price_deal|zoom_images,negative_reviews,not_buy,price_too_high|want_compare,yes_more,C,not_buy,price_suspicious|brand|want_compare,B,not_buy,price_suspicious|material|want_compare,A,price|timing,fallback_favorite|price_too_high,price_suspicious|brand|transparency,price_suspicious|brand|transparency,few_reviews|brand|pack,look|few_reviews|brand,few_reviews|size|material|brand,page2,page1,reviews,material,4,5,4,2,4,3,5,5,low_rating|no_size|material_unclear|blur_image|mismatch_title,eva,semi,yes_somewhat,better_rating,3,4
126,A,main_image|color_pattern|star_rating|review_count|material_word|imagine_look|right_size,reviews_photos|negative_reviews|bullets|size_specs|material_cert|qa|zoom_images,negative_reviews,not_buy,price_too_high|want_compare,yes_more,C,not_buy,price_suspicious|material|want_compare,D,not_buy,few_reviews|material|info_incomplete,A,price,fallback_favorite|price_too_high,price_suspicious|material|brand,price_suspicious|material|brand,few_reviews|material|brand,look|few_reviews|brand,few_reviews|size|brand,page2,page1,reviews,material,4,5,4,2,5,4,5,5,low_rating|few_reviews|no_size|material_unclear|blur_image|mismatch_title,eva,semi,yes_somewhat,better_rating,3,4
127,A,main_image|color_pattern|star_rating|review_count|material_word|right_size|imagine_look|magnets,reviews_photos|negative_reviews|bullets|size_specs|material_cert|zoom_images|qa|price_deal,reviews_photos,add_cart,price_too_high|want_compare,yes_more,B,add_cart,price_suspicious|want_compare,C,add_cart,price_suspicious|few_reviews|want_compare,B,price|material|reviews_trust,price_too_high,fallback_favorite|price_suspicious,price_suspicious|few_reviews,few_reviews|pack,look|few_reviews,few_reviews|size|transparency,page2,page1,reviews,price_value,4,5,4,2,4,5,5,4,low_rating|few_reviews|no_size|material_unclear|blur_image|no_bullets,eva,semi,yes_somewhat,better_rating,4,4
128,A,review_count|star_rating|material_word|magnets|imagine_look|main_image,reviews_photos|negative_reviews|bullets|size_specs|material_cert|qa|zoom_images|price_deal,negative_reviews,not_buy,price_too_high|want_compare,yes_more,B,add_cart,want_compare|material,C,add_cart,want_compare|material,C,reviews_trust|material,price_too_high,material,material,few_reviews|material,few_reviews|look,few_reviews|size,page2,page1,reviews,price_value,4,4,4,2,4,5,5,5,low_rating|few_reviews|material_unclear|blur_image|no_size|mismatch_title,eva,semi,unlikely,better_rating,4,4
129,B,main_image|color_pattern|price|star_rating|review_count|magnets|material_word|imagine_look,reviews_photos|negative_reviews|bullets|size_specs|material_cert|zoom_images|price_deal,reviews_photos,add_cart,want_compare,yes_more,C,add_cart,want_compare,A,not_buy,price_too_high|transparency,C,timing|reviews_trust,price_too_high|transparency,review_concern,fallback_favorite,few_reviews|material,look|few_reviews,few_reviews|size|look,page2,page1,price_value,reviews,4,5,4,2,4,5,5,4,low_rating|few_reviews|no_size|material_unclear|blur_image|mismatch_title,eva,semi,yes_somewhat,better_rating,4,3
130,A,main_image|color_pattern|star_rating|review_count|material_word|imagine_look|right_size,reviews_photos|negative_reviews|bullets|size_specs|material_cert|zoom_images|qa,negative_reviews,not_buy,price_too_high|want_compare,yes_more,C,not_buy,price_suspicious|brand|few_reviews|want_compare,B,not_buy,price_suspicious|material|brand|want_compare,A,price|timing,price_too_high|fallback_favorite,price_suspicious|brand|material,price_suspicious|brand|few_reviews,few_reviews|brand|material|pack,brand|look|few_reviews,few_reviews|size|brand|look,page2,page1,reviews,material,4,5,4,2,4,4,5,5,low_rating|few_reviews|no_size|material_unclear|blur_image|mismatch_title,eva,semi,yes_somewhat,better_rating,3,4
131,A,main_image|color_pattern|star_rating|review_count|magnets|right_size|imagine_look,reviews_photos|negative_reviews|bullets|size_specs|material_cert|zoom_images,negative_reviews,not_buy,price_too_high|want_compare,yes_more,B,not_buy,price_suspicious|want_compare,C,not_buy,want_compare,A,price|timing,price_too_high,price_suspicious,price_suspicious,few_reviews|pack,look|brand,few_reviews|size,page2,page1,reviews,price_value,4,5,4,2,4,4,5,4,low_rating|few_reviews|no_size|material_unclear|blur_image|no_bullets,eva,semi,unlikely,better_rating,3,4
132,A,main_image|color_pattern|star_rating|review_count|material_word|imagine_look|magnets,reviews_photos|negative_reviews|bullets|size_specs|material_cert|zoom_images|qa,negative_reviews,not_buy,price_too_high|want_compare,yes_more,C,not_buy,price_suspicious|few_reviews|brand|want_compare,B,not_buy,price_suspicious|material|brand|want_compare,A,price|timing,fallback_favorite|price_too_high,price_suspicious|brand|material,price_suspicious|brand|few_reviews,few_reviews|brand|pack,look|brand|few_reviews,size|few_reviews|transparency|brand,page2,page1,reviews,material,4,5,4,2,5,4,5,5,low_rating|no_size|material_unclear|blur_image|mismatch_title,eva,semi,unlikely,better_rating,3,4
133,A,main_image|color_pattern|star_rating|review_count|magnets|material_word|imagine_look,reviews_photos|negative_reviews|bullets|size_specs|material_cert|zoom_images|qa,negative_reviews,not_buy,price_too_high|want_compare,yes_more,C,not_buy,price_suspicious|material|transparency|want_compare,E,not_buy,few_reviews|transparency|brand|want_compare,A,price|look_compromise,fallback_favorite|price_too_high,price_suspicious|material|transparency,price_suspicious|material|transparency,few_reviews|material|pack,few_reviews|transparency|brand,few_reviews|size|brand,page2,page1,reviews,price_value,4,5,4,2,4,5,5,4,low_rating|few_reviews|no_size|material_unclear|blur_image,eva,semi,yes_somewhat,lower_price,3,4
134,C,main_image|color_pattern|price|star_rating|magnets|material_word|right_size|imagine_look,reviews_photos|negative_reviews|bullets|size_specs|material_cert|zoom_images|price_deal,reviews_photos,add_cart,few_reviews|want_compare,yes_more,A,not_buy,price_too_high|look|want_compare,B,not_buy,look|want_compare,C,reviews_trust|timing,price_too_high|look,look,fallback_favorite,few_reviews|material,look|few_reviews,few_reviews|size|look,page2,page1,price_value,reviews,4,5,4,2,4,5,5,4,low_rating|few_reviews|no_size|material_unclear|blur_image|no_bullets,eva,semi,yes_somewhat,better_value,5,4
135,A,main_image|color_pattern|star_rating|review_count|material_word|imagine_look,reviews_photos|negative_reviews|bullets|size_specs|material_cert|zoom_images|qa,negative_reviews,not_buy,price_too_high|want_compare,yes_more,C,not_buy,price_suspicious|brand|few_reviews|material,E,not_buy,look|few_reviews|brand,A,price|timing,fallback_favorite|price_too_high,price_suspicious|brand|material,price_suspicious|brand|few_reviews,few_reviews|material|pack,few_reviews|brand|look,few_reviews|size|brand,page2,page1,reviews,price_value,4,4,4,2,4,5,5,4,low_rating|material_unclear|blur_image|mismatch_title,eva,semi,yes_somewhat,better_rating,3,4
136,C,main_image|color_pattern|price|star_rating|magnets|material_word|right_size|imagine_look,reviews_photos|negative_reviews|bullets|size_specs|material_cert|zoom_images|qa,negative_reviews,add_cart,want_compare,yes_more,D,not_buy,few_reviews|material,B,not_buy,want_compare,C,timing|reviews_trust,price_too_high,final_purchase,fallback_favorite,few_reviews|material,look|few_reviews,few_reviews|size,page1,page1,price_value,reviews,4,5,4,2,4,5,5,4,low_rating|few_reviews|no_size|material_unclear|blur_image|no_bullets,eva,semi,yes_somewhat,better_rating,4,3
137,A,main_image|color_pattern|star_rating|review_count|material_word|imagine_look|magnets,reviews_photos|negative_reviews|bullets|material_cert|size_specs|zoom_images|price_deal,reviews_photos,add_cart,price_too_high|want_compare,yes_more,C,not_buy,price_suspicious|look|material|want_compare,B,not_buy,price_suspicious|look|material|want_compare,A,price|timing,fallback_favorite|price_too_high,price_suspicious|look|material,price_suspicious|look|material,few_reviews|material|pack,look|few_reviews|rating,few_reviews|size|material,page2,page1,material,price_value,4,5,4,2,3,5,5,5,low_rating|few_reviews|no_size|material_unclear|blur_image,eva,semi,yes_somewhat,lower_price,3,4
138,A,star_rating|review_count|material_word|magnets|main_image|imagine_look,negative_reviews|reviews_photos|material_cert|size_specs|bullets|zoom_images|qa,negative_reviews,not_buy,price_too_high|want_compare,yes_more,C,not_buy,price_suspicious|look|want_compare,E,not_buy,few_reviews|brand|price_suspicious,A,price|info_gap,fallback_favorite|price_too_high,price_suspicious|brand|look,price_suspicious|look,few_reviews|material|brand,few_reviews|brand|look,few_reviews|size|price_suspicious,page2,page1,reviews,material,4,5,4,2,4,4,5,5,low_rating|few_reviews|no_size|material_unclear|blur_image|mismatch_title,eva,semi,unlikely,better_rating,3,4
139,A,main_image|star_rating|review_count|material_word|magnets|imagine_look,reviews_photos|negative_reviews|bullets|size_specs|material_cert|zoom_images|qa,negative_reviews,add_cart,price_too_high|want_compare,yes_more,B,add_cart,want_compare,C,not_buy,look|want_compare,B,no_blocker,price_too_high,final_purchase,look,few_reviews|material,few_reviews|look,few_reviews|size,page2,page1,reviews,price_value,4,5,4,2,4,5,5,4,low_rating|few_reviews|no_size|material_unclear|blur_image|mismatch_title,eva,semi,unlikely,better_value,5,4
140,A,main_image|review_count|star_rating|material_word|magnets|imagine_look,reviews_photos|negative_reviews|bullets|size_specs|material_cert|zoom_images|qa,negative_reviews,add_cart,price_too_high|want_compare,yes_more,C,add_cart,want_compare|look,E,not_buy,few_reviews|transparency,C,timing|reviews_trust|brand,price_too_high|fallback_favorite,look|price_suspicious,fallback_favorite|brand,few_reviews|material|pack,few_reviews|transparency|rating,few_reviews|size|material,page2,page1,reviews,price_value,4,5,4,2,4,5,5,4,low_rating|few_reviews|no_size|material_unclear|blur_image|no_bullets|mismatch_title,eva,semi,yes_somewhat,better_rating,4,3
141,A,main_image|color_pattern|star_rating|review_count|material_word|magnets|imagine_look,reviews_photos|negative_reviews|bullets|material_cert|size_specs|zoom_images,negative_reviews,add_cart,price_too_high|want_compare,yes_more,B,add_cart,look|want_compare,C,add_cart,look|want_compare|few_reviews,A,price|timing,fallback_favorite|price_too_high,look,look|few_reviews,few_reviews|pack|material,look|few_reviews|brand,few_reviews|size|material,page2,page1,price_value,reviews,4,5,4,2,4,5,5,4,no_size|material_unclear|blur_image|mismatch_title,eva,semi,yes_somewhat,better_value,3,4
142,A,main_image|color_pattern|star_rating|review_count|material_word|imagine_look|magnets,reviews_photos|negative_reviews|bullets|material_cert|size_specs|zoom_images|qa|price_deal,negative_reviews,add_cart,price_too_high|want_compare,yes_more,B,add_cart,look|want_compare,C,not_buy,look|want_compare,A,price|timing,fallback_favorite|price_too_high,look,look,few_reviews|material,look|few_reviews,few_reviews|size,page2,page1,reviews,price_value,4,5,4,2,4,4,5,4,low_rating|no_size|material_unclear|blur_image|mismatch_title,eva,semi,yes_somewhat,better_rating,2,4
143,A,main_image|color_pattern|star_rating|review_count|material_word|imagine_look|magnets,reviews_photos|negative_reviews|bullets|size_specs|material_cert|zoom_images|qa,reviews_photos,not_buy,price_too_high|want_compare,yes_more,C,not_buy,look|want_compare,B,not_buy,price_suspicious|want_compare,A,price|timing,fallback_favorite|price_too_high,price_suspicious|material,look|price_suspicious,few_reviews|price_suspicious|material,look|few_reviews|brand,few_reviews|size|look,page2,page1,appearance,reviews,4,5,4,2,4,4,5,4,low_rating|few_reviews|no_size|material_unclear|blur_image,eva,semi,yes_somewhat,better_look,3,4
144,A,main_image|color_pattern|star_rating|review_count|material_word|imagine_look,reviews_photos|negative_reviews|bullets|size_specs|material_cert|qa|price_deal|zoom_images,negative_reviews,not_buy,price_too_high|want_compare,yes_more,C,not_buy,price_suspicious|material|want_compare,B,not_buy,price_suspicious|material|want_compare,A,price|timing,fallback_favorite|price_too_high,price_suspicious|material,price_suspicious|material,few_reviews|material|pack,look|few_reviews,few_reviews|size|look,page2,page1,reviews,material,4,5,4,2,4,3,5,4,low_rating|few_reviews|material_unclear|blur_image|no_size,eva,semi,yes_somewhat,better_rating,3,4
145,A,main_image|material_word|star_rating|review_count|imagine_look,bullets|material_cert|negative_reviews|reviews_photos|zoom_images|size_specs,material_cert,not_buy,price_too_high|want_compare,yes_more,B,not_buy,look|price_suspicious|want_compare,F,not_buy,few_reviews|size|want_compare,A,price|timing,fallback_favorite|price_too_high,look|price_suspicious,look|price_suspicious|brand,few_reviews|pack,look|brand,few_reviews|size,page2,page2,material,price_value,4,4,4,2,4,5,5,5,low_rating|few_reviews|material_unclear|blur_image,eva,semi,yes_somewhat,lower_price,2,3
146,A,main_image|color_pattern|star_rating|review_count|material_word|magnets|imagine_look,reviews_photos|negative_reviews|bullets|material_cert|zoom_images|size_specs,negative_reviews,not_buy,price_too_high|material|transparency|want_compare,yes_more,B,not_buy,price_suspicious|material|look|transparency,E,not_buy,transparency|material|few_reviews|look,A,price|look_compromise|timing,fallback_favorite|price_too_high,price_suspicious|material|look|transparency,price_suspicious|material|look|transparency,few_reviews|material|pack|transparency,few_reviews|transparency|look,few_reviews|size|material|transparency,page2,page1,price_value,reviews,4,5,4,2,3,5,5,4,low_rating|no_size|material_unclear|blur_image|mismatch_title,eva,semi,yes_somewhat,lower_price,2,4
147,A,main_image|star_rating|review_count|material_word|magnets|imagine_look,reviews_photos|negative_reviews|bullets|size_specs|material_cert|zoom_images|qa,negative_reviews,not_buy,price_too_high|want_compare,yes_more,C,not_buy,price_suspicious|brand|material|want_compare,B,not_buy,price_suspicious|brand|material|want_compare,A,price|timing,fallback_favorite|price_too_high,price_suspicious|brand|material,price_suspicious|brand|material,few_reviews|brand|pack|material,few_reviews|brand|look|material,few_reviews|brand|size|material|look,page2,page1,reviews,material,4,4,3,2,4,4,5,5,low_rating|few_reviews|no_size|material_unclear|blur_image,eva,semi,yes_somewhat,better_rating,3,4
148,A,main_image|color_pattern|review_count|material_word|imagine_look|magnets,reviews_photos|negative_reviews|bullets|material_cert|size_specs|zoom_images|price_deal,negative_reviews,add_cart,price_too_high|want_compare,yes_more,B,not_buy,price_suspicious|look|want_compare,C,not_buy,few_reviews|price_suspicious|want_compare,A,price,fallback_favorite|price_too_high,price_suspicious|look,few_reviews|price_suspicious,few_reviews|pack|material,look|few_reviews,few_reviews|size|look,page2,page1,reviews,material,4,5,4,2,4,4,5,5,low_rating|few_reviews|no_size|material_unclear|blur_image|mismatch_title,eva,semi,unlikely,better_rating,3,4
149,A,main_image|review_count|material_word|magnets|star_rating|imagine_look,negative_reviews|reviews_photos|material_cert|bullets|size_specs|zoom_images|qa,negative_reviews,not_buy,price_too_high|want_compare|transparency,yes_more,B,not_buy,price_suspicious|material|look|want_compare,E,not_buy,few_reviews|brand|material|rating|want_compare,A,price|look_compromise,fallback_favorite|price_too_high|transparency|look,price_suspicious|material|look,price_suspicious|material|brand|look,few_reviews|brand|pack|material,few_reviews|brand|material|rating,few_reviews|size|material|look,page2,page1,material,reviews,4,4,4,2,4,5,5,5,low_rating|no_size|material_unclear|blur_image|mismatch_title,eva,semi,unlikely,better_value,3,4
150,A,main_image|color_pattern|star_rating|review_count|material_word|magnets|right_size|imagine_look,reviews_photos|negative_reviews|bullets|size_specs|material_cert|zoom_images|qa,negative_reviews,not_buy,price_too_high|want_compare,yes_more,C,not_buy,price_suspicious|material|want_compare,E,not_buy,few_reviews|transparency|want_compare,A,price|timing,fallback_favorite|price_too_high,price_suspicious|material|brand,price_suspicious|brand|few_reviews,few_reviews|material|pack,few_reviews|transparency|brand,few_reviews|size|brand,page2,page1,price_value,reviews,4,4,3,2,4,5,5,4,low_rating|few_reviews|no_size|material_unclear|blur_image,eva,semi,unlikely,better_rating,3,4
151,A,main_image|color_pattern|star_rating|review_count|material_word|right_size|imagine_look|magnets,reviews_photos|negative_reviews|bullets|size_specs|material_cert|qa|price_deal|zoom_images,negative_reviews,not_buy,price_too_high|want_compare,yes_more,C,not_buy,price_suspicious|brand|material|want_compare,B,not_buy,price_suspicious|brand|material|want_compare,A,price|timing,fallback_favorite|price_too_high,price_suspicious|brand|material,price_suspicious|brand|material,few_reviews|material|pack,look|transparency|brand,few_reviews|size|look,page2,page1,price_value,reviews,4,5,4,2,4,5,5,4,low_rating|few_reviews|no_size|material_unclear|blur_image|mismatch_title,eva,semi,yes_somewhat,better_rating,3,4
152,A,main_image|color_pattern|review_count|material_word|magnets|imagine_look,reviews_photos|negative_reviews|bullets|size_specs|material_cert|zoom_images|qa,negative_reviews,not_buy,price_too_high|want_compare,yes_more,B,not_buy,price_suspicious|material|look|want_compare,C,not_buy,price_suspicious|brand|want_compare,A,price|reviews_trust|timing,fallback_favorite|price_too_high,price_suspicious|material|look|brand,price_suspicious|brand|material,few_reviews|material|pack|brand,few_reviews|look|brand,few_reviews|size|pack|brand,page2,page1,reviews,material,4,5,4,2,4,4,5,5,low_rating|few_reviews|no_size|material_unclear|blur_image|no_bullets|mismatch_title,eva,semi,no_effect,better_rating,3,4
153,A,main_image|color_pattern|star_rating|review_count|material_word|imagine_look|magnets,reviews_photos|negative_reviews|bullets|size_specs|material_cert|qa|zoom_images,negative_reviews,add_cart,price_too_high|want_compare,yes_more,C,not_buy,price_suspicious|material|brand|missing_magnet|want_compare,B,not_buy,price_suspicious|material|brand|look|want_compare,A,price|timing,fallback_favorite|price_too_high,price_suspicious|material|brand|look,price_suspicious|material|brand,few_reviews|material|pack|brand,look|rating|few_reviews|brand|transparency,few_reviews|size|material|brand|look,page2,page1,reviews,price_value,4,5,4,2,4,4,5,4,low_rating|few_reviews|no_size|material_unclear|blur_image|mismatch_title,eva,semi,yes_somewhat,better_rating,3,4
154,A,main_image|star_rating|review_count|material_word|magnets|imagine_look,reviews_photos|negative_reviews|bullets|size_specs|material_cert|qa|zoom_images,negative_reviews,not_buy,price_too_high|transparency|want_compare,yes_more,C,not_buy,price_suspicious|brand|few_reviews|material,B,not_buy,price_suspicious|material|look|want_compare,A,price|look_compromise|info_gap,fallback_favorite|price_too_high,price_suspicious|material|look,price_suspicious|brand|few_reviews,few_reviews|material|pack,look|transparency|few_reviews,few_reviews|size|transparency,page2,page1,reviews,material,4,5,4,2,4,3,5,5,low_rating|few_reviews|no_size|material_unclear|blur_image|no_bullets,eva,semi,yes_somewhat,better_rating,3,4
155,A,star_rating|review_count|material_word|main_image|magnets|title_keyword,reviews_photos|negative_reviews|bullets|material_cert|zoom_images|size_specs|qa|price_deal,negative_reviews,not_buy,price_too_high|want_compare,yes_more,B,not_buy,price_suspicious|material|look|want_compare,C,not_buy,price_suspicious|few_reviews|material|want_compare,A,price|timing,fallback_favorite|price_too_high,price_suspicious|material|look,price_suspicious|few_reviews|material,few_reviews|pack|material,few_reviews|look|transparency,few_reviews|size|look,page2,page1,reviews,material,4,5,4,2,4,4,5,5,low_rating|few_reviews|material_unclear|blur_image|mismatch_title,eva,semi,unlikely,better_rating,3,4
156,A,main_image|color_pattern|star_rating|review_count|material_word|imagine_look|right_size,reviews_photos|negative_reviews|bullets|material_cert|size_specs|zoom_images|qa,negative_reviews,add_cart,price_too_high|want_compare,yes_more,B,not_buy,look|want_compare,C,not_buy,look|price_suspicious|want_compare,A,price|timing,fallback_favorite|price_too_high,look|price_suspicious,look|price_suspicious,few_reviews|pack|material,look|few_reviews|material,few_reviews|size|look,page2,page1,material,reviews,4,5,4,2,4,4,5,5,low_rating|few_reviews|no_size|material_unclear|blur_image|mismatch_title,eva,semi,yes_somewhat,better_rating,3,4
157,A,main_image|color_pattern|star_rating|review_count|material_word|imagine_look,reviews_photos|negative_reviews|bullets|size_specs|material_cert|zoom_images|qa,negative_reviews,not_buy,price_too_high|want_compare,yes_more,C,not_buy,price_suspicious|material|want_compare,B,add_cart,price_suspicious|material|want_compare,A,price|timing,fallback_favorite|price_too_high,price_suspicious|material|brand|info_incomplete,price_suspicious|material|brand|info_incomplete,few_reviews|material|pack,look|brand|few_reviews,few_reviews|size|transparency,page2,page1,reviews,material,4,5,4,2,4,4,5,5,low_rating|few_reviews|material_unclear|blur_image|mismatch_title,eva,semi,yes_somewhat,better_rating,3,4
158,A,main_image|color_pattern|star_rating|review_count|material_word|imagine_look,reviews_photos|negative_reviews|bullets|size_specs|material_cert|qa|price_deal|zoom_images,negative_reviews,not_buy,price_too_high|want_compare,yes_more,C,not_buy,price_suspicious|brand|want_compare,B,not_buy,material|price_suspicious|want_compare,A,price|timing,fallback_favorite|price_too_high,material|price_suspicious|brand,price_suspicious|brand|material,few_reviews|material|pack,look|rating|few_reviews,few_reviews|size|material,page2,page1,reviews,price_value,4,5,4,2,4,4,5,4,no_size|material_unclear|blur_image|mismatch_title,eva,semi,yes_somewhat,better_rating,3,4
159,A,main_image|color_pattern|star_rating|review_count|material_word|imagine_look,reviews_photos|negative_reviews|bullets|size_specs|material_cert|zoom_images,negative_reviews,not_buy,price_too_high|want_compare,yes_more,B,not_buy,price_suspicious|look|want_compare,C,not_buy,price_suspicious|few_reviews|want_compare,A,price|timing,fallback_favorite|price_too_high,price_suspicious|look,price_suspicious|few_reviews,few_reviews|material,look|few_reviews,few_reviews|size,page1,page1,reviews,price_value,4,5,4,2,4,4,5,4,low_rating|few_reviews|no_size|material_unclear|blur_image,eva,semi,neutral,better_rating,3,3
160,A,main_image|color_pattern|review_count|star_rating|magnets|material_word|imagine_look,reviews_photos|negative_reviews|bullets|size_specs|material_cert|zoom_images|qa,negative_reviews,not_buy,price_too_high|want_compare,yes_more,B,not_buy,price_suspicious|material|want_compare,C,not_buy,price_suspicious|few_reviews|material|want_compare,A,price|timing,price_too_high,price_suspicious|material|brand,price_suspicious|few_reviews|brand,few_reviews|material|pack,look|few_reviews|brand,few_reviews|size|brand,page2,page1,reviews,material,4,5,4,2,4,4,5,5,low_rating|no_size|material_unclear|blur_image,eva,semi,yes_somewhat,better_rating,3,4
161,A,main_image|color_pattern|star_rating|review_count|magnets|material_word|imagine_look,reviews_photos|negative_reviews|bullets|size_specs|material_cert|zoom_images,negative_reviews,add_cart,price_too_high|want_compare,yes_more,C,not_buy,price_suspicious|brand|material|want_compare,E,not_buy,few_reviews|look|want_compare,A,price|timing,fallback_favorite|price_too_high,price_suspicious|brand|material|look,price_suspicious|brand|material|look,few_reviews|material|look|pack,few_reviews|look|brand,few_reviews|size|look|brand,page2,page1,reviews,material,4,4,4,2,4,4,5,5,low_rating|few_reviews|material_unclear|blur_image|mismatch_title,eva,semi,yes_somewhat,better_rating,3,4
162,A,main_image|color_pattern|star_rating|review_count|material_word|magnets|imagine_look,reviews_photos|negative_reviews|bullets|size_specs|material_cert|qa|zoom_images,negative_reviews,not_buy,price_too_high|want_compare,yes_more,B,not_buy,price_suspicious|material|want_compare,C,not_buy,price_suspicious|brand|want_compare,A,price|timing,fallback_favorite|price_too_high,price_suspicious|material|brand,price_suspicious|brand|few_reviews,few_reviews|material|pack,look|transparency|few_reviews,few_reviews|size|look,page2,page1,reviews,material,4,5,4,2,4,4,5,5,low_rating|few_reviews|no_size|material_unclear|blur_image|mismatch_title,eva,semi,unlikely,better_rating,3,4
163,C,star_rating|review_count|price|color_pattern|magnets|material_word|right_size|imagine_look,negative_reviews|reviews_photos|bullets|material_cert|size_specs|zoom_images|qa,negative_reviews,not_buy,want_compare|material|review_concern,yes_more,A,not_buy,price_too_high|transparency|look,B,not_buy,price_suspicious|material|look,C,reviews_trust|material|timing,price_too_high|transparency|look,price_suspicious|material|look,fallback_favorite|price_suspicious|material,few_reviews|material|pack,look|few_reviews|transparency,few_reviews|size|transparency,page2,page1,reviews,price_value,4,5,4,2,4,5,5,4,low_rating|few_reviews|no_size|material_unclear|blur_image|mismatch_title,eva,semi,unlikely,better_rating,4,4
164,A,main_image|color_pattern|star_rating|review_count|title_keyword|material_word|imagine_look,reviews_photos|negative_reviews|bullets|size_specs|material_cert|qa|zoom_images,negative_reviews,not_buy,price_too_high|want_compare,yes_more,B,not_buy,price_suspicious|material|want_compare,C,not_buy,price_suspicious|material|want_compare,A,price|timing,fallback_favorite|price_too_high,price_suspicious|material,price_suspicious|material|few_reviews,few_reviews|material|pack,look|transparency|few_reviews,few_reviews|size|material,page2,page1,material,price_value,5,5,4,2,4,4,5,5,low_rating|few_reviews|no_size|material_unclear|blur_image|no_bullets|mismatch_title,eva,semi,unlikely,better_function,3,3
165,A,main_image|review_count|star_rating|material_word|imagine_look,reviews_photos|negative_reviews|bullets|size_specs|material_cert|zoom_images|price_deal,negative_reviews,not_buy,price_too_high|want_compare,yes_more,C,not_buy,brand|few_reviews|want_compare,B,not_buy,brand|price_suspicious|want_compare,A,price|timing,fallback_favorite|price_too_high,brand|price_suspicious,brand|few_reviews,few_reviews|material,look|brand|few_reviews,few_reviews|size|look,page2,page1,reviews,price_value,4,4,4,2,4,5,5,4,low_rating|few_reviews|no_size|material_unclear|blur_image|mismatch_title,eva,semi,yes_somewhat,better_rating,3,4
166,A,main_image|color_pattern|review_count|star_rating|material_word|magnets|imagine_look|right_size,reviews_photos|negative_reviews|bullets|size_specs|material_cert|zoom_images|qa,negative_reviews,not_buy,price_too_high|want_compare,yes_more,B,not_buy,price_suspicious|material|want_compare,C,not_buy,price_suspicious|material|brand|want_compare,A,price|timing,fallback_favorite|price_too_high,price_suspicious|material,price_suspicious|material|brand,few_reviews|material|pack,look|material|few_reviews,few_reviews|size|material,page2,page1,material,price_value,4,5,4,2,4,4,5,5,low_rating|few_reviews|material_unclear|blur_image|mismatch_title,eva,semi,unlikely,better_function,3,4
167,A,star_rating|review_count|material_word|magnets|main_image,reviews_photos|negative_reviews|bullets|size_specs|material_cert|zoom_images,negative_reviews,not_buy,price_too_high|want_compare,yes_more,C,not_buy,price_suspicious|brand|size|want_compare,E,not_buy,few_reviews|brand|look|want_compare,A,price|timing,fallback_favorite|price_too_high,price_suspicious|brand|look,price_suspicious|brand|size,few_reviews|material|pack|brand,few_reviews|brand|look,few_reviews|size|transparency|brand,page2,page1,reviews,material,4,4,4,2,4,3,5,5,low_rating|few_reviews|material_unclear|blur_image|mismatch_title,eva,semi,unlikely,better_rating,3,4
168,A,main_image|color_pattern|star_rating|review_count|material_word|magnets|imagine_look,reviews_photos|negative_reviews|bullets|size_specs|material_cert|zoom_images|qa,negative_reviews,add_cart,price_too_high|want_compare,yes_more,C,add_cart,want_compare|material,B,buy_now,no_concern,B,no_blocker,price_too_high,final_purchase,few_reviews|brand,few_reviews|material|pack,few_reviews|look,few_reviews|size|material,page2,page1,reviews,price_value,4,5,4,2,5,4,5,4,low_rating|few_reviews|no_size|material_unclear|blur_image|mismatch_title,eva,semi,yes_somewhat,better_rating,5,4
169,A,main_image|star_rating|review_count|material_word|magnets|imagine_look|right_size,reviews_photos|negative_reviews|bullets|size_specs|material_cert|zoom_images|qa,negative_reviews,not_buy,price_too_high|want_compare,yes_more,C,not_buy,price_suspicious|brand|want_compare,B,not_buy,price_suspicious|material|want_compare,A,price|reviews_trust,fallback_favorite|price_too_high,price_suspicious|material|brand,price_suspicious|brand,few_reviews|material|pack,look|few_reviews|brand,few_reviews|size|look,page2,page1,reviews,material,4,4,4,2,4,4,5,4,low_rating|few_reviews|no_size|material_unclear|blur_image|no_bullets,eva,semi,unlikely,better_rating,3,4
170,A,main_image|color_pattern|star_rating|review_count|material_word|imagine_look|right_size,reviews_photos|negative_reviews|bullets|size_specs|material_cert|zoom_images,reviews_photos,add_cart,price_too_high|want_compare,yes_more,B,not_buy,look|price_suspicious|material,C,not_buy,look|few_reviews|price_suspicious,A,price|timing,fallback_favorite|price_too_high,look|price_suspicious|material,look|few_reviews|price_suspicious,few_reviews|pack|material,look|few_reviews|material,few_reviews|size|look,page2,page1,price_value,material,4,5,4,2,4,5,5,4,low_rating|few_reviews|no_size|material_unclear|blur_image|mismatch_title,eva,semi,unlikely,lower_price,3,3
171,A,main_image|color_pattern|star_rating|review_count|material_word|imagine_look,reviews_photos|negative_reviews|bullets|size_specs|material_cert|zoom_images,negative_reviews,not_buy,price_too_high|want_compare,yes_more,C,not_buy,price_suspicious|material|want_compare,B,not_buy,price_suspicious|material|look|want_compare,A,price|timing,fallback_favorite|price_too_high,price_suspicious|material|look,price_suspicious|material,few_reviews|pack|material,look|few_reviews|transparency,few_reviews|size|look,page2,page1,material,price_value,4,5,4,2,4,4,5,5,low_rating|few_reviews|material_unclear|blur_image|no_size,eva,semi,unlikely,better_rating,3,3
172,A,main_image|color_pattern|star_rating|review_count|material_word|magnets|imagine_look,reviews_photos|negative_reviews|bullets|material_cert|size_specs|zoom_images|qa,negative_reviews,not_buy,price_too_high|want_compare,yes_more,B,not_buy,material|look|want_compare,C,not_buy,brand|few_reviews|want_compare,A,price|timing,fallback_favorite|price_too_high,look|material,brand|few_reviews,few_reviews|material|pack,look|transparency,few_reviews|size|transparency,page2,page1,rating,reviews,4,5,4,2,4,4,5,5,low_rating|no_size|material_unclear|blur_image|mismatch_title,eva,semi,unlikely,better_rating,3,4
173,A,main_image|color_pattern|review_count|material_word|imagine_look|right_size,reviews_photos|negative_reviews|bullets|material_cert|size_specs|zoom_images|qa,material_cert,not_buy,price_too_high|want_compare,yes_more,C,not_buy,price_suspicious|brand|few_reviews|want_compare,B,not_buy,price_suspicious|brand|review_concern|want_compare,A,price|look_compromise,fallback_favorite|price_too_high|look,price_suspicious|brand|review_concern|look,price_suspicious|brand|few_reviews,few_reviews|material|pack|brand,brand|look|few_reviews,few_reviews|size|brand,page2,page1,material,reviews,4,5,4,2,4,4,5,5,low_rating|few_reviews|no_size|material_unclear|blur_image|mismatch_title,eva,semi,unlikely,better_function,2,2
174,A,main_image|color_pattern|star_rating|review_count|material_word|magnets|imagine_look,reviews_photos|negative_reviews|bullets|material_cert|size_specs|zoom_images|qa,negative_reviews,not_buy,price_too_high|transparency|want_compare,yes_more,C,not_buy,price_suspicious|material|transparency|few_reviews,D,not_buy,few_reviews|material|review_concern|transparency,B,material|reviews_trust|timing,price_too_high|transparency,fallback_favorite|material,price_suspicious|material|transparency|few_reviews,few_reviews|material|review_concern|transparency,look|transparency|few_reviews,few_reviews|size|transparency|material,page2,page1,reviews,price_value,4,5,4,2,4,4,5,4,low_rating|few_reviews|no_size|material_unclear|blur_image|no_bullets,eva,semi,yes_somewhat,better_rating,4,4
175,A,main_image|color_pattern|star_rating|review_count|magnets|material_word|imagine_look,reviews_photos|negative_reviews|bullets|size_specs|material_cert|zoom_images|delivery_returns,negative_reviews,not_buy,price_too_high|want_compare,yes_more,B,not_buy,look|material|want_compare,C,not_buy,price_suspicious|brand|few_reviews|want_compare,A,price|timing,fallback_favorite|price_too_high,look|material,price_suspicious|brand|few_reviews,few_reviews|material|pack,look|few_reviews|brand,few_reviews|size|material,page2,page1,reviews,material,4,5,4,2,4,4,5,4,low_rating|few_reviews|no_size|material_unclear|blur_image,eva,semi,yes_somewhat,better_rating,3,4
176,A,main_image|color_pattern|star_rating|review_count|material_word|magnets|right_size|imagine_look,reviews_photos|negative_reviews|bullets|size_specs|material_cert|price_deal|zoom_images,negative_reviews,add_cart,price_too_high|want_compare,yes_more,B,not_buy,price_suspicious|material|look|want_compare,C,not_buy,price_suspicious|material|look|brand|want_compare,A,price|timing,fallback_favorite|price_too_high,price_suspicious|material|look,price_suspicious|material|look|brand,few_reviews|material|pack,look|few_reviews,few_reviews|size|transparency,page2,page1,reviews,material,4,5,4,2,4,4,5,5,low_rating|few_reviews|no_size|material_unclear|blur_image|no_bullets,eva,semi,yes_somewhat,better_rating,3,4
177,A,main_image|color_pattern|star_rating|review_count|material_word|imagine_look|magnets,reviews_photos|negative_reviews|bullets|size_specs|material_cert|zoom_images|qa,reviews_photos,not_buy,price_too_high|want_compare,yes_more,C,not_buy,price_suspicious|material|look|want_compare,E,not_buy,few_reviews|transparency|want_compare,A,price|reviews_trust,fallback_favorite|price_too_high,price_suspicious|look|material,price_suspicious|look,few_reviews|material|pack,few_reviews|transparency,few_reviews|size|look,page2,page1,reviews,price_value,4,5,4,2,4,4,5,4,low_rating|material_unclear|blur_image|mismatch_title,eva,semi,yes_somewhat,better_value,3,4
178,A,main_image|color_pattern|star_rating|review_count|material_word|imagine_look|magnets,reviews_photos|negative_reviews|bullets|material_cert|size_specs|zoom_images|price_deal,reviews_photos,not_buy,price_too_high|want_compare,yes_more,B,not_buy,look|want_compare|material,C,add_cart,want_compare,A,price,fallback_favorite|price_too_high,look|material,final_purchase,few_reviews|material|pack,few_reviews|look,few_reviews|size,page2,page1,price_value,reviews,4,5,4,2,4,5,5,4,low_rating|few_reviews|no_size|material_unclear|blur_image|mismatch_title,eva,semi,yes_somewhat,lower_price,4,4
179,A,star_rating|review_count|main_image|material_word|magnets|right_size|imagine_look,reviews_photos|negative_reviews|bullets|size_specs|material_cert|zoom_images,negative_reviews,not_buy,price_too_high|want_compare,yes_more,B,not_buy,look|material|want_compare,C,not_buy,look|few_reviews|want_compare,A,price,fallback_favorite|price_too_high,look|material,look|few_reviews,few_reviews|material|pack,look|few_reviews|brand,few_reviews|size|material|brand,page2,page1,reviews,price_value,4,5,4,2,4,5,5,4,low_rating|few_reviews|no_size|material_unclear|blur_image|mismatch_title,eva,semi,yes_somewhat,better_value,3,4
180,A,main_image|color_pattern|star_rating|review_count|material_word|imagine_look|right_size,reviews_photos|negative_reviews|bullets|size_specs|material_cert|zoom_images,negative_reviews,add_cart,price_too_high|want_compare,yes_more,C,add_cart,price_suspicious|brand|want_compare,E,not_buy,few_reviews|brand|material,A,price|look_compromise,fallback_favorite|price_too_high,price_suspicious|look|brand,price_suspicious|brand|material,few_reviews|material|pack,few_reviews|brand|material,few_reviews|size|look,page2,page1,reviews,price_value,4,5,4,2,4,4,5,4,low_rating|few_reviews|no_size|material_unclear|blur_image|mismatch_title,eva,semi,yes_somewhat,better_rating,3,4
181,A,main_image|color_pattern|star_rating|review_count|material_word|imagine_look|magnets,reviews_photos|negative_reviews|bullets|material_cert|zoom_images|qa|size_specs,negative_reviews,not_buy,price_too_high|want_compare,yes_more,C,not_buy,price_suspicious|material|want_compare,B,not_buy,price_suspicious|material|size|want_compare,A,price|reviews_trust,fallback_favorite|price_too_high,price_suspicious|material|size,price_suspicious|material|size,few_reviews|material|pack,few_reviews|look|transparency,few_reviews|size|transparency,page2,page1,material,reviews,4,5,4,2,4,4,5,5,low_rating|few_reviews|material_unclear|blur_image|mismatch_title,eva,semi,unlikely,better_rating,3,4
182,A,main_image|color_pattern|star_rating|review_count|material_word|magnets|imagine_look,reviews_photos|negative_reviews|bullets|size_specs|material_cert|zoom_images|qa,negative_reviews,not_buy,price_too_high|want_compare,yes_more,C,not_buy,price_suspicious|brand|transparency|want_compare,B,not_buy,price_suspicious|material|transparency|want_compare,A,price|timing|look_compromise,fallback_favorite|price_too_high,price_suspicious|material|transparency,price_suspicious|brand|transparency,few_reviews|material|pack,look|few_reviews|transparency,few_reviews|size|transparency,page2,page1,price_value,reviews,4,5,4,2,4,5,5,4,low_rating|no_size|material_unclear|blur_image|no_bullets|mismatch_title,eva,semi,yes_somewhat,better_rating,3,4
183,A,main_image|color_pattern|star_rating|review_count|material_word|imagine_look|magnets,reviews_photos|negative_reviews|bullets|size_specs|material_cert|qa|zoom_images|price_deal,negative_reviews,not_buy,price_too_high|want_compare,yes_more,C,not_buy,price_suspicious|material|want_compare,B,not_buy,price_suspicious|material|brand,B,price|reviews_trust|material,price_too_high,price_suspicious|material,price_suspicious|material,few_reviews|material|pack,look|few_reviews|brand,few_reviews|size|transparency,page2,page2,price_value,reviews,4,5,4,3,4,5,5,4,low_rating|few_reviews|no_size|material_unclear|blur_image|no_bullets,eva,semi,yes_somewhat,better_value,4,4
184,A,main_image|color_pattern|star_rating|review_count|material_word|imagine_look,reviews_photos|negative_reviews|bullets|size_specs|material_cert|price_deal|zoom_images,negative_reviews,not_buy,price_too_high|want_compare,yes_more,C,not_buy,price_suspicious|want_compare,E,not_buy,few_reviews|transparency|want_compare,A,price|timing,fallback_favorite|price_too_high,price_suspicious|look,price_suspicious,few_reviews|material|pack,few_reviews|transparency,few_reviews|size|look,page2,page1,reviews,material,4,5,4,2,4,4,5,4,low_rating|few_reviews|no_size|material_unclear|blur_image|no_bullets,eva,semi,unlikely,better_rating,3,4
185,A,main_image|color_pattern|star_rating|review_count|material_word|imagine_look,reviews_photos|negative_reviews|bullets|size_specs|material_cert|zoom_images|qa,negative_reviews,not_buy,price_too_high|want_compare,yes_more,B,add_cart,want_compare,C,add_cart,want_compare,C,reviews_trust|material,price_too_high,few_reviews|brand,brand,few_reviews|material|pack,look|few_reviews|transparency,few_reviews|size|look,page2,page1,price_value,material,4,5,4,2,4,5,5,4,low_rating|no_size|material_unclear|blur_image|mismatch_title,eva,semi,yes_somewhat,better_value,4,4
186,A,main_image|color_pattern|star_rating|review_count|material_word|magnets|imagine_look|right_size,reviews_photos|negative_reviews|bullets|size_specs|material_cert|zoom_images|qa,negative_reviews,not_buy,price_too_high|want_compare,yes_more,C,not_buy,price_suspicious|material|want_compare,E,not_buy,few_reviews|review_concern|want_compare,A,price|timing,price_too_high,price_suspicious|material,price_suspicious|material,few_reviews|material,few_reviews|look,few_reviews|size|transparency,page2,page1,reviews,price_value,4,5,4,2,4,4,5,4,low_rating|few_reviews|no_size|material_unclear|blur_image,eva,semi,unlikely,better_rating,3,4
187,A,main_image|color_pattern|star_rating|review_count|material_word|imagine_look|magnets,reviews_photos|negative_reviews|bullets|material_cert|zoom_images|qa,reviews_photos,not_buy,price_too_high|want_compare,yes_more,B,not_buy,price_suspicious|few_reviews|want_compare,C,not_buy,price_suspicious|few_reviews|brand|want_compare,A,price|timing,fallback_favorite|price_too_high,price_suspicious|few_reviews,price_suspicious|few_reviews|brand,few_reviews|pack,look|few_reviews,few_reviews|size|look,page2,page1,reviews,price_value,4,5,4,2,4,4,5,4,low_rating|few_reviews|no_size|material_unclear|blur_image|mismatch_title,eva,semi,yes_somewhat,better_rating,4,4
188,A,main_image|color_pattern|star_rating|review_count|material_word|right_size|imagine_look,reviews_photos|negative_reviews|bullets|size_specs|material_cert|zoom_images|price_deal,reviews_photos,not_buy,price_too_high|want_compare,yes_more,B,not_buy,look|want_compare,C,not_buy,material|want_compare,B,look_compromise|timing,price_too_high,fallback_favorite,material|few_reviews,few_reviews|material,look|few_reviews,few_reviews|size|look,page2,page1,reviews,price_value,4,5,4,3,4,5,5,4,low_rating|few_reviews|no_size|material_unclear|blur_image,eva,semi,yes_somewhat,better_rating,4,3
189,A,review_count|star_rating|material_word|magnets|title_keyword|imagine_look,reviews_photos|negative_reviews|bullets|size_specs|material_cert|zoom_images,negative_reviews,add_cart,price_too_high|want_compare,yes_more,B,add_cart,price_suspicious|want_compare,C,not_buy,look|price_suspicious|want_compare,A,price,fallback_favorite|price_too_high,price_suspicious,look|price_suspicious,few_reviews|material,few_reviews|look,few_reviews|size,page1,page1,reviews,price_value,4,4,4,2,4,4,5,4,low_rating|few_reviews|no_size|material_unclear|blur_image,eva,semi,unlikely,better_rating,3,4
190,A,main_image|color_pattern|star_rating|review_count|material_word|imagine_look|magnets,reviews_photos|negative_reviews|bullets|size_specs|material_cert|zoom_images|qa,negative_reviews,not_buy,price_too_high|want_compare,yes_more,C,not_buy,price_suspicious|brand|want_compare,B,not_buy,price_suspicious|brand|material|want_compare,A,price|timing,fallback_favorite|price_too_high,price_suspicious|brand|material,price_suspicious|brand,few_reviews|pack|material,look|few_reviews|brand,few_reviews|size|look,page2,page1,rating,reviews,4,5,4,2,4,4,5,5,low_rating|few_reviews|no_size|material_unclear|blur_image|mismatch_title,eva,semi,yes_somewhat,better_rating,3,4
191,A,main_image|color_pattern|star_rating|review_count|material_word|imagine_look|right_size,reviews_photos|negative_reviews|bullets|size_specs|material_cert|qa|zoom_images|price_deal,negative_reviews,add_cart,price_too_high|want_compare,yes_more,C,not_buy,price_suspicious|brand|transparency|want_compare,E,not_buy,transparency|rating|brand|want_compare,A,price|timing,fallback_favorite|price_too_high,price_suspicious|look|brand,price_suspicious|brand|transparency,few_reviews|pack|material,transparency|rating|brand,few_reviews|size|brand,page2,page1,reviews,price_value,4,5,4,2,4,5,5,4,low_rating|few_reviews|no_size|material_unclear|blur_image|mismatch_title,eva,semi,unlikely,better_rating,3,4
192,A,main_image|review_count|star_rating|material_word|imagine_look,reviews_photos|negative_reviews|bullets|size_specs|material_cert|zoom_images,negative_reviews,add_cart,price_too_high|want_compare,yes_more,C,not_buy,price_suspicious|material|few_reviews|want_compare,E,not_buy,look|few_reviews|want_compare,A,price|timing,fallback_favorite|price_too_high,price_suspicious|material|few_reviews,price_suspicious|material|few_reviews,few_reviews|pack|material,look|few_reviews,few_reviews|size|transparency|material,page2,page1,reviews,material,4,5,4,2,4,4,5,5,low_rating|few_reviews|no_size|material_unclear|blur_image,eva,semi,yes_somewhat,better_rating,3,4
193,A,main_image|color_pattern|star_rating|review_count|material_word|imagine_look|magnets,reviews_photos|negative_reviews|bullets|size_specs|material_cert|zoom_images|price_deal,reviews_photos,not_buy,price_too_high|want_compare,yes_more,E,not_buy,few_reviews|review_concern|want_compare,B,not_buy,look|want_compare,A,price|timing,fallback_favorite|price_too_high,look|price_suspicious,look|price_suspicious|few_reviews,few_reviews|material|pack,few_reviews|brand,few_reviews|size|look,page2,page1,appearance,reviews,4,5,4,2,4,4,5,4,low_rating|few_reviews|material_unclear|blur_image|mismatch_title,eva,semi,yes_somewhat,better_value,3,4
194,A,main_image|color_pattern|review_count|material_word|magnets|imagine_look,reviews_photos|negative_reviews|bullets|size_specs|material_cert|zoom_images|price_deal,negative_reviews,add_cart,price_too_high|want_compare,yes_more,C,add_cart,price_suspicious|material|few_reviews|want_compare,B,not_buy,price_suspicious|material|look|want_compare,A,price|timing,fallback_favorite|price_too_high,price_suspicious|material|look,price_suspicious|material|few_reviews,few_reviews|material|pack,look|brand|review_concern,few_reviews|size|transparency,page2,page1,material,reviews,4,5,4,2,4,4,5,5,low_rating|few_reviews|no_size|material_unclear|blur_image|no_bullets|mismatch_title,eva,semi,yes_somewhat,better_rating,3,4
195,A,main_image|color_pattern|star_rating|review_count|material_word|imagine_look|magnets,reviews_photos|negative_reviews|bullets|size_specs|material_cert|qa|zoom_images,reviews_photos,not_buy,price_too_high|want_compare,yes_more,B,not_buy,price_suspicious|want_compare,C,add_cart,no_concern,C,reviews_trust|material,price_too_high,price_suspicious,few_reviews,few_reviews|material,look|few_reviews,few_reviews|size|look,page2,page1,rating,price_value,4,5,4,2,4,4,5,4,low_rating|few_reviews|no_size|material_unclear|blur_image|mismatch_title,eva,semi,yes_somewhat,better_rating,4,4
196,A,main_image|color_pattern|review_count|star_rating|material_word|magnets|imagine_look,reviews_photos|negative_reviews|bullets|size_specs|material_cert|zoom_images|qa,negative_reviews,add_cart,price_too_high|want_compare,yes_more,C,not_buy,price_suspicious|material|review_concern|want_compare,E,not_buy,material|look|review_concern|want_compare,A,price|timing,fallback_favorite|price_too_high,price_suspicious|material|review_concern,price_suspicious|material|review_concern,few_reviews|material|pack,material|look|review_concern,few_reviews|size|material|look,page2,page1,material,reviews,4,5,4,2,5,4,5,5,low_rating|few_reviews|no_size|material_unclear|blur_image,eva,semi,unlikely,better_rating,4,4
197,A,main_image|color_pattern|star_rating|review_count|magnets|material_word|imagine_look,reviews_photos|negative_reviews|bullets|size_specs|material_cert|zoom_images|qa,reviews_photos,not_buy,price_too_high|want_compare,yes_more,C,not_buy,few_reviews|want_compare|material,B,not_buy,look|want_compare,A,price|reviews_trust,fallback_favorite|price_too_high,look,few_reviews,few_reviews|material|rating,few_reviews|look,few_reviews|size|look,page2,page1,reviews,price_value,4,5,4,2,4,4,5,4,low_rating|few_reviews|no_size|material_unclear|blur_image|no_bullets,eva,semi,yes_somewhat,better_rating,3,4
198,A,main_image|color_pattern|star_rating|review_count|material_word|imagine_look|magnets,reviews_photos|negative_reviews|bullets|size_specs|material_cert|zoom_images|qa,reviews_photos,not_buy,price_too_high|want_compare,yes_more,B,not_buy,look|want_compare,C,not_buy,look|few_reviews|want_compare,A,price|timing,fallback_favorite|price_too_high,look,look|few_reviews,few_reviews|material|pack,look|few_reviews,few_reviews|size|look,page2,page1,reviews,price_value,4,5,4,2,4,4,5,5,low_rating|few_reviews|no_size|material_unclear|blur_image|mismatch_title,eva,semi,yes_somewhat,better_value,3,4
199,A,main_image|color_pattern|star_rating|review_count|material_word|imagine_look,reviews_photos|negative_reviews|bullets|size_specs|material_cert|zoom_images,negative_reviews,not_buy,price_too_high|want_compare,yes_more,B,not_buy,price_suspicious|material|want_compare,E,not_buy,transparency|brand|few_reviews,A,price|timing,fallback_favorite|price_too_high,price_suspicious|material,price_suspicious|brand,few_reviews|material,transparency|brand|few_reviews,few_reviews|size|material,page2,page1,reviews,material,4,5,4,2,4,4,5,5,low_rating|few_reviews|no_size|material_unclear|blur_image|mismatch_title,eva,semi,unlikely,better_rating,3,4
200,A,main_image|review_count|star_rating|material_word|imagine_look,reviews_photos|negative_reviews|bullets|size_specs|material_cert|zoom_images,negative_reviews,not_buy,price_too_high|want_compare,yes_more,B,not_buy,price_suspicious|material|review_concern,C,not_buy,price_suspicious|brand|review_concern,A,price|timing,fallback_favorite|price_too_high,price_suspicious|material|brand|review_concern,price_suspicious|brand|review_concern,few_reviews|material|pack,few_reviews|look|brand,few_reviews|size|material,page2,page1,reviews,material,4,5,4,2,4,4,5,4,low_rating|few_reviews|material_unclear|blur_image|no_size,eva,semi,yes_somewhat,better_rating,3,4
201,A,main_image|color_pattern|star_rating|review_count|material_word|imagine_look|right_size,reviews_photos|negative_reviews|bullets|size_specs|material_cert|zoom_images|qa,negative_reviews,not_buy,price_too_high|want_compare,yes_more,B,not_buy,price_suspicious|want_compare,C,not_buy,look|brand|want_compare,A,price|timing,fallback_favorite|price_too_high,price_suspicious|brand,look|brand|price_suspicious,few_reviews|material|pack,look|few_reviews|brand,few_reviews|size|transparency,page2,page1,material,reviews,4,5,4,2,4,4,5,5,low_rating|few_reviews|no_size|material_unclear|blur_image|no_bullets|mismatch_title,eva,semi,unlikely,better_rating,3,3
202,A,main_image|color_pattern|star_rating|review_count|material_word|imagine_look,reviews_photos|negative_reviews|bullets|material_cert|size_specs|zoom_images,negative_reviews,add_cart,price_too_high|want_compare,yes_more,B,not_buy,look|want_compare,C,add_cart,want_compare,C,reviews_trust|info_gap,price_too_high,look,fallback_favorite,few_reviews|material|pack,look|few_reviews,few_reviews|size,page2,page1,price_value,appearance,4,5,4,2,4,5,5,4,low_rating|few_reviews|no_size|material_unclear|blur_image|mismatch_title,eva,semi,yes_somewhat,better_value,4,4
203,A,review_count|star_rating|material_word|magnets|title_keyword|imagine_look,negative_reviews|reviews_photos|bullets|material_cert|size_specs|zoom_images|qa|seller,negative_reviews,not_buy,price_too_high|want_compare,yes_more,C,not_buy,price_suspicious|brand|material|want_compare,E,not_buy,few_reviews|brand|info_incomplete,A,price|info_gap|timing,fallback_favorite|price_too_high,brand|material|review_concern,brand|price_suspicious|material,few_reviews|pack|material,few_reviews|brand|info_incomplete,few_reviews|size|material|brand,page2,page1,reviews,material,4,4,4,2,5,4,5,5,low_rating|few_reviews|no_size|material_unclear|blur_image|mismatch_title,eva,semi,unlikely,better_rating,2,3
204,A,main_image|color_pattern|star_rating|review_count|material_word|imagine_look|magnets,reviews_photos|negative_reviews|bullets|material_cert|size_specs|zoom_images|qa,reviews_photos,add_cart,price_too_high|want_compare,yes_more,C,add_cart,want_compare|price_suspicious,B,add_cart,want_compare|material,C,reviews_trust|material,price_too_high|fallback_favorite,material,material,few_reviews|material,look,few_reviews|size,page2,page1,reviews,price_value,4,5,4,2,4,5,5,4,low_rating|few_reviews|no_size|material_unclear|blur_image,eva,semi,yes_somewhat,better_rating,4,4
205,A,main_image|color_pattern|review_count|imagine_look|magnets|material_word,reviews_photos|negative_reviews|bullets|material_cert|zoom_images|size_specs|delivery_returns,negative_reviews,add_cart,price_too_high|want_compare,yes_more,B,add_cart,material|want_compare,C,not_buy,brand|material|want_compare,B,material|reviews_trust,price_too_high|fallback_favorite,fallback_favorite|material,brand|material,few_reviews|material,look|few_reviews,few_reviews|size|look,page2,page1,price_value,reviews,4,5,4,2,4,5,5,4,low_rating|few_reviews|no_size|material_unclear|blur_image|no_bullets,eva,semi,yes_somewhat,better_value,4,4
206,A,main_image|color_pattern|review_count|magnets|material_word|imagine_look,reviews_photos|negative_reviews|bullets|size_specs|material_cert|zoom_images,negative_reviews,not_buy,price_too_high|want_compare,yes_more,C,not_buy,price_suspicious|material|want_compare,B,not_buy,price_suspicious|material|want_compare,A,price,fallback_favorite|price_too_high,price_suspicious|material|brand|look,price_suspicious|material|brand,few_reviews|material|pack,look|few_reviews|brand,few_reviews|size|material,page2,page1,reviews,material,4,5,4,2,4,4,5,5,low_rating|few_reviews|no_size|material_unclear|blur_image,eva,semi,yes_somewhat,better_rating,3,4
207,A,main_image|color_pattern|star_rating|review_count|material_word|imagine_look,reviews_photos|negative_reviews|bullets|material_cert|zoom_images|size_specs,reviews_photos,not_buy,price_too_high|want_compare,yes_more,C,not_buy,price_suspicious|material|want_compare,B,not_buy,price_suspicious|material|want_compare,A,price|look_compromise,fallback_favorite|price_too_high,price_suspicious|material|brand,price_suspicious|material|brand,few_reviews|pack|material,look|few_reviews|brand,few_reviews|size|brand,page2,page1,material,reviews,4,5,4,2,4,4,5,5,low_rating|few_reviews|material_unclear|blur_image|no_size,eva,semi,yes_somewhat,better_rating,3,4
208,A,main_image|color_pattern|star_rating|review_count|material_word|imagine_look|magnets,reviews_photos|negative_reviews|bullets|size_specs|material_cert|zoom_images|price_deal|qa,negative_reviews,add_cart,price_too_high|want_compare,yes_more,B,add_cart,look|want_compare,E,not_buy,look|few_reviews|brand,A,price|timing,fallback_favorite|price_too_high,look|price_suspicious,price_suspicious|few_reviews|brand,few_reviews|material|pack,look|few_reviews,few_reviews|size|look,page1,page1,reviews,price_value,4,5,4,2,4,4,5,4,low_rating|few_reviews|no_size|material_unclear|blur_image|mismatch_title,eva,semi,unlikely,better_rating,3,4
209,A,star_rating|review_count|material_word|magnets|color_pattern|imagine_look,reviews_photos|negative_reviews|bullets|size_specs|material_cert|zoom_images,negative_reviews,not_buy,price_too_high|want_compare,yes_more,B,not_buy,price_suspicious|material|transparency|want_compare,C,not_buy,price_suspicious|material|brand|want_compare,A,price|timing,fallback_favorite|price_too_high,price_suspicious|material|transparency|brand,price_suspicious|material|brand,few_reviews|rating|pack,look|few_reviews|brand,few_reviews|rating|look|size,page2,page1,material,reviews,4,4,4,2,4,5,5,5,low_rating|few_reviews|no_size|material_unclear|blur_image,eva,semi,unlikely,better_value,2,4
210,A,main_image|color_pattern|star_rating|review_count|material_word|imagine_look|right_size,reviews_photos|negative_reviews|bullets|size_specs|material_cert|qa|zoom_images,negative_reviews,not_buy,price_too_high|want_compare,yes_more,B,not_buy,price_suspicious|material|want_compare,C,not_buy,price_suspicious|brand|few_reviews|want_compare,A,price|timing,fallback_favorite|price_too_high,price_suspicious|material,price_suspicious|brand|few_reviews,few_reviews|pack|material,look|brand|few_reviews,few_reviews|size|material,page2,page1,material,reviews,4,5,4,2,5,4,5,5,low_rating|few_reviews|no_size|material_unclear|blur_image|mismatch_title,eva,semi,unlikely,better_rating,4,4
211,A,main_image|color_pattern|review_count|star_rating|material_word|imagine_look,reviews_photos|negative_reviews|bullets|material_cert|size_specs|price_deal|zoom_images,reviews_photos,not_buy,price_too_high|want_compare,yes_more,B,not_buy,want_compare|material,C,not_buy,look|want_compare,B,timing|reviews_trust,price_too_high,fallback_favorite,look,few_reviews|price_suspicious,look|brand,few_reviews|size,page2,page1,price_value,reviews,4,5,4,2,4,5,5,4,low_rating|few_reviews|no_size|material_unclear|blur_image|mismatch_title,eva,semi,neutral,better_value,4,4
212,A,main_image|star_rating|review_count|material_word|magnets|imagine_look,reviews_photos|negative_reviews|bullets|size_specs|material_cert|zoom_images|qa,negative_reviews,not_buy,price_too_high|want_compare,yes_more,B,not_buy,price_suspicious|material|want_compare,C,not_buy,few_reviews|brand|price_suspicious|want_compare,A,price|info_gap,fallback_favorite|price_too_high,price_suspicious|material,few_reviews|brand|price_suspicious,few_reviews|material|pack,look|few_reviews|brand,few_reviews|size|look,page2,page1,reviews,price_value,4,4,4,2,4,5,5,5,low_rating|few_reviews|no_size|material_unclear|blur_image|no_bullets|mismatch_title,eva,semi,unlikely,better_rating,3,4
213,A,main_image|color_pattern|star_rating|review_count|material_word|imagine_look,reviews_photos|negative_reviews|bullets|size_specs|material_cert|zoom_images|qa,negative_reviews,not_buy,price_too_high|want_compare,yes_more,B,not_buy,look|want_compare,C,not_buy,look|want_compare,A,price|timing,fallback_favorite|price_too_high,look|price_suspicious,look|price_suspicious,few_reviews|material,look|few_reviews,few_reviews|size|material,page2,page1,price_value,material,4,5,4,2,4,5,5,4,low_rating|no_size|material_unclear|blur_image|mismatch_title,eva,semi,yes_somewhat,better_value,3,4
214,A,main_image|material_word|review_count|star_rating|magnets|imagine_look,bullets|material_cert|reviews_photos|negative_reviews|size_specs|zoom_images|price_deal,reviews_photos,add_cart,price_too_high|want_compare,yes_more,C,not_buy,brand|price_suspicious|want_compare,B,not_buy,look|price_suspicious|want_compare,A,price,fallback_favorite|price_too_high,look|price_suspicious|brand,price_suspicious|brand|few_reviews,few_reviews|material|pack,look|few_reviews|brand,few_reviews|size|transparency,page2,page1,reviews,material,4,5,4,2,4,4,5,5,low_rating|few_reviews|no_size|material_unclear|blur_image|no_bullets|mismatch_title,eva,semi,yes_somewhat,better_value,3,4
215,A,main_image|star_rating|review_count|material_word|magnets|imagine_look,reviews_photos|negative_reviews|bullets|size_specs|material_cert|qa|zoom_images,negative_reviews,not_buy,price_too_high|want_compare,yes_more,C,not_buy,price_suspicious|material|few_reviews,B,not_buy,price_suspicious|material|look,A,price|timing,fallback_favorite|price_too_high,price_suspicious|material|look,price_suspicious|material|few_reviews,few_reviews|material|pack,few_reviews|look|brand,few_reviews|size|price_suspicious,page2,page1,reviews,material,4,4,4,2,4,5,5,5,low_rating|few_reviews|no_size|material_unclear|blur_image|mismatch_title,eva,semi,yes_somewhat,better_rating,2,4
216,A,main_image|color_pattern|star_rating|review_count|material_word|magnets|imagine_look,reviews_photos|negative_reviews|bullets|size_specs|material_cert|zoom_images|qa,reviews_photos,not_buy,price_too_high|want_compare,yes_more,B,not_buy,price_suspicious|material|want_compare,C,not_buy,price_suspicious|material|few_reviews|want_compare,A,price|timing,fallback_favorite|price_too_high,price_suspicious|material,price_suspicious|material|few_reviews,few_reviews|material|pack,look|few_reviews,few_reviews|size,page1,page1,material,reviews,4,5,4,3,4,5,5,5,low_rating|few_reviews|no_size|material_unclear|blur_image|no_bullets,eva,semi,yes_somewhat,better_rating,3,4
217,A,star_rating|review_count|material_word|magnets|title_keyword,reviews_photos|negative_reviews|bullets|size_specs|material_cert|zoom_images,negative_reviews,not_buy,price_too_high|want_compare,yes_more,C,not_buy,price_suspicious|material|brand|want_compare,E,not_buy,few_reviews|transparency|brand|want_compare,A,price|look_compromise,fallback_favorite|price_too_high,price_suspicious|brand|material,price_suspicious|brand|material,few_reviews|pack|brand,few_reviews|transparency|brand,few_reviews|size|look|brand,page2,page1,reviews,price_value,4,4,4,2,4,5,5,4,low_rating|few_reviews|no_size|material_unclear|blur_image,eva,semi,yes_somewhat,better_rating,3,4
218,A,main_image|color_pattern|star_rating|review_count|material_word|imagine_look,reviews_photos|negative_reviews|bullets|material_cert|size_specs|zoom_images|price_deal,negative_reviews,not_buy,price_too_high|want_compare,yes_more,C,not_buy,price_suspicious|material|few_reviews|want_compare,B,not_buy,price_suspicious|material|transparency|want_compare,A,price|timing,fallback_favorite|price_too_high,price_suspicious|material|transparency|brand,price_suspicious|material|few_reviews|brand,few_reviews|material|pack,look|few_reviews|transparency|brand,few_reviews|size|material|brand,page2,page1,reviews,material,4,5,4,2,4,4,5,5,low_rating|no_size|material_unclear|blur_image|no_bullets,eva,semi,yes_somewhat,better_rating,3,4
219,A,main_image|color_pattern|star_rating|review_count|material_word|imagine_look,reviews_photos|negative_reviews|bullets|size_specs|material_cert|zoom_images|price_deal,negative_reviews,not_buy,price_too_high|want_compare,yes_more,B,not_buy,price_suspicious|material|want_compare,C,not_buy,price_suspicious|few_reviews|transparency|want_compare,A,price|info_gap,fallback_favorite|price_too_high,price_suspicious|look|transparency,price_suspicious|few_reviews|transparency|brand,few_reviews|material|look|pack,look|few_reviews|transparency,few_reviews|size|transparency|material,page2,page1,reviews,material,4,5,4,2,4,4,5,5,low_rating|no_size|material_unclear|blur_image|mismatch_title,eva,semi,yes_somewhat,better_rating,3,4
220,A,main_image|star_rating|review_count|title_keyword|material_word|right_size|imagine_look,reviews_photos|negative_reviews|bullets|size_specs|material_cert|zoom_images|qa|price_deal,negative_reviews,not_buy,price_too_high|want_compare,yes_more,C,not_buy,few_reviews|want_compare,B,not_buy,look|want_compare,A,price|timing,fallback_favorite|price_too_high,look,few_reviews,few_reviews|material|pack,look|few_reviews|brand,few_reviews|size|look,page2,page1,reviews,price_value,5,5,4,2,4,4,5,5,low_rating|few_reviews|no_size|material_unclear|blur_image|mismatch_title,eva,semi,unlikely,better_rating,2,4
221,A,main_image,reviews_photos,reviews_photos,buy_now,no_concern,yes_more,A,skip_ordered,skip_ordered,A,skip_ordered,skip_ordered,A,no_blocker,final_purchase,final_purchase,final_purchase,final_purchase,final_purchase,final_purchase,page1,page1,price_value,price_value,3,3,3,3,3,3,3,3,low_rating,eva,fully_transparent,yes_strongly,lower_price,3,3
222,A,main_image|review_count|material_word|magnets|right_size,reviews_photos|negative_reviews|bullets|size_specs|material_cert|zoom_images,negative_reviews,not_buy,price_too_high|want_compare,yes_more,C,not_buy,price_suspicious|material|few_reviews,B,not_buy,price_suspicious|look|material,A,price|timing,fallback_favorite|price_too_high,price_suspicious|look|material,price_suspicious|material|few_reviews,few_reviews|material|pack,look|few_reviews|brand,few_reviews|size|material,page2,page1,reviews,price_value,4,5,4,2,4,5,5,4,low_rating|few_reviews|no_size|material_unclear|blur_image|mismatch_title,eva,semi,yes_somewhat,better_rating,2,3
223,A,main_image|color_pattern|review_count|material_word|imagine_look|magnets,reviews_photos|negative_reviews|bullets|size_specs|material_cert|zoom_images,negative_reviews,not_buy,price_too_high|want_compare,yes_more,C,not_buy,look|want_compare,B,not_buy,look|material|want_compare,C,look_compromise|info_gap,price_too_high,look|material,fallback_favorite|look,few_reviews|material|pack,look|few_reviews,few_reviews|size|material,page2,page1,price_value,reviews,4,4,4,2,4,5,5,4,low_rating|few_reviews|material_unclear|no_size|blur_image,eva,semi,unlikely,lower_price,4,4
224,B,main_image|color_pattern|price|star_rating|review_count|magnets|imagine_look,reviews_photos|negative_reviews|bullets|size_specs|material_cert|qa|price_deal|zoom_images,negative_reviews,add_cart,want_compare|price_suspicious,yes_more,A,not_buy,price_too_high|want_compare,C,not_buy,price_suspicious|material|want_compare,B,timing|reviews_trust,price_too_high,fallback_favorite|price_suspicious,price_suspicious|material,few_reviews|pack|material,look|few_reviews,few_reviews|size|material,page2,page1,price_value,reviews,4,4,4,2,4,5,5,3,low_rating|no_size|material_unclear|blur_image|no_bullets|mismatch_title,eva,semi,yes_somewhat,better_rating,4,4
225,A,main_image|color_pattern|star_rating|review_count|material_word|imagine_look|magnets,reviews_photos|negative_reviews|bullets|size_specs|material_cert|qa|zoom_images|price_deal,negative_reviews,not_buy,price_too_high|want_compare,yes_more,B,not_buy,price_suspicious|material|look|want_compare,C,not_buy,price_suspicious|material|brand|want_compare,A,price|timing,fallback_favorite|price_too_high,price_suspicious|material|look,price_suspicious|material|brand,few_reviews|material|pack,few_reviews|look|brand,few_reviews|size|look,page2,page1,reviews,material,4,5,4,2,4,5,5,5,low_rating|few_reviews|no_size|material_unclear|blur_image|no_bullets,eva,semi,yes_somewhat,better_function,3,4
226,A,main_image|color_pattern|star_rating|review_count|material_word|right_size|imagine_look,reviews_photos|negative_reviews|bullets|size_specs|material_cert|zoom_images|qa,negative_reviews,add_cart,price_too_high|want_compare,yes_more,C,not_buy,price_suspicious|material|brand|review_concern|want_compare,E,not_buy,few_reviews|transparency|brand|material|want_compare,A,price|timing,fallback_favorite|price_too_high,price_suspicious|material|brand|look,price_suspicious|material|brand|look,few_reviews|pack|material|brand,few_reviews|transparency|brand|material,few_reviews|size|material|brand|look,page2,page1,reviews,material,4,5,4,2,4,4,5,5,low_rating|few_reviews|no_size|material_unclear|blur_image|no_bullets|mismatch_title,eva,semi,unlikely,better_rating,4,4
227,A,main_image|color_pattern|star_rating|review_count|material_word|right_size|imagine_look,reviews_photos|negative_reviews|bullets|size_specs|material_cert|zoom_images|price_deal,negative_reviews,not_buy,price_too_high|want_compare,yes_more,B,not_buy,price_suspicious|material|look|want_compare,C,not_buy,price_suspicious|few_reviews|material|want_compare,A,price|timing,fallback_favorite|price_too_high,price_suspicious|material|look,price_suspicious|few_reviews|material,few_reviews|material|pack,look|few_reviews|transparency,few_reviews|size|transparency,page2,page1,material,reviews,4,5,4,2,4,4,5,5,low_rating|few_reviews|no_size|material_unclear|blur_image|mismatch_title,eva,semi,yes_somewhat,better_function,3,4
228,C,main_image|color_pattern|price|star_rating|review_count|material_word|imagine_look,reviews_photos|negative_reviews|bullets|size_specs|material_cert|zoom_images|price_deal,negative_reviews,add_cart,want_compare|material|price_suspicious,yes_more,A,not_buy,price_too_high|look|want_compare,B,not_buy,look|want_compare,B,look_compromise|timing,price_too_high|look,fallback_favorite|look,material|price_suspicious,few_reviews|material,few_reviews|look,few_reviews|size|transparency,page2,page1,reviews,price_value,4,5,4,2,4,5,5,4,low_rating|few_reviews|no_size|material_unclear|blur_image|mismatch_title,eva,semi,yes_somewhat,better_rating,4,3
229,A,main_image|review_count|material_word|magnets|imagine_look|star_rating,reviews_photos|negative_reviews|bullets|size_specs|material_cert|zoom_images,negative_reviews,not_buy,price_too_high|want_compare,yes_more,B,not_buy,price_suspicious|material|want_compare,C,not_buy,brand|price_suspicious|want_compare,A,price|timing,fallback_favorite|price_too_high,price_suspicious|material|brand,price_suspicious|brand,few_reviews|material,look|few_reviews,few_reviews|size|material,page2,page1,material,price_value,4,5,4,2,4,4,5,5,low_rating|few_reviews|no_size|material_unclear|blur_image|mismatch_title,eva,semi,unlikely,better_function,3,4
230,A,main_image|color_pattern|review_count|material_word|magnets|star_rating,reviews_photos|negative_reviews|bullets|size_specs|material_cert|qa|zoom_images,negative_reviews,not_buy,price_too_high|transparency|want_compare,yes_more,C,not_buy,price_suspicious|material|brand|few_reviews,E,not_buy,look|transparency|few_reviews|brand,A,price|look_compromise,fallback_favorite|price_too_high|look,price_suspicious|material|brand|few_reviews,price_suspicious|material|brand|few_reviews,few_reviews|material|pack|brand,look|transparency|few_reviews|brand,few_reviews|size|material|brand,page2,page1,reviews,material,4,5,4,2,4,4,5,5,low_rating|few_reviews|material_unclear|blur_image|mismatch_title,eva,semi,unlikely,better_rating,3,4
231,A,main_image|color_pattern|star_rating|review_count|material_word|imagine_look|magnets,reviews_photos|negative_reviews|bullets|size_specs|material_cert|zoom_images|qa,negative_reviews,not_buy,price_too_high|want_compare,yes_more,C,not_buy,price_suspicious|material|want_compare,B,not_buy,price_suspicious|material|look|want_compare,A,price|timing,fallback_favorite|price_too_high,price_suspicious|material|look,price_suspicious|material,few_reviews|material|pack,look|few_reviews,few_reviews|size|transparency,page2,page1,reviews,price_value,4,5,4,2,3,4,5,4,low_rating|no_size|material_unclear|blur_image|mismatch_title,eva,semi,yes_somewhat,better_rating,3,4
232,A,main_image|color_pattern|review_count|star_rating|material_word|magnets|imagine_look,reviews_photos|negative_reviews|bullets|size_specs|material_cert|zoom_images|qa,negative_reviews,not_buy,price_too_high|want_compare,yes_more,B,not_buy,price_suspicious|material|look|want_compare,C,not_buy,price_suspicious|material|brand|want_compare,A,price|timing,fallback_favorite|price_too_high,price_suspicious|material|look,price_suspicious|material|brand,few_reviews|pack|material,look|transparency|brand|few_reviews,few_reviews|size|look,page2,page1,reviews,material,4,5,4,2,4,4,5,5,low_rating|few_reviews|no_size|material_unclear|blur_image|no_bullets|mismatch_title,eva,semi,unlikely,better_value,3,4
233,A,main_image|color_pattern|star_rating|review_count|material_word|magnets|imagine_look,reviews_photos|negative_reviews|bullets|size_specs|material_cert|qa|zoom_images,negative_reviews,not_buy,price_too_high|want_compare|transparency,yes_more,B,not_buy,price_suspicious|material|want_compare|transparency,C,not_buy,price_suspicious|brand|want_compare|transparency,A,price|look_compromise|info_gap,fallback_favorite|price_too_high|transparency,price_suspicious|material|transparency,price_suspicious|brand|transparency,few_reviews|pack|material,look|transparency|brand,few_reviews|size|transparency|material,page2,page1,reviews,price_value,4,5,4,2,4,4,5,5,low_rating|few_reviews|no_size|material_unclear|blur_image|mismatch_title,eva,semi,yes_somewhat,better_rating,3,4
234,A,main_image|color_pattern|star_rating|review_count|material_word|magnets|imagine_look|right_size,reviews_photos|negative_reviews|bullets|size_specs|material_cert|qa|zoom_images|price_deal,negative_reviews,not_buy,price_too_high|want_compare,yes_more,C,not_buy,price_suspicious|brand|few_reviews,E,not_buy,few_reviews|brand|look|material,A,price|timing,fallback_favorite|price_too_high,price_suspicious|brand|few_reviews|material,price_suspicious|brand|few_reviews,few_reviews|brand|material|pack,few_reviews|brand|look|material,few_reviews|brand|size|material,page2,page1,reviews,material,4,5,4,2,4,4,5,5,low_rating|few_reviews|no_size|material_unclear|blur_image|mismatch_title,eva,semi,yes_somewhat,better_rating,3,4
235,A,main_image|color_pattern|star_rating|review_count|material_word|magnets|imagine_look,reviews_photos|negative_reviews|bullets|size_specs|material_cert|zoom_images|qa,negative_reviews,add_cart,price_too_high|want_compare,yes_more,C,add_cart,price_suspicious|material|want_compare,E,not_buy,look|transparency|rating|few_reviews,A,price|look_compromise,fallback_favorite|price_too_high,price_suspicious|material|brand,price_suspicious|material|brand,few_reviews|material|pack|brand,look|transparency|rating|few_reviews,few_reviews|size|look|rating,page2,page1,reviews,material,4,5,4,2,4,5,5,5,low_rating|few_reviews|no_size|material_unclear|blur_image|no_bullets,eva,semi,yes_somewhat,better_rating,3,4
236,C,main_image|color_pattern|star_rating|magnets|material_word|right_size|imagine_look,reviews_photos|negative_reviews|bullets|size_specs|material_cert|zoom_images|qa,reviews_photos,add_cart,want_compare|brand,yes_more,A,not_buy,price_too_high,B,not_buy,look|price_suspicious,C,brand|reviews_trust,price_too_high,look|price_suspicious,fallback_favorite,few_reviews|material,look|few_reviews,few_reviews|size|look,page2,page1,reviews,appearance,4,5,4,2,4,4,5,4,low_rating|few_reviews|no_size|material_unclear|blur_image,eva,semi,yes_somewhat,better_rating,4,4
237,A,main_image|color_pattern|star_rating|review_count|material_word|imagine_look,reviews_photos|negative_reviews|bullets|material_cert|size_specs|zoom_images|qa,negative_reviews,not_buy,price_too_high|want_compare,yes_more,C,not_buy,price_suspicious|few_reviews|brand|want_compare,E,not_buy,look|few_reviews|brand|transparency|want_compare,A,price,fallback_favorite|price_too_high,price_suspicious|brand|few_reviews|look,price_suspicious|few_reviews|brand,few_reviews|brand|material|pack,look|few_reviews|brand|transparency,few_reviews|size|brand|material,page2,page1,reviews,material,4,5,4,2,4,4,5,5,low_rating|few_reviews|no_size|material_unclear|blur_image|no_bullets|mismatch_title,eva,semi,yes_somewhat,better_rating,3,4
238,B,color_pattern|price|review_count|magnets|imagine_look,reviews_photos|negative_reviews|bullets|material_cert|size_specs|price_deal|zoom_images,negative_reviews,not_buy,price_suspicious|material|want_compare,yes_more,C,not_buy,price_suspicious|material|few_reviews|brand,A,not_buy,price_too_high|transparency|want_compare,A,price|look_compromise,fallback_favorite|price_too_high|transparency,price_suspicious|material|brand,price_suspicious|material|few_reviews|brand,few_reviews|pack|material,look|few_reviews|transparency,few_reviews|size|look,page2,page1,price_value,reviews,4,4,3,2,4,5,5,4,low_rating|few_reviews|no_size|material_unclear|blur_image|no_bullets,eva,semi,unlikely,better_rating,3,3
239,A,main_image|material_word|review_count|imagine_look|magnets,reviews_photos|negative_reviews|bullets|size_specs|material_cert|zoom_images|qa,negative_reviews,not_buy,price_too_high|want_compare,yes_more,C,not_buy,price_suspicious|want_compare,B,not_buy,price_suspicious|want_compare,A,price|timing,fallback_favorite|price_too_high,price_suspicious|material|brand,price_suspicious|brand|transparency,few_reviews|material|pack,look|few_reviews|brand,few_reviews|size|transparency,page2,page1,reviews,price_value,4,5,4,2,4,4,5,4,low_rating|material_unclear|blur_image|no_size|mismatch_title,eva,semi,yes_somewhat,better_rating,3,4
240,A,main_image|color_pattern|star_rating|review_count|material_word|imagine_look|magnets,reviews_photos|negative_reviews|bullets|size_specs|material_cert|zoom_images|qa,negative_reviews,not_buy,price_too_high|want_compare,yes_more,B,not_buy,price_suspicious|material|want_compare,C,not_buy,price_suspicious|few_reviews|want_compare,A,price|timing,fallback_favorite|price_too_high,price_suspicious|material,price_suspicious|few_reviews,few_reviews|material,look|brand,few_reviews|size,page2,page1,reviews,material,4,5,4,2,4,4,5,5,low_rating|few_reviews|material_unclear|blur_image|no_bullets,eva,semi,unlikely,better_rating,3,4
241,A,main_image|color_pattern|star_rating|review_count|imagine_look|material_word,reviews_photos|negative_reviews|bullets|material_cert|size_specs|zoom_images,reviews_photos,add_cart,price_too_high|want_compare,yes_more,B,not_buy,look|want_compare,C,add_cart,want_compare,A,price|timing,fallback_favorite|price_too_high,look,few_reviews,few_reviews|pack,look,few_reviews|size,page2,page1,price_value,reviews,4,5,4,2,4,5,5,4,low_rating|few_reviews|material_unclear|blur_image|no_size,eva,semi,yes_somewhat,lower_price,3,4
242,A,main_image|color_pattern|review_count|star_rating|material_word|magnets|imagine_look,reviews_photos|negative_reviews|bullets|size_specs|material_cert|zoom_images|delivery_returns,negative_reviews,add_cart,price_too_high|want_compare,yes_more,C,add_cart,price_suspicious|material|brand|want_compare,E,not_buy,look|few_reviews|brand|transparency,A,price|timing,fallback_favorite|price_too_high,price_suspicious|look|brand,price_suspicious|brand|material,few_reviews|pack|material,look|few_reviews|transparency|brand,few_reviews|size|transparency|brand,page2,page1,reviews,material,4,5,4,2,4,4,5,5,low_rating|few_reviews|material_unclear|blur_image|no_size|mismatch_title,eva,semi,unlikely,better_rating,3,4
243,A,star_rating|review_count|material_word|main_image|magnets,reviews_photos|negative_reviews|bullets|size_specs|material_cert|zoom_images,negative_reviews,not_buy,price_too_high|want_compare,yes_more,C,add_cart,want_compare,B,not_buy,look|review_concern,C,reviews_trust|material,price_too_high,look|review_concern,fallback_favorite,few_reviews|material,look|rating,few_reviews|size|look,page2,page1,reviews,price_value,4,4,4,2,4,5,5,5,low_rating|few_reviews|no_size|material_unclear|blur_image,eva,semi,yes_somewhat,better_rating,4,4
244,A,main_image|color_pattern|star_rating|review_count|material_word|magnets|imagine_look|right_size,reviews_photos|negative_reviews|bullets|size_specs|material_cert|zoom_images|qa,reviews_photos,not_buy,price_too_high|want_compare,yes_more,C,not_buy,price_suspicious|few_reviews|want_compare,B,not_buy,price_suspicious|material|want_compare,A,price|timing,fallback_favorite|price_too_high,price_suspicious|material|look,price_suspicious|material|few_reviews,few_reviews|material|pack,look|few_reviews|brand,few_reviews|size|look,page2,page1,reviews,price_value,4,5,4,2,4,4,5,5,low_rating|few_reviews|no_size|material_unclear|blur_image,eva,semi,yes_somewhat,better_rating,2,4
245,B,color_pattern|price|review_count|magnets|imagine_look,reviews_photos|negative_reviews|bullets|size_specs|material_cert|zoom_images|qa,negative_reviews,add_cart,want_compare,yes_more,C,add_cart,want_compare,A,not_buy,price_too_high,B,timing,price_too_high,fallback_favorite,price_suspicious,few_reviews|material,look,few_reviews|size,page2,page1,price_value,appearance,4,5,4,2,4,5,5,4,low_rating|few_reviews|no_size|material_unclear|blur_image|mismatch_title,eva,semi,unlikely,better_rating,5,4
246,A,main_image|color_pattern|star_rating|review_count|magnets|material_word|imagine_look|right_size,reviews_photos|negative_reviews|bullets|size_specs|material_cert|zoom_images|qa,negative_reviews,not_buy,price_too_high|want_compare,yes_more,C,not_buy,price_suspicious|material|brand|want_compare,B,not_buy,price_suspicious|material|brand|review_concern|want_compare,A,price|timing,fallback_favorite|price_too_high,price_suspicious|material|brand,price_suspicious|material|brand,few_reviews|material|brand|pack,few_reviews|look|brand,few_reviews|size|brand|look,page2,page1,material,price_value,4,5,4,2,4,4,5,5,low_rating|few_reviews|no_size|material_unclear|blur_image|no_bullets|mismatch_title,eva,semi,yes_somewhat,better_function,3,4
247,A,main_image|color_pattern|star_rating|review_count|material_word|imagine_look,reviews_photos|negative_reviews|bullets|size_specs|material_cert|zoom_images|price_deal,reviews_photos,not_buy,price_too_high|want_compare,yes_more,B,add_cart,want_compare,C,not_buy,look|want_compare,B,look_compromise|material,price_too_high,fallback_favorite,look,few_reviews|material,look|few_reviews,few_reviews|size,page2,page1,price_value,material,4,5,4,2,4,5,5,5,low_rating|few_reviews|no_size|material_unclear|blur_image,eva,semi,neutral,better_value,4,4
248,A,main_image|color_pattern|star_rating|review_count|material_word|imagine_look,reviews_photos|negative_reviews|bullets|size_specs|material_cert|zoom_images,negative_reviews,not_buy,price_too_high|want_compare,yes_more,B,add_cart,look|want_compare,E,not_buy,few_reviews|want_compare,A,price|timing,fallback_favorite|price_too_high,look,look|brand,few_reviews|material,few_reviews|brand,few_reviews|size|look,page2,page1,price_value,reviews,4,5,4,2,4,5,5,4,low_rating|few_reviews|no_size|material_unclear|blur_image,eva,semi,yes_somewhat,lower_price,3,4
249,A,main_image|color_pattern|star_rating|review_count|material_word|imagine_look|magnets,reviews_photos|negative_reviews|bullets|size_specs|material_cert|zoom_images|qa,negative_reviews,not_buy,price_too_high|want_compare,yes_more,C,not_buy,price_suspicious|material|want_compare,B,not_buy,price_suspicious|material|want_compare,A,price|timing,fallback_favorite|price_too_high,price_suspicious|material,price_suspicious|material,few_reviews|material,look|brand,few_reviews|size,page2,page1,reviews,price_value,4,5,4,2,4,4,5,4,low_rating|few_reviews|no_size|material_unclear|blur_image|no_bullets,eva,semi,yes_somewhat,better_rating,3,3
250,A,main_image|color_pattern|star_rating|review_count|material_word|imagine_look,reviews_photos|negative_reviews|bullets|size_specs|material_cert|zoom_images|qa,negative_reviews,not_buy,price_too_high|want_compare,yes_more,C,not_buy,price_suspicious|material|review_concern|want_compare,E,not_buy,material|few_reviews|transparency|want_compare,A,price|timing,fallback_favorite|price_too_high,price_suspicious|look|material,price_suspicious|material|review_concern,few_reviews|material|pack,few_reviews|material|transparency|brand,few_reviews|look|size|brand,page2,page1,material,reviews,4,5,4,2,4,3,5,5,low_rating|few_reviews|no_size|material_unclear|blur_image|mismatch_title,eva,semi,yes_somewhat,better_function,3,4
251,A,main_image|color_pattern|star_rating|review_count|material_word|imagine_look,reviews_photos|negative_reviews|bullets|size_specs|material_cert|qa|zoom_images|price_deal,negative_reviews,not_buy,price_too_high|want_compare,yes_more,C,not_buy,price_suspicious|look|want_compare,B,not_buy,look|material|price_suspicious,A,price,fallback_favorite|price_too_high,look|material|price_suspicious,look|price_suspicious,few_reviews|material|pack,few_reviews|look|material,few_reviews|size|look,page2,page1,price_value,material,4,5,4,2,4,5,5,4,low_rating|few_reviews|no_size|material_unclear|blur_image|mismatch_title,eva,semi,yes_somewhat,better_value,3,4
252,A,star_rating|review_count|main_image|material_word|magnets,negative_reviews|reviews_photos|bullets|size_specs|material_cert|zoom_images,negative_reviews,not_buy,price_too_high|want_compare,yes_more,C,not_buy,price_suspicious|material|few_reviews|want_compare,B,not_buy,price_suspicious|material|want_compare|transparency,A,price,fallback_favorite|price_too_high,price_suspicious|transparency,price_suspicious|material,few_reviews|material|pack|look,few_reviews|brand|look,few_reviews|size|look,page2,page1,reviews,price_value,4,4,4,2,4,5,5,4,low_rating|few_reviews|no_size|material_unclear|blur_image,eva,semi,unlikely,better_rating,3,4
253,B,main_image|color_pattern|price|star_rating|review_count|magnets|material_word|imagine_look,reviews_photos|negative_reviews|bullets|size_specs|material_cert|qa|price_deal|zoom_images,negative_reviews,not_buy,price_suspicious|material|want_compare,yes_more,A,not_buy,price_too_high|look|want_compare,C,not_buy,price_suspicious|material|few_reviews|want_compare,A,price|look_compromise,fallback_favorite|price_too_high|look,price_suspicious|material,price_suspicious|material|few_reviews,few_reviews|material|pack,look|few_reviews|brand,few_reviews|size|look,page2,page1,price_value,reviews,4,5,4,2,4,5,5,4,low_rating|few_reviews|no_size|material_unclear|blur_image|no_bullets|mismatch_title,eva,semi,yes_somewhat,better_value,3,4
254,A,review_count|star_rating|material_word|magnets|imagine_look,reviews_photos|negative_reviews|bullets|size_specs|material_cert|zoom_images,negative_reviews,not_buy,price_too_high|want_compare,yes_more,B,not_buy,look|want_compare,C,not_buy,look|few_reviews|want_compare,A,price|info_gap,fallback_favorite|price_too_high,look|price_suspicious,look|few_reviews,few_reviews|pack,look|few_reviews,few_reviews|size|look,page2,page1,reviews,material,4,5,4,2,4,4,5,5,low_rating|few_reviews|no_size|material_unclear|blur_image|mismatch_title,eva,semi,unlikely,better_value,3,4
255,A,review_count|star_rating|material_word|magnets|title_keyword|main_image,reviews_photos|negative_reviews|bullets|size_specs|material_cert|zoom_images|qa,negative_reviews,not_buy,price_too_high|transparency|want_compare,yes_more,B,not_buy,price_suspicious|look,C,not_buy,price_suspicious|few_reviews|look,A,price|look_compromise,fallback_favorite|price_too_high|transparency,price_suspicious|look,price_suspicious|few_reviews|look,few_reviews|material|pack,few_reviews|look|brand,few_reviews|size|material,page2,page1,material,reviews,4,5,4,2,4,5,5,5,low_rating|few_reviews|no_size|material_unclear|blur_image|mismatch_title,eva,semi,unlikely,better_value,2,4
256,A,main_image|color_pattern|star_rating|review_count|material_word|imagine_look|magnets,reviews_photos|negative_reviews|bullets|size_specs|material_cert|zoom_images|price_deal,negative_reviews,add_cart,price_too_high|want_compare,yes_more,C,add_cart,want_compare,B,add_cart,want_compare,C,timing,price_too_high,final_purchase,fallback_favorite,few_reviews|material,look|rating|brand,few_reviews|size|material,page2,page1,reviews,price_value,4,5,4,2,4,5,5,4,low_rating|material_unclear|blur_image|no_size|mismatch_title,eva,semi,yes_somewhat,better_rating,4,3
257,A,main_image|color_pattern|star_rating|review_count|material_word|imagine_look|right_size,reviews_photos|negative_reviews|bullets|size_specs|material_cert|zoom_images|qa,negative_reviews,not_buy,price_too_high|want_compare,yes_more,C,not_buy,price_suspicious|brand|material|want_compare,E,not_buy,few_reviews|brand|look|want_compare,A,price|timing,fallback_favorite|price_too_high,price_suspicious|brand|material,price_suspicious|brand|material,few_reviews|brand|material,look|few_reviews|brand,few_reviews|brand|size,page2,page1,material,reviews,4,5,4,2,4,4,5,5,low_rating|few_reviews|material_unclear|blur_image|no_size,eva,semi,unlikely,better_rating,3,4
258,A,star_rating|review_count|material_word|magnets|right_size|imagine_look,reviews_photos|negative_reviews|bullets|size_specs|material_cert|qa|zoom_images,negative_reviews,add_cart,price_too_high|want_compare,yes_more,C,not_buy,price_suspicious|brand|material|want_compare,B,not_buy,price_suspicious|brand|material|look|want_compare,A,price|info_gap|timing,fallback_favorite|price_too_high,price_suspicious|brand|material|look,price_suspicious|brand|material,few_reviews|brand|material|pack,brand|look|material|rating,few_reviews|brand|size|material,page2,page1,reviews,material,5,5,4,2,4,4,5,5,low_rating|few_reviews|no_size|material_unclear|blur_image|no_bullets|mismatch_title,eva,semi,yes_somewhat,better_rating,3,4
259,A,main_image|color_pattern|review_count|star_rating|material_word|imagine_look,reviews_photos|negative_reviews|bullets|size_specs|material_cert|zoom_images|delivery_returns,negative_reviews,not_buy,price_too_high|want_compare,yes_more,C,not_buy,price_suspicious|brand|material,B,add_cart,price_suspicious|brand|want_compare,A,price,fallback_favorite|price_too_high,price_suspicious|brand,price_suspicious|brand,few_reviews|material|pack,look|rating|few_reviews,few_reviews|size|look,page2,page1,reviews,price_value,4,5,4,2,4,4,5,5,low_rating|few_reviews|no_size|material_unclear|blur_image|mismatch_title,eva,semi,yes_somewhat,better_rating,3,4
260,A,main_image|color_pattern|star_rating|review_count|material_word|imagine_look,reviews_photos|negative_reviews|bullets|size_specs|material_cert|zoom_images|qa,negative_reviews,not_buy,price_too_high|want_compare,yes_more,C,not_buy,price_suspicious|few_reviews|brand|want_compare,E,not_buy,material|few_reviews|look|want_compare,A,price|timing,fallback_favorite|price_too_high,price_suspicious|brand|material,price_suspicious|brand|few_reviews,few_reviews|material|pack,few_reviews|look|material,few_reviews|size|price_suspicious,page2,page1,reviews,material,4,5,4,2,4,4,5,5,low_rating|few_reviews|no_size|material_unclear|blur_image|no_bullets,eva,semi,yes_somewhat,better_rating,3,4
261,A,main_image|color_pattern|star_rating|review_count|material_word|imagine_look,reviews_photos|negative_reviews|bullets|size_specs|material_cert|zoom_images,negative_reviews,not_buy,price_too_high|want_compare,yes_more,C,not_buy,brand|want_compare,B,not_buy,material|transparency|want_compare,A,price|timing,fallback_favorite|price_too_high,material|transparency,brand|few_reviews,few_reviews|material|pack,look|transparency|few_reviews,few_reviews|size|transparency,page2,page1,reviews,price_value,4,5,4,2,4,4,5,5,low_rating|few_reviews|no_size|material_unclear|blur_image|mismatch_title,eva,semi,yes_somewhat,better_rating,3,3
262,A,star_rating|review_count|material_word|right_size|imagine_look|main_image,negative_reviews|reviews_photos|material_cert|size_specs|bullets|zoom_images|qa,negative_reviews,not_buy,price_too_high|want_compare,yes_more,C,not_buy,look|want_compare,E,not_buy,few_reviews|transparency|want_compare,A,price|timing,fallback_favorite|price_too_high,price_suspicious|brand|review_concern,look|brand,few_reviews|material|pack,few_reviews|transparency|brand,few_reviews|size|material,page2,page1,reviews,price_value,4,5,4,2,4,5,5,5,low_rating|no_size|material_unclear|blur_image|mismatch_title,eva,semi,yes_somewhat,better_rating,2,4
263,A,main_image|review_count|star_rating|material_word|magnets|right_size|imagine_look,reviews_photos|negative_reviews|bullets|size_specs|material_cert|zoom_images|qa,negative_reviews,not_buy,price_too_high|want_compare,yes_more,B,not_buy,price_suspicious|transparency,C,not_buy,price_suspicious|few_reviews|transparency,A,price|reviews_trust,fallback_favorite|price_too_high,price_suspicious|transparency,price_suspicious|few_reviews|transparency,few_reviews|material|pack,material|rating|few_reviews|look,few_reviews|size|material,page2,page1,reviews,material,4,5,4,2,4,4,5,5,low_rating|few_reviews|no_size|material_unclear|blur_image|mismatch_title,eva,semi,yes_somewhat,better_rating,3,4
264,A,main_image|color_pattern|star_rating|review_count|material_word|magnets|imagine_look,reviews_photos|negative_reviews|bullets|size_specs|material_cert|qa|zoom_images,negative_reviews,add_cart,price_too_high|want_compare,yes_more,C,add_cart,price_suspicious|material|want_compare,B,add_cart,price_suspicious|look|want_compare,A,price|timing,fallback_favorite|price_too_high,price_suspicious|look,price_suspicious|material,few_reviews|pack|material,look|few_reviews,few_reviews|size|transparency,page2,page1,reviews,price_value,4,5,4,3,4,5,5,5,low_rating|few_reviews|no_size|material_unclear|blur_image|no_bullets,eva,semi,yes_somewhat,better_rating,3,4
265,B,color_pattern|price|review_count|magnets|imagine_look|material_word,reviews_photos|negative_reviews|bullets|size_specs|material_cert|zoom_images|price_deal,negative_reviews,add_cart,want_compare|price_suspicious,yes_more,A,add_cart,price_too_high|want_compare,C,buy_now,no_concern,C,no_blocker,price_too_high|fallback_favorite,price_suspicious,final_purchase,few_reviews|pack,look|few_reviews,few_reviews|size|transparency,page2,page1,price_value,reviews,4,5,4,2,4,5,5,4,low_rating|few_reviews|material_unclear|blur_image|mismatch_title,eva,semi,yes_somewhat,better_rating,5,4
266,A,main_image|color_pattern|star_rating|review_count|material_word|right_size|imagine_look,reviews_photos|negative_reviews|bullets|size_specs|material_cert|zoom_images|qa,negative_reviews,not_buy,price_too_high|material|want_compare,yes_more,B,not_buy,price_suspicious|material|look|want_compare,E,not_buy,few_reviews|material|transparency|want_compare,A,price|look_compromise|info_gap,fallback_favorite|price_too_high|look,price_suspicious|material|look,price_suspicious|material|look|few_reviews,few_reviews|material|look|pack,few_reviews|material|transparency|brand,few_reviews|size|brand|look,page2,page1,reviews,material,4,5,4,2,4,4,5,5,low_rating|few_reviews|no_size|material_unclear|blur_image,eva,semi,unlikely,better_rating,2,4
267,A,main_image|color_pattern|star_rating|review_count|material_word|magnets|imagine_look,reviews_photos|negative_reviews|bullets|size_specs|material_cert|zoom_images|qa,negative_reviews,not_buy,price_too_high|want_compare,yes_more,B,not_buy,price_suspicious|look|material|want_compare,E,not_buy,few_reviews|transparency|brand|want_compare,A,price|timing,fallback_favorite|price_too_high,price_suspicious|look|material,price_suspicious|look|brand,few_reviews|pack|material,few_reviews|transparency|brand,few_reviews|size|material,page2,page1,reviews,material,4,5,4,2,4,4,5,5,low_rating|few_reviews|no_size|material_unclear|blur_image|mismatch_title,eva,semi,unlikely,better_rating,3,4
268,A,main_image|review_count|star_rating|material_word|magnets|imagine_look,negative_reviews|reviews_photos|bullets|size_specs|material_cert|zoom_images|delivery_returns,negative_reviews,not_buy,price_too_high|want_compare,yes_more,C,not_buy,price_suspicious|material|brand|want_compare,B,not_buy,price_suspicious|material|brand|look|want_compare,A,price|timing,fallback_favorite|price_too_high,price_suspicious|brand|material|look,price_suspicious|brand|material,few_reviews|material|pack|brand,few_reviews|look|brand,few_reviews|size|material|brand,page2,page1,reviews,material,4,5,4,2,4,4,5,5,low_rating|few_reviews|no_size|material_unclear|blur_image|mismatch_title,eva,semi,unlikely,better_rating,3,4
269,A,main_image|color_pattern|star_rating|review_count|material_word|imagine_look|right_size,reviews_photos|negative_reviews|bullets|size_specs|material_cert|zoom_images|price_deal|qa,negative_reviews,not_buy,price_too_high|want_compare,yes_more,B,not_buy,price_suspicious|material|want_compare,C,not_buy,price_suspicious|few_reviews|want_compare,B,price|reviews_trust|material|timing,price_too_high,price_suspicious|material,price_suspicious|few_reviews,few_reviews|material|pack,look|few_reviews|brand,few_reviews|size|material,page2,page1,reviews,price_value,4,5,4,2,4,5,5,4,low_rating|few_reviews|no_size|material_unclear|blur_image|mismatch_title,eva,semi,yes_somewhat,better_rating,4,4
270,A,main_image|color_pattern|star_rating|review_count|material_word|magnets|imagine_look|right_size,reviews_photos|negative_reviews|bullets|size_specs|material_cert|qa|zoom_images,negative_reviews,not_buy,price_too_high|want_compare,yes_more,B,not_buy,price_suspicious|material|look|want_compare,E,not_buy,few_reviews|look|transparency|want_compare,A,price|timing,fallback_favorite|price_too_high,price_suspicious|material,price_suspicious|material|brand,few_reviews|material|pack,few_reviews|look|transparency,few_reviews|size|transparency,page2,page1,reviews,material,4,5,4,2,4,4,5,5,low_rating|few_reviews|no_size|material_unclear|blur_image|mismatch_title,eva,semi,yes_somewhat,better_rating,3,4
271,A,main_image|color_pattern|star_rating|review_count|material_word|imagine_look|magnets,reviews_photos|negative_reviews|bullets|size_specs|material_cert|zoom_images|qa,reviews_photos,not_buy,price_too_high|want_compare,yes_more,B,not_buy,price_suspicious|look|transparency,C,not_buy,price_suspicious|few_reviews|brand,A,price|timing,fallback_favorite|price_too_high,price_suspicious|look|transparency,price_suspicious|few_reviews|brand,few_reviews|material|pack,look|few_reviews|transparency,few_reviews|size|transparency,page2,page1,reviews,appearance,4,5,4,3,4,4,5,5,low_rating|few_reviews|no_size|material_unclear|blur_image|mismatch_title,eva,semi,yes_somewhat,better_rating,3,4
272,A,main_image|color_pattern|review_count|material_word|magnets|imagine_look|right_size,reviews_photos|negative_reviews|bullets|size_specs|material_cert|zoom_images|qa,negative_reviews,add_cart,price_too_high|want_compare,yes_more,B,not_buy,price_suspicious|material|look|want_compare,E,not_buy,few_reviews|brand|material|want_compare,A,price|timing,fallback_favorite|price_too_high,price_suspicious|material|look,price_suspicious|material|look|few_reviews,few_reviews|material|pack,few_reviews|brand|look,few_reviews|size|transparency,page2,page1,material,reviews,4,5,4,2,4,4,5,5,low_rating|few_reviews|material_unclear|blur_image|mismatch_title,eva,semi,unlikely,better_rating,3,3
273,A,main_image|color_pattern|star_rating|review_count|material_word|imagine_look,reviews_photos|negative_reviews|bullets|material_cert|size_specs|zoom_images|qa,negative_reviews,not_buy,price_too_high|want_compare,yes_more,C,not_buy,price_suspicious|material|want_compare,B,add_cart,want_compare,A,price|timing,fallback_favorite|price_too_high,price_suspicious|material|brand,price_suspicious|material|brand,few_reviews|brand|material,look|few_reviews|brand,few_reviews|size|brand|material,page2,page1,reviews,material,4,5,4,2,4,4,5,5,low_rating|few_reviews|material_unclear|blur_image|no_size,eva,semi,yes_somewhat,better_rating,3,4
274,A,main_image|color_pattern|star_rating|review_count|material_word|magnets|imagine_look,reviews_photos|negative_reviews|bullets|size_specs|material_cert|zoom_images|qa,negative_reviews,not_buy,price_too_high|want_compare,yes_more,C,not_buy,price_suspicious|material|want_compare,B,not_buy,price_suspicious|material|want_compare,A,price|timing,fallback_favorite|price_too_high,price_suspicious|material|brand,price_suspicious|material|brand,few_reviews|material|pack,look|few_reviews|brand,few_reviews|size|transparency|brand,page2,page1,material,reviews,4,5,4,2,4,4,5,5,low_rating|few_reviews|material_unclear|blur_image|mismatch_title,eva,semi,yes_somewhat,better_rating,3,4
275,A,main_image|color_pattern|star_rating|review_count|magnets|material_word|imagine_look,reviews_photos|negative_reviews|bullets|size_specs|material_cert|zoom_images,negative_reviews,not_buy,price_too_high|want_compare,yes_more,C,not_buy,price_suspicious|material|brand|want_compare,B,not_buy,price_suspicious|brand|look|want_compare,A,price|timing,fallback_favorite|price_too_high,price_suspicious|brand|look,price_suspicious|brand|material,few_reviews|material|brand|pack,look|few_reviews|brand|transparency,few_reviews|size|material|brand,page2,page1,reviews,material,4,5,4,2,4,4,5,5,low_rating|few_reviews|no_size|material_unclear|blur_image|mismatch_title,eva,semi,yes_somewhat,better_function,3,4
276,A,main_image|review_count|material_word|star_rating|magnets,negative_reviews|reviews_photos|material_cert|bullets|size_specs|zoom_images,negative_reviews,not_buy,price_too_high|want_compare,yes_more,C,not_buy,price_suspicious|brand|material|want_compare,E,not_buy,few_reviews|brand|price_suspicious,A,price|look_compromise,fallback_favorite|price_too_high,price_suspicious|brand|look|material,price_suspicious|brand|material,few_reviews|brand|material|pack,few_reviews|brand|look,few_reviews|brand|size|transparency|material,page1,page1,reviews,material,4,4,4,2,5,4,5,5,low_rating|few_reviews|no_size|material_unclear|blur_image|no_bullets|mismatch_title,eva,semi,unlikely,better_rating,2,4
277,B,main_image|color_pattern|price|review_count|magnets|material_word|right_size|imagine_look,reviews_photos|negative_reviews|bullets|size_specs|material_cert|zoom_images|qa,negative_reviews,not_buy,want_compare|transparency,yes_more,A,not_buy,price_too_high|transparency|want_compare,E,not_buy,few_reviews|material|look|want_compare,B,reviews_trust|timing,price_too_high|transparency,fallback_favorite,brand|few_reviews,few_reviews|material,few_reviews|look|material,few_reviews|size|material,page2,page1,price_value,reviews,4,5,4,2,3,5,5,4,low_rating|no_size|material_unclear|blur_image|mismatch_title,eva,semi,yes_somewhat,better_rating,4,4
278,A,star_rating|review_count|main_image|magnets|material_word,negative_reviews|reviews_photos|bullets|size_specs|material_cert|zoom_images|qa|price_deal,negative_reviews,not_buy,price_too_high|want_compare,yes_more,B,not_buy,price_suspicious|material|look|want_compare,C,not_buy,price_suspicious|few_reviews|look|want_compare,A,price|look_compromise,fallback_favorite|price_too_high,price_suspicious|material|look,price_suspicious|few_reviews|look,few_reviews|material|pack,look|few_reviews|material,few_reviews|size|look,page2,page1,reviews,material,4,5,4,2,5,3,5,4,low_rating|few_reviews|no_size|material_unclear|blur_image|mismatch_title,eva,semi,unlikely,better_rating,3,4
279,A,main_image|color_pattern|review_count|star_rating|material_word|magnets|right_size|imagine_look,bullets|size_specs|material_cert|negative_reviews|reviews_photos|price_deal|zoom_images,negative_reviews,not_buy,price_too_high|want_compare,yes_more,C,not_buy,price_suspicious|want_compare,B,not_buy,look|want_compare,A,price|timing,fallback_favorite|price_too_high,look|few_reviews,price_suspicious|material|few_reviews,few_reviews|material|pack,few_reviews|look|brand,few_reviews|size|look,page2,page1,price_value,reviews,4,5,4,2,4,5,5,4,low_rating|few_reviews|no_size|material_unclear|blur_image,eva,semi,unlikely,better_value,3,4
280,A,main_image|color_pattern|star_rating|review_count|material_word|magnets|imagine_look|right_size,reviews_photos|negative_reviews|bullets|size_specs|material_cert|zoom_images|qa,negative_reviews,not_buy,price_too_high|want_compare,yes_more,C,not_buy,price_suspicious|few_reviews,B,not_buy,material|look|want_compare,A,price|look_compromise,fallback_favorite|price_too_high|look,look|material|price_suspicious,price_suspicious|few_reviews|material,few_reviews|material|size,look|few_reviews|brand,size|few_reviews|material,page2,page1,reviews,material,4,5,4,2,4,5,5,5,low_rating|few_reviews|no_size|material_unclear|blur_image|mismatch_title,eva,semi,yes_somewhat,better_rating,2,4
281,A,main_image|color_pattern|review_count|star_rating|imagine_look|material_word,reviews_photos|negative_reviews|bullets|material_cert|zoom_images|price_deal,negative_reviews,not_buy,price_too_high|want_compare,yes_more,C,not_buy,price_suspicious|few_reviews|brand|want_compare,B,not_buy,price_suspicious|look|brand|want_compare,A,price|look_compromise,fallback_favorite|price_too_high,price_suspicious|brand,price_suspicious|brand|few_reviews,few_reviews|material|pack,look|brand|few_reviews,few_reviews|size|material,page2,page1,reviews,material,4,5,4,2,3,4,5,5,few_reviews|material_unclear|blur_image|no_size,eva,semi,yes_somewhat,better_rating,3,4
282,B,price|magnets|review_count|star_rating|material_word,negative_reviews|reviews_photos|bullets|size_specs|material_cert|zoom_images,negative_reviews,not_buy,price_suspicious|material|want_compare,yes_more,C,not_buy,price_suspicious|material|few_reviews|want_compare,E,not_buy,few_reviews|brand|material|want_compare,A,price,fallback_favorite|price_too_high,price_suspicious|material|brand,price_suspicious|material|brand|few_reviews,few_reviews|material|brand,few_reviews|brand,few_reviews|size|material|brand,page2,page1,reviews,price_value,4,4,4,2,4,5,5,4,low_rating|few_reviews|no_size|material_unclear|blur_image|mismatch_title,eva,semi,unlikely,better_rating,2,4
283,A,main_image|color_pattern|star_rating|review_count|material_word|magnets|imagine_look|right_size,reviews_photos|negative_reviews|bullets|size_specs|material_cert|price_deal|zoom_images,negative_reviews,not_buy,price_too_high|want_compare,yes_more,B,not_buy,price_suspicious|material|look|want_compare,E,not_buy,few_reviews|brand|material|want_compare,A,price|timing,fallback_favorite|price_too_high,price_suspicious|material|look,price_suspicious|material|brand,few_reviews|material|pack,few_reviews|brand|look,few_reviews|size|material,page2,page1,reviews,material,4,5,4,2,4,4,5,5,low_rating|no_size|material_unclear|blur_image|mismatch_title,eva,semi,yes_somewhat,better_rating,3,4
284,A,main_image|color_pattern|star_rating|review_count|material_word|imagine_look,reviews_photos|negative_reviews|bullets|size_specs|material_cert|zoom_images,negative_reviews,not_buy,price_too_high|want_compare,yes_more,B,not_buy,price_suspicious|material|transparency|want_compare,C,not_buy,price_suspicious|material|brand|transparency,A,price|timing,fallback_favorite|price_too_high,price_suspicious|material|transparency,price_suspicious|material|brand,few_reviews|pack|material,look|transparency|brand,few_reviews|size|material|transparency,page2,page1,reviews,material,4,5,4,2,4,4,5,5,low_rating|few_reviews|no_size|material_unclear|blur_image|no_bullets|mismatch_title,eva,semi,unlikely,better_rating,2,3
285,A,main_image|review_count|imagine_look|material_word,reviews_photos|negative_reviews|bullets|size_specs|material_cert|zoom_images,negative_reviews,not_buy,price_too_high|want_compare,yes_more,B,not_buy,price_suspicious|material|look|want_compare,C,not_buy,price_suspicious|material|few_reviews|want_compare,A,price|timing,fallback_favorite|price_too_high,price_suspicious|material|look,price_suspicious|few_reviews|look,few_reviews|pack|material,look|few_reviews|transparency,few_reviews|size|look,page2,page1,reviews,price_value,4,4,4,2,4,4,5,4,low_rating|few_reviews|material_unclear|blur_image|no_size,eva,semi,yes_somewhat,better_rating,3,3
286,A,main_image|color_pattern|star_rating|review_count|material_word|imagine_look,reviews_photos|negative_reviews|bullets|size_specs|material_cert|zoom_images,reviews_photos,not_buy,price_too_high|want_compare,yes_more,B,not_buy,want_compare,C,not_buy,want_compare,A,price,fallback_favorite|price_too_high,brand|price_suspicious,brand|price_suspicious,few_reviews|material,look|few_reviews,few_reviews|size,page2,page1,reviews,price_value,4,5,4,2,4,5,5,4,low_rating|few_reviews|no_size|material_unclear|blur_image,eva,semi,yes_somewhat,better_rating,3,4
287,A,main_image|review_count|star_rating|material_word|right_size|imagine_look,reviews_photos|negative_reviews|bullets|size_specs|material_cert|zoom_images,negative_reviews,not_buy,price_too_high|want_compare,yes_more,C,not_buy,want_compare|brand,B,add_cart,want_compare|brand,B,brand|info_gap,price_too_high,fallback_favorite|brand,brand,few_reviews|pack,look|few_reviews,few_reviews|size,page2,page1,price_value,reviews,4,5,4,2,4,5,5,4,low_rating|few_reviews|no_size|material_unclear|blur_image|no_bullets,eva,semi,unlikely,better_value,4,4
288,A,star_rating|review_count|material_word|magnets|main_image,negative_reviews|reviews_photos|bullets|material_cert|size_specs|zoom_images,negative_reviews,not_buy,price_too_high|want_compare,yes_more,B,not_buy,price_suspicious|material|look|want_compare,C,not_buy,price_suspicious|material|few_reviews|look,A,price|reviews_trust,fallback_favorite|price_too_high,price_suspicious|material|look,price_suspicious|material|few_reviews,few_reviews|material|pack|look,look|few_reviews|transparency,few_reviews|size|material|transparency,page2,page1,material,reviews,4,4,4,2,4,3,5,5,low_rating|few_reviews|no_size|material_unclear|blur_image|no_bullets|mismatch_title,eva,semi,unlikely,better_rating,3,4
289,A,main_image|color_pattern|review_count|star_rating|material_word|imagine_look,reviews_photos|negative_reviews|bullets|material_cert|size_specs|zoom_images,reviews_photos,not_buy,price_too_high|want_compare,yes_more,C,add_cart,want_compare,D,not_buy,few_reviews|material|review_concern,C,timing|info_gap,price_too_high,price_suspicious|brand,fallback_favorite,few_reviews|material|pack,look|few_reviews|brand,few_reviews|size|material,page1,page1,reviews,price_value,4,5,4,2,4,4,5,5,low_rating|few_reviews|no_size|material_unclear|blur_image,eva,semi,no_effect,better_rating,5,4
290,A,main_image|color_pattern|star_rating|review_count|material_word|magnets|imagine_look|right_size,reviews_photos|negative_reviews|bullets|size_specs|material_cert|qa|price_deal|zoom_images,negative_reviews,not_buy,price_too_high|want_compare,yes_more,C,not_buy,price_suspicious|material|want_compare,B,add_cart,price_suspicious|material|want_compare,B,price|reviews_trust|material,price_too_high,price_suspicious|material,price_suspicious|material,few_reviews|material|pack,look|few_reviews|transparency,few_reviews|size|material,page2,page1,price_value,reviews,4,5,4,2,4,5,5,4,low_rating|few_reviews|no_size|material_unclear|blur_image|no_bullets|mismatch_title,eva,semi,yes_somewhat,better_rating,4,4
291,A,main_image|color_pattern|star_rating|review_count|material_word|magnets|imagine_look,reviews_photos|negative_reviews|bullets|size_specs|material_cert|zoom_images|qa,negative_reviews,not_buy,price_too_high|want_compare,yes_more,C,not_buy,price_suspicious|material|want_compare,B,not_buy,price_suspicious|material|look|want_compare,A,price|timing,fallback_favorite|price_too_high,price_suspicious|look|material,price_suspicious|material,few_reviews|material|pack,few_reviews|look|brand,few_reviews|size|look,page2,page1,price_value,reviews,4,5,4,2,4,5,5,4,low_rating|few_reviews|no_size|material_unclear|blur_image|mismatch_title,eva,semi,yes_somewhat,better_value,3,4
292,A,star_rating|review_count|material_word|magnets|right_size|imagine_look,negative_reviews|reviews_photos|material_cert|bullets|size_specs|zoom_images|qa,negative_reviews,not_buy,price_too_high|want_compare,yes_more,C,not_buy,price_suspicious|few_reviews|material|want_compare,E,not_buy,few_reviews|brand|want_compare,A,price|timing,fallback_favorite|price_too_high,price_suspicious|material|brand,price_suspicious|few_reviews|brand,few_reviews|material|brand,few_reviews|brand|look,few_reviews|size|material|brand,page2,page1,material,reviews,4,5,4,2,4,4,5,5,low_rating|few_reviews|no_size|material_unclear|blur_image|no_bullets|mismatch_title,eva,semi,unlikely,better_value,3,4
293,A,main_image|color_pattern|star_rating|review_count|material_word|magnets|imagine_look,reviews_photos|negative_reviews|bullets|size_specs|material_cert|qa|price_deal|zoom_images,negative_reviews,not_buy,price_too_high|want_compare,yes_more,C,not_buy,price_suspicious|few_reviews|want_compare,E,not_buy,few_reviews|look|want_compare,C,reviews_trust|material|timing,price_too_high|transparency,price_suspicious|material|look,fallback_favorite|material,few_reviews|pack|material,few_reviews|look|brand,few_reviews|size|transparency,page2,page1,price_value,reviews,4,5,4,2,4,5,5,4,low_rating|few_reviews|no_size|material_unclear|blur_image,eva,semi,yes_somewhat,better_rating,4,4
294,A,main_image|color_pattern|star_rating|review_count|material_word|magnets|imagine_look,reviews_photos|negative_reviews|bullets|size_specs|material_cert|zoom_images|qa,negative_reviews,not_buy,price_too_high|want_compare,yes_more,B,not_buy,price_suspicious|material|transparency|want_compare,C,not_buy,price_suspicious|brand|want_compare,A,price|timing,fallback_favorite|price_too_high,price_suspicious|transparency|material,price_suspicious|brand,few_reviews|pack|material,look|few_reviews|transparency,few_reviews|size|look,page2,page1,material,reviews,4,5,4,2,4,4,5,5,low_rating|few_reviews|no_size|material_unclear|blur_image|mismatch_title,eva,semi,yes_somewhat,better_rating,3,4
295,A,main_image|color_pattern|star_rating|review_count|material_word|imagine_look,reviews_photos|negative_reviews|bullets|size_specs|material_cert|zoom_images|qa,negative_reviews,not_buy,price_too_high|want_compare,yes_more,B,not_buy,price_suspicious|material|look,C,not_buy,price_suspicious|few_reviews|brand|want_compare,A,price|timing,fallback_favorite|price_too_high,price_suspicious|material|look,few_reviews|brand|price_suspicious,few_reviews|material|pack,look|few_reviews,few_reviews|size|look,page2,page1,reviews,price_value,4,5,4,2,4,4,5,4,low_rating|no_size|material_unclear|blur_image|mismatch_title,eva,semi,yes_somewhat,better_rating,4,4
296,A,main_image|star_rating|review_count|material_word|magnets|right_size|imagine_look,reviews_photos|negative_reviews|bullets|size_specs|material_cert|zoom_images|qa,negative_reviews,add_cart,price_too_high|want_compare,yes_more,B,add_cart,look|want_compare,C,not_buy,look|want_compare,A,price|reviews_trust,fallback_favorite|price_too_high,look,look,few_reviews|material,look|few_reviews,few_reviews|size|material,page2,page1,material,reviews,4,5,4,2,4,4,5,5,low_rating|few_reviews|no_size|material_unclear|blur_image|mismatch_title,eva,semi,neutral,better_rating,3,4
297,A,main_image|star_rating|review_count|material_word|magnets|right_size|imagine_look,reviews_photos|negative_reviews|bullets|size_specs|material_cert|zoom_images|qa,negative_reviews,not_buy,price_too_high|want_compare,yes_more,C,not_buy,price_suspicious|material|few_reviews|want_compare,B,not_buy,price_suspicious|material|want_compare,A,price|timing,fallback_favorite|price_too_high,price_suspicious|material,price_suspicious|material,few_reviews|material,look|brand|few_reviews,few_reviews|size|transparency,page2,page1,reviews,material,4,5,5,2,5,4,5,5,low_rating|few_reviews|no_size|material_unclear|blur_image|no_bullets,eva,semi,yes_somewhat,better_rating,3,4
298,A,main_image|color_pattern|review_count|star_rating|material_word|imagine_look,reviews_photos|negative_reviews|bullets|size_specs|material_cert|zoom_images|qa,negative_reviews,add_cart,price_too_high|want_compare,yes_more,C,add_cart,price_suspicious|brand|material|want_compare,B,not_buy,look|brand|few_reviews|want_compare,A,price|timing,fallback_favorite|price_too_high,look|brand|few_reviews,brand|price_suspicious|look,few_reviews|pack|brand,look|brand,few_reviews|size|brand,page2,page1,reviews,price_value,4,5,3,2,4,5,5,4,low_rating|few_reviews|no_size|material_unclear|blur_image,eva,semi,unlikely,better_rating,3,4
299,A,main_image|star_rating|review_count|material_word|magnets|right_size|imagine_look,reviews_photos|negative_reviews|bullets|size_specs|material_cert|qa|zoom_images,negative_reviews,add_cart,price_too_high|want_compare,yes_more,C,not_buy,price_suspicious|material|look|want_compare,B,not_buy,price_suspicious|material|transparency|want_compare,A,price|timing,fallback_favorite|price_too_high,price_suspicious|transparency|material,price_suspicious|material|look,few_reviews|pack|material,look|transparency|few_reviews,few_reviews|size|transparency,page2,page1,reviews,material,4,5,4,2,4,4,5,5,low_rating|few_reviews|no_size|material_unclear|blur_image|mismatch_title,eva,semi,yes_somewhat,better_rating,4,4
300,A,main_image|color_pattern|star_rating|review_count|title_keyword|material_word|right_size|imagine_look,reviews_photos|negative_reviews|bullets|size_specs|material_cert|qa|price_deal|zoom_images,negative_reviews,add_cart,price_too_high|want_compare,yes_more,C,add_cart,price_suspicious|want_compare,B,not_buy,look|price_suspicious,A,price|timing,fallback_favorite|price_too_high,look|price_suspicious,price_suspicious,few_reviews|material|pack,few_reviews|look|transparency,few_reviews|size|material,page2,page1,reviews,material,4,5,4,2,4,4,5,4,low_rating|few_reviews|no_size|material_unclear|blur_image|mismatch_title,eva,semi,yes_somewhat,better_rating,4,4
301,A,star_rating|review_count|material_word|main_image|magnets,reviews_photos|negative_reviews|bullets|size_specs|material_cert|zoom_images,negative_reviews,not_buy,price_too_high,yes_more,C,not_buy,price_suspicious|brand|material,B,not_buy,price_suspicious|material|brand,A,price|timing,fallback_favorite|price_too_high,price_suspicious|material|brand,price_suspicious|material|brand,few_reviews|material|pack|brand,few_reviews|material|look|brand,few_reviews|size|look|brand,page2,page1,reviews,price_value,4,4,3,2,4,4,5,5,low_rating|few_reviews|no_size|material_unclear|blur_image|mismatch_title,eva,semi,yes_somewhat,better_rating,2,4
302,A,main_image|color_pattern|brand|material_word|imagine_look|magnets,reviews_photos|negative_reviews|bullets|size_specs|material_cert|zoom_images|qa,reviews_photos,not_buy,price_too_high|want_compare,yes_more,C,not_buy,price_suspicious|brand|want_compare,B,not_buy,price_suspicious|material|brand|look,A,price|timing,price_too_high|fallback_favorite,price_suspicious|material|brand|look,price_suspicious|brand|material,few_reviews|material|pack,look|few_reviews|brand,few_reviews|size|material,page2,page1,material,reviews,4,5,4,2,4,4,5,4,low_rating|no_size|material_unclear|blur_image|mismatch_title,eva,semi,yes_somewhat,better_value,3,4
303,A,main_image|color_pattern|review_count|material_word|magnets|imagine_look,reviews_photos|negative_reviews|bullets|size_specs|material_cert|qa|zoom_images,negative_reviews,not_buy,price_too_high|want_compare,yes_more,C,not_buy,price_suspicious|brand|material|want_compare,B,not_buy,price_suspicious|brand|material|want_compare,A,price|timing,fallback_favorite|price_too_high,price_suspicious|brand|material,price_suspicious|brand|material,few_reviews|material|pack,look|few_reviews|brand,few_reviews|size|look,page2,page1,reviews,material,4,5,4,2,4,4,5,5,low_rating|few_reviews|no_size|material_unclear|blur_image|mismatch_title,eva,semi,yes_somewhat,better_rating,3,4
304,A,main_image|color_pattern|review_count|material_word|imagine_look|right_size,reviews_photos|negative_reviews|bullets|material_cert|zoom_images|size_specs,negative_reviews,not_buy,price_too_high|want_compare,yes_more,B,not_buy,price_suspicious|material|want_compare,C,not_buy,price_suspicious|material|brand|want_compare,A,price|timing,fallback_favorite|price_too_high,price_suspicious|material,price_suspicious|material|brand,few_reviews|material|pack,look|few_reviews|transparency,few_reviews|size|material,page2,page1,reviews,material,4,5,4,2,4,4,5,5,low_rating|few_reviews|material_unclear|blur_image|no_bullets|mismatch_title,eva,semi,yes_somewhat,better_rating,3,4
305,A,main_image|color_pattern|star_rating|review_count|material_word|magnets|right_size|imagine_look,reviews_photos|negative_reviews|bullets|size_specs|material_cert|zoom_images|qa|price_deal,reviews_photos,add_cart,price_too_high|want_compare,yes_more,C,add_cart,price_suspicious|brand|want_compare,E,not_buy,look|few_reviews|brand|transparency,A,price|timing,fallback_favorite|price_too_high,price_suspicious|brand|look,price_suspicious|brand,few_reviews|brand|pack|material,look|few_reviews|brand|transparency,few_reviews|look|size|brand,page2,page1,reviews,price_value,4,5,4,2,4,5,5,4,low_rating|few_reviews|no_size|material_unclear|blur_image|mismatch_title,eva,semi,yes_somewhat,better_rating,3,4
306,A,main_image|color_pattern|star_rating|review_count|material_word|imagine_look,reviews_photos|negative_reviews|bullets|size_specs|material_cert|qa|zoom_images,reviews_photos,not_buy,price_too_high|want_compare,yes_more,B,not_buy,want_compare|material,C,not_buy,want_compare|brand,A,price|timing,fallback_favorite|price_too_high,brand,brand,few_reviews|material,look|few_reviews,few_reviews|size,page2,page1,price_value,reviews,4,5,4,2,3,5,5,4,low_rating|material_unclear|blur_image|mismatch_title,eva,semi,yes_somewhat,lower_price,3,4
307,A,main_image|color_pattern|star_rating|review_count|material_word|imagine_look,reviews_photos|negative_reviews|bullets|size_specs|material_cert|zoom_images|qa,reviews_photos,add_cart,price_too_high|want_compare,yes_more,B,add_cart,want_compare|transparency,C,not_buy,brand|few_reviews|info_incomplete|want_compare,A,price|timing,fallback_favorite|price_too_high,transparency,brand|few_reviews|info_incomplete,few_reviews|pack,look|brand|few_reviews,few_reviews|size|material,page1,page1,reviews,price_value,4,5,4,2,4,5,5,4,low_rating|few_reviews|material_unclear|blur_image|mismatch_title,eva,semi,yes_somewhat,better_value,4,4
308,A,main_image|color_pattern|star_rating|review_count|material_word|magnets|imagine_look,reviews_photos|negative_reviews|bullets|size_specs|material_cert|zoom_images|qa,reviews_photos,not_buy,price_too_high|want_compare,yes_more,B,not_buy,price_suspicious|material|look|want_compare,C,not_buy,price_suspicious|material|transparency|look|want_compare,A,price|timing,fallback_favorite|price_too_high,price_suspicious|material|look,price_suspicious|material|transparency|look,few_reviews|material|pack|look,look|transparency|brand|few_reviews,few_reviews|size|look|material,page2,page1,price_value,reviews,4,4,4,2,4,5,5,4,low_rating|few_reviews|no_size|material_unclear|blur_image|no_bullets|mismatch_title,eva,semi,unlikely,better_rating,2,4
309,A,main_image|color_pattern|star_rating|review_count|material_word|imagine_look,reviews_photos|negative_reviews|bullets|size_specs|material_cert|zoom_images|price_deal,reviews_photos,add_cart,price_too_high|want_compare,yes_more,B,add_cart,look|price_suspicious|want_compare,C,not_buy,price_suspicious|material|brand|want_compare,A,price|timing,fallback_favorite|price_too_high,look|price_suspicious,price_suspicious|brand|material,few_reviews|pack|material,look|few_reviews|transparency,few_reviews|size|look,page2,page1,price_value,reviews,4,5,4,2,4,5,5,4,low_rating|few_reviews|no_size|material_unclear|blur_image|mismatch_title,eva,semi,yes_somewhat,better_value,3,4
310,A,main_image|color_pattern|star_rating|review_count|material_word|imagine_look,reviews_photos|negative_reviews|bullets|material_cert|size_specs|zoom_images|qa,reviews_photos,not_buy,price_too_high|want_compare,yes_more,C,not_buy,want_compare|review_concern,B,not_buy,look|want_compare,A,price|timing,fallback_favorite|price_too_high,look|price_suspicious,price_suspicious,few_reviews|material|pack,look|few_reviews,few_reviews|size|transparency,page2,page1,appearance,reviews,4,5,4,2,4,4,5,4,low_rating|few_reviews|no_size|material_unclear|blur_image|mismatch_title,eva,semi,yes_somewhat,better_look,3,4
311,A,main_image|color_pattern|star_rating|review_count|material_word|imagine_look|magnets,reviews_photos|negative_reviews|bullets|size_specs|material_cert|zoom_images|qa|price_deal,reviews_photos,add_cart,price_too_high|want_compare,yes_more,B,add_cart,want_compare,C,not_buy,want_compare|look,B,no_blocker,price_too_high|fallback_favorite,final_purchase,look,few_reviews|material,look|brand|few_reviews,few_reviews|size|material,page2,page1,price_value,reviews,4,5,4,2,4,5,5,4,low_rating|few_reviews|no_size|material_unclear|blur_image|mismatch_title,eva,semi,yes_somewhat,better_value,5,4
312,A,main_image|color_pattern|star_rating|review_count|material_word|imagine_look,reviews_photos|negative_reviews|bullets|size_specs|material_cert|zoom_images|qa,reviews_photos,add_cart,price_too_high|want_compare,yes_more,B,not_buy,price_suspicious|material|want_compare,C,not_buy,price_suspicious|material|want_compare,A,price|timing,fallback_favorite|price_too_high,price_suspicious|material,price_suspicious|material,few_reviews|material,look|few_reviews,few_reviews|size,page2,page1,reviews,material,4,5,4,2,4,4,5,5,low_rating|no_size|material_unclear|blur_image,eva,semi,yes_somewhat,better_rating,3,4
313,A,main_image|color_pattern|star_rating|review_count|title_keyword|material_word|imagine_look,reviews_photos|negative_reviews|bullets|size_specs|material_cert|zoom_images|price_deal,negative_reviews,add_cart,price_too_high|want_compare,yes_more,B,add_cart,price_suspicious|material|want_compare,C,add_cart,price_suspicious|brand|few_reviews|want_compare,B,reviews_trust|material|info_gap|timing,price_too_high|transparency|pack,fallback_favorite,brand|few_reviews|price_suspicious,few_reviews|pack|look,look|transparency|rating,few_reviews|size|transparency,page2,page1,price_value,reviews,4,5,4,2,4,5,5,4,low_rating|few_reviews|no_size|material_unclear|blur_image|mismatch_title,eva,semi,yes_somewhat,better_function,4,4
314,A,main_image|star_rating|review_count|material_word|magnets|right_size,reviews_photos|negative_reviews|bullets|size_specs|material_cert|zoom_images,negative_reviews,not_buy,price_too_high|want_compare,yes_more,B,not_buy,look|want_compare,C,not_buy,look|want_compare,A,price,fallback_favorite|price_too_high,look|price_suspicious,look,few_reviews|pack,look|few_reviews,few_reviews|size,page1,page1,reviews,price_value,4,5,4,2,4,5,5,4,low_rating|few_reviews|no_size|material_unclear|blur_image|no_bullets,eva,semi,yes_somewhat,better_rating,2,3
315,A,main_image|color_pattern|star_rating|review_count|material_word|magnets|imagine_look,reviews_photos|negative_reviews|bullets|size_specs|material_cert|zoom_images|price_deal,reviews_photos,not_buy,price_too_high|want_compare,yes_more,B,not_buy,price_suspicious|material|want_compare,E,not_buy,few_reviews|transparency|want_compare,A,price|timing,fallback_favorite|price_too_high,price_suspicious|material,price_suspicious|brand|material,few_reviews|pack|material,few_reviews|transparency,few_reviews|size|brand,page2,page1,reviews,price_value,4,5,4,2,4,4,5,4,low_rating|no_size|material_unclear|blur_image|mismatch_title,eva,semi,unlikely,better_rating,3,4
316,A,main_image|color_pattern|star_rating|review_count|material_word|magnets|imagine_look,reviews_photos|negative_reviews|bullets|size_specs|material_cert|qa|price_deal|zoom_images,negative_reviews,add_cart,price_too_high|want_compare,yes_more,B,not_buy,price_suspicious|material|look|want_compare,C,not_buy,price_suspicious|look|want_compare,A,price|timing,fallback_favorite|price_too_high,price_suspicious|material|look,price_suspicious|look,few_reviews|material|pack|look,look|brand|few_reviews,few_reviews|size|look,page2,page1,reviews,material,4,5,4,2,4,4,5,5,low_rating|no_size|material_unclear|blur_image|mismatch_title,eva,semi,yes_somewhat,better_rating,2,4
317,A,main_image|color_pattern|review_count|star_rating|material_word|magnets|right_size|imagine_look,reviews_photos|negative_reviews|bullets|size_specs|material_cert|qa|zoom_images|price_deal,negative_reviews,not_buy,price_too_high|want_compare,yes_more,C,not_buy,price_suspicious|brand|few_reviews|material,E,not_buy,look|few_reviews|brand|transparency,A,price|timing,fallback_favorite|price_too_high,price_suspicious|look|brand|few_reviews,price_suspicious|brand|few_reviews|material,few_reviews|pack|material,look|few_reviews|brand|transparency,few_reviews|look|size|material,page1,page1,material,reviews,4,5,4,2,4,3,5,5,low_rating|few_reviews|no_size|material_unclear|blur_image|mismatch_title,eva,semi,unlikely,better_rating,2,4
318,A,main_image|color_pattern|star_rating|review_count|material_word|magnets|imagine_look,reviews_photos|negative_reviews|bullets|size_specs|material_cert|qa|zoom_images,negative_reviews,add_cart,price_too_high|want_compare,yes_more,B,not_buy,price_suspicious|material|look|want_compare,E,not_buy,few_reviews|brand|transparency|want_compare,A,price|info_gap,fallback_favorite|price_too_high,price_suspicious|material|look,brand|price_suspicious|few_reviews,few_reviews|material|pack,few_reviews|brand|transparency,few_reviews|size|material,page2,page1,reviews,material,4,5,4,2,4,4,5,4,low_rating|few_reviews|no_size|material_unclear|blur_image,eva,semi,yes_somewhat,better_rating,3,4
319,A,star_rating|review_count|material_word|color_pattern|imagine_look,reviews_photos|negative_reviews|bullets|size_specs|material_cert|zoom_images,negative_reviews,not_buy,price_too_high|want_compare,yes_more,B,not_buy,material|want_compare,C,not_buy,look|want_compare,A,price|timing,fallback_favorite|price_too_high,material,look,few_reviews|material,look|brand,few_reviews|size,page2,page1,reviews,price_value,4,5,4,2,4,4,5,4,low_rating|few_reviews|no_size|material_unclear|blur_image|mismatch_title,eva,semi,unlikely,better_rating,3,4
320,A,main_image|color_pattern|review_count|star_rating|material_word|imagine_look|magnets,reviews_photos|negative_reviews|bullets|size_specs|material_cert|zoom_images|qa,negative_reviews,not_buy,price_too_high|want_compare,yes_more,C,not_buy,brand|few_reviews|price_suspicious|want_compare,E,not_buy,brand|few_reviews|look|want_compare,A,price|timing,fallback_favorite|price_too_high,brand|few_reviews|price_suspicious|material,brand|few_reviews|price_suspicious|material,few_reviews|material|pack|brand,brand|few_reviews|look,few_reviews|size|look|brand,page2,page1,reviews,material,4,5,4,2,4,4,5,5,low_rating|few_reviews|material_unclear|blur_image|no_size,eva,semi,yes_somewhat,better_rating,4,4
321,A,main_image|color_pattern|star_rating|review_count|material_word|magnets|imagine_look,reviews_photos|negative_reviews|bullets|size_specs|material_cert|zoom_images|price_deal,reviews_photos,not_buy,price_too_high|want_compare,yes_more,C,not_buy,price_suspicious|brand|material|want_compare,B,not_buy,look|price_suspicious|material|want_compare,A,price|timing,fallback_favorite|price_too_high,price_suspicious|look|material,price_suspicious|brand|material,few_reviews|material|pack,look|few_reviews|brand,few_reviews|size|look,page2,page1,reviews,price_value,4,5,4,2,4,5,5,4,low_rating|few_reviews|no_size|material_unclear|blur_image|mismatch_title,eva,semi,yes_somewhat,lower_price,3,3
322,A,main_image|color_pattern|star_rating|review_count|material_word|imagine_look|magnets|right_size,reviews_photos|negative_reviews|bullets|size_specs|material_cert|zoom_images|price_deal|delivery_returns,reviews_photos,add_cart,want_compare|price_too_high,yes_more,B,not_buy,price_suspicious|material|transparency|look,C,add_cart,price_suspicious|material|few_reviews|brand,A,price|timing,fallback_favorite|price_too_high,price_suspicious|material|transparency|look,price_suspicious|material|few_reviews|brand,few_reviews|material|pack,look|brand|rating,few_reviews|size|material,page2,page1,reviews,material,4,5,4,2,4,4,5,4,low_rating|few_reviews|material_unclear|blur_image|mismatch_title,eva,semi,yes_somewhat,better_rating,4,4
323,A,main_image|color_pattern|review_count|star_rating|material_word|magnets|imagine_look,reviews_photos|negative_reviews|bullets|material_cert|size_specs|zoom_images|qa,negative_reviews,add_cart,want_compare|price_too_high,yes_more,C,add_cart,price_suspicious|brand|want_compare,B,add_cart,brand|want_compare|price_suspicious,A,price|timing,fallback_favorite|price_too_high,brand|price_suspicious,brand|price_suspicious,few_reviews|brand|pack|material,look|rating|brand|transparency,few_reviews|size|look|brand,page2,page1,reviews,material,4,5,4,2,4,4,5,5,low_rating|few_reviews|no_size|material_unclear|blur_image|no_bullets|mismatch_title,eva,semi,unlikely,better_rating,4,4
324,A,main_image|color_pattern|review_count|material_word|imagine_look|star_rating,bullets|size_specs|material_cert|negative_reviews|reviews_photos|zoom_images|qa,material_cert,not_buy,price_too_high|want_compare,yes_more,C,not_buy,price_suspicious|few_reviews|brand|want_compare,B,not_buy,material|look|want_compare,A,price|timing,fallback_favorite|price_too_high,material|look,price_suspicious|few_reviews|brand,few_reviews|material|pack,look|few_reviews|brand,few_reviews|size|material,page2,page1,material,reviews,4,5,4,2,4,4,5,5,low_rating|few_reviews|no_size|material_unclear|blur_image|no_bullets,eva,semi,yes_somewhat,better_rating,3,4
325,A,main_image|review_count|material_word|star_rating|imagine_look,negative_reviews|reviews_photos|material_cert|size_specs|bullets|qa|zoom_images,negative_reviews,not_buy,price_too_high|want_compare,yes_more,B,not_buy,price_suspicious|material|want_compare,C,not_buy,price_suspicious|brand|material|want_compare,A,price|reviews_trust,fallback_favorite|price_too_high,price_suspicious|material|brand,price_suspicious|brand|material,few_reviews|pack|material,look|few_reviews|brand,few_reviews|size|material,page2,page1,reviews,material,4,4,4,2,4,4,5,5,low_rating|few_reviews|no_size|material_unclear|blur_image|mismatch_title,eva,semi,unlikely,better_rating,2,4
326,B,color_pattern|price|magnets|material_word|imagine_look,reviews_photos|negative_reviews|bullets|material_cert|size_specs|zoom_images,reviews_photos,not_buy,price_suspicious|want_compare,yes_more,C,not_buy,price_suspicious|want_compare,D,not_buy,few_reviews|material,A,price|timing,fallback_favorite|price_too_high,price_suspicious,price_suspicious,few_reviews|material,look|brand,few_reviews|size|transparency,page1,page1,material,reviews,4,5,4,2,3,5,5,5,low_rating|no_size|material_unclear|blur_image|mismatch_title,eva,semi,yes_somewhat,better_rating,3,3
327,A,main_image|star_rating|review_count|material_word|imagine_look,reviews_photos|negative_reviews|bullets|size_specs|material_cert|qa|zoom_images,negative_reviews,not_buy,price_too_high|want_compare,yes_more,C,not_buy,price_suspicious|material|want_compare,E,not_buy,few_reviews|transparency|want_compare,A,price|timing,fallback_favorite|price_too_high,price_suspicious|material|brand,price_suspicious|material|brand,few_reviews|material|pack,few_reviews|transparency|rating,few_reviews|size|look,page1,page1,reviews,price_value,4,5,4,2,4,4,5,5,low_rating|few_reviews|no_size|material_unclear|blur_image,eva,semi,unlikely,better_rating,3,3
328,A,main_image|color_pattern|star_rating|review_count|material_word|imagine_look|right_size,reviews_photos|negative_reviews|bullets|size_specs|material_cert|zoom_images|qa,reviews_photos,add_cart,price_too_high|want_compare,yes_more,C,add_cart,want_compare,B,not_buy,look|want_compare,A,price,fallback_favorite,look,final_purchase,few_reviews|material,look|few_reviews,few_reviews|size,page2,page1,reviews,appearance,4,5,4,2,4,4,5,4,low_rating|few_reviews|material_unclear|blur_image|no_size,eva,semi,yes_somewhat,better_value,3,5
329,A,main_image|color_pattern|star_rating|review_count|material_word|imagine_look|magnets,reviews_photos|negative_reviews|bullets|size_specs|material_cert|zoom_images|qa,negative_reviews,not_buy,price_too_high|want_compare,yes_more,C,not_buy,look|few_reviews|price_suspicious,B,not_buy,look|material|price_suspicious|want_compare,A,price|timing,fallback_favorite|price_too_high,look|price_suspicious|material,look|few_reviews|price_suspicious,few_reviews|pack|material,look|few_reviews|brand,few_reviews|size|look,page2,page1,price_value,reviews,4,5,4,2,4,5,5,4,low_rating|few_reviews|no_size|material_unclear|blur_image|mismatch_title,eva,semi,yes_somewhat,better_value,3,4
330,B,main_image|color_pattern|price|star_rating|review_count|magnets|material_word|imagine_look,reviews_photos|negative_reviews|bullets|size_specs|material_cert|qa|price_deal|zoom_images,reviews_photos,add_cart,want_compare|price_suspicious,yes_more,A,not_buy,price_too_high|look|want_compare,C,add_cart,want_compare|price_suspicious,C,info_gap|timing,price_too_high|look|pack,final_purchase,fallback_favorite|price_suspicious,few_reviews|material|pack,look|rating|few_reviews|brand,few_reviews|size|material,page2,page1,price_value,reviews,4,5,4,2,4,5,5,4,low_rating|few_reviews|no_size|material_unclear|blur_image|mismatch_title,eva,semi,yes_somewhat,better_value,4,4
331,A,main_image|color_pattern|review_count|material_word|magnets|imagine_look,reviews_photos|negative_reviews|bullets|material_cert|zoom_images|qa,negative_reviews,not_buy,price_too_high|want_compare,yes_more,B,not_buy,price_suspicious|material|want_compare,C,not_buy,price_suspicious|brand|want_compare,A,price|timing,fallback_favorite|price_too_high,price_suspicious|material,price_suspicious|brand,few_reviews|pack|material,look|few_reviews,size|few_reviews|brand,page2,page1,price_value,reviews,4,5,4,2,4,5,5,4,low_rating|few_reviews|no_size|material_unclear|blur_image|mismatch_title,eva,semi,unlikely,better_value,3,4
332,A,review_count|star_rating|material_word|magnets|imagine_look,negative_reviews|reviews_photos|bullets|material_cert|size_specs|zoom_images|price_deal,negative_reviews,not_buy,price_too_high|want_compare,yes_more,C,not_buy,price_suspicious|brand|material|few_reviews|want_compare,E,not_buy,few_reviews|material|brand|transparency|want_compare,A,price|timing,fallback_favorite|price_too_high,price_suspicious|brand|material|look,price_suspicious|brand|material|few_reviews,few_reviews|brand|material|pack,few_reviews|brand|transparency|material,few_reviews|brand|size|look,page2,page1,reviews,material,4,4,4,2,4,4,5,5,few_reviews|material_unclear|blur_image|mismatch_title|no_size,eva,semi,unlikely,better_rating,3,3
333,A,main_image|color_pattern|star_rating|review_count|material_word|magnets|imagine_look,reviews_photos|negative_reviews|bullets|size_specs|material_cert|zoom_images|qa|price_deal,reviews_photos,not_buy,price_too_high|want_compare|transparency,yes_more,C,not_buy,price_suspicious|material|few_reviews|want_compare,E,not_buy,transparency|few_reviews|brand|want_compare,A,price|timing,fallback_favorite|price_too_high,price_suspicious|material,price_suspicious|material|few_reviews,few_reviews|pack|material,transparency|few_reviews|brand,few_reviews|size|transparency,page2,page1,price_value,reviews,4,5,4,2,4,5,5,4,low_rating|few_reviews|no_size|material_unclear|blur_image,eva,fully_transparent,yes_somewhat,better_rating,2,3
334,A,main_image|color_pattern|review_count|magnets|material_word|imagine_look,reviews_photos|negative_reviews|bullets|material_cert|size_specs|zoom_images,negative_reviews,not_buy,price_too_high|transparency,yes_more,C,not_buy,price_suspicious|brand|material,B,not_buy,price_suspicious|look|material,A,price|look_compromise,fallback_favorite|price_too_high|transparency,price_suspicious|look|material,price_suspicious|brand|material,few_reviews|pack|material,look|transparency|few_reviews,few_reviews|size|transparency,page2,page1,material,price_value,4,4,4,2,4,4,5,5,low_rating|few_reviews|no_size|material_unclear|blur_image|mismatch_title,eva,semi,unlikely,better_function,3,4
335,A,main_image|color_pattern|star_rating|review_count|material_word|imagine_look|right_size,reviews_photos|negative_reviews|bullets|size_specs|material_cert|zoom_images|qa|price_deal,reviews_photos,not_buy,price_too_high|want_compare,yes_more,C,not_buy,price_suspicious|material|want_compare,B,not_buy,price_suspicious|material|transparency|want_compare,A,price|timing,fallback_favorite|price_too_high,price_suspicious|material|transparency,price_suspicious|material,few_reviews|material|pack,look|few_reviews,few_reviews|size|transparency,page2,page1,price_value,reviews,4,5,4,2,4,5,5,4,low_rating|few_reviews|no_size|material_unclear|blur_image|no_bullets|mismatch_title,eva,semi,yes_somewhat,lower_price,2,4
336,A,main_image|color_pattern|review_count|star_rating|material_word|imagine_look,reviews_photos|negative_reviews|bullets|size_specs|material_cert|zoom_images|qa,negative_reviews,not_buy,price_too_high|transparency|want_compare,yes_more,C,not_buy,price_suspicious|brand|few_reviews|material,E,not_buy,transparency|rating|few_reviews|brand,A,price|look_compromise|timing,fallback_favorite|price_too_high|transparency,price_suspicious|look|brand|material,price_suspicious|brand|few_reviews|material,few_reviews|material|pack|brand,transparency|rating|few_reviews|brand,few_reviews|size|look|brand,page2,page1,reviews,material,4,5,4,2,4,4,5,5,low_rating|few_reviews|no_size|material_unclear|blur_image|mismatch_title,eva,semi,unlikely,better_rating,3,3
337,A,main_image|color_pattern|star_rating|review_count|material_word|magnets|imagine_look,reviews_photos|negative_reviews|bullets|size_specs|material_cert|qa|zoom_images,negative_reviews,not_buy,price_too_high|want_compare,yes_more,C,not_buy,price_suspicious|brand|few_reviews|want_compare,B,not_buy,price_suspicious|brand|material|want_compare,A,price|timing,fallback_favorite|price_too_high,price_suspicious|brand|material,price_suspicious|brand|material,few_reviews|pack|material,look|transparency|brand,size|few_reviews|brand,page2,page1,reviews,material,4,4,4,2,4,4,5,5,low_rating|few_reviews|material_unclear|blur_image|no_bullets|mismatch_title,eva,semi,yes_somewhat,better_rating,3,4
338,A,material_word|review_count|star_rating|magnets|imagine_look,bullets|material_cert|negative_reviews|reviews_photos|size_specs|zoom_images|price_deal|qa,material_cert,add_cart,price_too_high|want_compare,yes_more,C,add_cart,price_suspicious|brand|want_compare,E,not_buy,few_reviews|material|want_compare,A,price|timing,fallback_favorite|price_too_high,price_suspicious|brand|look,price_suspicious|brand,few_reviews|material|pack,few_reviews|material|look,few_reviews|size|look,page2,page1,material,reviews,4,5,4,2,4,4,5,5,low_rating|few_reviews|no_size|material_unclear|blur_image,eva,semi,yes_somewhat,better_value,3,4
339,C,star_rating|review_count|price|color_pattern|imagine_look|material_word,reviews_photos|negative_reviews|bullets|material_cert|size_specs|zoom_images,negative_reviews,not_buy,want_compare|material|few_reviews,yes_more,A,not_buy,price_too_high|want_compare,B,not_buy,look|want_compare,A,price|reviews_trust,fallback_favorite|price_too_high,look,few_reviews|material,few_reviews|material|pack,few_reviews|look|brand,few_reviews|size|material,page2,page1,material,reviews,4,5,4,2,4,4,5,5,low_rating|few_reviews|no_size|material_unclear|blur_image|mismatch_title,eva,semi,unlikely,better_rating,3,4
340,A,main_image|color_pattern|star_rating|review_count|magnets|material_word|right_size|imagine_look,reviews_photos|negative_reviews|bullets|size_specs|material_cert|zoom_images|price_deal,negative_reviews,not_buy,price_too_high|want_compare,yes_more,B,not_buy,look|price_suspicious|want_compare,C,not_buy,price_suspicious|look|want_compare,A,price|timing,fallback_favorite|price_too_high,look|price_suspicious,look|price_suspicious,few_reviews|material,look|few_reviews,few_reviews|size|look,page2,page1,reviews,price_value,4,5,4,2,4,4,5,4,low_rating|few_reviews|no_size|material_unclear|blur_image|mismatch_title,eva,semi,unlikely,better_rating,3,3
341,A,main_image|color_pattern|star_rating|review_count|material_word|magnets|right_size|imagine_look,reviews_photos|negative_reviews|bullets|size_specs|material_cert|zoom_images|qa,negative_reviews,add_cart,price_too_high|want_compare,yes_more,C,not_buy,price_suspicious|material|brand|few_reviews|want_compare,B,not_buy,price_suspicious|material|brand|look|want_compare,A,price|timing,fallback_favorite|price_too_high,price_suspicious|material|brand|look,price_suspicious|material|brand|look,few_reviews|material|look|pack,look|few_reviews|transparency,few_reviews|size|transparency|material,page2,page1,reviews,material,4,5,4,2,4,4,5,4,low_rating|few_reviews|no_size|material_unclear|blur_image|no_bullets,eva,semi,yes_somewhat,better_rating,3,4
342,A,main_image|color_pattern|star_rating|review_count|material_word|magnets|imagine_look,reviews_photos|negative_reviews|bullets|size_specs|material_cert|qa|zoom_images|price_deal,negative_reviews,not_buy,price_too_high|want_compare,yes_more,B,not_buy,price_suspicious|material|want_compare,C,not_buy,price_suspicious|few_reviews|brand|want_compare,A,price|reviews_trust,fallback_favorite|price_too_high,price_suspicious|material,price_suspicious|few_reviews|brand,few_reviews|price_suspicious,look|few_reviews,few_reviews|size|look,page2,page1,material,price_value,4,5,4,2,4,4,5,4,low_rating|few_reviews|no_size|material_unclear|blur_image|mismatch_title,eva,semi,unlikely,better_value,3,4
343,A,star_rating|review_count|material_word|right_size|imagine_look,reviews_photos|negative_reviews|bullets|material_cert|size_specs|zoom_images|qa,negative_reviews,not_buy,price_too_high|want_compare,yes_more,B,not_buy,look|want_compare,C,not_buy,look|want_compare,A,price|timing,fallback_favorite|price_too_high,look|price_suspicious,look|price_suspicious,few_reviews|material,few_reviews|look|brand,few_reviews|size|transparency,page1,page1,reviews,price_value,4,5,4,2,5,5,5,5,low_rating|few_reviews|no_size|material_unclear|blur_image,eva,semi,yes_somewhat,better_rating,3,4
344,A,main_image,reviews_photos,reviews_photos,buy_now,no_concern,yes_more,A,skip_ordered,skip_ordered,A,skip_ordered,skip_ordered,A,no_blocker,final_purchase,final_purchase,final_purchase,final_purchase,final_purchase,final_purchase,page1,page1,price_value,price_value,3,3,3,3,3,3,3,3,low_rating,eva,fully_transparent,yes_strongly,lower_price,3,3
345,A,main_image|color_pattern|star_rating|review_count|material_word|magnets|imagine_look,reviews_photos|negative_reviews|bullets|size_specs|material_cert|zoom_images|qa,reviews_photos,not_buy,price_too_high|want_compare,yes_more,C,not_buy,look|price_suspicious|want_compare,B,add_cart,want_compare,B,reviews_trust|info_gap,price_too_high,fallback_favorite,look|price_suspicious,few_reviews|pack|material,look|few_reviews|brand,few_reviews|size|look,page2,page1,price_value,reviews,4,5,4,2,4,5,5,4,low_rating|no_size|material_unclear|blur_image|mismatch_title,eva,semi,unlikely,better_value,4,4
346,A,main_image|color_pattern|star_rating|review_count|material_word|imagine_look|magnets,reviews_photos|negative_reviews|bullets|size_specs|material_cert|zoom_images|price_deal,reviews_photos,not_buy,price_too_high|want_compare,yes_more,B,not_buy,price_suspicious|want_compare,C,not_buy,price_suspicious|few_reviews|want_compare,A,price,fallback_favorite|price_too_high,price_suspicious,price_suspicious|few_reviews,few_reviews|pack,look|few_reviews,few_reviews|size,page2,page1,price_value,reviews,4,5,4,2,4,5,5,5,low_rating|few_reviews|no_size|material_unclear|blur_image,eva,semi,yes_somewhat,better_value,3,4
347,A,star_rating|review_count|material_word|right_size,negative_reviews|reviews_photos|material_cert|size_specs|bullets|qa|zoom_images,negative_reviews,not_buy,price_too_high|want_compare,yes_more,B,not_buy,price_suspicious|material|want_compare,C,not_buy,price_suspicious|material|few_reviews|want_compare,A,price|reviews_trust,fallback_favorite|price_too_high,price_suspicious|material,price_suspicious|material|few_reviews,few_reviews|material|pack,few_reviews|look|brand,few_reviews|size|look,page2,page1,reviews,material,4,4,4,2,4,4,5,5,low_rating|few_reviews|no_size|material_unclear|blur_image|mismatch_title,eva,semi,unlikely,better_rating,3,4
348,A,review_count|star_rating|material_word|magnets|imagine_look|right_size,reviews_photos|negative_reviews|bullets|size_specs|material_cert|zoom_images|qa,negative_reviews,not_buy,price_too_high|want_compare,yes_more,C,not_buy,price_suspicious|material|want_compare,E,not_buy,few_reviews|want_compare,A,price|timing,fallback_favorite|price_too_high,price_suspicious|material,price_suspicious|material,few_reviews|material,few_reviews|look,few_reviews|size,page1,page1,reviews,price_value,4,5,4,2,4,4,5,5,low_rating|few_reviews|no_size|material_unclear|blur_image|mismatch_title,eva,semi,yes_somewhat,better_rating,3,3
349,A,main_image|color_pattern|review_count|star_rating|material_word|magnets|imagine_look,reviews_photos|negative_reviews|bullets|size_specs|material_cert|zoom_images|qa|price_deal,negative_reviews,not_buy,price_too_high|want_compare,yes_more,B,not_buy,price_suspicious|material|want_compare,C,not_buy,price_suspicious|material|want_compare,A,price|timing,fallback_favorite|price_too_high,price_suspicious|material,price_suspicious|material,few_reviews|pack|material,look|brand|few_reviews,few_reviews|size|look,page2,page1,reviews,material,4,5,4,2,4,4,5,5,low_rating|few_reviews|no_size|material_unclear|blur_image,eva,semi,unlikely,better_rating,3,4
350,A,main_image|color_pattern|star_rating|review_count|material_word|imagine_look|magnets,reviews_photos|negative_reviews|bullets|size_specs|material_cert|qa|zoom_images|price_deal,negative_reviews,not_buy,price_too_high|want_compare,yes_more,B,add_cart,want_compare,C,add_cart,want_compare,B,timing,price_too_high,fallback_favorite,final_purchase,few_reviews,look|few_reviews,few_reviews|size,page2,page1,price_value,reviews,4,5,4,2,4,5,5,4,low_rating|few_reviews|no_size|material_unclear|blur_image|mismatch_title,eva,semi,unlikely,better_value,4,3
351,A,main_image|color_pattern|star_rating|review_count|material_word|imagine_look|magnets,reviews_photos|negative_reviews|bullets|size_specs|material_cert|qa|zoom_images,negative_reviews,not_buy,price_too_high|want_compare,yes_more,C,not_buy,price_suspicious|material|want_compare,B,not_buy,price_suspicious|material|look|want_compare,A,price|timing,fallback_favorite|price_too_high,price_suspicious|material|look,price_suspicious|material,few_reviews|material|pack,look|few_reviews|transparency,few_reviews|size|transparency,page2,page1,reviews,material,4,5,4,2,4,4,5,5,low_rating|few_reviews|no_size|material_unclear|blur_image,eva,semi,unlikely,better_rating,3,4
352,A,review_count|star_rating|main_image|material_word|magnets|right_size|imagine_look|title_keyword,reviews_photos|negative_reviews|bullets|size_specs|material_cert|zoom_images|qa|delivery_returns,negative_reviews,add_cart,price_too_high|want_compare,yes_more,C,add_cart,price_suspicious|brand|want_compare,B,not_buy,price_suspicious|brand|look|want_compare,A,price|timing,fallback_favorite|price_too_high,price_suspicious|brand|look,price_suspicious|brand,few_reviews|rating|material,few_reviews|look|brand|material,few_reviews|size|material|brand,page2,page1,reviews,material,4,5,4,2,4,4,5,5,low_rating|few_reviews|no_size|material_unclear|blur_image|mismatch_title,eva,semi,yes_somewhat,better_rating,4,4
353,A,main_image|star_rating|review_count|material_word|magnets|imagine_look,reviews_photos|negative_reviews|bullets|size_specs|material_cert|zoom_images|delivery_returns,negative_reviews,not_buy,price_too_high|want_compare,yes_more,C,not_buy,price_suspicious|material|want_compare,D,not_buy,few_reviews|material|want_compare,A,price|timing,fallback_favorite|price_too_high,price_suspicious|material|brand|look,price_suspicious|material|brand,few_reviews|material|brand,few_reviews|look|brand,few_reviews|size|brand|material,page2,page1,reviews,material,4,5,4,2,4,4,5,4,low_rating|few_reviews|no_size|material_unclear|blur_image|mismatch_title,eva,semi,unlikely,better_rating,3,4
354,A,main_image|color_pattern|review_count|star_rating|material_word|magnets|imagine_look|right_size,reviews_photos|negative_reviews|bullets|material_cert|size_specs|zoom_images|price_deal,negative_reviews,add_cart,price_too_high|want_compare,yes_more,C,not_buy,price_suspicious|material|want_compare,B,not_buy,price_suspicious|material|look,A,price|timing,fallback_favorite|price_too_high,price_suspicious|material|look,price_suspicious|material|brand|review_concern,few_reviews|material|pack|rating,look|brand|few_reviews,few_reviews|size|look|material,page2,page1,material,price_value,4,5,4,2,4,4,5,4,low_rating|few_reviews|no_size|material_unclear|blur_image|mismatch_title,eva,semi,unlikely,better_value,3,4
355,A,main_image|color_pattern|review_count|star_rating|material_word|imagine_look|title_keyword,reviews_photos|negative_reviews|bullets|material_cert|size_specs|zoom_images|qa,negative_reviews,add_cart,price_too_high|want_compare,yes_more,B,add_cart,price_suspicious|want_compare,C,not_buy,brand|few_reviews|want_compare,A,price|timing,fallback_favorite|price_too_high,price_suspicious|brand,brand|few_reviews,few_reviews|material|pack,look|few_reviews,few_reviews|size,page2,page1,reviews,material,4,5,4,2,4,4,5,4,low_rating|few_reviews|no_size|material_unclear|blur_image|mismatch_title,eva,semi,unlikely,better_rating,3,4
356,A,review_count|star_rating|material_word|imagine_look,reviews_photos|negative_reviews|bullets|material_cert|size_specs|zoom_images,negative_reviews,not_buy,price_too_high|want_compare,yes_more,C,not_buy,price_suspicious|material|want_compare,B,not_buy,price_suspicious|material|transparency|want_compare,A,price|timing,price_too_high,price_suspicious|material|transparency,price_suspicious|material|brand,few_reviews|material|brand,look|brand|review_concern,few_reviews|size|brand,page2,page1,material,reviews,4,4,4,2,4,4,5,5,low_rating|few_reviews|no_size|material_unclear|blur_image|mismatch_title,eva,semi,unlikely,better_rating,3,3
357,A,main_image|color_pattern|review_count|star_rating|material_word|imagine_look,reviews_photos|negative_reviews|bullets|size_specs|material_cert|zoom_images,negative_reviews,add_cart,price_too_high|want_compare,yes_more,B,add_cart,price_suspicious|material|look|want_compare,C,add_cart,price_suspicious|material|brand|want_compare,A,price|timing,fallback_favorite|price_too_high,price_suspicious|material|look,price_suspicious|material|brand,few_reviews|pack|look,look|few_reviews|transparency,few_reviews|size|look,page2,page1,price_value,reviews,4,5,4,2,4,5,5,4,low_rating|few_reviews|no_size|material_unclear|blur_image,eva,semi,yes_somewhat,better_value,3,4
358,A,review_count|star_rating|material_word|imagine_look|magnets,negative_reviews|reviews_photos|material_cert|size_specs|zoom_images|bullets,negative_reviews,not_buy,price_too_high|transparency|want_compare,yes_more,C,not_buy,price_suspicious|material|brand|want_compare,E,not_buy,few_reviews|material|brand|look,A,price|look_compromise,fallback_favorite|price_too_high|look,price_suspicious|brand|material|look,price_suspicious|brand|material,few_reviews|brand|material|pack,few_reviews|brand|material|look,few_reviews|size|brand|look,page2,page1,reviews,material,4,4,3,2,4,4,5,4,low_rating|no_size|material_unclear|blur_image|mismatch_title,eva,semi,unlikely,better_rating,3,4
359,A,main_image|color_pattern|star_rating|review_count|material_word|imagine_look|right_size,reviews_photos|negative_reviews|bullets|size_specs|material_cert|price_deal|zoom_images,reviews_photos,not_buy,price_too_high|want_compare,yes_more,B,add_cart,price_suspicious|look|want_compare,C,not_buy,price_suspicious|few_reviews|brand|look|want_compare,A,price|look_compromise,fallback_favorite|price_too_high,price_suspicious|look,price_suspicious|few_reviews|brand|look,few_reviews|material|pack,look|transparency|few_reviews,few_reviews|size|look,page2,page1,price_value,reviews,4,5,4,2,4,5,5,4,low_rating|few_reviews|no_size|material_unclear|blur_image|mismatch_title,eva,semi,yes_somewhat,lower_price,3,4
360,A,review_count|star_rating|material_word|magnets|right_size|imagine_look,negative_reviews|reviews_photos|bullets|size_specs|material_cert|zoom_images|qa,negative_reviews,not_buy,price_too_high|want_compare,yes_more,C,not_buy,price_suspicious|brand|look|want_compare,E,not_buy,few_reviews|rating|material|want_compare,A,price|timing,fallback_favorite|price_too_high,price_suspicious|brand|look,price_suspicious|brand|look,few_reviews|brand|pack,few_reviews|rating|brand,few_reviews|size|look|brand,page2,page1,reviews,material,4,4,4,2,5,4,5,4,low_rating|few_reviews|no_size|material_unclear|blur_image,eva,semi,unlikely,better_rating,3,3
361,A,main_image|color_pattern|review_count|star_rating|material_word|magnets|imagine_look,reviews_photos|negative_reviews|bullets|material_cert|zoom_images|qa,negative_reviews,add_cart,price_too_high|want_compare,yes_more,C,not_buy,price_suspicious|material|brand|want_compare,B,not_buy,price_suspicious|brand|look|want_compare,A,price|timing,fallback_favorite|price_too_high,price_suspicious|brand,price_suspicious|brand,few_reviews|material|brand,look|few_reviews|brand,few_reviews|size|brand,page2,page1,reviews,material,4,5,4,2,4,4,5,5,low_rating|few_reviews|no_size|material_unclear|blur_image|mismatch_title,eva,semi,yes_somewhat,better_rating,3,4
362,A,main_image|color_pattern|star_rating|review_count|magnets|material_word|imagine_look,reviews_photos|negative_reviews|bullets|size_specs|material_cert|qa|zoom_images|price_deal,negative_reviews,not_buy,price_too_high|transparency|review_concern,yes_more,B,not_buy,price_suspicious|material|look,C,not_buy,price_suspicious|material|brand|few_reviews,A,price|look_compromise|material,fallback_favorite|price_too_high|transparency,price_suspicious|material|look,price_suspicious|material|brand|few_reviews,few_reviews|material|pack,look|few_reviews|brand,few_reviews|size|material,page2,page1,reviews,price_value,4,5,4,2,4,5,5,4,low_rating|few_reviews|no_size|material_unclear|blur_image|no_bullets|mismatch_title,eva,semi,unlikely,better_rating,2,4
363,A,main_image|star_rating|review_count|material_word|magnets|imagine_look,reviews_photos|negative_reviews|bullets|size_specs|material_cert|qa|zoom_images|delivery_returns,negative_reviews,add_cart,price_too_high|want_compare,yes_more,C,not_buy,price_suspicious|brand|material|few_reviews,E,not_buy,few_reviews|brand|look|want_compare,A,price|timing,fallback_favorite|price_too_high,price_suspicious|brand|material|look,price_suspicious|brand|few_reviews,few_reviews|material|pack|look,few_reviews|brand|look,few_reviews|size|brand,page2,page1,reviews,material,4,4,4,2,4,5,5,4,low_rating|few_reviews|no_size|material_unclear|blur_image|no_bullets,eva,semi,unlikely,better_rating,3,4
364,A,main_image|color_pattern|star_rating|review_count|material_word|imagine_look|magnets,reviews_photos|negative_reviews|bullets|size_specs|material_cert|qa|zoom_images|price_deal,negative_reviews,not_buy,price_too_high|want_compare|transparency,yes_more,C,not_buy,price_suspicious|brand|material|few_reviews|want_compare,B,not_buy,price_suspicious|material|brand|look|want_compare,A,price|look_compromise|material|info_gap,fallback_favorite|price_too_high|material,price_suspicious|material|brand|look|transparency,price_suspicious|brand|material|few_reviews,few_reviews|material|pack|brand,look|transparency|brand|few_reviews,size|few_reviews|transparency|brand,page2,page1,reviews,material,4,5,4,2,4,4,5,5,low_rating|few_reviews|no_size|material_unclear|blur_image|mismatch_title,eva,semi,unlikely,better_rating,2,4
365,A,main_image|color_pattern|star_rating|review_count|title_keyword|material_word|imagine_look,reviews_photos|negative_reviews|bullets|size_specs|material_cert|qa|zoom_images,negative_reviews,add_cart,price_too_high|want_compare,yes_more,C,add_cart,price_suspicious|few_reviews|want_compare,B,add_cart,price_suspicious|material|want_compare,A,price|timing,fallback_favorite|price_too_high,price_suspicious|material,price_suspicious|few_reviews,few_reviews|material|pack,look|few_reviews,few_reviews|size|look,page2,page1,reviews,material,4,5,4,2,4,4,5,5,low_rating|few_reviews|no_size|material_unclear|blur_image|mismatch_title,eva,semi,yes_somewhat,better_rating,4,4
366,A,main_image|color_pattern|review_count|star_rating|material_word|magnets|imagine_look,reviews_photos|negative_reviews|bullets|size_specs|material_cert|qa|zoom_images|price_deal,negative_reviews,not_buy,price_too_high|want_compare,yes_more,C,not_buy,price_suspicious|material|brand|want_compare,B,not_buy,price_suspicious|material|brand|want_compare,A,price|timing,fallback_favorite|price_too_high,price_suspicious|brand|material,price_suspicious|brand|material,few_reviews|brand|material|pack,few_reviews|look|brand,few_reviews|size|brand|material,page2,page1,reviews,price_value,4,4,4,2,4,5,5,5,low_rating|few_reviews|no_size|material_unclear|blur_image|no_bullets|mismatch_title,eva,semi,unlikely,better_rating,3,4
367,A,main_image|color_pattern|star_rating|review_count|material_word|magnets|title_keyword|imagine_look,negative_reviews|reviews_photos|bullets|material_cert|size_specs|zoom_images|qa|price_deal,negative_reviews,not_buy,price_too_high|want_compare,yes_more,B,not_buy,look|want_compare,C,not_buy,few_reviews|want_compare,A,price|reviews_trust,fallback_favorite|price_too_high,look,few_reviews,few_reviews|material|pack,few_reviews|brand,few_reviews|size|material|look,page2,page1,reviews,price_value,4,5,4,2,4,4,5,4,low_rating|few_reviews|no_size|material_unclear|blur_image|mismatch_title,eva,semi,unlikely,better_rating,3,4
368,A,main_image|color_pattern|star_rating|review_count|material_word|magnets|imagine_look,reviews_photos|negative_reviews|bullets|material_cert|zoom_images|size_specs,reviews_photos,not_buy,price_too_high|want_compare,yes_more,B,not_buy,look|want_compare,E,not_buy,few_reviews|material|want_compare,A,price|timing,fallback_favorite|price_too_high,look,look|few_reviews,few_reviews|pack,few_reviews|material,few_reviews|size|look,page2,page1,reviews,price_value,4,5,4,2,4,5,5,4,low_rating|few_reviews|material_unclear|blur_image|no_bullets,eva,semi,yes_somewhat,better_rating,3,3
369,A,main_image|color_pattern|review_count|star_rating|material_word|magnets|imagine_look|title_keyword,reviews_photos|negative_reviews|bullets|size_specs|material_cert|zoom_images|qa|price_deal,negative_reviews,not_buy,price_too_high|want_compare,yes_more,C,not_buy,price_suspicious|material|want_compare,B,not_buy,price_suspicious|material|look|want_compare,A,price|timing,fallback_favorite|price_too_high,price_suspicious|material|look,price_suspicious|material,few_reviews|material|pack,look|brand|material,few_reviews|size|material,page2,page1,material,price_value,4,5,4,2,4,4,5,5,low_rating|few_reviews|material_unclear|blur_image|no_size,eva,semi,yes_somewhat,better_function,3,4
370,A,main_image|color_pattern|review_count|title_keyword|material_word|magnets|imagine_look,reviews_photos|negative_reviews|bullets|size_specs|material_cert|zoom_images|qa,negative_reviews,add_cart,price_too_high|want_compare,yes_more,C,add_cart,price_suspicious|few_reviews|want_compare,B,not_buy,look|want_compare|brand,A,price|timing,fallback_favorite|price_too_high,look|brand,price_suspicious|few_reviews|brand,few_reviews|material|pack,look|few_reviews|brand,few_reviews|look|size|material,page2,page1,material,reviews,4,5,4,2,4,4,5,5,low_rating|few_reviews|no_size|material_unclear|blur_image|mismatch_title,eva,semi,yes_somewhat,better_rating,3,4
371,A,main_image|color_pattern|review_count|star_rating|material_word|magnets|imagine_look|right_size,reviews_photos|negative_reviews|bullets|size_specs|material_cert|zoom_images|price_deal,negative_reviews,not_buy,price_too_high|want_compare,yes_more,C,not_buy,price_suspicious|material|brand|want_compare,E,not_buy,look|few_reviews|transparency|want_compare,A,price|timing,fallback_favorite|price_too_high,price_suspicious|material|brand|look,price_suspicious|material|brand|look,few_reviews|material|brand|pack,look|few_reviews|transparency|brand,few_reviews|size|look|brand,page2,page1,reviews,material,4,5,4,2,3,5,5,4,low_rating|few_reviews|no_size|material_unclear|blur_image|mismatch_title,eva,semi,yes_somewhat,lower_price,2,2
372,A,main_image|color_pattern|star_rating|review_count|material_word|imagine_look|magnets,reviews_photos|negative_reviews|bullets|size_specs|material_cert|zoom_images|price_deal,negative_reviews,not_buy,price_too_high|want_compare,yes_more,C,not_buy,price_suspicious|material|want_compare,B,not_buy,price_suspicious|material|want_compare,A,price|timing,fallback_favorite|price_too_high,price_suspicious|material|brand,price_suspicious|material|brand,few_reviews|material|brand,look|material|brand,few_reviews|size|material|brand,page2,page1,reviews,price_value,4,5,4,2,4,5,5,4,low_rating|few_reviews|no_size|material_unclear|blur_image|no_bullets,eva,semi,yes_somewhat,better_rating,3,4
373,A,main_image|color_pattern|star_rating|review_count|material_word|imagine_look|magnets,reviews_photos|negative_reviews|bullets|material_cert|zoom_images|qa|price_deal,reviews_photos,add_cart,price_too_high|want_compare,yes_more,B,add_cart,price_suspicious|material|want_compare,C,add_cart,price_suspicious|material|few_reviews|want_compare,A,price|timing,price_too_high,price_suspicious|material,price_suspicious|material|few_reviews,few_reviews|material|pack,look|transparency|few_reviews,few_reviews|size|transparency|material,page2,page1,material,reviews,4,5,4,3,4,4,5,5,low_rating|few_reviews|no_size|material_unclear|blur_image,eva,semi,yes_somewhat,better_rating,4,4
374,A,main_image|color_pattern|star_rating|review_count|material_word|right_size|imagine_look|magnets,reviews_photos|negative_reviews|bullets|material_cert|size_specs|zoom_images,negative_reviews,add_cart,want_compare,yes_more,B,add_cart,price_suspicious|material|want_compare,E,not_buy,few_reviews|look|transparency,A,price,fallback_favorite|price_too_high,price_suspicious|material,price_suspicious|brand|few_reviews,few_reviews|material|pack,few_reviews|look|transparency,few_reviews|size|transparency,page2,page1,reviews,material,4,5,4,2,4,4,5,5,low_rating|few_reviews|no_size|material_unclear|blur_image|mismatch_title,eva,semi,yes_somewhat,better_rating,3,4
375,A,main_image|color_pattern|star_rating|review_count|material_word|imagine_look,reviews_photos|negative_reviews|bullets|size_specs|material_cert|zoom_images|price_deal,negative_reviews,add_cart,price_too_high|want_compare,yes_more,C,add_cart,want_compare|price_suspicious,B,not_buy,look|material|want_compare,A,price|timing,fallback_favorite|price_too_high,look|price_suspicious,price_suspicious|material,few_reviews|material|pack,look|few_reviews|rating,few_reviews|size|transparency,page2,page1,reviews,price_value,4,5,4,2,4,4,5,4,low_rating|no_size|material_unclear|blur_image|mismatch_title,eva,semi,yes_somewhat,better_rating,3,4
376,A,main_image|color_pattern|star_rating|review_count|material_word|magnets|imagine_look,reviews_photos|negative_reviews|bullets|size_specs|material_cert|zoom_images|qa,negative_reviews,add_cart,price_too_high|want_compare,yes_more,C,not_buy,price_suspicious|material|brand|few_reviews,B,not_buy,price_suspicious|look|material|brand|want_compare,A,price|timing,fallback_favorite|price_too_high,price_suspicious|look|material|brand,price_suspicious|material|brand,few_reviews|material|pack|brand,look|material|few_reviews|brand,few_reviews|size|material|brand,page2,page1,reviews,material,4,5,4,2,4,4,5,5,low_rating|few_reviews|no_size|material_unclear|blur_image|no_bullets,eva,semi,yes_somewhat,better_rating,3,4
377,B,color_pattern|main_image|price|review_count|magnets|material_word,reviews_photos|negative_reviews|bullets|size_specs|material_cert|zoom_images|qa,negative_reviews,not_buy,price_suspicious|material|want_compare,yes_more,A,not_buy,price_too_high|transparency|want_compare,C,not_buy,price_suspicious|brand|want_compare,A,price|timing,fallback_favorite|price_too_high,price_suspicious|material|brand,price_suspicious|brand|few_reviews,few_reviews|material|pack|brand,look|few_reviews|brand,few_reviews|size|look|brand,page2,page1,material,reviews,5,5,4,2,4,4,5,5,low_rating|few_reviews|no_size|material_unclear|blur_image|no_bullets,eva,semi,yes_somewhat,better_rating,4,4
378,A,main_image|color_pattern|star_rating|review_count|material_word|imagine_look,reviews_photos|negative_reviews|bullets|size_specs|material_cert|zoom_images,reviews_photos,add_cart,price_too_high|want_compare,yes_more,B,not_buy,price_suspicious|material|want_compare,C,not_buy,price_suspicious|material|want_compare,A,price,fallback_favorite|price_too_high,price_suspicious|material,price_suspicious|material,few_reviews|material,look|few_reviews,few_reviews|size|material,page2,page1,material,price_value,4,5,4,2,4,5,5,4,low_rating|few_reviews|no_size|material_unclear|blur_image|no_bullets,eva,semi,yes_somewhat,better_function,3,4
379,A,main_image|color_pattern|star_rating|review_count|magnets|material_word|imagine_look,reviews_photos|negative_reviews|bullets|size_specs|material_cert|qa|zoom_images,negative_reviews,not_buy,price_too_high|want_compare,yes_more,C,not_buy,price_suspicious|few_reviews|material,E,not_buy,few_reviews|brand|transparency,A,price|timing,fallback_favorite|price_too_high,look|price_suspicious|material,price_suspicious|few_reviews|material,few_reviews|pack,few_reviews|brand|transparency,few_reviews|size|transparency,page2,page1,material,reviews,4,5,4,2,4,4,5,5,low_rating|no_size|material_unclear|blur_image|mismatch_title,eva,semi,yes_somewhat,better_rating,2,3
380,A,main_image|color_pattern|star_rating|review_count|title_keyword|material_word|right_size|imagine_look,reviews_photos|negative_reviews|bullets|size_specs|material_cert|qa|zoom_images|price_deal,negative_reviews,not_buy,price_too_high|want_compare,yes_more,B,not_buy,price_suspicious|material|want_compare,C,not_buy,price_suspicious|few_reviews|brand|want_compare,A,price|timing,fallback_favorite|price_too_high,price_suspicious|material|brand,price_suspicious|few_reviews|brand,few_reviews|material|pack,look|few_reviews|brand,few_reviews|size|look,page2,page1,material,price_value,4,5,4,2,4,4,5,5,low_rating|few_reviews|no_size|material_unclear|blur_image,eva,semi,yes_somewhat,better_rating,3,4
381,A,main_image|color_pattern|star_rating|review_count|material_word|imagine_look|magnets,reviews_photos|negative_reviews|bullets|size_specs|material_cert|qa|zoom_images,negative_reviews,not_buy,price_too_high|want_compare,yes_more,C,not_buy,price_suspicious|material|few_reviews|want_compare,B,not_buy,price_suspicious|material|want_compare,A,price|timing,fallback_favorite|price_too_high,price_suspicious|material|brand,price_suspicious|material|brand|few_reviews,few_reviews|material|brand|pack,look|few_reviews|brand,size|few_reviews|transparency|brand,page2,page1,material,price_value,4,5,4,2,4,4,5,5,low_rating|few_reviews|no_size|material_unclear|blur_image|no_bullets,eva,semi,yes_somewhat,better_listing,3,4
382,A,review_count|star_rating|material_word|magnets|title_keyword|imagine_look,bullets|material_cert|size_specs|reviews_photos|negative_reviews|zoom_images|price_deal,negative_reviews,add_cart,price_too_high|want_compare,yes_more,B,not_buy,price_suspicious|material|transparency|want_compare,E,not_buy,few_reviews|transparency|brand|want_compare,A,price|timing,fallback_favorite|price_too_high,price_suspicious|material|transparency,price_suspicious|brand|look,few_reviews|material|pack,few_reviews|transparency|brand,few_reviews|size|look,page2,page1,reviews,material,5,5,4,2,4,4,5,5,low_rating|few_reviews|no_size|material_unclear|blur_image|mismatch_title,eva,semi,unlikely,better_rating,3,3
383,A,main_image|color_pattern|star_rating|review_count|material_word|imagine_look,reviews_photos|negative_reviews|bullets|size_specs|material_cert|qa|zoom_images|price_deal,negative_reviews,not_buy,price_too_high|want_compare,yes_more,C,not_buy,price_suspicious|material|brand|want_compare,B,not_buy,price_suspicious|material|look|brand|want_compare,A,price|timing,fallback_favorite|price_too_high,price_suspicious|material|brand|look,price_suspicious|material|brand,few_reviews|material|pack,look|few_reviews|brand,few_reviews|size|look,page2,page1,reviews,material,4,5,4,2,4,4,5,4,low_rating|few_reviews|no_size|material_unclear|blur_image|mismatch_title,eva,semi,yes_somewhat,better_rating,3,4
384,A,main_image|color_pattern|review_count|star_rating|material_word|imagine_look|title_keyword,reviews_photos|negative_reviews|bullets|material_cert|size_specs|zoom_images|price_deal,reviews_photos,add_cart,price_too_high|want_compare,yes_more,B,add_cart,want_compare|brand,C,not_buy,look|brand|want_compare,A,price|timing,fallback_favorite|price_too_high,brand,brand|look,few_reviews|material,look|few_reviews,few_reviews|size|material,page2,page1,price_value,reviews,4,5,4,2,4,5,5,4,low_rating|no_size|material_unclear|blur_image|mismatch_title,eva,semi,yes_somewhat,better_value,3,4
385,C,main_image|color_pattern|star_rating|magnets|material_word|imagine_look|right_size,negative_reviews|bullets|size_specs|material_cert|reviews_photos|zoom_images|price_deal,negative_reviews,not_buy,want_compare|material,yes_more,B,not_buy,price_suspicious|want_compare,A,not_buy,price_too_high|want_compare,A,price|timing,fallback_favorite|price_too_high,price_suspicious|transparency,price_suspicious|transparency,few_reviews|material|pack,look|few_reviews,few_reviews|size|look,page2,page1,reviews,price_value,4,5,4,2,4,4,5,4,low_rating|no_size|material_unclear|blur_image|mismatch_title,eva,semi,unlikely,better_rating,3,4
386,A,main_image|color_pattern|review_count|star_rating|material_word|magnets|imagine_look,reviews_photos|negative_reviews|bullets|size_specs|material_cert|zoom_images|qa,negative_reviews,add_cart,price_too_high|want_compare,yes_more,C,add_cart,brand|price_suspicious|want_compare,B,not_buy,look|brand|want_compare,A,price|timing,fallback_favorite|price_too_high,look|brand|price_suspicious,brand|price_suspicious,few_reviews|material|pack,look|few_reviews,few_reviews|size|look,page2,page1,reviews,price_value,4,5,4,2,4,5,5,4,low_rating|few_reviews|no_size|material_unclear|blur_image|no_bullets,eva,semi,yes_somewhat,better_rating,3,4
387,A,main_image|color_pattern|star_rating|review_count|material_word|imagine_look|right_size,negative_reviews|reviews_photos|material_cert|size_specs|bullets|zoom_images|qa|delivery_returns,negative_reviews,not_buy,price_too_high|want_compare|transparency,yes_more,C,not_buy,price_suspicious|material|brand|transparency|want_compare,E,not_buy,look|transparency|few_reviews|brand|want_compare,C,reviews_trust|material|brand|info_gap,price_too_high|transparency,price_suspicious|look|brand,fallback_favorite|brand|material,few_reviews|material|pack,look|transparency|few_reviews|brand,few_reviews|material|size|brand,page2,page1,material,reviews,4,5,4,2,4,3,5,5,low_rating|few_reviews|material_unclear|blur_image,eva,semi,unlikely,better_rating,4,4
388,A,main_image|color_pattern|material_word|magnets|right_size|imagine_look|review_count,reviews_photos|negative_reviews|bullets|size_specs|material_cert|qa|zoom_images,negative_reviews,not_buy,price_too_high|want_compare,yes_more,C,not_buy,price_suspicious|want_compare,B,not_buy,look|price_suspicious|want_compare,A,price|timing,fallback_favorite|price_too_high,look|price_suspicious,price_suspicious|look,few_reviews|material|pack,look|few_reviews,few_reviews|size|look,page2,page1,material,reviews,4,5,4,2,4,4,5,5,low_rating|few_reviews|no_size|material_unclear|blur_image|no_bullets|mismatch_title,eva,semi,yes_somewhat,better_rating,3,4
389,B,main_image|color_pattern|price|review_count|magnets|material_word|imagine_look,bullets|reviews_photos|negative_reviews|material_cert|size_specs|price_deal|zoom_images,negative_reviews,add_cart,want_compare,yes_more,C,not_buy,look|want_compare,A,not_buy,price_too_high|want_compare,B,timing|reviews_trust,price_too_high,fallback_favorite,look,few_reviews|material,look|few_reviews,few_reviews|size,page2,page1,price_value,reviews,4,5,4,2,3,5,5,4,low_rating|few_reviews|no_size|material_unclear|blur_image,eva,semi,yes_somewhat,better_value,5,4
390,A,main_image|color_pattern|star_rating|review_count|magnets|material_word|imagine_look,reviews_photos|negative_reviews|bullets|size_specs|material_cert|qa|zoom_images,negative_reviews,not_buy,price_too_high|want_compare,yes_more,B,not_buy,price_suspicious|material|want_compare,C,not_buy,price_suspicious|material|want_compare,A,price|timing,fallback_favorite|price_too_high,price_suspicious|material|brand,price_suspicious|material|brand,few_reviews|material|brand,look|few_reviews|brand,few_reviews|size|brand,page2,page1,reviews,material,4,5,4,2,4,4,5,5,low_rating|few_reviews|no_size|material_unclear|blur_image|mismatch_title,eva,semi,yes_somewhat,better_rating,4,4
391,A,main_image|color_pattern|star_rating|review_count|material_word|magnets|imagine_look,reviews_photos|negative_reviews|bullets|size_specs|material_cert|zoom_images|qa,negative_reviews,not_buy,price_too_high|want_compare,yes_more,B,not_buy,price_suspicious|look|want_compare,E,not_buy,few_reviews|look|want_compare,A,price,fallback_favorite|price_too_high,price_suspicious|look,price_suspicious|look,few_reviews|pack,few_reviews|look,few_reviews|size|look,page2,page1,price_value,reviews,4,5,4,2,4,5,5,4,low_rating|few_reviews|no_size|material_unclear|blur_image|mismatch_title,eva,semi,unlikely,better_value,3,4
392,A,main_image|color_pattern|star_rating|review_count|material_word|magnets|imagine_look,reviews_photos|negative_reviews|bullets|size_specs|material_cert|zoom_images|qa,negative_reviews,add_cart,price_too_high|want_compare,yes_more,B,add_cart,price_suspicious|want_compare,C,not_buy,price_suspicious|material|brand|want_compare,A,price,fallback_favorite|price_too_high,price_suspicious|brand|material,price_suspicious|brand|material,few_reviews|material|brand,look|brand|few_reviews,few_reviews|size|brand|material,page2,page1,material,reviews,4,5,4,2,4,4,5,5,low_rating|few_reviews|no_size|material_unclear|blur_image|mismatch_title,eva,semi,yes_somewhat,better_rating,3,4
393,A,main_image|color_pattern|star_rating|review_count|material_word|magnets|imagine_look,reviews_photos|negative_reviews|bullets|size_specs|material_cert|zoom_images|price_deal,reviews_photos,not_buy,price_too_high|want_compare,yes_more,C,not_buy,price_suspicious|brand|want_compare,B,not_buy,price_suspicious|brand|want_compare,A,price,fallback_favorite|price_too_high,price_suspicious|brand,price_suspicious|brand,few_reviews|pack,look|few_reviews,few_reviews|size,page1,page1,reviews,price_value,4,5,4,2,4,5,5,4,low_rating|few_reviews|no_size|material_unclear|blur_image|no_bullets,eva,semi,yes_somewhat,better_rating,2,4
394,A,main_image|star_rating|review_count|material_word|imagine_look,reviews_photos|negative_reviews|bullets|size_specs|material_cert|zoom_images,negative_reviews,not_buy,price_too_high|want_compare,yes_more,B,not_buy,price_suspicious|material|look|want_compare,E,not_buy,few_reviews|brand|rating|want_compare,A,price|timing,fallback_favorite|price_too_high,price_suspicious|material|look,price_suspicious|material|look|few_reviews,few_reviews|material|pack,few_reviews|brand|rating,few_reviews|brand|size|look,page2,page1,reviews,price_value,4,4,4,2,4,4,5,4,low_rating|few_reviews|no_size|material_unclear|blur_image,eva,semi,unlikely,better_rating,3,4
395,A,main_image|color_pattern|star_rating|review_count|material_word|imagine_look|magnets,reviews_photos|negative_reviews|bullets|size_specs|material_cert|zoom_images|qa,reviews_photos,not_buy,price_too_high|want_compare,yes_more,C,not_buy,few_reviews|want_compare,B,not_buy,look|want_compare,A,price|timing,fallback_favorite|price_too_high,look,final_purchase,few_reviews,look|few_reviews,few_reviews|size|transparency,page2,page1,reviews,price_value,4,5,4,2,4,4,5,4,low_rating|few_reviews|no_size|material_unclear|blur_image,eva,semi,yes_somewhat,better_rating,3,4
396,A,main_image|material_word|star_rating|review_count|magnets|imagine_look,reviews_photos|negative_reviews|bullets|size_specs|material_cert|zoom_images|qa,negative_reviews,add_cart,price_too_high|want_compare,yes_more,C,add_cart,price_suspicious|want_compare,E,not_buy,few_reviews|transparency|rating,A,price|look_compromise,price_too_high|fallback_favorite,price_suspicious|brand|look,price_suspicious|brand|look,few_reviews|brand|price_suspicious,few_reviews|transparency|brand,few_reviews|size|brand,page2,page1,reviews,price_value,4,5,4,2,4,4,5,4,low_rating|few_reviews|no_size|material_unclear|blur_image,eva,semi,yes_somewhat,better_rating,3,4
397,A,star_rating|review_count|material_word|magnets|title_keyword|right_size,bullets|size_specs|material_cert|negative_reviews|reviews_photos|zoom_images|qa,negative_reviews,not_buy,price_too_high|want_compare,yes_more,C,not_buy,price_suspicious|want_compare,B,not_buy,look|want_compare,A,price,fallback_favorite|price_too_high,look|price_suspicious,price_suspicious|brand,few_reviews|material|pack,few_reviews|look,few_reviews|size|material,page2,page1,reviews,material,4,4,4,2,4,4,5,4,low_rating|no_size|material_unclear|blur_image|mismatch_title,eva,semi,yes_somewhat,better_rating,3,4
398,A,main_image|color_pattern|review_count|material_word|imagine_look,reviews_photos|negative_reviews|bullets|size_specs|material_cert|zoom_images|qa,negative_reviews,not_buy,price_too_high|want_compare,yes_more,C,not_buy,price_suspicious|brand|want_compare,E,not_buy,few_reviews|transparency|brand,A,price|look_compromise,fallback_favorite|price_too_high,price_suspicious|brand|look,price_suspicious|brand,few_reviews|material|brand|pack,few_reviews|transparency|brand,few_reviews|size|brand|material,page2,page1,material,reviews,4,5,4,2,4,4,5,5,low_rating|few_reviews|material_unclear|blur_image|mismatch_title,eva,semi,unlikely,better_rating,3,4
399,A,star_rating|review_count|material_word|magnets|right_size|imagine_look,reviews_photos|negative_reviews|bullets|size_specs|material_cert|zoom_images|qa,negative_reviews,not_buy,price_too_high|transparency|want_compare,yes_more,C,not_buy,price_suspicious|material|brand|few_reviews|want_compare,E,not_buy,few_reviews|brand|look|want_compare,A,price|timing,fallback_favorite|price_too_high|transparency,price_suspicious|material|brand|review_concern,price_suspicious|brand|few_reviews|material,few_reviews|material|pack|brand,look|few_reviews|brand,few_reviews|size|material|brand,page2,page1,reviews,material,4,5,4,2,4,4,5,5,low_rating|few_reviews|no_size|material_unclear|blur_image|mismatch_title,eva,semi,yes_somewhat,better_rating,3,3
400,A,star_rating|review_count|main_image|material_word|imagine_look,reviews_photos|negative_reviews|bullets|size_specs|material_cert|zoom_images|qa,negative_reviews,not_buy,price_too_high|want_compare,yes_more,B,not_buy,price_suspicious|material|look|want_compare,C,not_buy,price_suspicious|few_reviews|brand|material,A,price|timing,fallback_favorite|price_too_high,price_suspicious|material|look|brand,price_suspicious|few_reviews|brand|material,few_reviews|pack|material|brand,few_reviews|look|brand,few_reviews|size|material|brand,page2,page1,reviews,price_value,4,4,4,2,4,4,5,5,low_rating|few_reviews|no_size|material_unclear|blur_image|no_bullets,eva,semi,yes_somewhat,better_rating,3,4
401,A,main_image|color_pattern|star_rating|review_count|material_word|imagine_look,reviews_photos|negative_reviews|bullets|size_specs|material_cert|zoom_images|qa,negative_reviews,not_buy,price_too_high|want_compare,yes_more,B,not_buy,look|want_compare,C,add_cart,want_compare,C,reviews_trust|timing,price_too_high|other,look,final_purchase,few_reviews|material|pack,look|few_reviews|brand,few_reviews|size|look,page2,page1,price_value,reviews,4,5,4,2,4,5,5,4,low_rating|few_reviews|no_size|material_unclear|blur_image|mismatch_title,eva,semi,yes_somewhat,better_value,4,4
402,A,main_image|color_pattern|review_count|star_rating|imagine_look,reviews_photos|negative_reviews|bullets|material_cert|zoom_images|price_deal,negative_reviews,not_buy,price_too_high|want_compare,yes_more,C,not_buy,price_suspicious|brand|few_reviews,E,not_buy,few_reviews|brand|material,A,price|timing,fallback_favorite|price_too_high,price_suspicious|brand|few_reviews,price_suspicious|brand|few_reviews,few_reviews|material|pack,few_reviews|brand|look,few_reviews|size|look,page2,page1,reviews,price_value,4,4,4,2,3,4,5,4,low_rating|few_reviews|no_size|material_unclear|blur_image,eva,semi,yes_somewhat,better_rating,3,4
403,A,review_count|star_rating|material_word|magnets|imagine_look|title_keyword,reviews_photos|negative_reviews|bullets|size_specs|material_cert|zoom_images|qa|price_deal,negative_reviews,not_buy,price_too_high|want_compare,yes_more,B,not_buy,price_suspicious|material|transparency|want_compare,C,not_buy,price_suspicious|few_reviews|brand|transparency|want_compare,A,price|look_compromise,fallback_favorite|price_too_high|look,price_suspicious|material|transparency,price_suspicious|material|few_reviews|brand|transparency,few_reviews|material|pack|brand,look|few_reviews|transparency|brand,few_reviews|size|material|brand,page2,page1,reviews,material,4,5,4,2,4,3,5,5,low_rating|few_reviews|no_size|material_unclear|blur_image|no_bullets|mismatch_title,eva,semi,neutral,better_rating,2,3
404,A,main_image|color_pattern|star_rating|review_count|material_word|imagine_look,reviews_photos|negative_reviews|bullets|size_specs|material_cert|zoom_images,negative_reviews,not_buy,price_too_high|want_compare,yes_more,C,not_buy,brand|want_compare,B,not_buy,look|brand|want_compare,A,price|timing,fallback_favorite|price_too_high,look|brand,brand|few_reviews,few_reviews|material|pack,look|few_reviews,few_reviews|size|material,page2,page1,reviews,price_value,4,5,4,2,4,4,5,4,low_rating|no_size|material_unclear|blur_image|mismatch_title,eva,semi,yes_somewhat,better_rating,3,3
405,A,main_image|color_pattern|star_rating|review_count|material_word|imagine_look,reviews_photos|negative_reviews|bullets|size_specs|material_cert|zoom_images|qa,negative_reviews,not_buy,price_too_high|want_compare,yes_more,B,not_buy,price_suspicious|want_compare,C,not_buy,price_suspicious|want_compare,A,price|reviews_trust,fallback_favorite|price_too_high,price_suspicious|brand,price_suspicious|brand,few_reviews|material|pack,few_reviews|look|brand,few_reviews|size|material,page2,page1,price_value,reviews,4,5,4,3,4,5,5,4,low_rating|few_reviews|material_unclear|blur_image|no_size,eva,semi,yes_somewhat,better_rating,3,4
406,A,main_image|color_pattern|star_rating|review_count|material_word|imagine_look,reviews_photos|negative_reviews|bullets|size_specs|material_cert|zoom_images|qa,negative_reviews,not_buy,price_too_high|want_compare,yes_more,C,not_buy,price_suspicious|brand|want_compare,E,not_buy,few_reviews|brand|transparency|want_compare,A,price|reviews_trust,fallback_favorite|price_too_high,price_suspicious|brand|material,price_suspicious|brand|material,few_reviews|pack|material,few_reviews|brand|transparency,few_reviews|size|material,page2,page1,reviews,material,4,5,4,2,4,4,5,5,low_rating|few_reviews|no_size|material_unclear|blur_image,eva,semi,yes_somewhat,better_rating,3,4
407,A,main_image|review_count|star_rating|material_word|magnets|title_keyword|right_size|imagine_look,reviews_photos|negative_reviews|bullets|size_specs|material_cert|zoom_images|qa,negative_reviews,not_buy,price_too_high|want_compare,yes_more,C,not_buy,price_suspicious|material|few_reviews|want_compare,B,not_buy,price_suspicious|material|look|want_compare,A,price|timing,fallback_favorite|price_too_high,price_suspicious|material|look,price_suspicious|material,few_reviews|material|pack,few_reviews|look,few_reviews|size|material,page2,page1,material,reviews,4,5,4,2,4,3,5,5,low_rating|no_size|material_unclear|blur_image|no_bullets|mismatch_title,eva,semi,neutral,better_function,3,4
408,A,main_image|color_pattern|star_rating|review_count|material_word|imagine_look,reviews_photos|negative_reviews|bullets|size_specs|material_cert|zoom_images|price_deal,negative_reviews,not_buy,price_too_high|want_compare,yes_more,C,add_cart,price_suspicious|brand|few_reviews,B,buy_now,no_concern,B,no_blocker,price_too_high,final_purchase,price_suspicious|brand|few_reviews,few_reviews|material|pack,look|few_reviews,few_reviews|size,page2,page1,reviews,appearance,4,5,4,2,4,4,5,5,low_rating|few_reviews|blur_image|material_unclear|mismatch_title,eva,semi,yes_somewhat,better_rating,4,5
409,A,main_image|color_pattern|star_rating|review_count|material_word|imagine_look|magnets,reviews_photos|negative_reviews|bullets|material_cert|zoom_images|size_specs,negative_reviews,not_buy,price_too_high|want_compare,yes_more,B,not_buy,price_suspicious|material|want_compare,C,not_buy,price_suspicious|few_reviews|want_compare,A,price|timing,fallback_favorite|price_too_high,price_suspicious|material,price_suspicious|few_reviews,few_reviews|pack|material,few_reviews|look|brand,few_reviews|size|material,page2,page1,material,reviews,4,5,4,2,4,4,5,5,low_rating|few_reviews|no_size|material_unclear|blur_image|mismatch_title,eva,semi,unlikely,better_rating,2,3
410,A,main_image|color_pattern|star_rating|review_count|material_word|imagine_look|title_keyword,reviews_photos|negative_reviews|bullets|size_specs|material_cert|zoom_images|qa,negative_reviews,not_buy,price_too_high|want_compare,yes_more,C,not_buy,price_suspicious|material|brand|want_compare,E,not_buy,few_reviews|transparency|want_compare,A,price|timing,fallback_favorite|price_too_high,price_suspicious|brand|material,price_suspicious|brand|material,few_reviews|pack|brand,few_reviews|transparency,few_reviews|size|material,page2,page1,reviews,price_value,4,5,4,2,4,5,5,4,low_rating|no_size|material_unclear|blur_image|mismatch_title,eva,semi,yes_somewhat,better_value,3,4
411,A,main_image|color_pattern|star_rating|review_count|material_word|magnets|imagine_look,reviews_photos|negative_reviews|bullets|size_specs|material_cert|zoom_images|qa|price_deal,negative_reviews,not_buy,price_too_high|want_compare,yes_more,C,not_buy,price_suspicious|material|brand|want_compare,E,not_buy,few_reviews|brand|want_compare,A,price|reviews_trust|timing|look_compromise,fallback_favorite|price_too_high,price_suspicious|material|brand|look,price_suspicious|brand|material,few_reviews|brand|material,few_reviews|brand,few_reviews|size|material|brand,page2,page1,reviews,material,4,5,4,2,4,5,5,5,low_rating|few_reviews|no_size|material_unclear|blur_image|no_bullets,eva,semi,yes_somewhat,better_value,3,4
412,A,main_image|color_pattern|review_count|star_rating|material_word|imagine_look,reviews_photos|negative_reviews|bullets|material_cert|zoom_images|size_specs,negative_reviews,not_buy,price_too_high|want_compare,yes_more,C,not_buy,price_suspicious|brand|want_compare,E,not_buy,transparency|few_reviews|want_compare,A,price|timing,fallback_favorite|price_too_high,price_suspicious|brand|look,price_suspicious|brand,few_reviews|material|pack,transparency|few_reviews|look,few_reviews|size|material,page2,page1,reviews,price_value,4,5,4,2,4,4,5,4,low_rating|few_reviews|no_size|material_unclear|blur_image|mismatch_title,eva,semi,yes_somewhat,better_rating,3,4
413,A,main_image|color_pattern|review_count|star_rating|material_word|imagine_look,reviews_photos|negative_reviews|bullets|size_specs|material_cert|zoom_images,negative_reviews,not_buy,price_too_high|want_compare|transparency,yes_more,C,not_buy,price_suspicious|brand|material|want_compare,E,not_buy,few_reviews|look|transparency|want_compare,A,price|timing,fallback_favorite|price_too_high,price_suspicious|brand|material,price_suspicious|brand|material,few_reviews|pack|brand,look|transparency|few_reviews,few_reviews|size|look,page2,page1,reviews,appearance,4,5,4,2,4,4,5,5,low_rating|few_reviews|no_size|material_unclear|blur_image|mismatch_title,eva,semi,yes_somewhat,better_rating,3,4
414,A,main_image|review_count|star_rating|magnets|material_word|imagine_look|right_size,negative_reviews|reviews_photos|bullets|size_specs|material_cert|zoom_images|qa,negative_reviews,add_cart,want_compare|price_too_high,yes_more,C,not_buy,price_suspicious|material|brand|transparency,E,not_buy,few_reviews|brand|material,A,price|timing,fallback_favorite|price_too_high,price_suspicious|material|brand|transparency|look,price_suspicious|material|brand|transparency,few_reviews|material|pack|brand,few_reviews|brand|material,few_reviews|size|material|look,page2,page1,reviews,material,4,5,4,2,4,3,5,5,low_rating|few_reviews|material_unclear|blur_image|no_size|mismatch_title,eva,semi,neutral,better_rating,4,3
415,A,main_image|color_pattern|review_count|star_rating|material_word|magnets|imagine_look,reviews_photos|negative_reviews|bullets|size_specs|material_cert|qa|zoom_images,negative_reviews,not_buy,price_too_high|want_compare|transparency,yes_more,B,not_buy,price_suspicious|material|transparency|want_compare,E,not_buy,few_reviews|brand|look|want_compare,A,price|info_gap|timing,fallback_favorite|price_too_high,price_suspicious|material,price_suspicious|material|brand,few_reviews|material|pack,few_reviews|brand|look,few_reviews|size|material,page2,page1,reviews,material,4,5,4,2,4,4,5,5,low_rating|few_reviews|no_size|material_unclear|blur_image|no_bullets,eva,semi,yes_somewhat,better_rating,2,4
416,A,main_image|color_pattern|star_rating|review_count|material_word|imagine_look,reviews_photos|negative_reviews|bullets|size_specs|material_cert|qa|zoom_images,negative_reviews,add_cart,price_too_high|want_compare,yes_more,C,not_buy,price_suspicious|few_reviews|brand|want_compare,B,not_buy,price_suspicious|brand|material|want_compare,A,price|timing,fallback_favorite|price_too_high,price_suspicious|brand|material,price_suspicious|few_reviews|brand,few_reviews|pack|brand,look|brand|few_reviews,few_reviews|size|brand,page2,page1,reviews,price_value,4,5,4,2,4,4,5,4,low_rating|few_reviews|no_size|material_unclear|blur_image,eva,semi,unlikely,better_rating,3,4
417,A,main_image|color_pattern|star_rating|review_count|material_word|imagine_look,negative_reviews|reviews_photos|bullets|size_specs|material_cert|zoom_images,negative_reviews,add_cart,price_too_high|want_compare,yes_more,C,not_buy,price_suspicious|brand|few_reviews,E,not_buy,few_reviews|brand|material,A,price|timing,fallback_favorite|price_too_high,brand|few_reviews|look,brand|few_reviews|price_suspicious,few_reviews|brand|material,few_reviews|brand,few_reviews|size|brand,page2,page1,reviews,material,4,5,4,2,4,4,5,5,low_rating|no_size|material_unclear|blur_image|mismatch_title,eva,semi,yes_somewhat,better_rating,3,3
418,A,main_image|color_pattern|review_count|star_rating|material_word|magnets|imagine_look,reviews_photos|negative_reviews|bullets|size_specs|material_cert|zoom_images|qa,negative_reviews,add_cart,want_compare|price_too_high,yes_more,B,add_cart,price_suspicious|material|want_compare,C,add_cart,price_suspicious|brand|want_compare,A,price|timing,fallback_favorite|price_too_high,price_suspicious|material|brand,price_suspicious|brand|review_concern,few_reviews|material|pack|brand,look|transparency|brand|few_reviews,few_reviews|size|look|brand,page2,page1,reviews,material,4,5,4,2,4,4,5,5,low_rating|few_reviews|no_size|material_unclear|blur_image|no_bullets|mismatch_title,eva,semi,unlikely,better_rating,3,4
419,A,main_image|color_pattern|star_rating|review_count|material_word|imagine_look|magnets,reviews_photos|negative_reviews|bullets|material_cert|size_specs|zoom_images|qa,reviews_photos,not_buy,price_too_high|want_compare,yes_more,B,not_buy,look|want_compare,C,not_buy,want_compare|material,A,price|timing,fallback_favorite|price_too_high,look,material,few_reviews|pack,look|few_reviews,few_reviews|size|look,page2,page1,reviews,material,4,5,4,2,4,4,5,4,low_rating|few_reviews|no_size|material_unclear|blur_image|no_bullets|mismatch_title,eva,semi,yes_somewhat,better_rating,3,4
420,A,main_image|color_pattern|star_rating|review_count|material_word|magnets|imagine_look,reviews_photos|negative_reviews|bullets|size_specs|material_cert|zoom_images|price_deal,reviews_photos,not_buy,price_too_high|want_compare,yes_more,B,not_buy,look|want_compare,C,not_buy,look|few_reviews|want_compare,A,price|timing,fallback_favorite|price_too_high,look,look|few_reviews,few_reviews|material|pack,few_reviews|look|brand,few_reviews|size|brand,page2,page1,reviews,price_value,4,5,4,2,4,4,5,4,low_rating|no_size|material_unclear|blur_image|mismatch_title,eva,semi,yes_somewhat,better_rating,3,4
421,A,main_image|color_pattern|star_rating|review_count|material_word|magnets|imagine_look,reviews_photos|negative_reviews|bullets|size_specs|material_cert|zoom_images|qa,reviews_photos,not_buy,price_too_high|want_compare,yes_more,C,not_buy,price_suspicious|brand|want_compare,B,not_buy,price_suspicious|look|want_compare,A,price|timing,fallback_favorite|price_too_high,price_suspicious|look|brand,price_suspicious|brand|review_concern,few_reviews|brand|price_suspicious,look|brand|review_concern,few_reviews|size|brand|look,page2,page1,price_value,reviews,4,5,4,2,4,5,5,4,low_rating|no_size|material_unclear|blur_image|no_bullets|mismatch_title,eva,semi,yes_somewhat,lower_price,3,4
422,A,review_count|star_rating|material_word|magnets|imagine_look,reviews_photos|negative_reviews|bullets|size_specs|material_cert|zoom_images|qa,negative_reviews,not_buy,price_too_high|want_compare,yes_more,C,not_buy,price_suspicious|material|few_reviews,E,not_buy,look|few_reviews|brand|material,A,price|timing,fallback_favorite|price_too_high,price_suspicious|material|look,price_suspicious|material|few_reviews,few_reviews|material|pack,look|few_reviews|brand|material,few_reviews|size|material|look,page2,page1,reviews,material,4,4,4,2,4,4,5,5,low_rating|few_reviews|no_size|material_unclear|blur_image|mismatch_title,eva,blackout,unlikely,better_rating,3,4
423,A,main_image|color_pattern|star_rating|review_count|material_word|right_size|imagine_look,negative_reviews|bullets|size_specs|material_cert|qa|zoom_images|reviews_photos,negative_reviews,not_buy,price_too_high|want_compare,yes_more,C,not_buy,price_suspicious|material|want_compare,E,not_buy,few_reviews|brand|info_incomplete|want_compare,A,price|timing,fallback_favorite|price_too_high,price_suspicious|look|material,price_suspicious|material,few_reviews|material|pack,few_reviews|brand|info_incomplete,few_reviews|size|material,page2,page1,reviews,material,4,5,4,2,4,3,5,5,low_rating|few_reviews|no_size|material_unclear|blur_image|no_bullets,eva,semi,no_effect,better_rating,3,3
424,A,main_image|color_pattern|star_rating|review_count|material_word|imagine_look,reviews_photos|negative_reviews|bullets|size_specs|material_cert|zoom_images|price_deal,negative_reviews,not_buy,price_too_high|want_compare,yes_more,B,not_buy,price_suspicious|look|material,C,not_buy,price_suspicious|look|material|brand,A,price|timing,fallback_favorite|price_too_high,price_suspicious|look|material,price_suspicious|look|brand,few_reviews|material|pack,look|few_reviews,few_reviews|size|look,page2,page1,price_value,material,4,5,4,2,4,5,5,4,low_rating|few_reviews|no_size|material_unclear|blur_image,eva,semi,unlikely,better_value,3,4
425,A,main_image|color_pattern|star_rating|review_count|magnets|material_word|imagine_look,reviews_photos|negative_reviews|bullets|size_specs|material_cert|zoom_images|qa,negative_reviews,not_buy,price_too_high|want_compare,yes_more,B,not_buy,price_suspicious|material|want_compare,C,not_buy,price_suspicious|material|look|want_compare,A,price|timing,fallback_favorite|price_too_high,price_suspicious|material,price_suspicious|material|look,few_reviews|material|pack,look|few_reviews|brand,few_reviews|size|material,page2,page1,material,reviews,4,5,4,2,4,4,5,5,low_rating|few_reviews|no_size|material_unclear|blur_image|no_bullets|mismatch_title,eva,semi,yes_somewhat,better_function,3,4
426,A,review_count|star_rating|material_word|magnets|right_size|imagine_look,negative_reviews|reviews_photos|bullets|size_specs|material_cert|zoom_images|qa,negative_reviews,not_buy,price_too_high|want_compare|transparency,yes_more,C,not_buy,price_suspicious|brand|material|review_concern,E,not_buy,few_reviews|brand|info_incomplete|want_compare,A,price|info_gap|timing,fallback_favorite|price_too_high|transparency,price_suspicious|look|material|brand|transparency,price_suspicious|brand|material|review_concern,few_reviews|pack|material|brand,few_reviews|brand|info_incomplete|look,few_reviews|size|material|look|brand,page2,page1,reviews,material,4,4,4,2,4,4,5,5,low_rating|no_size|material_unclear|blur_image|no_bullets|mismatch_title,eva,semi,unlikely,better_rating,3,4
427,A,main_image|color_pattern|review_count|material_word|imagine_look|magnets,reviews_photos|negative_reviews|bullets|size_specs|material_cert|qa|zoom_images,negative_reviews,not_buy,price_too_high|want_compare,yes_more,C,not_buy,price_suspicious|material|few_reviews,B,not_buy,price_suspicious|material|look,A,price|timing,fallback_favorite|price_too_high,price_suspicious|look|brand|material,price_suspicious|brand|few_reviews|material,few_reviews|material|pack|brand,look|brand|few_reviews,few_reviews|size|material|look,page2,page1,material,reviews,4,5,4,2,4,4,5,5,low_rating|few_reviews|no_size|material_unclear|blur_image|no_bullets,eva,semi,yes_somewhat,better_function,3,3
428,A,main_image|color_pattern|review_count|material_word|magnets|imagine_look,reviews_photos|negative_reviews|bullets|size_specs|material_cert|zoom_images|qa,negative_reviews,not_buy,price_too_high|want_compare,yes_more,C,not_buy,price_suspicious|material|want_compare,B,not_buy,price_suspicious|material|want_compare,A,price|timing,fallback_favorite|price_too_high,price_suspicious|material|brand,price_suspicious|material|brand,few_reviews|pack|brand,look|few_reviews|brand,few_reviews|size|brand,page2,page1,reviews,material,4,5,4,2,4,4,5,5,low_rating|no_size|material_unclear|blur_image|mismatch_title,eva,semi,yes_somewhat,better_rating,3,4
429,A,main_image|color_pattern|star_rating|review_count|material_word|imagine_look,reviews_photos|negative_reviews|bullets|material_cert|size_specs|zoom_images|qa,negative_reviews,not_buy,price_too_high|want_compare,yes_more,C,not_buy,price_suspicious|material|want_compare,B,not_buy,material|look|want_compare,A,price|timing,fallback_favorite|price_too_high,material|look|price_suspicious,price_suspicious|material,few_reviews|material|pack,look|few_reviews|material,few_reviews|size|material,page2,page1,material,reviews,4,4,4,2,4,5,5,5,low_rating|few_reviews|material_unclear|blur_image|no_size,eva,semi,unlikely,better_function,3,4
430,A,main_image|color_pattern|star_rating|review_count|material_word|magnets|imagine_look|right_size,reviews_photos|negative_reviews|bullets|size_specs|material_cert|qa|zoom_images|price_deal,negative_reviews,not_buy,price_too_high|transparency|want_compare,yes_more,C,not_buy,price_suspicious|material|want_compare,B,not_buy,look|price_suspicious|want_compare,A,price|look_compromise,fallback_favorite|price_too_high|transparency,look|price_suspicious,price_suspicious|material,few_reviews|material,look|few_reviews,few_reviews|size|look,page2,page1,reviews,material,4,5,4,3,4,4,5,4,low_rating|few_reviews|no_size|material_unclear|blur_image|no_bullets|mismatch_title,eva,semi,yes_somewhat,better_rating,3,4
431,A,main_image|review_count|star_rating|material_word|magnets|imagine_look,reviews_photos|negative_reviews|bullets|size_specs|material_cert|zoom_images|qa,negative_reviews,not_buy,price_too_high|want_compare,yes_more,C,not_buy,price_suspicious|brand|material,E,not_buy,few_reviews|brand|transparency|want_compare,A,price|info_gap,fallback_favorite|price_too_high,look|price_suspicious|brand,price_suspicious|brand|material,few_reviews|pack|brand,few_reviews|transparency|brand,few_reviews|size|brand,page2,page1,reviews,price_value,4,5,4,2,4,4,5,5,low_rating|few_reviews|material_unclear|blur_image|mismatch_title,eva,semi,yes_somewhat,better_rating,3,4
432,A,main_image|color_pattern|star_rating|review_count|material_word|right_size|imagine_look,reviews_photos|negative_reviews|bullets|size_specs|material_cert|zoom_images|qa,negative_reviews,not_buy,price_too_high|want_compare,yes_more,B,not_buy,price_suspicious|material|want_compare,C,not_buy,price_suspicious|brand|want_compare,A,price|timing,fallback_favorite|price_too_high,price_suspicious|material|brand,price_suspicious|brand|material,few_reviews|pack|material,look|transparency|brand|few_reviews,few_reviews|size|look,page2,page1,material,reviews,4,5,4,2,4,5,5,5,low_rating|few_reviews|no_size|material_unclear|blur_image|mismatch_title,eva,semi,yes_somewhat,better_rating,3,4
433,A,main_image|color_pattern|review_count|material_word|right_size|imagine_look,reviews_photos|negative_reviews|bullets|size_specs|material_cert|zoom_images|qa,negative_reviews,not_buy,price_too_high|want_compare,yes_more,C,not_buy,price_suspicious|brand|want_compare,E,add_cart,few_reviews|brand,E,reviews_trust|brand|timing,price_too_high|transparency,price_suspicious|look|brand,price_suspicious|brand,few_reviews|pack,fallback_favorite|few_reviews|brand,few_reviews|size|look,page2,page1,reviews,material,4,4,4,2,4,4,5,5,low_rating|few_reviews|no_size|material_unclear|blur_image|mismatch_title,eva,blackout,unlikely,better_rating,4,4
434,A,main_image|color_pattern|star_rating|review_count|material_word|imagine_look|magnets|right_size,reviews_photos|negative_reviews|bullets|size_specs|material_cert|qa|zoom_images|delivery_returns,negative_reviews,add_cart,price_too_high|want_compare,yes_more,C,not_buy,price_suspicious|brand|want_compare,B,not_buy,look|material|want_compare,A,price|timing,fallback_favorite|price_too_high,look|material,price_suspicious|brand,few_reviews|material|pack,look|few_reviews|brand,few_reviews|size|look,page2,page1,reviews,price_value,4,5,4,2,4,4,5,5,low_rating|few_reviews|no_size|material_unclear|blur_image|mismatch_title,eva,semi,unlikely,better_rating,3,3
435,A,main_image|color_pattern|star_rating|review_count|magnets|material_word|imagine_look,reviews_photos|negative_reviews|bullets|size_specs|material_cert|zoom_images|price_deal,negative_reviews,not_buy,price_too_high|want_compare,yes_more,C,not_buy,price_suspicious|material|want_compare,B,not_buy,price_suspicious|material|want_compare,A,price|timing,fallback_favorite|price_too_high,price_suspicious|material,price_suspicious|material,few_reviews|material|pack,brand|look|few_reviews,few_reviews|size|material,page2,page1,reviews,material,4,4,4,2,4,4,5,4,low_rating|few_reviews|material_unclear|blur_image|mismatch_title,eva,semi,yes_somewhat,better_rating,3,4
436,A,star_rating|review_count|main_image|material_word|magnets|imagine_look,reviews_photos|negative_reviews|bullets|size_specs|material_cert|zoom_images|qa,negative_reviews,not_buy,price_too_high|want_compare,yes_more,B,not_buy,price_suspicious|material|want_compare,C,not_buy,price_suspicious|material|want_compare,A,price|timing,fallback_favorite|price_too_high,price_suspicious|material,price_suspicious|material,few_reviews|material|pack,few_reviews|look,few_reviews|size|material,page2,page1,material,price_value,4,5,4,2,4,4,5,5,low_rating|few_reviews|material_unclear|blur_image|no_size,eva,semi,yes_somewhat,better_function,3,4
437,A,main_image|color_pattern|star_rating|review_count|material_word|imagine_look|right_size,reviews_photos|negative_reviews|bullets|size_specs|material_cert|zoom_images|qa,negative_reviews,add_cart,price_too_high|want_compare,yes_more,C,not_buy,look|price_suspicious|want_compare,B,add_cart,look|price_suspicious|want_compare,A,price|timing,fallback_favorite|price_too_high,look|price_suspicious,look|price_suspicious|few_reviews,few_reviews|material|pack,look|few_reviews|brand,few_reviews|size|look,page2,page1,price_value,reviews,4,5,4,2,4,5,5,4,low_rating|few_reviews|no_size|material_unclear|blur_image|no_bullets,eva,semi,yes_somewhat,better_value,3,4
438,A,main_image|color_pattern|star_rating|review_count|material_word|imagine_look,reviews_photos|negative_reviews|bullets|size_specs|material_cert|zoom_images,reviews_photos,not_buy,price_too_high|want_compare,yes_more,C,not_buy,price_suspicious|material|want_compare,B,not_buy,price_suspicious|material|brand|want_compare,A,price|timing,fallback_favorite|price_too_high,price_suspicious|brand|material,price_suspicious|brand|material,few_reviews|brand,brand|few_reviews,few_reviews|brand|size,page2,page1,reviews,material,4,5,4,3,4,4,5,5,low_rating|few_reviews|material_unclear|blur_image|no_size,eva,semi,yes_somewhat,better_rating,3,4
439,A,main_image|color_pattern|star_rating|review_count|material_word|imagine_look,reviews_photos|negative_reviews|bullets|size_specs|material_cert|zoom_images,negative_reviews,not_buy,price_too_high|want_compare,yes_more,C,not_buy,price_suspicious|want_compare,B,not_buy,want_compare,A,price,fallback_favorite|price_too_high,price_suspicious,price_suspicious,few_reviews|pack,look|few_reviews,few_reviews|size|transparency,page2,page1,material,reviews,4,5,4,2,4,4,5,5,low_rating|no_size|material_unclear|blur_image,eva,semi,yes_somewhat,better_value,3,4
440,B,main_image|color_pattern|price|review_count|magnets|imagine_look,reviews_photos|negative_reviews|bullets|material_cert|zoom_images|price_deal,negative_reviews,add_cart,price_suspicious|material|want_compare,yes_more,A,not_buy,price_too_high|transparency|want_compare,F,not_buy,few_reviews|size|look,B,reviews_trust|timing,price_too_high|transparency,price_suspicious,few_reviews|brand|price_suspicious,few_reviews|pack|material,look|rating|few_reviews,few_reviews|size|look,page2,page1,price_value,appearance,4,5,4,2,3,5,5,4,low_rating|few_reviews|material_unclear|blur_image|no_bullets,eva,semi,yes_somewhat,better_rating,4,4
441,A,main_image|color_pattern|review_count|material_word|imagine_look|right_size,negative_reviews|reviews_photos|bullets|material_cert|size_specs|zoom_images|price_deal,negative_reviews,not_buy,price_too_high|want_compare,yes_more,C,not_buy,look|want_compare,E,not_buy,transparency|want_compare,A,price|timing,fallback_favorite|price_too_high,price_suspicious|look,look|price_suspicious,few_reviews|material|pack,transparency|few_reviews,few_reviews|size|look,page2,page1,material,price_value,4,5,4,2,4,4,5,5,low_rating|few_reviews|material_unclear|blur_image|mismatch_title,eva,semi,unlikely,better_value,3,4
442,A,main_image|color_pattern|star_rating|review_count|title_keyword|material_word|imagine_look,reviews_photos|negative_reviews|bullets|size_specs|material_cert|zoom_images,negative_reviews,not_buy,price_too_high|want_compare,yes_more,B,not_buy,price_suspicious|look|want_compare,C,not_buy,few_reviews|price_suspicious|want_compare,A,price|timing,fallback_favorite|price_too_high,price_suspicious|look,price_suspicious|few_reviews,few_reviews|pack|material,look|few_reviews|transparency,few_reviews|size|look,page2,page1,reviews,material,4,5,4,2,4,4,5,4,low_rating|few_reviews|material_unclear|blur_image|no_size,eva,semi,yes_somewhat,better_rating,3,4
443,A,main_image|color_pattern|review_count|star_rating|material_word|right_size|imagine_look|magnets,reviews_photos|negative_reviews|bullets|size_specs|material_cert|price_deal|zoom_images,reviews_photos,add_cart,price_too_high|want_compare,yes_more,C,add_cart,want_compare|brand,B,add_cart,want_compare|brand,B,brand|reviews_trust|material,price_too_high,brand|material|review_concern,brand|material|few_reviews,few_reviews|material|pack,look|few_reviews|brand,few_reviews|size|look,page1,page1,price_value,reviews,4,5,4,2,4,5,4,4,low_rating|few_reviews|no_size|material_unclear|blur_image|no_bullets,eva,semi,yes_somewhat,better_value,4,4
444,A,main_image|color_pattern|review_count|material_word|imagine_look,bullets|material_cert|size_specs|reviews_photos|negative_reviews|zoom_images|price_deal,material_cert,not_buy,price_too_high|want_compare,yes_more,C,not_buy,material|brand|want_compare,B,not_buy,price_suspicious|material|want_compare,A,price,fallback_favorite|price_too_high,price_suspicious|material|brand,material|brand,few_reviews|pack|material,look|few_reviews|brand,few_reviews|size|brand,page2,page1,material,price_value,4,5,4,2,4,4,5,5,low_rating|few_reviews|no_size|material_unclear|blur_image|mismatch_title,eva,semi,yes_somewhat,better_value,3,4
445,A,main_image|color_pattern|star_rating|review_count|material_word|imagine_look,reviews_photos|negative_reviews|bullets|size_specs|material_cert|zoom_images|qa,negative_reviews,not_buy,price_too_high|want_compare,yes_more,B,not_buy,price_suspicious|material|look|want_compare,C,not_buy,price_suspicious|material|few_reviews|want_compare,A,price|timing,fallback_favorite|price_too_high,price_suspicious|material|look,price_suspicious|material|few_reviews,few_reviews|material|pack,look|brand|few_reviews,few_reviews|size|look,page2,page1,material,reviews,4,5,4,2,4,4,5,5,low_rating|no_size|material_unclear|blur_image|mismatch_title,eva,semi,yes_somewhat,better_rating,3,3
446,A,main_image|color_pattern|star_rating|review_count|material_word|magnets|imagine_look,reviews_photos|negative_reviews|bullets|size_specs|material_cert|zoom_images|qa,reviews_photos,not_buy,price_too_high|want_compare,yes_more,B,not_buy,price_suspicious|material|want_compare,C,not_buy,price_suspicious|brand|want_compare,A,price|info_gap,fallback_favorite|price_too_high,price_suspicious|material|brand,price_suspicious|brand|material,few_reviews|pack|material,look|brand|transparency,few_reviews|size|brand|transparency,page2,page1,reviews,price_value,4,5,4,2,4,5,5,5,few_reviews|no_size|material_unclear|blur_image|mismatch_title,eva,semi,yes_somewhat,better_rating,3,4
447,A,main_image|color_pattern|star_rating|review_count|material_word|magnets|imagine_look,reviews_photos|negative_reviews|bullets|size_specs|material_cert|zoom_images|qa|price_deal,negative_reviews,not_buy,price_too_high|want_compare,yes_more,C,not_buy,brand|look|want_compare,E,not_buy,few_reviews|rating|want_compare,A,price|info_gap,fallback_favorite|price_too_high,price_suspicious|brand|look,brand|look,few_reviews|material|pack,few_reviews|rating|brand,few_reviews|size|material,page2,page1,reviews,price_value,4,5,4,2,4,4,5,4,low_rating|few_reviews|no_size|material_unclear|blur_image|mismatch_title,eva,semi,yes_somewhat,better_rating,3,4
448,A,main_image|color_pattern|star_rating|review_count|material_word|magnets|imagine_look,reviews_photos|negative_reviews|bullets|size_specs|material_cert|zoom_images,reviews_photos,not_buy,price_too_high|want_compare,yes_more,B,not_buy,price_suspicious|want_compare,C,not_buy,price_suspicious|few_reviews|want_compare,A,price,fallback_favorite|price_too_high,price_suspicious|few_reviews,price_suspicious|few_reviews,few_reviews|material,look|few_reviews|price_too_high,few_reviews|size|material,page2,page1,price_value,material,4,5,4,2,4,5,5,4,low_rating|few_reviews|no_size|material_unclear|blur_image|no_bullets,eva,semi,unlikely,better_value,3,4
449,A,review_count|star_rating|material_word|magnets|imagine_look,negative_reviews|reviews_photos|bullets|material_cert|size_specs|zoom_images|qa,negative_reviews,not_buy,price_too_high|want_compare,yes_more,C,not_buy,price_suspicious|brand|want_compare,B,not_buy,price_suspicious|look|brand|want_compare,A,price|timing,fallback_favorite|price_too_high,price_suspicious|look|brand,price_suspicious|brand,few_reviews|pack|material,look|few_reviews|transparency,few_reviews|size|look,page2,page1,reviews,price_value,4,5,4,2,4,4,5,5,low_rating|few_reviews|no_size|material_unclear|blur_image|mismatch_title,eva,semi,unlikely,better_rating,3,3
450,A,review_count|star_rating|material_word|magnets|right_size|imagine_look,reviews_photos|negative_reviews|bullets|size_specs|material_cert|qa|zoom_images|price_deal,negative_reviews,add_cart,want_compare|price_too_high,yes_more,C,not_buy,price_suspicious|brand|want_compare,E,not_buy,few_reviews|brand|look|want_compare,A,price|timing,fallback_favorite|price_too_high,price_suspicious|brand|look,price_suspicious|brand|material,few_reviews|brand|material|pack,few_reviews|brand|look,few_reviews|brand|size,page2,page1,reviews,material,4,4,4,2,4,4,5,5,low_rating|few_reviews|no_size|material_unclear|blur_image|no_bullets|mismatch_title,eva,semi,yes_somewhat,better_rating,3,4
451,A,main_image|color_pattern|review_count|star_rating|magnets|material_word|imagine_look,reviews_photos|negative_reviews|bullets|size_specs|material_cert|zoom_images|qa,negative_reviews,not_buy,price_too_high|want_compare,yes_more,C,not_buy,price_suspicious|review_concern|want_compare,B,not_buy,price_suspicious|material|want_compare,A,price|timing,fallback_favorite|price_too_high,price_suspicious|material,price_suspicious|review_concern,few_reviews|material|pack,look|few_reviews|brand,few_reviews|size|transparency,page2,page1,reviews,price_value,4,5,4,3,4,4,5,4,low_rating|few_reviews|material_unclear|blur_image|no_size|mismatch_title,eva,semi,yes_somewhat,better_rating,3,4
452,A,main_image|color_pattern|review_count|star_rating|material_word|imagine_look|magnets,reviews_photos|negative_reviews|bullets|size_specs|material_cert|zoom_images|qa|price_deal,negative_reviews,not_buy,price_too_high|want_compare,yes_more,C,not_buy,price_suspicious|brand|material|want_compare,B,not_buy,price_suspicious|material|look|want_compare,A,price|timing,fallback_favorite|price_too_high,price_suspicious|material|brand|look,price_suspicious|material|brand,few_reviews|material|brand|pack,look|few_reviews|brand|transparency,few_reviews|size|brand|material,page2,page1,reviews,material,5,5,4,2,4,4,5,5,low_rating|few_reviews|no_size|material_unclear|blur_image|mismatch_title,eva,semi,yes_somewhat,better_rating,3,4
453,A,main_image|color_pattern|star_rating|review_count|material_word|right_size|imagine_look,reviews_photos|negative_reviews|bullets|size_specs|material_cert|qa|zoom_images,negative_reviews,not_buy,price_too_high|want_compare,yes_more,C,not_buy,brand|material|want_compare,B,not_buy,material|look|want_compare,A,price|timing,price_too_high,material|look,brand|material,few_reviews|material|pack,look|few_reviews|brand,few_reviews|size|look,page2,page1,material,price_value,4,5,4,2,4,4,5,4,low_rating|few_reviews|no_size|material_unclear|blur_image|no_bullets,eva,semi,yes_somewhat,better_value,3,4
454,A,review_count|star_rating|material_word|right_size|main_image,negative_reviews|reviews_photos|material_cert|size_specs|bullets|qa|zoom_images,negative_reviews,not_buy,price_too_high|want_compare,yes_more,C,not_buy,want_compare|transparency,B,add_cart,want_compare,B,reviews_trust|material,price_too_high,fallback_favorite,transparency,few_reviews|material,few_reviews|look,few_reviews|size|material,page2,page1,reviews,price_value,4,5,4,2,4,5,5,5,low_rating|few_reviews|no_size|material_unclear|blur_image|mismatch_title,eva,semi,unlikely,better_rating,4,4
455,A,main_image|color_pattern|star_rating|review_count|imagine_look|material_word,reviews_photos|negative_reviews|bullets|size_specs|material_cert|zoom_images|qa,negative_reviews,not_buy,price_too_high|want_compare,yes_more,C,not_buy,price_suspicious|material|review_concern,B,not_buy,material|look|review_concern,A,price|timing,fallback_favorite|price_too_high,look|material|review_concern,price_suspicious|material|review_concern,few_reviews|material|pack,look|few_reviews,few_reviews|size|material,page2,page1,reviews,material,4,5,4,2,4,4,5,5,low_rating|few_reviews|material_unclear|blur_image|no_size,eva,semi,unlikely,better_rating,4,4
456,A,main_image|color_pattern|star_rating|review_count|material_word|imagine_look,bullets|size_specs|material_cert|reviews_photos|negative_reviews|zoom_images|price_deal,reviews_photos,not_buy,price_too_high|want_compare,yes_more,B,not_buy,price_suspicious|look|want_compare,C,not_buy,price_suspicious|few_reviews|want_compare,A,price|timing,fallback_favorite|price_too_high,price_suspicious|look,price_suspicious|few_reviews,few_reviews|pack|material,look|few_reviews,few_reviews|size|material,page2,page1,reviews,price_value,4,5,4,2,4,5,5,4,low_rating|no_size|material_unclear|blur_image|no_bullets,eva,semi,yes_somewhat,better_rating,3,4
457,A,main_image|color_pattern|review_count|star_rating|material_word|imagine_look,reviews_photos|negative_reviews|bullets|material_cert|size_specs|zoom_images|qa,negative_reviews,not_buy,price_too_high|want_compare,yes_more,C,add_cart,want_compare,B,add_cart,look|want_compare,C,no_blocker,price_too_high,look,final_purchase,few_reviews|material,few_reviews|transparency,few_reviews|size|material,page2,page1,reviews,magnet,4,5,4,2,4,4,5,4,low_rating|few_reviews|no_size|material_unclear|blur_image|no_bullets,eva,semi,unlikely,better_rating,5,4
458,A,review_count|star_rating|main_image|material_word|magnets|imagine_look,reviews_photos|negative_reviews|material_cert|size_specs|bullets|zoom_images,negative_reviews,not_buy,price_too_high|want_compare,yes_more,B,not_buy,price_suspicious|material|look|want_compare,C,not_buy,price_suspicious|material|want_compare,A,price|timing,price_too_high,price_suspicious|material|look,price_suspicious|material|brand,few_reviews|material|pack,look|few_reviews,few_reviews|size|material,page2,page1,reviews,price_value,4,4,4,2,4,5,5,5,low_rating|few_reviews|material_unclear|blur_image|no_size,eva,semi,yes_somewhat,better_rating,3,4
459,A,star_rating|review_count|title_keyword|material_word|imagine_look,reviews_photos|negative_reviews|bullets|size_specs|material_cert|zoom_images,negative_reviews,not_buy,price_too_high|want_compare,yes_more,C,not_buy,brand|want_compare,B,not_buy,look|want_compare,A,price|timing,fallback_favorite|price_too_high,look,brand,few_reviews|pack,look|brand,few_reviews|size,page2,page1,reviews,price_value,4,5,4,2,4,4,5,4,low_rating|few_reviews|no_size|material_unclear|blur_image|mismatch_title,eva,semi,unlikely,better_rating,3,4
460,A,main_image|color_pattern|star_rating|review_count|material_word|imagine_look,reviews_photos|negative_reviews|bullets|size_specs|material_cert|zoom_images|qa|price_deal,negative_reviews,not_buy,price_too_high|want_compare,yes_more,B,not_buy,material|want_compare,C,not_buy,few_reviews|brand|info_incomplete|want_compare,A,price|timing,fallback_favorite|price_too_high,material,few_reviews|brand|info_incomplete,few_reviews|material,look|few_reviews|brand,few_reviews|size|material,page2,page1,price_value,reviews,4,5,4,2,4,5,5,4,low_rating|few_reviews|no_size|material_unclear|blur_image|mismatch_title,eva,semi,yes_somewhat,lower_price,3,3
461,A,material_word|review_count|star_rating|magnets|imagine_look,negative_reviews|reviews_photos|material_cert|bullets|size_specs|zoom_images,negative_reviews,not_buy,price_too_high|want_compare,yes_more,C,add_cart,want_compare|brand,B,not_buy,rating|want_compare,C,reviews_trust|brand|material,price_too_high,rating|brand,brand,few_reviews|pack|material,look|few_reviews|material,few_reviews|size|material,page2,page1,reviews,material,4,4,4,2,4,4,5,5,low_rating|few_reviews|no_size|material_unclear|blur_image|mismatch_title,eva,semi,unlikely,better_rating,4,4
462,A,star_rating|review_count|material_word|main_image|magnets,reviews_photos|negative_reviews|bullets|size_specs|material_cert|zoom_images,negative_reviews,not_buy,price_too_high|want_compare,yes_more,B,add_cart,look|want_compare,C,not_buy,brand|few_reviews|want_compare,A,price|timing,fallback_favorite|price_too_high,look,brand|few_reviews,few_reviews|material|pack,look|few_reviews|brand,few_reviews|size|material,page2,page1,reviews,price_value,4,5,4,2,4,4,5,4,low_rating|no_size|material_unclear|blur_image|mismatch_title,eva,semi,yes_somewhat,better_rating,3,4
463,A,review_count|star_rating|material_word|magnets|main_image,reviews_photos|negative_reviews|bullets|size_specs|material_cert|zoom_images,negative_reviews,not_buy,price_too_high|want_compare,yes_more,C,not_buy,price_suspicious|material|brand,B,not_buy,price_suspicious|look|transparency,A,price|timing,price_too_high|fallback_favorite,price_suspicious|look|transparency,price_suspicious|material|brand,few_reviews|material|pack,look|few_reviews|transparency,few_reviews|size|transparency,page2,page1,reviews,material,4,5,4,2,4,4,5,5,low_rating|few_reviews|material_unclear|blur_image|no_size,eva,semi,unlikely,better_rating,3,4
464,A,main_image|color_pattern|star_rating|review_count|material_word|magnets|imagine_look|right_size,reviews_photos|negative_reviews|bullets|material_cert|size_specs|qa|zoom_images,negative_reviews,not_buy,price_too_high|want_compare,yes_more,B,not_buy,price_suspicious|material|look|want_compare,C,not_buy,price_suspicious|material|brand|want_compare,A,price|timing,fallback_favorite|price_too_high,price_suspicious|material|look,price_suspicious|material|brand,few_reviews|material|brand|pack,look|few_reviews|brand,few_reviews|size|brand,page2,page1,material,reviews,5,5,4,2,4,4,5,5,low_rating|few_reviews|no_size|material_unclear|blur_image|mismatch_title,eva,semi,yes_somewhat,better_rating,4,4
465,A,main_image|color_pattern|star_rating|review_count|material_word|magnets|imagine_look|right_size,reviews_photos|negative_reviews|bullets|size_specs|material_cert|qa|price_deal|zoom_images,negative_reviews,add_cart,price_too_high|want_compare,yes_more,C,not_buy,price_suspicious|brand|material|look,E,not_buy,few_reviews|brand|transparency|info_incomplete,A,price|timing,fallback_favorite|price_too_high,price_suspicious|brand|material|look,price_suspicious|brand|material|look,few_reviews|brand|material|pack,few_reviews|brand|transparency|info_incomplete,few_reviews|brand|size|material|look,page2,page1,reviews,material,4,5,4,2,4,4,5,5,low_rating|few_reviews|no_size|material_unclear|blur_image|no_bullets|mismatch_title,eva,semi,yes_somewhat,better_rating,3,4
466,A,star_rating|review_count|material_word|magnets|main_image|right_size,negative_reviews|reviews_photos|material_cert|size_specs|bullets|zoom_images|qa,negative_reviews,add_cart,price_too_high|want_compare,yes_more,C,not_buy,few_reviews|price_suspicious|brand|material,E,not_buy,look|transparency|rating|brand,A,price|info_gap,fallback_favorite|price_too_high,price_suspicious|brand|material,price_suspicious|few_reviews|brand,few_reviews|material|pack,look|transparency|rating|brand,few_reviews|size|brand|material,page2,page1,material,reviews,4,4,4,2,4,4,5,5,low_rating|few_reviews|no_size|material_unclear|blur_image|no_bullets,eva,semi,neutral,better_rating,3,4
467,A,main_image|color_pattern|star_rating|review_count|material_word|imagine_look|magnets,reviews_photos|negative_reviews|bullets|size_specs|material_cert|zoom_images|qa,negative_reviews,add_cart,price_too_high|want_compare,yes_more,C,not_buy,look|few_reviews|want_compare,B,not_buy,look|material|want_compare,A,price|timing,fallback_favorite|price_too_high,look,look,few_reviews|material|pack,look|few_reviews|brand,few_reviews|size|look,page2,page1,reviews,price_value,4,5,4,2,4,4,5,4,low_rating|few_reviews|no_size|material_unclear|blur_image|mismatch_title,eva,semi,unlikely,better_value,2,4
468,A,main_image|color_pattern|star_rating|review_count|material_word|right_size|imagine_look,reviews_photos|negative_reviews|bullets|size_specs|material_cert|zoom_images|qa,reviews_photos,add_cart,price_too_high|want_compare,yes_more,C,add_cart,price_suspicious|few_reviews|brand|want_compare,B,not_buy,price_suspicious|material|brand|want_compare,A,price|timing,fallback_favorite|price_too_high,price_suspicious|material|brand|few_reviews,price_suspicious|brand|few_reviews,few_reviews|brand|material|pack,look|brand|few_reviews|transparency,few_reviews|size|material|brand,page2,page1,reviews,material,4,5,4,2,4,4,5,5,low_rating|no_size|material_unclear|blur_image|mismatch_title,eva,semi,yes_somewhat,better_rating,3,4
469,A,star_rating|review_count|material_word|main_image|imagine_look,reviews_photos|negative_reviews|bullets|size_specs|material_cert|zoom_images,negative_reviews,not_buy,price_too_high|want_compare,yes_more,C,not_buy,price_suspicious|review_concern|want_compare,B,not_buy,price_suspicious|material|want_compare,A,price|timing,fallback_favorite|price_too_high,price_suspicious|material,price_suspicious|material,few_reviews|material|pack,look|few_reviews|brand,few_reviews|size|material,page2,page1,reviews,material,4,5,4,2,4,4,5,5,low_rating|few_reviews|no_size|material_unclear|blur_image|no_bullets|mismatch_title,eva,semi,yes_somewhat,better_rating,3,4
470,A,main_image,reviews_photos,reviews_photos,buy_now,no_concern,yes_more,A,skip_ordered,skip_ordered,A,skip_ordered,skip_ordered,A,no_blocker,final_purchase,final_purchase,final_purchase,final_purchase,final_purchase,final_purchase,page1,page1,price_value,price_value,3,3,3,3,3,3,3,3,low_rating,eva,fully_transparent,yes_strongly,lower_price,3,3
471,A,main_image|color_pattern|star_rating|review_count|material_word|imagine_look,reviews_photos|negative_reviews|bullets|size_specs|material_cert|zoom_images,negative_reviews,not_buy,price_too_high|want_compare,yes_more,C,not_buy,price_suspicious|material|want_compare,B,add_cart,no_concern,B,no_blocker,price_too_high,final_purchase,price_suspicious,few_reviews|material,few_reviews|look,few_reviews|size,page2,page1,price_value,reviews,4,5,4,2,4,5,5,4,low_rating|no_size|material_unclear|blur_image|mismatch_title,eva,semi,yes_somewhat,better_rating,5,4
472,A,main_image|star_rating|review_count|material_word|imagine_look|magnets,bullets|size_specs|material_cert|negative_reviews|reviews_photos|zoom_images|delivery_returns,negative_reviews,not_buy,price_too_high|want_compare,yes_more,C,not_buy,look|material|want_compare,E,not_buy,few_reviews|material|want_compare,A,price,fallback_favorite|price_too_high,price_suspicious|look|material,price_suspicious|look|material,few_reviews|pack|material,few_reviews|material,few_reviews|size|look,page2,page1,reviews,price_value,4,5,4,2,5,4,5,5,low_rating|few_reviews|no_size|material_unclear|blur_image,eva,semi,unlikely,better_rating,3,4
473,A,main_image|color_pattern|star_rating|review_count|material_word|imagine_look|magnets,reviews_photos|negative_reviews|bullets|size_specs|material_cert|zoom_images|qa,reviews_photos,not_buy,price_too_high|transparency|want_compare,yes_more,B,not_buy,material|review_concern|want_compare,C,add_cart,no_concern,A,price|look_compromise,fallback_favorite|price_too_high|transparency,material|review_concern,final_purchase,few_reviews|material|pack,look|rating|brand,few_reviews|size|look,page2,page1,appearance,reviews,4,5,4,2,4,4,5,4,low_rating|few_reviews|no_size|material_unclear|blur_image|mismatch_title,eva,semi,neutral,better_look,4,4
474,A,main_image|color_pattern|star_rating|review_count|material_word|imagine_look,reviews_photos|negative_reviews|bullets|size_specs|material_cert|zoom_images,reviews_photos,not_buy,price_too_high|want_compare,yes_more,C,not_buy,price_suspicious|material|want_compare,B,not_buy,price_suspicious|material|want_compare,A,price|timing,fallback_favorite|price_too_high,price_suspicious|material,price_suspicious|material,few_reviews|pack|material,look|few_reviews|material,few_reviews|size|transparency,page2,page1,reviews,appearance,4,5,4,2,4,4,5,5,low_rating|few_reviews|material_unclear|blur_image|no_size,eva,semi,yes_somewhat,better_value,3,4
475,A,main_image|color_pattern|star_rating|review_count|material_word|imagine_look|right_size,reviews_photos|negative_reviews|bullets|size_specs|material_cert|zoom_images|qa,negative_reviews,not_buy,price_too_high|want_compare,yes_more,C,not_buy,price_suspicious|material|brand|want_compare,E,not_buy,few_reviews|brand|transparency|want_compare,A,price|timing,fallback_favorite|price_too_high,price_suspicious|material|brand|transparency,price_suspicious|material|brand|look,few_reviews|material|brand|pack,few_reviews|brand|transparency,few_reviews|brand|size|look,page2,page1,price_value,reviews,4,5,4,2,4,5,5,4,low_rating|few_reviews|no_size|material_unclear|blur_image|no_bullets,eva,semi,unlikely,better_value,2,4
476,A,main_image|color_pattern|star_rating|review_count|title_keyword|material_word|magnets|imagine_look|right_size,reviews_photos|negative_reviews|bullets|size_specs|material_cert|zoom_images|qa,negative_reviews,not_buy,price_too_high|want_compare,yes_more,C,not_buy,price_suspicious|material|look|want_compare,E,not_buy,brand|transparency|look|want_compare,A,price|timing,fallback_favorite|price_too_high,price_suspicious|material|look,price_suspicious|material|look,few_reviews|material|pack,brand|transparency|look,few_reviews|size|look,page2,page1,reviews,material,4,5,4,2,4,4,5,5,low_rating|few_reviews|no_size|material_unclear|blur_image|no_bullets|mismatch_title,eva,semi,neutral,better_rating,3,4
477,A,main_image|review_count|star_rating|material_word|magnets|imagine_look,negative_reviews|reviews_photos|bullets|size_specs|material_cert|zoom_images|qa|delivery_returns,negative_reviews,not_buy,price_too_high|want_compare,yes_more,C,not_buy,brand|want_compare|review_concern,B,not_buy,price_suspicious|brand|want_compare,C,reviews_trust|brand|material,price_too_high,price_suspicious|brand|material,fallback_favorite|brand|material,few_reviews|material|pack,look|few_reviews|brand,few_reviews|size|look,page2,page1,reviews,price_value,4,5,4,2,4,4,5,4,low_rating|no_size|material_unclear|blur_image|mismatch_title,eva,semi,unlikely,better_rating,4,4
478,A,review_count|star_rating|material_word|magnets|imagine_look|right_size,negative_reviews|reviews_photos|bullets|material_cert|size_specs|zoom_images,negative_reviews,not_buy,price_too_high|want_compare,yes_more,C,not_buy,price_suspicious|material|brand|want_compare,B,not_buy,few_reviews|material|brand|want_compare,A,price|timing,fallback_favorite|price_too_high,price_suspicious|material|brand,price_suspicious|material|brand,few_reviews|pack|material,look|brand|few_reviews,few_reviews|size|brand,page2,page1,reviews,material,4,4,4,2,4,4,5,5,low_rating|no_size|material_unclear|blur_image|mismatch_title,eva,semi,unlikely,better_rating,3,4
479,A,review_count|star_rating|material_word|magnets|title_keyword,negative_reviews|reviews_photos|material_cert|size_specs|bullets|zoom_images|qa,negative_reviews,not_buy,price_too_high|want_compare,yes_more,C,not_buy,price_suspicious|brand|want_compare,B,not_buy,brand|want_compare|look,A,price|timing,fallback_favorite|price_too_high,brand|price_suspicious|look,brand|price_suspicious|look,few_reviews|material|brand,brand|look|material,few_reviews|size|transparency,page2,page1,reviews,price_value,4,4,4,2,4,5,5,5,low_rating|few_reviews|no_size|material_unclear|blur_image|mismatch_title,eva,semi,unlikely,better_rating,3,3
480,A,main_image|color_pattern|star_rating|review_count|material_word|imagine_look|right_size,reviews_photos|negative_reviews|bullets|size_specs|material_cert|zoom_images|price_deal,reviews_photos,not_buy,price_too_high|want_compare,yes_more,B,not_buy,want_compare|look,C,not_buy,brand|few_reviews|want_compare,A,price|timing,fallback_favorite|price_too_high,look,brand,few_reviews|material,look|brand,few_reviews|size,page2,page1,price_value,material,4,5,4,2,4,5,4,4,low_rating|few_reviews|no_size|material_unclear|blur_image|no_bullets|mismatch_title,eva,semi,yes_somewhat,better_value,3,4
481,B,main_image|color_pattern|price|star_rating|review_count|magnets|material_word|imagine_look,reviews_photos|negative_reviews|bullets|size_specs|material_cert|qa|price_deal|zoom_images,reviews_photos,add_cart,price_suspicious|want_compare,yes_more,C,add_cart,price_suspicious|want_compare,A,not_buy,price_too_high|want_compare,C,price|reviews_trust|material,price_too_high,price_suspicious,fallback_favorite,few_reviews|material,look|few_reviews,few_reviews|size|look,page2,page1,price_value,reviews,4,5,4,2,4,5,5,4,low_rating|no_size|material_unclear|blur_image|mismatch_title,eva,semi,yes_somewhat,better_rating,4,4
482,A,star_rating|review_count|material_word|magnets|imagine_look|main_image,reviews_photos|negative_reviews|bullets|size_specs|material_cert|qa|zoom_images,negative_reviews,add_cart,price_too_high|want_compare,yes_more,C,add_cart,want_compare|material,B,not_buy,look|want_compare,C,reviews_trust|material,price_too_high,look,fallback_favorite,few_reviews|material,look|few_reviews,few_reviews|size|look,page2,page1,reviews,material,4,5,4,2,4,4,5,4,low_rating|few_reviews|no_size|material_unclear|blur_image|no_bullets,eva,semi,unlikely,better_rating,4,4
483,A,main_image|color_pattern|star_rating|review_count|imagine_look|material_word,reviews_photos|negative_reviews|bullets|size_specs|material_cert|zoom_images|qa,negative_reviews,add_cart,price_too_high|want_compare,yes_more,B,not_buy,price_suspicious|material|want_compare,C,not_buy,price_suspicious|few_reviews|material|want_compare,A,price|timing,fallback_favorite|price_too_high,price_suspicious|material,price_suspicious|material|few_reviews,few_reviews|material,look|few_reviews,few_reviews|size,page2,page1,material,reviews,4,5,4,2,4,5,5,5,low_rating|no_size|material_unclear|blur_image|mismatch_title,eva,semi,yes_somewhat,better_function,3,4
484,A,main_image|color_pattern|star_rating|review_count|material_word|imagine_look|magnets,reviews_photos|negative_reviews|bullets|size_specs|material_cert|zoom_images|qa,negative_reviews,not_buy,price_too_high|want_compare,yes_more,C,not_buy,brand|few_reviews|want_compare,B,not_buy,brand|price_suspicious|want_compare,A,price|timing,price_too_high|fallback_favorite,brand|price_suspicious,brand|few_reviews,few_reviews|pack|material,look|brand|few_reviews,few_reviews|size|transparency,page1,page1,reviews,price_value,4,5,4,2,4,4,5,5,low_rating|few_reviews|no_size|material_unclear|blur_image|mismatch_title,eva,semi,unlikely,better_rating,3,4
485,A,main_image|color_pattern|star_rating|review_count|material_word|imagine_look|magnets,reviews_photos|negative_reviews|bullets|size_specs|material_cert|price_deal|zoom_images,reviews_photos,not_buy,price_too_high|want_compare|transparency,yes_more,C,not_buy,price_suspicious|few_reviews|brand|want_compare,B,not_buy,price_suspicious|material|brand|want_compare,A,price|timing,fallback_favorite|price_too_high,price_suspicious|material|brand,price_suspicious|few_reviews|brand,few_reviews|pack|brand|material,look|few_reviews|brand,few_reviews|size|brand|info_incomplete,page2,page1,reviews,material,4,5,4,2,4,4,5,5,low_rating|few_reviews|no_size|material_unclear|blur_image|mismatch_title,eva,semi,yes_somewhat,better_rating,3,4
486,A,main_image|color_pattern|star_rating|review_count|material_word|imagine_look,reviews_photos|negative_reviews|bullets|size_specs|material_cert|qa|zoom_images|price_deal,negative_reviews,not_buy,price_too_high|transparency|want_compare,yes_more,C,not_buy,price_suspicious|brand|transparency|want_compare,E,not_buy,material|few_reviews|brand|look|want_compare,A,price|look_compromise|timing,fallback_favorite|price_too_high|transparency,price_suspicious|brand|transparency|review_concern,price_suspicious|brand|transparency,few_reviews|material|pack|brand,few_reviews|material|look|brand,few_reviews|size|material|brand,page2,page1,reviews,material,4,5,4,2,4,3,5,4,low_rating|few_reviews|no_size|material_unclear|blur_image|mismatch_title,eva,blackout,unlikely,better_rating,3,4
487,A,main_image|star_rating|review_count|material_word|magnets|imagine_look,reviews_photos|negative_reviews|bullets|size_specs|material_cert|zoom_images|qa,negative_reviews,not_buy,price_too_high|want_compare,yes_more,B,not_buy,price_suspicious|material|want_compare,C,not_buy,price_suspicious|want_compare|material,A,price|timing,price_too_high|fallback_favorite,price_suspicious|material,price_suspicious|material,few_reviews|pack|material,look|material|few_reviews,few_reviews|size|material,page2,page1,material,price_value,4,5,4,2,4,4,5,5,low_rating|no_size|material_unclear|blur_image|mismatch_title,eva,semi,yes_somewhat,better_rating,3,4
488,A,main_image|color_pattern|star_rating|review_count|material_word|imagine_look|magnets,reviews_photos|negative_reviews|bullets|material_cert|size_specs|zoom_images|qa,reviews_photos,add_cart,price_too_high|want_compare,yes_more,B,add_cart,price_suspicious|want_compare,C,not_buy,few_reviews|want_compare,A,price|timing,fallback_favorite|price_too_high,price_suspicious,few_reviews,few_reviews|pack,look|few_reviews,few_reviews|size,page1,page1,reviews,price_value,4,5,4,2,4,4,5,4,low_rating|few_reviews|no_size|material_unclear|blur_image|mismatch_title,eva,semi,yes_somewhat,better_rating,3,4
489,A,main_image|color_pattern|star_rating|review_count|material_word|magnets|imagine_look,reviews_photos|negative_reviews|bullets|size_specs|material_cert|zoom_images|qa,negative_reviews,not_buy,price_too_high|want_compare,yes_more,C,not_buy,look|want_compare,B,not_buy,look|want_compare,A,price,fallback_favorite|price_too_high,look,look,few_reviews|material,look|rating|few_reviews|brand,few_reviews|size|material,page2,page1,price_value,material,4,5,4,2,4,5,5,4,low_rating|few_reviews|no_size|material_unclear|blur_image|no_bullets|mismatch_title,eva,semi,yes_somewhat,better_rating,3,4
490,B,price|magnets|star_rating|review_count|material_word,bullets|size_specs|material_cert|negative_reviews|reviews_photos|price_deal,negative_reviews,not_buy,want_compare|material,yes_more,C,not_buy,want_compare|few_reviews,A,not_buy,price_too_high|transparency,B,timing|reviews_trust,price_too_high|transparency,fallback_favorite,few_reviews|look,few_reviews|pack|material,look|few_reviews,few_reviews|size|look,page2,page1,price_value,magnet,4,3,4,2,4,5,5,3,low_rating|few_reviews|no_size|material_unclear|blur_image|no_bullets,eva,semi,unlikely,better_rating,4,4
491,A,main_image|color_pattern|star_rating|review_count|material_word|imagine_look,reviews_photos|negative_reviews|bullets|material_cert|size_specs|zoom_images|qa,negative_reviews,not_buy,price_too_high|want_compare|transparency,yes_more,B,not_buy,price_suspicious|material|transparency|want_compare,C,not_buy,price_suspicious|material|brand|transparency|want_compare,A,price|look_compromise|timing,fallback_favorite|price_too_high,price_suspicious|material|transparency,price_suspicious|material|brand,few_reviews|material|pack|transparency,look|few_reviews|transparency,few_reviews|size|material|transparency,page2,page1,price_value,reviews,4,5,4,2,4,5,5,4,low_rating|no_size|material_unclear|blur_image|no_bullets|mismatch_title,eva,semi,yes_somewhat,lower_price,3,4
492,A,main_image|color_pattern|star_rating|review_count|material_word|imagine_look,reviews_photos|negative_reviews|bullets|size_specs|material_cert|zoom_images|price_deal,reviews_photos,not_buy,price_too_high|want_compare,yes_more,B,not_buy,price_suspicious|material|want_compare,C,not_buy,price_suspicious|few_reviews|want_compare,A,price|timing,fallback_favorite|price_too_high,price_suspicious|material,price_suspicious|few_reviews,few_reviews|material,look|few_reviews,few_reviews|size|material,page2,page1,price_value,reviews,4,5,4,2,4,5,5,4,low_rating|few_reviews|no_size|material_unclear|blur_image|no_bullets,eva,semi,yes_somewhat,better_value,2,4
493,A,main_image|color_pattern|star_rating|review_count|material_word|right_size|imagine_look|magnets,reviews_photos|negative_reviews|bullets|size_specs|material_cert|qa|price_deal|zoom_images,reviews_photos,add_cart,price_too_high|want_compare,yes_more,B,add_cart,price_suspicious|want_compare,C,not_buy,price_suspicious|few_reviews|want_compare,A,price|timing,fallback_favorite|price_too_high,price_suspicious,price_suspicious|few_reviews,few_reviews|material,look|few_reviews,few_reviews|material,page2,page1,reviews,price_value,4,5,4,2,4,5,5,4,low_rating|few_reviews|no_size|material_unclear|blur_image|mismatch_title,eva,semi,yes_somewhat,better_rating,3,4
494,A,main_image|color_pattern|star_rating|review_count|material_word|imagine_look|magnets,reviews_photos|negative_reviews|bullets|size_specs|material_cert|zoom_images|qa,negative_reviews,add_cart,price_too_high|want_compare,yes_more,B,add_cart,want_compare|transparency,C,add_cart,want_compare|brand,A,price|timing,fallback_favorite|price_too_high,look|transparency,brand|few_reviews,few_reviews|material|pack,look|few_reviews,few_reviews|size|look,page2,page1,reviews,price_value,4,5,4,2,4,4,5,4,low_rating|few_reviews|no_size|material_unclear|blur_image|no_bullets,eva,semi,yes_somewhat,better_rating,3,4
495,A,main_image|color_pattern|star_rating|review_count|imagine_look|material_word,reviews_photos|negative_reviews|bullets|size_specs|material_cert|zoom_images|qa,negative_reviews,not_buy,price_too_high|want_compare,yes_more,C,not_buy,price_suspicious|material|want_compare,B,not_buy,price_suspicious|material|look|want_compare,A,price|timing,fallback_favorite|price_too_high,price_suspicious|material|look,price_suspicious|material,few_reviews|material|pack,look|brand|few_reviews,few_reviews|size|look,page1,page1,reviews,material,4,5,4,2,4,4,5,5,low_rating|few_reviews|no_size|material_unclear|blur_image|mismatch_title,eva,semi,yes_somewhat,better_rating,3,4
496,A,main_image|color_pattern|star_rating|review_count|magnets|material_word|imagine_look|right_size,reviews_photos|negative_reviews|bullets|size_specs|material_cert|zoom_images|qa,negative_reviews,not_buy,price_too_high|want_compare,yes_more,B,not_buy,price_suspicious|look|material,C,not_buy,price_suspicious|brand|look,A,price|timing,fallback_favorite|price_too_high,price_suspicious|look|material,price_suspicious|brand|look,few_reviews|material|pack,few_reviews|look|material,few_reviews|size|material,page2,page1,material,price_value,4,5,4,2,4,4,5,4,low_rating|few_reviews|no_size|material_unclear|blur_image|mismatch_title,eva,semi,unlikely,better_rating,3,4
497,A,main_image|color_pattern|star_rating|review_count|material_word|imagine_look|magnets,reviews_photos|negative_reviews|bullets|size_specs|material_cert|zoom_images|qa,reviews_photos,add_cart,price_too_high|want_compare,yes_more,C,add_cart,price_suspicious|want_compare,E,not_buy,look|transparency,A,price|timing,price_too_high|fallback_favorite,brand|material|review_concern,brand|material,few_reviews|material|pack,look|transparency,few_reviews|size|material,page2,page1,price_value,reviews,4,5,4,2,4,5,5,4,low_rating|no_size|material_unclear|blur_image|mismatch_title,eva,semi,yes_somewhat,lower_price,3,4
498,A,review_count|star_rating|material_word|imagine_look|color_pattern,reviews_photos|negative_reviews|bullets|material_cert|size_specs|zoom_images|qa,negative_reviews,not_buy,price_too_high|want_compare,yes_more,C,not_buy,price_suspicious|material|want_compare,E,not_buy,few_reviews|material|want_compare,A,price|timing,fallback_favorite|price_too_high,price_suspicious|look|brand,price_suspicious|material|brand,few_reviews|material|pack,few_reviews|material|look,few_reviews|size|look,page2,page1,reviews,material,4,5,4,2,4,4,5,5,low_rating|few_reviews|no_size|material_unclear|blur_image,eva,semi,yes_somewhat,better_rating,3,3
499,A,main_image|color_pattern|star_rating|review_count|material_word|right_size|imagine_look,reviews_photos|negative_reviews|bullets|size_specs|material_cert|zoom_images,negative_reviews,not_buy,price_too_high|want_compare,yes_more,C,not_buy,want_compare|brand,B,not_buy,look|want_compare,C,reviews_trust|brand|timing,price_too_high|fallback_favorite,look,brand,few_reviews|material|pack,look|few_reviews|brand,few_reviews|size|material,page2,page1,reviews,price_value,4,5,4,2,4,5,5,4,low_rating|few_reviews|no_size|material_unclear|blur_image|mismatch_title,eva,semi,neutral,better_rating,4,4
500,A,main_image|star_rating|review_count|material_word|magnets|right_size|imagine_look,reviews_photos|negative_reviews|bullets|size_specs|material_cert|zoom_images|qa,negative_reviews,add_cart,price_too_high|want_compare,yes_more,C,not_buy,price_suspicious|brand|want_compare,E,not_buy,few_reviews|look|want_compare,A,price|timing,fallback_favorite|price_too_high,price_suspicious|brand|material,price_suspicious|brand|material,few_reviews|price_suspicious|material,few_reviews|look|brand,few_reviews|size|material,page2,page1,reviews,material,4,5,4,2,4,4,5,5,low_rating|few_reviews|no_size|material_unclear|blur_image|mismatch_title,eva,semi,yes_somewhat,better_rating,3,3
501,A,main_image|color_pattern|star_rating|review_count|material_word|magnets|imagine_look,reviews_photos|negative_reviews|bullets|size_specs|material_cert|zoom_images|qa,negative_reviews,not_buy,price_too_high|want_compare,yes_more,B,not_buy,price_suspicious|material|want_compare,E,not_buy,few_reviews|transparency|want_compare,A,price|reviews_trust,fallback_favorite|price_too_high,price_suspicious|material,price_suspicious|material|brand,few_reviews|pack|material,few_reviews|transparency,few_reviews|size|brand,page2,page1,reviews,price_value,4,5,4,2,4,5,5,4,low_rating|few_reviews|material_unclear|blur_image|no_size,eva,semi,yes_somewhat,better_rating,2,4
502,A,main_image|color_pattern|star_rating|review_count|material_word|imagine_look,reviews_photos|negative_reviews|bullets|size_specs|material_cert|zoom_images,negative_reviews,not_buy,price_too_high|want_compare,yes_more,B,not_buy,want_compare,C,not_buy,want_compare,C,timing,price_too_high,final_purchase,fallback_favorite,few_reviews|material,look|few_reviews,few_reviews|size|material,page2,page1,price_value,material,4,5,4,2,4,5,5,4,low_rating|no_size|material_unclear|blur_image,eva,semi,yes_somewhat,better_value,4,4
503,C,star_rating|review_count|price|color_pattern|magnets|material_word|right_size,reviews_photos|negative_reviews|bullets|size_specs|material_cert|qa|zoom_images|price_deal,negative_reviews,not_buy,price_suspicious|brand|material|want_compare,yes_more,A,not_buy,price_too_high|transparency|want_compare,E,not_buy,look|few_reviews|brand|info_incomplete,A,price|look_compromise|material,fallback_favorite|price_too_high|transparency,price_suspicious|brand|material|review_concern,price_suspicious|brand|material|review_concern,few_reviews|brand|material|pack,few_reviews|brand|look|info_incomplete,few_reviews|brand|size|material,page2,page1,reviews,material,4,5,4,2,4,4,5,5,low_rating|few_reviews|no_size|material_unclear|blur_image|no_bullets,eva,semi,yes_somewhat,better_rating,3,4
504,A,main_image|color_pattern|review_count|star_rating|material_word|imagine_look|magnets|right_size,reviews_photos|negative_reviews|bullets|size_specs|material_cert|zoom_images|qa,reviews_photos,not_buy,price_too_high|want_compare,yes_more,B,not_buy,price_suspicious|look|material|want_compare,E,not_buy,few_reviews|transparency|want_compare,A,price|timing,fallback_favorite|price_too_high,price_suspicious|look|material,price_suspicious|brand|few_reviews,few_reviews|material|pack,few_reviews|transparency,few_reviews|size|transparency,page2,page1,reviews,price_value,5,5,4,2,4,5,5,4,low_rating|few_reviews|no_size|material_unclear|blur_image,eva,semi,yes_somewhat,better_rating,4,4
505,A,main_image|color_pattern|star_rating|review_count|magnets|material_word|imagine_look,reviews_photos|negative_reviews|bullets|size_specs|material_cert|zoom_images|qa,reviews_photos,not_buy,price_too_high|want_compare,yes_more,C,not_buy,price_suspicious|few_reviews|material|want_compare,B,not_buy,look|price_suspicious|material|want_compare,A,price|info_gap,fallback_favorite|price_too_high,price_suspicious|look|material,price_suspicious|material|few_reviews,few_reviews|material|pack,look|material|few_reviews,few_reviews|size|material,page2,page1,reviews,price_value,4,5,4,2,4,5,5,4,low_rating|few_reviews|material_unclear|blur_image|no_size,eva,semi,unlikely,better_value,3,4
506,C,main_image|color_pattern|star_rating|review_count|price|magnets|material_word|right_size|imagine_look,reviews_photos|negative_reviews|bullets|size_specs|material_cert|qa|price_deal|zoom_images,negative_reviews,not_buy,price_suspicious|want_compare,yes_more,A,not_buy,price_too_high|want_compare,B,add_cart,no_concern,A,price|timing,fallback_favorite,price_suspicious,price_suspicious,few_reviews|pack|material,look|few_reviews,few_reviews|size|transparency,page2,page1,reviews,material,4,5,4,2,4,5,5,5,low_rating|few_reviews|no_size|material_unclear|blur_image|mismatch_title,eva,semi,yes_somewhat,better_rating,3,4
507,A,main_image|color_pattern|star_rating|review_count|material_word|imagine_look|magnets,reviews_photos|negative_reviews|bullets|size_specs|material_cert|zoom_images|qa,reviews_photos,not_buy,price_too_high|want_compare,yes_more,C,not_buy,price_suspicious|brand|want_compare,B,not_buy,price_suspicious|brand|want_compare,A,price|timing,fallback_favorite|price_too_high,price_suspicious|brand,price_suspicious|brand,few_reviews|pack,look|few_reviews,few_reviews|material|size,page2,page1,reviews,price_value,4,5,4,2,4,4,5,5,low_rating|few_reviews|no_size|material_unclear|blur_image|no_bullets|mismatch_title,eva,semi,yes_somewhat,better_rating,3,4
508,A,main_image|color_pattern|review_count|star_rating|material_word|imagine_look|title_keyword,reviews_photos|negative_reviews|bullets|size_specs|material_cert|zoom_images|qa|price_deal,negative_reviews,add_cart,price_too_high|want_compare,yes_more,B,add_cart,material|look|want_compare,C,add_cart,material|review_concern|want_compare,A,price|timing,fallback_favorite|price_too_high,material|look,material|review_concern,few_reviews|material,look|rating,few_reviews|size,page2,page1,material,price_value,4,5,4,2,4,4,5,4,low_rating|few_reviews|no_size|material_unclear|blur_image|no_bullets|mismatch_title,eva,semi,unlikely,better_function,3,4
509,A,main_image|star_rating|review_count|material_word|magnets|imagine_look,reviews_photos|negative_reviews|bullets|size_specs|material_cert|zoom_images|delivery_returns,negative_reviews,not_buy,price_too_high|want_compare,yes_more,C,not_buy,price_suspicious|few_reviews|want_compare,B,not_buy,price_suspicious|look|want_compare,A,price|timing,fallback_favorite|price_too_high,price_suspicious|look,price_suspicious|few_reviews,few_reviews|material,look|few_reviews,few_reviews|size,page2,page1,reviews,material,4,4,4,2,4,4,5,5,low_rating|few_reviews|material_unclear|blur_image|mismatch_title,eva,semi,unlikely,better_rating,3,3
510,A,review_count|star_rating|material_word|magnets|imagine_look,reviews_photos|negative_reviews|bullets|size_specs|material_cert|qa|zoom_images,negative_reviews,not_buy,price_too_high|want_compare,yes_more,C,not_buy,price_suspicious|few_reviews|brand,B,not_buy,price_suspicious|material|brand,A,price|look_compromise,fallback_favorite|price_too_high|look,price_suspicious|material|brand|look,price_suspicious|few_reviews|brand,few_reviews|pack|material,look|few_reviews|transparency,few_reviews|size|look,page2,page1,reviews,price_value,4,5,4,2,4,5,5,4,low_rating|few_reviews|no_size|material_unclear|blur_image|mismatch_title,eva,semi,unlikely,better_rating,3,4
511,A,main_image|color_pattern|star_rating|review_count|material_word|imagine_look,reviews_photos|negative_reviews|bullets|material_cert|zoom_images,negative_reviews,not_buy,price_too_high|want_compare,yes_more,C,not_buy,price_suspicious|few_reviews|brand|want_compare,E,not_buy,few_reviews|brand|look|want_compare,A,price|timing,fallback_favorite|price_too_high,price_suspicious|material|brand,price_suspicious|few_reviews|brand,few_reviews|material|pack,few_reviews|brand|look,few_reviews|size|brand,page2,page1,reviews,material,4,5,4,2,4,4,5,5,low_rating|few_reviews|no_size|material_unclear|blur_image|no_bullets,eva,semi,yes_somewhat,better_rating,3,4
512,A,main_image|color_pattern|star_rating|review_count|material_word|imagine_look|magnets,reviews_photos|negative_reviews|bullets|material_cert|zoom_images|size_specs|qa,reviews_photos,not_buy,price_too_high|want_compare,yes_more,C,not_buy,price_suspicious|material|want_compare,B,not_buy,price_suspicious|material|brand|want_compare,A,price|info_gap,fallback_favorite|price_too_high,price_suspicious|material|brand,price_suspicious|material|brand,few_reviews|material|pack,look|few_reviews|brand,few_reviews|size|material|look,page2,page1,appearance,material,4,5,4,3,4,4,5,5,low_rating|few_reviews|material_unclear|blur_image|mismatch_title,eva,semi,yes_somewhat,better_look,3,4
513,A,main_image|color_pattern|review_count|star_rating|imagine_look|material_word,reviews_photos|negative_reviews|bullets|size_specs|material_cert|zoom_images|qa,reviews_photos,not_buy,price_too_high|want_compare,yes_more,C,not_buy,price_suspicious|brand|few_reviews,B,not_buy,price_suspicious|material|brand|want_compare,A,price|timing,fallback_favorite|price_too_high,price_suspicious|brand|material,price_suspicious|brand|few_reviews,few_reviews|pack|material,look|few_reviews|brand,few_reviews|size|material,page1,page1,appearance,reviews,4,5,4,2,3,4,5,4,low_rating|few_reviews|no_size|material_unclear|blur_image|mismatch_title,eva,semi,yes_somewhat,better_look,3,4
514,A,main_image|color_pattern|review_count|material_word|imagine_look|star_rating,reviews_photos|negative_reviews|bullets|material_cert|size_specs|zoom_images|qa,negative_reviews,add_cart,price_too_high|want_compare,yes_more,B,add_cart,price_suspicious|want_compare,C,not_buy,want_compare,B,look_compromise|material,price_too_high|look,fallback_favorite|price_suspicious|look,look|price_suspicious,few_reviews|pack,few_reviews|rating,few_reviews|size|look,page2,page1,material,price_value,4,5,4,2,4,4,5,5,low_rating|few_reviews|material_unclear|blur_image|mismatch_title,eva,semi,unlikely,better_function,4,4
515,A,main_image|color_pattern|star_rating|review_count|material_word|imagine_look|right_size,reviews_photos|negative_reviews|bullets|material_cert|size_specs|zoom_images|qa,negative_reviews,add_cart,price_too_high|want_compare,yes_more,C,not_buy,price_suspicious|look|material,B,not_buy,look|want_compare,A,price|look_compromise,fallback_favorite|price_too_high,look|price_suspicious,look|price_suspicious,few_reviews|pack|material,look|few_reviews|brand,few_reviews|size|look,page1,page1,material,price_value,4,5,4,2,4,4,5,5,low_rating|few_reviews|no_size|material_unclear|blur_image|no_bullets,eva,semi,yes_somewhat,lower_price,3,5
516,A,main_image|color_pattern|star_rating|review_count|material_word|magnets|imagine_look|right_size,reviews_photos|negative_reviews|bullets|size_specs|material_cert|zoom_images|qa,negative_reviews,not_buy,price_too_high|want_compare,yes_more,C,not_buy,want_compare|look,B,not_buy,want_compare|look,C,timing|look_compromise,price_too_high|fallback_favorite,look,fallback_favorite|look,few_reviews|pack|material,look|few_reviews|brand,few_reviews|size|material,page2,page1,price_value,reviews,4,5,4,2,4,5,5,4,low_rating|few_reviews|no_size|material_unclear|blur_image|mismatch_title,eva,semi,yes_somewhat,lower_price,4,3
517,A,main_image|color_pattern|review_count|imagine_look|material_word,reviews_photos|negative_reviews|bullets|material_cert|zoom_images|size_specs,negative_reviews,not_buy,price_too_high|want_compare,yes_more,B,not_buy,price_suspicious|material|want_compare,C,not_buy,price_suspicious|brand|few_reviews|want_compare,A,price|timing,fallback_favorite|price_too_high,price_suspicious|material|look,price_suspicious|brand|few_reviews,few_reviews|material|pack,look|few_reviews|transparency,few_reviews|size|look,page2,page1,reviews,material,4,5,4,2,4,4,5,5,low_rating|no_size|material_unclear|blur_image|mismatch_title,eva,semi,yes_somewhat,better_rating,3,4
518,A,main_image|color_pattern|star_rating|review_count|material_word|imagine_look|magnets,reviews_photos|negative_reviews|bullets|material_cert|zoom_images|qa|size_specs,reviews_photos,not_buy,price_too_high|want_compare,yes_more,B,not_buy,price_suspicious|material|want_compare,C,not_buy,price_suspicious|few_reviews|material|want_compare,A,price|look_compromise,fallback_favorite|price_too_high,price_suspicious|material,price_suspicious|few_reviews,few_reviews|material|pack,look|few_reviews|transparency,few_reviews|size|transparency,page2,page1,reviews,price_value,4,5,4,2,4,4,5,5,low_rating|few_reviews|no_size|material_unclear|blur_image|no_bullets,eva,semi,yes_somewhat,better_rating,3,4
519,A,main_image|color_pattern|star_rating|review_count|material_word|imagine_look,reviews_photos|negative_reviews|bullets|material_cert|zoom_images|size_specs,reviews_photos,not_buy,price_too_high|want_compare,yes_more,B,not_buy,price_suspicious|want_compare,C,not_buy,few_reviews|want_compare,A,price,fallback_favorite|price_too_high,price_suspicious,few_reviews|look,few_reviews|pack,look|few_reviews,few_reviews|size,page1,page1,price_value,reviews,4,5,4,2,4,5,5,4,low_rating|few_reviews|no_size|material_unclear|blur_image|mismatch_title,eva,semi,yes_somewhat,better_value,3,4
520,A,main_image|color_pattern|review_count|star_rating|material_word|imagine_look,reviews_photos|negative_reviews|bullets|size_specs|material_cert|qa|zoom_images,negative_reviews,not_buy,price_too_high|want_compare,yes_more,C,not_buy,price_suspicious|brand|few_reviews,B,not_buy,price_suspicious|material|brand,A,price|timing,fallback_favorite|price_too_high,price_suspicious|material|brand,price_suspicious|brand|few_reviews,few_reviews|material|pack,look|brand|few_reviews,few_reviews|size|transparency,page2,page1,material,reviews,4,5,4,2,4,3,5,5,low_rating|few_reviews|no_size|material_unclear|blur_image|no_bullets,eva,semi,unlikely,better_rating,4,4
521,A,main_image|review_count|material_word|magnets|star_rating,reviews_photos|negative_reviews|bullets|size_specs|material_cert|zoom_images,negative_reviews,not_buy,price_too_high|want_compare,yes_more,C,not_buy,price_suspicious|material|review_concern|want_compare,E,not_buy,few_reviews|brand|missing_magnet|transparency|want_compare,A,price|reviews_trust,fallback_favorite|price_too_high,look|price_suspicious|material,price_suspicious|material|review_concern,few_reviews|material|pack,few_reviews|brand|missing_magnet|transparency,few_reviews|size|look|transparency,page2,page1,reviews,price_value,4,5,4,2,4,4,5,5,low_rating|few_reviews|no_size|material_unclear|blur_image|no_bullets,eva,semi,unlikely,better_rating,3,4
522,B,color_pattern|main_image|price|review_count|magnets|imagine_look,reviews_photos|negative_reviews|bullets|material_cert|zoom_images|size_specs,reviews_photos,add_cart,price_suspicious|want_compare,yes_more,A,not_buy,price_too_high|transparency|want_compare,C,buy_now,no_concern,C,no_blocker,price_too_high|transparency,price_suspicious|review_concern,final_purchase,few_reviews|material|pack,look|transparency|rating,few_reviews|size|transparency,page2,page1,appearance,reviews,4,5,4,2,3,4,5,4,low_rating|few_reviews|no_size|material_unclear|blur_image|mismatch_title,eva,semi,yes_somewhat,better_look,5,4
523,A,star_rating|review_count|material_word|magnets|color_pattern|imagine_look|right_size,reviews_photos|negative_reviews|bullets|size_specs|material_cert|zoom_images|qa,negative_reviews,not_buy,price_too_high|want_compare,yes_more,B,add_cart,want_compare,C,add_cart,want_compare|few_reviews,B,reviews_trust|material|timing,price_too_high|look,fallback_favorite,few_reviews|brand,few_reviews|pack|material,look|few_reviews|brand,few_reviews|size|material,page2,page1,reviews,price_value,4,5,4,2,4,4,5,4,low_rating|few_reviews|no_size|material_unclear|blur_image|no_bullets|mismatch_title,eva,semi,yes_somewhat,better_rating,4,4
524,A,main_image|color_pattern|star_rating|review_count|title_keyword|material_word|magnets|imagine_look|right_size,reviews_photos|negative_reviews|bullets|size_specs|material_cert|zoom_images|qa|delivery_returns,negative_reviews,not_buy,price_too_high|want_compare,yes_more,B,not_buy,price_suspicious|material|transparency|want_compare,C,not_buy,few_reviews|price_suspicious|brand|want_compare,A,price|timing,fallback_favorite|price_too_high,price_suspicious|material|transparency,price_suspicious|few_reviews|brand,few_reviews|material|pack,look|few_reviews|brand,few_reviews|size|material,page2,page1,material,reviews,5,5,4,2,5,4,5,5,low_rating|few_reviews|no_size|material_unclear|blur_image|mismatch_title,eva,semi,yes_somewhat,better_rating,3,4
525,B,main_image|color_pattern|price|review_count|magnets|material_word|imagine_look,reviews_photos|negative_reviews|bullets|size_specs|zoom_images|material_cert,negative_reviews,add_cart,price_suspicious|want_compare,yes_more,C,add_cart,brand|want_compare,A,not_buy,price_too_high|transparency,C,reviews_trust|brand|timing,price_too_high|transparency,price_suspicious|brand|few_reviews,fallback_favorite|brand,few_reviews|brand|material,look|few_reviews|brand,few_reviews|size|look,page2,page1,price_value,reviews,4,5,4,2,4,5,5,3,low_rating|no_size|material_unclear|blur_image|mismatch_title,eva,semi,yes_somewhat,better_rating,5,4
526,A,main_image|review_count|star_rating|material_word|magnets|imagine_look,reviews_photos|negative_reviews|bullets|size_specs|material_cert|zoom_images|qa,negative_reviews,not_buy,price_too_high|want_compare,yes_more,C,not_buy,price_suspicious|brand|want_compare,E,not_buy,few_reviews|brand|look|want_compare,A,price|info_gap,fallback_favorite|price_too_high,price_suspicious|brand|look,price_suspicious|brand,few_reviews|pack|material,few_reviews|brand|look,few_reviews|size|material,page2,page1,reviews,material,4,5,4,2,4,4,5,5,low_rating|few_reviews|no_size|material_unclear|blur_image|no_bullets,eva,semi,yes_somewhat,better_rating,3,4
527,A,main_image|color_pattern|star_rating|review_count|material_word|imagine_look,reviews_photos|negative_reviews|bullets|material_cert|size_specs|zoom_images|qa,negative_reviews,not_buy,price_too_high|want_compare,yes_more,B,not_buy,price_suspicious|material|want_compare,C,not_buy,price_suspicious|brand|want_compare,A,price|timing,price_too_high|fallback_favorite,price_suspicious|material|brand,price_suspicious|brand|review_concern,few_reviews|material|pack,look|few_reviews|transparency,few_reviews|size|material,page2,page1,material,reviews,4,5,4,2,4,4,5,5,low_rating|no_size|material_unclear|blur_image|mismatch_title,eva,semi,yes_somewhat,better_rating,3,4
528,A,main_image|star_rating|review_count|material_word|magnets|imagine_look|right_size,reviews_photos|negative_reviews|bullets|size_specs|material_cert|qa|zoom_images,negative_reviews,add_cart,price_too_high|want_compare,yes_more,C,add_cart,price_suspicious|brand|want_compare,D,not_buy,few_reviews|material|rating,A,price|timing,fallback_favorite|price_too_high,price_suspicious|material|brand,price_suspicious|brand,few_reviews|material|rating,look|few_reviews,few_reviews|size|look,page2,page1,reviews,price_value,4,5,4,2,4,4,5,4,low_rating|few_reviews|no_size|material_unclear|blur_image,eva,semi,yes_somewhat,better_rating,3,4
529,A,main_image|color_pattern|star_rating|review_count|material_word|imagine_look,reviews_photos|negative_reviews|bullets|material_cert|zoom_images|qa,reviews_photos,add_cart,price_too_high|want_compare,yes_more,B,not_buy,look|price_suspicious|want_compare,C,not_buy,look|price_suspicious|want_compare,A,price|timing,fallback_favorite|price_too_high,look|price_suspicious,look|price_suspicious,few_reviews|material|look,look|few_reviews|brand,few_reviews|size|brand,page2,page2,reviews,price_value,4,5,4,2,4,4,5,4,low_rating|few_reviews|no_size|material_unclear|blur_image,eva,semi,yes_somewhat,better_rating,3,4
530,A,star_rating|review_count|material_word|magnets|main_image,reviews_photos|negative_reviews|bullets|size_specs|material_cert|zoom_images,negative_reviews,not_buy,price_too_high|want_compare,yes_more,C,not_buy,price_suspicious|material|want_compare,E,not_buy,few_reviews|transparency|want_compare,A,price|reviews_trust,fallback_favorite|price_too_high,price_suspicious|material|brand,price_suspicious|material|brand,few_reviews|material|pack,few_reviews|transparency|brand,few_reviews|size|look,page2,page1,reviews,price_value,4,5,4,2,4,4,5,5,low_rating|few_reviews|no_size|material_unclear|blur_image|mismatch_title,eva,semi,unlikely,better_rating,3,4
531,A,main_image|color_pattern|star_rating|review_count|material_word|imagine_look|magnets,reviews_photos|negative_reviews|bullets|size_specs|material_cert|zoom_images|price_deal|qa,negative_reviews,not_buy,price_too_high|want_compare,yes_more,B,not_buy,price_suspicious|material|want_compare,C,not_buy,price_suspicious|brand|want_compare,A,price|timing,fallback_favorite|price_too_high,price_suspicious|material|brand,price_suspicious|brand|look,few_reviews|pack|material,look|brand|few_reviews,few_reviews|size|transparency,page2,page1,price_value,reviews,4,5,4,2,4,5,5,4,low_rating|few_reviews|no_size|material_unclear|blur_image|mismatch_title,eva,semi,yes_somewhat,lower_price,3,4
532,A,star_rating|review_count|main_image|material_word|magnets|right_size|imagine_look,reviews_photos|negative_reviews|bullets|size_specs|material_cert|qa|zoom_images|price_deal,negative_reviews,add_cart,price_too_high|want_compare,yes_more,B,add_cart,look|want_compare,C,add_cart,few_reviews|want_compare,B,look_compromise|material,price_too_high,fallback_favorite,few_reviews,few_reviews|brand,look|few_reviews,few_reviews|size,page2,page1,reviews,price_value,4,5,4,2,4,4,5,4,low_rating|few_reviews|material_unclear|blur_image|mismatch_title,eva,semi,unlikely,better_rating,4,4
533,A,main_image|color_pattern|star_rating|review_count|material_word|imagine_look|title_keyword,reviews_photos|negative_reviews|bullets|size_specs|material_cert|zoom_images|price_deal,reviews_photos,add_cart,price_too_high|want_compare,yes_more,B,add_cart,look|want_compare,E,not_buy,transparency|few_reviews,A,price|timing,fallback_favorite|price_too_high,look,look|few_reviews,few_reviews|material,transparency|few_reviews|look,few_reviews|size|look,page2,page1,material,reviews,4,5,4,2,4,4,5,5,low_rating|no_size|material_unclear|blur_image|mismatch_title,eva,semi,yes_somewhat,better_value,3,4
534,A,main_image|color_pattern|review_count|material_word|imagine_look,reviews_photos|negative_reviews|bullets|size_specs|material_cert|zoom_images|qa,negative_reviews,not_buy,price_too_high|want_compare,yes_more,C,not_buy,few_reviews|want_compare,B,not_buy,look|price_suspicious|want_compare,A,price|timing,fallback_favorite|price_too_high,look|price_suspicious,few_reviews,few_reviews|material|pack,look|few_reviews|brand,few_reviews|size|material,page2,page1,reviews,price_value,4,5,4,2,4,4,5,4,low_rating|no_size|material_unclear|blur_image|mismatch_title,eva,semi,unlikely,better_rating,3,4
535,A,star_rating|review_count|material_word|magnets|imagine_look|main_image,reviews_photos|negative_reviews|bullets|size_specs|material_cert|zoom_images|qa|price_deal,negative_reviews,not_buy,price_too_high|want_compare,yes_more,C,not_buy,few_reviews|material|want_compare,B,not_buy,look|rating|want_compare,A,price|reviews_trust,fallback_favorite|price_too_high,look|rating,few_reviews|material,few_reviews|material|pack,few_reviews|look,few_reviews|size|material,page2,page1,reviews,price_value,4,5,4,2,4,4,5,5,low_rating|few_reviews|no_size|material_unclear|blur_image|mismatch_title,eva,semi,yes_somewhat,better_rating,3,5
536,A,main_image|color_pattern|review_count|star_rating|material_word|magnets|imagine_look,reviews_photos|negative_reviews|bullets|size_specs|material_cert|zoom_images|qa,negative_reviews,not_buy,price_too_high|want_compare,yes_more,B,not_buy,price_suspicious|material|want_compare,E,not_buy,look|transparency|few_reviews|want_compare,A,price|timing,fallback_favorite|price_too_high,price_suspicious|material|look,price_suspicious|material|brand|review_concern,few_reviews|material|pack,look|transparency|few_reviews,few_reviews|size|look,page2,page1,price_value,reviews,4,5,4,2,4,5,5,4,low_rating|no_size|material_unclear|blur_image|mismatch_title,eva,semi,yes_somewhat,better_value,2,3
537,A,main_image|color_pattern|star_rating|review_count|title_keyword|material_word|magnets|imagine_look|right_size,reviews_photos|negative_reviews|bullets|size_specs|material_cert|qa|price_deal|zoom_images,negative_reviews,not_buy,price_too_high|want_compare,yes_more,B,not_buy,price_suspicious|material|transparency|want_compare,E,not_buy,look|transparency|material,A,price|timing,fallback_favorite|price_too_high,price_suspicious|material|transparency,price_suspicious|brand|material|transparency,few_reviews|brand|material|pack,look|transparency|material|few_reviews,few_reviews|size|brand|material,page2,page1,reviews,material,4,5,4,2,4,4,5,5,low_rating|few_reviews|no_size|material_unclear|blur_image|mismatch_title,eva,semi,unlikely,better_rating,4,4
538,A,main_image|color_pattern|review_count|star_rating|material_word|imagine_look,reviews_photos|negative_reviews|bullets|size_specs|material_cert|zoom_images|price_deal,negative_reviews,not_buy,price_too_high|want_compare,yes_more,B,not_buy,price_suspicious|material|want_compare,C,not_buy,price_suspicious|brand|material|want_compare,A,price|info_gap,fallback_favorite|price_too_high,price_suspicious|material,price_suspicious|brand,few_reviews|material,few_reviews|look|brand,few_reviews|size|material,page2,page1,material,reviews,5,5,4,2,4,4,5,5,low_rating|few_reviews|no_size|material_unclear|blur_image|mismatch_title,eva,semi,yes_somewhat,better_value,3,4
539,A,main_image|color_pattern|star_rating|review_count|title_keyword|material_word|imagine_look,reviews_photos|negative_reviews|bullets|size_specs|material_cert|qa|price_deal|zoom_images,negative_reviews,not_buy,price_too_high|want_compare,yes_more,C,not_buy,price_suspicious|brand|want_compare,E,not_buy,few_reviews|rating|want_compare,A,price|look_compromise,fallback_favorite|price_too_high|transparency,price_suspicious|brand|look|material,price_suspicious|brand|look|material,few_reviews|material|pack|look,few_reviews|rating|material,few_reviews|size|material|look,page2,page1,reviews,material,4,5,4,2,5,4,5,5,low_rating|no_size|material_unclear|blur_image|mismatch_title,eva,semi,neutral,better_rating,3,4
540,A,main_image|color_pattern|star_rating|review_count|material_word|imagine_look,reviews_photos|negative_reviews|bullets|size_specs|material_cert|zoom_images|qa,negative_reviews,not_buy,price_too_high|want_compare,yes_more,C,not_buy,price_suspicious|brand|material|want_compare,E,not_buy,look|rating|few_reviews|want_compare,A,price|timing,fallback_favorite|price_too_high,price_suspicious|brand|material|look,price_suspicious|brand|material,few_reviews|material|pack|brand,look|rating|few_reviews|brand,few_reviews|size|material|brand,page2,page1,reviews,material,4,5,4,2,4,4,5,5,low_rating|few_reviews|no_size|material_unclear|blur_image,eva,semi,yes_somewhat,better_rating,3,4
541,A,main_image|color_pattern|star_rating|review_count|material_word|imagine_look,reviews_photos|negative_reviews|bullets|size_specs|material_cert|zoom_images|qa,negative_reviews,not_buy,price_too_high|want_compare,yes_more,B,not_buy,look|want_compare,C,not_buy,look|want_compare,A,price|reviews_trust,fallback_favorite|price_too_high,look,look,few_reviews|pack|material,few_reviews|look|brand,few_reviews|size|material,page2,page1,material,reviews,4,5,4,2,4,4,5,5,low_rating|few_reviews|no_size|material_unclear|blur_image|no_bullets,eva,semi,yes_somewhat,better_value,4,5
542,A,star_rating|review_count|material_word|magnets|imagine_look|right_size,reviews_photos|negative_reviews|bullets|material_cert|size_specs|zoom_images|qa,negative_reviews,not_buy,price_too_high|want_compare,yes_more,B,not_buy,price_suspicious|look|want_compare,E,not_buy,few_reviews|brand|want_compare,A,price|timing,fallback_favorite|price_too_high,price_suspicious|look,few_reviews|brand|price_suspicious,few_reviews|pack|material,few_reviews|brand|transparency,few_reviews|size|transparency,page2,page1,material,reviews,4,5,4,2,4,4,5,5,low_rating|few_reviews|no_size|material_unclear|blur_image|mismatch_title,eva,semi,unlikely,better_rating,3,4
543,A,main_image|star_rating|review_count|material_word|color_pattern|magnets|imagine_look,reviews_photos|negative_reviews|bullets|size_specs|material_cert|zoom_images|qa,negative_reviews,not_buy,price_too_high|want_compare,yes_more,C,not_buy,price_suspicious|material|want_compare,E,not_buy,few_reviews|transparency|want_compare,A,price|timing,fallback_favorite|price_too_high,price_suspicious|look|material,price_suspicious|material|brand,few_reviews|pack|material,few_reviews|transparency,few_reviews|size|material,page2,page1,reviews,material,4,5,4,2,4,4,5,5,low_rating|few_reviews|no_size|material_unclear|blur_image|mismatch_title,eva,semi,yes_somewhat,better_rating,4,3
544,A,main_image|color_pattern|star_rating|review_count|material_word|imagine_look|right_size,reviews_photos|negative_reviews|bullets|size_specs|material_cert|zoom_images|qa,negative_reviews,not_buy,price_too_high|want_compare,yes_more,C,not_buy,price_suspicious|material|brand|want_compare,B,not_buy,price_suspicious|material|brand|transparency|want_compare,A,price|timing,fallback_favorite|price_too_high,price_suspicious|brand|material|transparency,price_suspicious|brand|material,few_reviews|price_suspicious|pack|material,few_reviews|look|brand|transparency,few_reviews|size|brand|material,page2,page1,reviews,material,4,4,4,2,4,4,5,5,low_rating|few_reviews|no_size|material_unclear|blur_image|no_bullets|mismatch_title,eva,semi,yes_somewhat,better_rating,3,4
545,C,main_image|color_pattern|price|star_rating|magnets|imagine_look,reviews_photos|negative_reviews|bullets|size_specs|material_cert|zoom_images,negative_reviews,not_buy,want_compare|few_reviews,yes_more,A,not_buy,price_too_high|want_compare,B,add_cart,want_compare,C,reviews_trust|timing,price_too_high,final_purchase,few_reviews,few_reviews|material,look|few_reviews,few_reviews|size,page2,page1,rating,price_value,4,5,4,2,4,4,5,4,low_rating|no_size|material_unclear|blur_image,eva,semi,yes_somewhat,better_rating,5,4
546,A,review_count|star_rating|material_word|magnets|main_image|right_size,negative_reviews|reviews_photos|bullets|size_specs|material_cert|zoom_images|qa,negative_reviews,not_buy,price_too_high|want_compare,yes_more,B,not_buy,price_suspicious|material|review_concern,C,not_buy,price_suspicious|material|want_compare,A,price,fallback_favorite|price_too_high,price_suspicious|material|brand,price_suspicious|material|brand,few_reviews|material|brand,few_reviews|look|brand,few_reviews|size|brand,page1,page1,reviews,price_value,4,4,4,2,4,4,5,4,low_rating|few_reviews|no_size|material_unclear|blur_image,eva,semi,yes_somewhat,better_rating,3,4
547,A,main_image|review_count|star_rating|material_word|magnets|imagine_look,reviews_photos|negative_reviews|bullets|size_specs|material_cert|zoom_images|qa,negative_reviews,not_buy,price_too_high|want_compare,yes_more,C,add_cart,few_reviews|brand|want_compare,B,not_buy,look|want_compare,C,reviews_trust|brand|timing,price_too_high,look|brand,fallback_favorite|few_reviews|brand,few_reviews|material|pack,look|few_reviews,size|few_reviews|look,page2,page1,price_value,reviews,4,5,4,2,4,5,5,4,low_rating|few_reviews|no_size|material_unclear|blur_image|no_bullets,eva,semi,unlikely,better_value,5,4
548,A,main_image,reviews_photos,reviews_photos,buy_now,no_concern,yes_more,A,skip_ordered,skip_ordered,A,skip_ordered,skip_ordered,A,no_blocker,final_purchase,final_purchase,final_purchase,final_purchase,final_purchase,final_purchase,page1,page1,price_value,price_value,3,3,3,3,3,3,3,3,low_rating,eva,fully_transparent,yes_strongly,lower_price,3,3
549,A,main_image|color_pattern|star_rating|review_count|material_word|imagine_look|magnets,reviews_photos|negative_reviews|bullets|material_cert|size_specs|zoom_images|qa,negative_reviews,not_buy,price_too_high|want_compare,yes_more,C,not_buy,price_suspicious|material|want_compare,B,not_buy,price_suspicious|look|want_compare,A,price|reviews_trust,fallback_favorite|price_too_high,price_suspicious|look,price_suspicious|material,few_reviews|material|pack,look|few_reviews|material,few_reviews|size|material,page2,page1,material,price_value,4,5,4,2,4,4,5,4,low_rating|few_reviews|no_size|material_unclear|blur_image|mismatch_title,eva,semi,unlikely,better_function,3,4
550,A,main_image|color_pattern|star_rating|review_count|material_word|imagine_look,reviews_photos|negative_reviews|bullets|size_specs|material_cert|qa|price_deal|zoom_images,negative_reviews,not_buy,price_too_high|want_compare,yes_more,C,not_buy,price_suspicious|brand|material|want_compare,B,not_buy,look|price_suspicious|brand|want_compare,A,price,fallback_favorite|price_too_high,price_suspicious|look|brand,price_suspicious|brand,few_reviews|material|pack|brand,look|rating|brand,few_reviews|size|material|brand,page2,page1,reviews,material,4,5,4,2,4,4,5,4,low_rating|few_reviews|no_size|material_unclear|blur_image|no_bullets|mismatch_title,eva,semi,yes_somewhat,better_rating,3,3
551,A,main_image|color_pattern|star_rating|review_count|material_word|right_size|imagine_look,reviews_photos|negative_reviews|bullets|size_specs|material_cert|zoom_images|qa,negative_reviews,add_cart,price_too_high|want_compare,yes_more,C,not_buy,look|material|want_compare,B,not_buy,material|look|want_compare,A,price|look_compromise,fallback_favorite|price_too_high,price_suspicious|material|look,price_suspicious|look|material,few_reviews|material|pack,few_reviews|look,few_reviews|size|look,page2,page1,reviews,material,4,5,4,2,4,4,5,4,low_rating|few_reviews|no_size|material_unclear|blur_image|no_bullets,eva,semi,yes_somewhat,better_value,3,4
552,A,main_image|star_rating|review_count|material_word|magnets|imagine_look,reviews_photos|negative_reviews|bullets|size_specs|material_cert|zoom_images|qa,negative_reviews,not_buy,price_too_high|want_compare,yes_more,C,not_buy,price_suspicious|look|material,B,not_buy,look|price_suspicious|material,A,price,fallback_favorite|price_too_high,look|price_suspicious|material,look|price_suspicious|material,few_reviews|pack|material,look|few_reviews|material,few_reviews|size|material|transparency,page2,page1,reviews,material,4,5,4,2,4,4,5,4,low_rating|few_reviews|no_size|material_unclear|blur_image|no_bullets,eva,semi,yes_somewhat,better_rating,3,4
553,A,main_image|color_pattern|review_count|star_rating|material_word|imagine_look,reviews_photos|negative_reviews|bullets|size_specs|material_cert|zoom_images|qa,negative_reviews,not_buy,price_too_high|want_compare,yes_more,C,not_buy,price_suspicious|material|want_compare,B,not_buy,price_suspicious|material|want_compare,B,price|material|reviews_trust,price_too_high|missing_magnet,price_suspicious|material|fallback_favorite,price_suspicious|material,few_reviews|pack|material,look|brand|rating,few_reviews|size|transparency,page2,page1,price_value,magnet,4,5,4,2,4,5,5,4,low_rating|no_size|material_unclear|blur_image|mismatch_title,eva,semi,yes_somewhat,better_function,4,4
554,A,main_image|color_pattern|star_rating|review_count|material_word|right_size|imagine_look,reviews_photos|negative_reviews|bullets|size_specs|material_cert|zoom_images|qa,reviews_photos,add_cart,price_too_high|want_compare,yes_more,B,add_cart,want_compare|material,C,not_buy,look|want_compare|few_reviews,A,price|timing,fallback_favorite|price_too_high,material|brand,look|brand,few_reviews|material|pack,look|few_reviews|brand,few_reviews|size|material,page2,page1,appearance,price_value,4,5,4,2,4,5,5,4,low_rating|few_reviews|no_size|material_unclear|blur_image|mismatch_title,eva,semi,unlikely,better_value,3,4
555,A,main_image|color_pattern|review_count|star_rating|material_word|magnets|imagine_look,reviews_photos|negative_reviews|bullets|size_specs|material_cert|zoom_images|qa,negative_reviews,not_buy,price_too_high|transparency|want_compare,yes_more,B,not_buy,price_suspicious|material|review_concern|transparency,E,not_buy,few_reviews|review_concern|transparency|want_compare,A,price|look_compromise,fallback_favorite|price_too_high|transparency,price_suspicious|material|review_concern|transparency,price_suspicious|material|few_reviews|transparency,few_reviews|pack|material,few_reviews|review_concern|transparency,few_reviews|size|material,page2,page1,material,reviews,4,5,4,2,5,4,5,5,low_rating|few_reviews|no_size|material_unclear|blur_image|mismatch_title,eva,semi,unlikely,better_rating,2,4
556,A,star_rating|review_count|material_word|magnets|right_size|title_keyword,negative_reviews|reviews_photos|bullets|size_specs|material_cert|zoom_images|delivery_returns|qa,negative_reviews,not_buy,price_too_high|want_compare,yes_more,B,not_buy,price_suspicious|want_compare,C,not_buy,price_suspicious|few_reviews|want_compare,A,price|info_gap,fallback_favorite|price_too_high,price_suspicious|few_reviews|material,price_suspicious|few_reviews|material,few_reviews|material|pack,look|few_reviews|material,few_reviews|size|material,page2,page1,material,reviews,4,4,4,2,4,4,5,5,low_rating|few_reviews|no_size|material_unclear|blur_image|mismatch_title,eva,semi,yes_somewhat,better_rating,3,4
557,A,main_image|color_pattern|review_count|star_rating|material_word|magnets|imagine_look,negative_reviews|reviews_photos|bullets|material_cert|size_specs|zoom_images|qa,negative_reviews,add_cart,price_too_high|want_compare,yes_more,C,not_buy,price_suspicious|look|material|brand|want_compare,B,not_buy,price_suspicious|look|material|want_compare,A,price|info_gap,fallback_favorite|price_too_high,price_suspicious|look|material,price_suspicious|look|material|brand,few_reviews|pack|material,look|transparency|few_reviews,few_reviews|size|material,page2,page1,reviews,material,4,5,4,2,5,4,5,4,low_rating|few_reviews|no_size|material_unclear|blur_image|mismatch_title,eva,semi,unlikely,better_rating,4,4
558,C,main_image|color_pattern|price|star_rating|magnets|imagine_look,reviews_photos|negative_reviews|bullets|size_specs|material_cert|qa|zoom_images,negative_reviews,not_buy,want_compare|material,yes_more,A,not_buy,price_too_high|look,E,not_buy,few_reviews|transparency,C,timing|material,price_too_high|look,price_suspicious|look,fallback_favorite|material,few_reviews|pack,few_reviews|transparency,few_reviews|size,page2,page1,price_value,reviews,4,4,4,2,4,5,5,4,low_rating|few_reviews|no_size|material_unclear|blur_image,eva,semi,yes_somewhat,better_rating,5,3
559,A,main_image|star_rating|review_count|material_word|right_size|imagine_look|magnets|color_pattern,reviews_photos|negative_reviews|bullets|size_specs|material_cert|zoom_images|qa|delivery_returns,negative_reviews,not_buy,price_too_high|want_compare,yes_more,C,not_buy,price_suspicious|material|brand|want_compare,E,not_buy,few_reviews|transparency|want_compare,A,price|timing,fallback_favorite|price_too_high,price_suspicious|look|material|brand,price_suspicious|material|brand,few_reviews|material|pack|brand,few_reviews|transparency|brand,few_reviews|size|brand|material,page2,page1,reviews,material,4,5,4,2,4,4,5,5,low_rating|few_reviews|no_size|material_unclear|blur_image|no_bullets|mismatch_title,eva,semi,yes_somewhat,better_rating,3,4
560,A,main_image|color_pattern|star_rating|review_count|material_word|imagine_look,reviews_photos|negative_reviews|bullets|material_cert|zoom_images|qa,negative_reviews,not_buy,price_too_high|want_compare,yes_more,C,not_buy,price_suspicious|material|brand|want_compare,E,not_buy,few_reviews|brand|look|want_compare,A,price|timing,fallback_favorite|price_too_high,price_suspicious|brand|material,price_suspicious|brand|material,few_reviews|material|brand,few_reviews|brand|look,few_reviews|size|brand,page2,page1,reviews,material,4,5,4,2,4,4,5,5,low_rating|few_reviews|no_size|material_unclear|blur_image|no_bullets|mismatch_title,eva,semi,yes_somewhat,better_rating,3,4
561,A,main_image|color_pattern|star_rating|review_count|material_word|magnets|imagine_look,reviews_photos|negative_reviews|bullets|size_specs|material_cert|zoom_images|qa,negative_reviews,not_buy,price_too_high|want_compare,yes_more,B,not_buy,look|want_compare|material,C,not_buy,look|few_reviews|want_compare|material,A,price|timing,fallback_favorite|price_too_high,look|price_suspicious|material,look|price_suspicious|few_reviews,few_reviews|pack|material,look|few_reviews|brand,size|few_reviews|transparency|material,page2,page1,reviews,material,4,5,4,2,4,5,5,4,low_rating|few_reviews|no_size|material_unclear|blur_image,eva,semi,unlikely,better_rating,2,4
562,A,star_rating|review_count|main_image|material_word|imagine_look,reviews_photos|negative_reviews|bullets|size_specs|material_cert|zoom_images|qa,negative_reviews,not_buy,price_too_high|want_compare,yes_more,C,not_buy,price_suspicious|material|want_compare,B,not_buy,price_suspicious|material|want_compare,A,price|timing,fallback_favorite|price_too_high,price_suspicious|material|brand,price_suspicious|material|brand,few_reviews|material|brand,look|brand|rating,few_reviews|size|material|brand,page2,page1,reviews,price_value,4,5,4,2,4,4,5,4,low_rating|few_reviews|no_size|material_unclear|blur_image|no_bullets|mismatch_title,eva,semi,unlikely,better_rating,3,4
563,A,main_image|color_pattern|star_rating|review_count|material_word|imagine_look,reviews_photos|negative_reviews|bullets|size_specs|material_cert|qa|price_deal|zoom_images,negative_reviews,not_buy,price_too_high|want_compare,yes_more,B,not_buy,price_suspicious|want_compare,C,not_buy,price_suspicious|want_compare,C,price|material|timing,price_too_high,price_suspicious,price_suspicious,few_reviews|material,few_reviews|brand,few_reviews|size|material,page1,page1,reviews,material,4,5,4,2,4,4,5,4,low_rating|few_reviews|no_size|material_unclear|blur_image|no_bullets,eva,semi,yes_somewhat,better_rating,4,4
564,A,main_image|color_pattern|star_rating|review_count|material_word|imagine_look|magnets,reviews_photos|negative_reviews|bullets|size_specs|material_cert|zoom_images|price_deal,reviews_photos,not_buy,price_too_high|want_compare,yes_more,B,not_buy,look|want_compare,C,not_buy,look|want_compare,A,price|timing,fallback_favorite|price_too_high,look,look,few_reviews|material,look,few_reviews|size,page2,page1,price_value,reviews,4,5,4,2,4,5,5,4,low_rating|few_reviews|no_size|material_unclear|blur_image|mismatch_title,eva,semi,yes_somewhat,lower_price,3,4
565,A,main_image|color_pattern|star_rating|review_count|material_word|magnets|imagine_look,reviews_photos|negative_reviews|bullets|size_specs|material_cert|qa|zoom_images|delivery_returns,negative_reviews,add_cart,price_too_high|want_compare,yes_more,C,not_buy,price_suspicious|brand|material,E,not_buy,few_reviews|brand|transparency,A,price|timing,fallback_favorite|price_too_high,price_suspicious|brand|material|look,price_suspicious|brand|material,few_reviews|brand|material|pack,few_reviews|brand|transparency,few_reviews|brand|size|transparency,page2,page1,reviews,material,4,5,4,2,4,5,5,5,low_rating|few_reviews|no_size|material_unclear|blur_image|mismatch_title,eva,semi,yes_somewhat,better_rating,3,4
566,A,main_image|color_pattern|review_count|star_rating|magnets|material_word|imagine_look,reviews_photos|negative_reviews|bullets|size_specs|material_cert|zoom_images|qa,negative_reviews,not_buy,price_too_high|want_compare,yes_more,C,not_buy,price_suspicious|brand|want_compare,E,not_buy,few_reviews|brand|want_compare,A,price|timing,fallback_favorite|price_too_high,price_suspicious|brand|review_concern,price_suspicious|brand,few_reviews|material|pack,few_reviews|brand|transparency,few_reviews|size|material,page2,page1,reviews,material,4,5,4,2,4,4,5,5,low_rating|few_reviews|material_unclear|blur_image|no_size,eva,semi,unlikely,better_rating,3,4
567,A,main_image|color_pattern|star_rating|review_count|material_word|imagine_look|right_size,reviews_photos|negative_reviews|bullets|material_cert|zoom_images|price_deal|size_specs,negative_reviews,not_buy,price_too_high|want_compare,yes_more,C,not_buy,price_suspicious|brand|want_compare,B,not_buy,price_suspicious|brand|want_compare,A,price|timing,fallback_favorite|price_too_high,price_suspicious|brand,price_suspicious|brand,few_reviews|price_suspicious,brand|look,few_reviews|size,page2,page1,reviews,price_value,4,5,4,2,4,5,5,4,low_rating|few_reviews|no_size|material_unclear|blur_image|no_bullets,eva,semi,yes_somewhat,better_rating,3,4
568,A,main_image|star_rating|review_count|material_word|imagine_look,reviews_photos|negative_reviews|bullets|material_cert|zoom_images,reviews_photos,not_buy,price_too_high|want_compare,yes_more,C,not_buy,few_reviews|want_compare,B,add_cart,no_concern,B,no_blocker,price_too_high,final_purchase,few_reviews|brand,few_reviews|brand,few_reviews|look,few_reviews|size,page1,page1,price_value,reviews,4,5,4,2,5,5,5,4,low_rating|few_reviews|no_size|material_unclear|blur_image,eva,semi,unlikely,better_value,5,4
569,A,main_image|color_pattern|star_rating|review_count|material_word|magnets|imagine_look,reviews_photos|negative_reviews|bullets|size_specs|material_cert|zoom_images|qa,negative_reviews,not_buy,price_too_high|want_compare,yes_more,C,not_buy,price_suspicious|material|few_reviews|want_compare,B,not_buy,price_suspicious|material|look|want_compare,A,price|timing,fallback_favorite|price_too_high,price_suspicious|material|look,price_suspicious|material|few_reviews,few_reviews|look|pack,look|few_reviews|transparency,few_reviews|size|material,page2,page1,price_value,reviews,4,5,4,2,4,5,5,4,low_rating|few_reviews|no_size|material_unclear|blur_image|mismatch_title,eva,semi,yes_somewhat,better_value,3,4
570,A,main_image|color_pattern|star_rating|review_count|material_word|imagine_look,reviews_photos|negative_reviews|bullets|size_specs|material_cert|zoom_images|qa,reviews_photos,not_buy,price_too_high|want_compare,yes_more,B,not_buy,price_suspicious|material|want_compare,C,not_buy,few_reviews|brand|want_compare,A,price|timing,fallback_favorite|price_too_high,price_suspicious|material,few_reviews|brand,few_reviews|material,look|few_reviews,few_reviews|size,page2,page1,reviews,price_value,4,4,4,2,4,4,5,5,low_rating|few_reviews|material_unclear|blur_image|no_size,eva,semi,unlikely,better_rating,3,4
571,A,main_image|color_pattern|star_rating|review_count|material_word|imagine_look,reviews_photos|negative_reviews|bullets|size_specs|material_cert|zoom_images|qa,negative_reviews,add_cart,price_too_high|want_compare,yes_more,B,add_cart,price_suspicious|material|want_compare,C,not_buy,material|look|want_compare,A,price,fallback_favorite|price_too_high,price_suspicious|material,look|material|few_reviews,few_reviews|material|pack,look|rating|brand,few_reviews|size|material,page2,page1,price_value,material,4,5,4,2,4,5,5,4,low_rating|few_reviews|no_size|material_unclear|blur_image|mismatch_title,eva,semi,yes_somewhat,better_value,3,4
572,A,review_count|star_rating|material_word|magnets|main_image|imagine_look,reviews_photos|negative_reviews|bullets|size_specs|material_cert|zoom_images|qa,negative_reviews,add_cart,want_compare|price_too_high,yes_more,B,add_cart,want_compare|price_suspicious,C,not_buy,brand|info_incomplete|want_compare,A,price|timing,fallback_favorite|price_too_high,price_suspicious|brand,brand|info_incomplete,few_reviews|material|pack,few_reviews|look|material,few_reviews|size|material,page2,page1,reviews,price_value,5,5,4,2,4,4,5,5,low_rating|few_reviews|no_size|material_unclear|blur_image|mismatch_title,eva,semi,yes_somewhat,better_rating,3,4
573,A,main_image|color_pattern|star_rating|review_count|title_keyword|material_word|imagine_look,reviews_photos|negative_reviews|bullets|size_specs|material_cert|zoom_images|qa,reviews_photos,add_cart,price_too_high|want_compare,yes_more,C,add_cart,price_suspicious|brand|material|want_compare,B,not_buy,price_suspicious|material|look|brand,A,price|timing,fallback_favorite|price_too_high,price_suspicious|material|brand,price_suspicious|brand|material,few_reviews|material|pack,look|few_reviews|brand,few_reviews|size|brand,page2,page1,reviews,material,4,5,4,2,4,4,5,5,low_rating|few_reviews|no_size|material_unclear|blur_image|mismatch_title,eva,semi,yes_somewhat,better_rating,3,4
574,A,review_count|star_rating|material_word|main_image|right_size,reviews_photos|negative_reviews|bullets|size_specs|material_cert,reviews_photos,not_buy,price_too_high|want_compare,yes_more,B,not_buy,price_suspicious|material|want_compare,D,not_buy,few_reviews|material|want_compare,A,price|timing,fallback_favorite|price_too_high,price_suspicious|material,price_suspicious|material,few_reviews|material,look|brand,few_reviews|size|look,page2,page1,reviews,price_value,4,4,3,2,4,4,5,4,low_rating|few_reviews|no_size|material_unclear|blur_image,eva,semi,yes_somewhat,better_rating,3,4
575,A,main_image|color_pattern|star_rating|review_count|material_word|magnets|imagine_look|right_size,reviews_photos|negative_reviews|bullets|size_specs|material_cert|zoom_images|qa,negative_reviews,not_buy,price_too_high|want_compare|transparency,yes_more,B,not_buy,price_suspicious|material|look|want_compare,E,not_buy,few_reviews|brand|transparency|info_incomplete,A,price|timing,fallback_favorite|price_too_high|transparency,price_suspicious|material|look,price_suspicious|material|few_reviews,few_reviews|pack|material,few_reviews|brand|transparency|info_incomplete,few_reviews|size|look,page2,page1,reviews,material,4,5,4,2,4,4,5,5,low_rating|no_size|material_unclear|blur_image|mismatch_title,eva,semi,unlikely,better_rating,3,4
576,A,main_image|color_pattern|star_rating|review_count|title_keyword|material_word|imagine_look,reviews_photos|negative_reviews|bullets|material_cert|zoom_images|size_specs,reviews_photos,add_cart,price_too_high|want_compare,yes_more,C,not_buy,price_suspicious|brand|want_compare,B,not_buy,look|brand|want_compare,A,price|timing,fallback_favorite|price_too_high,look|brand|price_suspicious,brand|price_suspicious|info_incomplete,few_reviews|pack|material,look|brand|few_reviews,few_reviews|size|look,page2,page1,reviews,price_value,4,5,4,2,4,5,5,4,low_rating|few_reviews|no_size|material_unclear|blur_image|mismatch_title,eva,semi,unlikely,better_value,3,3
577,A,main_image|color_pattern|star_rating|review_count|material_word|magnets|imagine_look,reviews_photos|negative_reviews|bullets|size_specs|material_cert|zoom_images|qa,negative_reviews,not_buy,price_too_high|want_compare,yes_more,C,not_buy,price_suspicious|material|few_reviews|want_compare,B,not_buy,price_suspicious|material|look|want_compare,A,price|timing,fallback_favorite|price_too_high,price_suspicious|material|look,price_suspicious|material|few_reviews,few_reviews|material|pack,look|few_reviews|transparency,few_reviews|size|transparency,page2,page1,reviews,price_value,4,5,4,2,4,4,5,5,low_rating|no_size|material_unclear|blur_image|mismatch_title,eva,semi,yes_somewhat,better_rating,4,4
578,B,main_image|color_pattern|price|magnets|title_keyword|imagine_look,reviews_photos|negative_reviews|bullets|size_specs|material_cert|zoom_images|price_deal,reviews_photos,add_cart,want_compare,yes_more,C,add_cart,few_reviews|want_compare,A,not_buy,price_too_high|want_compare,B,timing,price_too_high,fallback_favorite,few_reviews,few_reviews|material,look|few_reviews,few_reviews|size,page2,page1,price_value,magnet,4,5,4,2,4,5,5,4,low_rating|few_reviews|no_size|material_unclear|blur_image,eva,semi,yes_somewhat,better_value,5,4
579,A,main_image|review_count|star_rating|material_word|magnets|imagine_look,reviews_photos|negative_reviews|bullets|size_specs|material_cert|zoom_images|qa,negative_reviews,not_buy,price_too_high|want_compare,yes_more,C,not_buy,price_suspicious|want_compare,E,not_buy,few_reviews|rating,A,price|timing,fallback_favorite|price_too_high,price_suspicious|few_reviews|brand,price_suspicious|brand,few_reviews|material|pack,few_reviews|rating|look,few_reviews|size|look,page2,page1,reviews,price_value,4,5,4,2,4,4,5,4,low_rating|few_reviews|no_size|material_unclear|blur_image|no_bullets,eva,semi,yes_somewhat,better_rating,3,4
580,A,main_image|color_pattern|star_rating|review_count|material_word|imagine_look,reviews_photos|negative_reviews|bullets|size_specs|material_cert|zoom_images|qa,negative_reviews,not_buy,price_too_high|want_compare,yes_more,C,not_buy,price_suspicious|material|brand|want_compare,B,not_buy,price_suspicious|material|brand|look,A,price|timing,fallback_favorite|price_too_high,price_suspicious|material|brand|look,price_suspicious|material|brand,few_reviews|material|pack,few_reviews|look|brand,few_reviews|size|material,page2,page1,reviews,material,4,5,4,2,4,4,5,5,low_rating|few_reviews|no_size|material_unclear|blur_image|no_bullets,eva,semi,yes_somewhat,better_rating,3,4
581,A,main_image|brand|star_rating|review_count|material_word|magnets|right_size|imagine_look,reviews_photos|negative_reviews|bullets|size_specs|material_cert|zoom_images|qa|price_deal|delivery_returns,negative_reviews,not_buy,price_too_high|want_compare,yes_more,C,not_buy,price_suspicious|brand|want_compare,B,not_buy,price_suspicious|brand|want_compare,A,price,fallback_favorite|price_too_high,price_suspicious|brand|look,price_suspicious|brand|look,few_reviews|material|brand|pack,few_reviews|brand|look,few_reviews|size|brand,page2,page1,reviews,material,5,5,4,2,4,4,5,5,low_rating|few_reviews|no_size|material_unclear|blur_image|no_bullets|mismatch_title,eva,semi,yes_somewhat,better_rating,3,4
582,A,main_image|color_pattern|star_rating|review_count|material_word|magnets|imagine_look,reviews_photos|negative_reviews|bullets|size_specs|material_cert|qa|zoom_images,negative_reviews,not_buy,price_too_high|want_compare,yes_more,B,not_buy,want_compare|material,C,not_buy,want_compare|few_reviews,A,price|timing,fallback_favorite|price_too_high,final_purchase,few_reviews,few_reviews|material,few_reviews|look,few_reviews|size|look,page1,page1,reviews,price_value,4,5,4,2,4,5,5,4,low_rating|few_reviews|no_size|material_unclear|blur_image|mismatch_title,eva,semi,unlikely,better_rating,4,3
583,B,main_image|color_pattern|price|magnets|imagine_look|title_keyword,reviews_photos|negative_reviews|bullets|material_cert|zoom_images|size_specs,reviews_photos,add_cart,want_compare,yes_more,C,add_cart,want_compare,A,not_buy,price_too_high,C,timing,price_too_high,final_purchase,fallback_favorite,few_reviews|pack,look|few_reviews,few_reviews|size,page2,page1,price_value,reviews,4,5,4,2,4,5,4,4,low_rating|no_size|material_unclear|blur_image|mismatch_title,eva,semi,yes_somewhat,better_value,5,4
584,A,main_image|color_pattern|star_rating|review_count|title_keyword|material_word|magnets|imagine_look|right_size,reviews_photos|negative_reviews|bullets|size_specs|material_cert|zoom_images|qa|price_deal,reviews_photos,add_cart,price_too_high|want_compare,yes_more,C,add_cart,price_suspicious|material|want_compare,B,add_cart,price_suspicious|material|want_compare,A,price|timing,fallback_favorite|price_too_high,price_suspicious|material,price_suspicious|material,few_reviews|material,brand|look,few_reviews|size,page2,page1,reviews,material,4,5,4,2,4,4,5,4,low_rating|few_reviews|no_size|material_unclear|blur_image|mismatch_title,eva,semi,yes_somewhat,better_rating,4,4
585,A,main_image|color_pattern|star_rating|review_count|material_word|magnets|imagine_look,reviews_photos|negative_reviews|bullets|size_specs|material_cert|qa|zoom_images,negative_reviews,not_buy,price_too_high|want_compare,yes_more,C,not_buy,price_suspicious|material|want_compare,B,not_buy,price_suspicious|material|transparency|want_compare,A,price|info_gap,fallback_favorite|price_too_high,price_suspicious|transparency|brand,price_suspicious|material|brand,few_reviews|material|pack,look|few_reviews|brand,few_reviews|size|material,page2,page1,material,reviews,4,5,4,2,4,4,5,5,low_rating|few_reviews|no_size|material_unclear|blur_image|no_bullets|mismatch_title,eva,semi,yes_somewhat,better_function,3,4
586,A,main_image|color_pattern|star_rating|review_count|material_word|imagine_look,reviews_photos|negative_reviews|bullets|size_specs|material_cert|zoom_images,negative_reviews,not_buy,price_too_high|want_compare,yes_more,B,not_buy,look|price_suspicious,C,not_buy,look|price_suspicious|want_compare,A,price|timing,fallback_favorite|price_too_high,look|price_suspicious,look|price_suspicious,few_reviews|material,look|few_reviews,few_reviews|size|material,page2,page1,reviews,material,4,5,4,2,4,4,5,4,low_rating|no_size|material_unclear|blur_image|mismatch_title,eva,semi,yes_somewhat,better_value,3,4
587,A,main_image|color_pattern|star_rating|review_count|material_word|title_keyword|imagine_look|right_size,reviews_photos|negative_reviews|bullets|size_specs|material_cert|zoom_images|qa,negative_reviews,not_buy,price_too_high|want_compare,yes_more,C,not_buy,price_suspicious|material|want_compare,E,not_buy,look|transparency|want_compare,A,price|timing,fallback_favorite|price_too_high,price_suspicious|material|transparency,price_suspicious|material|transparency,few_reviews|material|pack,look|transparency,few_reviews|size|transparency,page2,page1,appearance,reviews,4,5,4,2,4,4,5,5,low_rating|few_reviews|no_size|material_unclear|blur_image|mismatch_title,eva,semi,unlikely,better_look,3,4
588,A,star_rating|review_count|material_word|magnets|imagine_look|color_pattern,reviews_photos|negative_reviews|bullets|size_specs|material_cert|zoom_images|qa,negative_reviews,not_buy,price_too_high|want_compare,yes_more,C,not_buy,price_suspicious|material|want_compare,B,not_buy,price_suspicious|material|want_compare,A,price,fallback_favorite|price_too_high,price_suspicious|material|few_reviews,price_suspicious|material,few_reviews|material|pack,few_reviews|look|brand,few_reviews|size|material,page2,page1,reviews,material,4,5,4,2,4,4,5,5,low_rating|no_size|material_unclear|blur_image|mismatch_title,eva,semi,yes_somewhat,better_rating,3,4
589,A,main_image|star_rating|review_count|material_word|magnets|imagine_look,negative_reviews|reviews_photos|material_cert|size_specs|bullets|zoom_images,negative_reviews,add_cart,price_too_high|want_compare,yes_more,C,not_buy,price_suspicious|material|want_compare,B,not_buy,price_suspicious|material|want_compare,A,price|reviews_trust,fallback_favorite|price_too_high,price_suspicious|material|brand,price_suspicious|material|brand,few_reviews|rating|material|pack,few_reviews|look|rating,few_reviews|rating|size|transparency,page2,page1,reviews,price_value,4,5,4,2,4,5,5,5,low_rating|no_size|material_unclear|blur_image|mismatch_title,eva,semi,yes_somewhat,better_value,2,4
590,C,main_image|color_pattern|star_rating|review_count|magnets|material_word|right_size|imagine_look,reviews_photos|negative_reviews|bullets|size_specs|material_cert|zoom_images|qa,negative_reviews,add_cart,want_compare,yes_more,A,not_buy,price_too_high|look,B,add_cart,want_compare,C,timing,price_too_high|look,final_purchase,final_purchase,few_reviews|pack|material,look|few_reviews,few_reviews|size|look,page2,page1,reviews,price_value,4,5,4,2,4,4,5,4,low_rating|few_reviews|no_size|material_unclear|blur_image|mismatch_title,eva,semi,yes_somewhat,better_rating,5,4
591,A,main_image|color_pattern|star_rating|review_count|material_word|imagine_look,reviews_photos|negative_reviews|bullets|size_specs|material_cert|zoom_images|qa,reviews_photos,not_buy,price_too_high|want_compare,yes_more,B,not_buy,price_suspicious|material|look|want_compare,C,not_buy,price_suspicious|material|look|want_compare,A,price|timing,fallback_favorite|price_too_high,price_suspicious|material|look,price_suspicious|material|look,few_reviews|material|pack,look|few_reviews,few_reviews|transparency|size,page2,page1,reviews,price_value,4,5,4,2,4,5,5,5,low_rating|few_reviews|no_size|material_unclear|blur_image,eva,semi,yes_somewhat,better_rating,3,4
592,A,main_image|color_pattern|star_rating|review_count|material_word|imagine_look,reviews_photos|negative_reviews|bullets|size_specs|material_cert|zoom_images|qa,negative_reviews,not_buy,price_too_high|want_compare,yes_more,C,not_buy,price_suspicious|brand|few_reviews|material|want_compare,B,not_buy,price_suspicious|brand|material|transparency|want_compare,A,price|timing,fallback_favorite|price_too_high,price_suspicious|brand|material|transparency,price_suspicious|brand|few_reviews|material,few_reviews|material|pack|brand,look|transparency|few_reviews|brand,few_reviews|size|look|brand,page2,page1,reviews,material,4,4,4,2,4,4,5,5,low_rating|material_unclear|blur_image|mismatch_title|no_size,eva,semi,unlikely,better_rating,4,4
593,A,main_image|color_pattern|star_rating|review_count|material_word|magnets|imagine_look,reviews_photos|negative_reviews|bullets|material_cert|size_specs|zoom_images,negative_reviews,not_buy,price_too_high|transparency|want_compare,yes_more,B,not_buy,look|price_suspicious|want_compare,F,not_buy,few_reviews|size|material|want_compare,A,price,fallback_favorite|price_too_high|transparency,look|price_suspicious,look|price_suspicious|few_reviews,few_reviews|material,look|few_reviews,few_reviews|size,page2,page1,reviews,price_value,4,5,4,2,4,4,5,4,low_rating|no_size|material_unclear|blur_image|mismatch_title,eva,semi,yes_somewhat,better_rating,3,4
594,A,star_rating|review_count|material_word|magnets|imagine_look|color_pattern,reviews_photos|negative_reviews|bullets|material_cert|size_specs|qa|zoom_images|delivery_returns,negative_reviews,not_buy,price_too_high|want_compare,yes_more,C,not_buy,price_suspicious|material|brand|want_compare,E,not_buy,few_reviews|material|brand|want_compare,A,price|timing,fallback_favorite|price_too_high,price_suspicious|material|brand,price_suspicious|material|brand,few_reviews|material|pack,few_reviews|brand|material,few_reviews|size|material|brand,page2,page1,reviews,material,4,5,4,2,4,4,5,5,low_rating|few_reviews|no_size|material_unclear|blur_image|no_bullets,eva,semi,unlikely,better_rating,3,4
595,A,review_count|star_rating|material_word|title_keyword|magnets|main_image,negative_reviews|reviews_photos|material_cert|size_specs|bullets|zoom_images|qa,negative_reviews,not_buy,price_too_high|want_compare,yes_more,C,not_buy,price_suspicious|brand|want_compare,B,not_buy,price_suspicious|material|want_compare,A,price|timing,fallback_favorite|price_too_high,price_suspicious|material|brand,price_suspicious|brand,few_reviews|material|pack,few_reviews|brand|look,few_reviews|size|material|look,page2,page1,reviews,price_value,4,4,4,2,4,5,5,4,low_rating|few_reviews|no_size|material_unclear|blur_image|mismatch_title,eva,semi,unlikely,better_rating,2,4
596,A,main_image|color_pattern|star_rating|review_count|material_word|magnets|imagine_look,reviews_photos|negative_reviews|bullets|size_specs|material_cert|zoom_images,negative_reviews,not_buy,price_too_high|want_compare,yes_more,C,not_buy,price_suspicious|brand|want_compare,E,not_buy,few_reviews|transparency|want_compare,A,price|timing,fallback_favorite|price_too_high,brand|price_suspicious,brand|price_suspicious,few_reviews|brand,few_reviews|transparency,few_reviews|size,page2,page1,reviews,material,4,5,4,2,4,4,5,5,low_rating|no_size|material_unclear|blur_image|mismatch_title,eva,semi,no_effect,better_rating,3,4
597,A,star_rating|review_count|material_word|magnets|main_image,negative_reviews|reviews_photos|material_cert|size_specs|bullets|zoom_images|qa,negative_reviews,not_buy,price_too_high|want_compare,yes_more,C,not_buy,price_suspicious|brand|want_compare,B,not_buy,price_suspicious|brand|want_compare,A,price|info_gap,fallback_favorite|price_too_high,price_suspicious|brand|review_concern,price_suspicious|brand|review_concern,few_reviews|material|brand,look|few_reviews|brand,few_reviews|size|brand,page2,page1,material,reviews,4,5,4,2,5,4,5,5,low_rating|few_reviews|no_size|material_unclear|blur_image,eva,semi,neutral,better_rating,3,4
598,A,main_image|color_pattern|star_rating|review_count|material_word|imagine_look,reviews_photos|negative_reviews|bullets|size_specs|material_cert|zoom_images|qa,negative_reviews,not_buy,price_too_high|want_compare,yes_more,B,not_buy,price_suspicious|material|want_compare,E,not_buy,few_reviews|transparency|brand,A,price|timing,fallback_favorite|price_too_high,price_suspicious|material|look,price_suspicious|brand|few_reviews,few_reviews|material|brand,transparency|few_reviews|brand,few_reviews|size|look|material,page2,page1,reviews,price_value,4,5,4,2,4,4,5,4,low_rating|few_reviews|no_size|material_unclear|blur_image|mismatch_title,eva,semi,unlikely,better_rating,3,4
599,A,review_count|star_rating|main_image|material_word|magnets|right_size,reviews_photos|negative_reviews|bullets|size_specs|material_cert|zoom_images|qa,negative_reviews,not_buy,price_too_high|look|want_compare,yes_more,C,not_buy,price_suspicious|material|look|want_compare,E,not_buy,transparency|few_reviews|review_concern|want_compare,C,price|reviews_trust|material|info_gap,price_too_high|look,price_suspicious|material|look|brand,price_suspicious|material|brand|info_incomplete,few_reviews|material|pack|brand,transparency|few_reviews|review_concern|brand,few_reviews|size|material|brand|look,page2,page1,reviews,price_value,4,5,4,2,5,4,5,5,low_rating|few_reviews|no_size|material_unclear|blur_image|no_bullets|mismatch_title,eva,semi,unlikely,better_rating,4,4
600,A,review_count|star_rating|material_word|magnets|imagine_look,reviews_photos|negative_reviews|bullets|size_specs|material_cert|zoom_images,negative_reviews,not_buy,price_too_high|want_compare,yes_more,B,add_cart,price_suspicious|want_compare,C,not_buy,few_reviews|look|want_compare,B,material,price_too_high,fallback_favorite|price_suspicious,few_reviews|look,few_reviews|pack,few_reviews|look,few_reviews|size,page2,page1,price_value,reviews,4,4,4,2,5,5,5,4,low_rating|few_reviews|no_size|material_unclear|blur_image|mismatch_title,eva,semi,neutral,better_rating,5,4
601,A,brand|star_rating|review_count|main_image|material_word|magnets,reviews_photos|negative_reviews|bullets|size_specs|material_cert|zoom_images,negative_reviews,not_buy,price_too_high|want_compare,yes_more,C,not_buy,price_suspicious|brand|want_compare,B,not_buy,price_suspicious|material|brand|want_compare,A,price|timing,fallback_favorite|price_too_high,price_suspicious|brand|material,price_suspicious|brand|material,few_reviews|material|brand,few_reviews|look|brand,few_reviews|size|material,page2,page1,material,reviews,4,5,4,3,4,3,5,5,low_rating|few_reviews|no_size|material_unclear|blur_image|mismatch_title,eva,semi,yes_somewhat,better_rating,4,4
602,A,main_image|material_word|review_count|star_rating|magnets|imagine_look,negative_reviews|reviews_photos|bullets|material_cert|size_specs|zoom_images|qa,negative_reviews,not_buy,price_too_high|want_compare,yes_more,C,not_buy,price_suspicious|material|want_compare,D,not_buy,few_reviews|material|info_incomplete,A,price|timing,fallback_favorite|price_too_high,price_suspicious|material|look,price_suspicious|material,few_reviews|material|pack,look|transparency|few_reviews,few_reviews|size|look,page2,page1,material,price_value,3,5,4,2,4,4,5,5,low_rating|no_size|material_unclear|blur_image|mismatch_title,eva,semi,unlikely,better_rating,3,4
603,A,main_image|color_pattern|star_rating|review_count|material_word|imagine_look|magnets,reviews_photos|negative_reviews|bullets|size_specs|material_cert|zoom_images|price_deal,reviews_photos,not_buy,price_too_high|want_compare,yes_more,B,not_buy,look|want_compare,C,add_cart,no_concern,A,price,fallback_favorite|price_too_high,look,final_purchase,few_reviews|pack|material,look|few_reviews,few_reviews|size|look,page2,page1,price_value,reviews,4,5,4,2,4,5,5,4,low_rating|few_reviews|no_size|material_unclear|blur_image,eva,semi,yes_somewhat,better_value,4,4
604,A,main_image|color_pattern|star_rating|review_count|material_word|imagine_look|right_size,reviews_photos|negative_reviews|bullets|size_specs|material_cert|zoom_images|qa,negative_reviews,not_buy,price_too_high|want_compare,yes_more,C,not_buy,price_suspicious|material|want_compare,B,not_buy,look|price_suspicious|want_compare,A,price,fallback_favorite|price_too_high,look|price_suspicious,price_suspicious|material,few_reviews|material|pack,look|few_reviews|brand,few_reviews|size|material,page2,page1,reviews,price_value,4,5,4,2,4,5,5,5,low_rating|no_size|material_unclear|blur_image|no_bullets,eva,semi,yes_somewhat,better_value,3,4
605,A,main_image|color_pattern|review_count|brand|material_word|imagine_look|magnets,reviews_photos|negative_reviews|bullets|size_specs|material_cert|zoom_images,negative_reviews,not_buy,price_too_high|want_compare,yes_more,C,not_buy,price_suspicious|material|brand|few_reviews,B,not_buy,look|price_suspicious|material|want_compare,A,price|look_compromise,fallback_favorite|price_too_high,price_suspicious|material|look|brand,price_suspicious|material|brand|few_reviews,few_reviews|material|brand|pack,look|brand|few_reviews,few_reviews|size|brand|material,page2,page1,material,reviews,4,5,4,2,4,5,5,5,low_rating|few_reviews|no_size|material_unclear|blur_image|no_bullets,eva,semi,yes_somewhat,better_rating,2,4
606,A,main_image|color_pattern|star_rating|review_count|material_word|imagine_look|right_size,reviews_photos|negative_reviews|bullets|size_specs|material_cert|zoom_images|price_deal|qa,negative_reviews,not_buy,price_too_high|want_compare,yes_more,C,not_buy,price_suspicious|material|review_concern|want_compare,B,not_buy,price_suspicious|material|transparency|want_compare,A,price|timing,fallback_favorite|price_too_high,price_suspicious|material|transparency|brand,price_suspicious|material|review_concern|brand,few_reviews|material|pack|brand,few_reviews|look|brand|material,few_reviews|size|material|brand,page2,page1,price_value,material,4,5,4,2,4,5,5,4,low_rating|few_reviews|no_size|material_unclear|blur_image|no_bullets,eva,semi,yes_somewhat,better_value,3,4
607,A,main_image|color_pattern|star_rating|review_count|material_word|imagine_look|right_size,reviews_photos|negative_reviews|bullets|size_specs|material_cert|zoom_images|qa,negative_reviews,add_cart,price_too_high|want_compare,yes_more,B,add_cart,look|want_compare,F,not_buy,few_reviews|size|look,A,price|timing,fallback_favorite|price_too_high,look,brand|price_suspicious,few_reviews|material|pack,look|brand|few_reviews,size|few_reviews|look,page2,page1,reviews,price_value,4,5,4,2,4,5,5,4,low_rating|few_reviews|no_size|material_unclear|blur_image|mismatch_title,eva,semi,yes_somewhat,better_value,3,4
608,A,main_image|color_pattern|star_rating|review_count|material_word|right_size|imagine_look,reviews_photos|negative_reviews|bullets|material_cert|size_specs|zoom_images|qa,negative_reviews,not_buy,price_too_high|want_compare,yes_more,C,not_buy,price_suspicious|brand|material|want_compare,B,not_buy,brand|material|want_compare,A,price|timing,fallback_favorite|price_too_high,brand|material,brand|price_suspicious|material,few_reviews|material|pack,look|brand|rating,few_reviews|size|material,page2,page1,material,reviews,5,5,4,2,4,4,5,5,low_rating|few_reviews|no_size|material_unclear|blur_image|no_bullets|mismatch_title,eva,semi,yes_somewhat,better_rating,3,4
609,A,main_image|color_pattern|star_rating|review_count|material_word|magnets|imagine_look,reviews_photos|negative_reviews|bullets|size_specs|material_cert|qa|zoom_images,negative_reviews,add_cart,price_too_high|want_compare,yes_more,B,not_buy,price_suspicious|material|look,E,not_buy,few_reviews|transparency|look,A,price|timing,fallback_favorite|price_too_high,price_suspicious|material|look,price_suspicious|few_reviews|brand,few_reviews|pack|material,few_reviews|transparency|look,few_reviews|size|transparency,page2,page1,reviews,material,4,5,4,2,4,4,5,5,low_rating|few_reviews|no_size|material_unclear|blur_image|mismatch_title,eva,semi,unlikely,better_rating,4,4
610,A,main_image|color_pattern|review_count|star_rating|material_word|magnets|imagine_look,negative_reviews|reviews_photos|bullets|material_cert|size_specs|zoom_images|qa,negative_reviews,add_cart,price_too_high|want_compare,yes_more,B,not_buy,look|material|want_compare,E,add_cart,few_reviews|material|want_compare,A,price|timing,fallback_favorite|price_too_high,look|material,look|price_suspicious|few_reviews,few_reviews|material|pack,few_reviews|material,few_reviews|size|look,page2,page1,reviews,material,4,5,4,2,4,4,5,5,low_rating|few_reviews|no_size|material_unclear|blur_image,eva,semi,neutral,better_rating,3,4
611,A,main_image|color_pattern|star_rating|review_count|material_word|imagine_look,reviews_photos|negative_reviews|bullets|size_specs|material_cert|zoom_images|qa,negative_reviews,add_cart,price_too_high|want_compare,yes_more,C,not_buy,price_suspicious|material|brand|want_compare,E,not_buy,few_reviews|brand|look|want_compare,A,price|timing|look_compromise,fallback_favorite|price_too_high,price_suspicious|material|brand|look,price_suspicious|material|brand,few_reviews|material|brand|pack,few_reviews|brand|look,few_reviews|size|look|material,page2,page1,material,reviews,4,5,4,2,4,3,5,5,low_rating|few_reviews|no_size|material_unclear|blur_image|no_bullets,eva,semi,yes_somewhat,better_look,3,3
612,A,main_image|color_pattern|star_rating|review_count|title_keyword|material_word|magnets|imagine_look,reviews_photos|negative_reviews|bullets|size_specs|material_cert|qa|zoom_images,negative_reviews,not_buy,price_too_high|want_compare,yes_more,B,not_buy,price_suspicious|look|material|want_compare,E,not_buy,few_reviews|transparency|brand|want_compare,A,price|timing,fallback_favorite|price_too_high,price_suspicious|look|material,price_suspicious|look|brand,few_reviews|pack|material,few_reviews|transparency|brand,few_reviews|size|look,page2,page1,price_value,reviews,4,5,4,2,4,5,5,4,low_rating|few_reviews|no_size|material_unclear|blur_image|mismatch_title,eva,semi,yes_somewhat,better_value,3,4
613,A,review_count|material_word|magnets|title_keyword|right_size,negative_reviews|reviews_photos|bullets|size_specs|material_cert|zoom_images|qa,negative_reviews,not_buy,price_too_high|want_compare,yes_more,C,not_buy,price_suspicious|material|look|want_compare,E,not_buy,transparency|few_reviews|brand|want_compare,A,price|info_gap,fallback_favorite|price_too_high,price_suspicious|material|look,price_suspicious|material|look,few_reviews|material|pack,transparency|few_reviews|brand,few_reviews|size|material,page2,page1,reviews,material,4,4,4,2,5,4,5,4,low_rating|few_reviews|no_size|material_unclear|blur_image|mismatch_title,eva,fully_transparent,unlikely,better_rating,3,4
614,A,main_image|color_pattern|star_rating|review_count|material_word|magnets|imagine_look,reviews_photos|negative_reviews|bullets|size_specs|material_cert|zoom_images|qa,negative_reviews,not_buy,price_too_high|want_compare,yes_more,C,not_buy,price_suspicious|brand|material|want_compare,B,add_cart,no_concern,A,price|timing,fallback_favorite|price_too_high,final_purchase,price_suspicious|brand|material,few_reviews|pack|material,look|rating|brand,few_reviews|size|transparency,page2,page1,reviews,material,4,5,4,2,4,4,5,5,low_rating|few_reviews|no_size|material_unclear|blur_image|mismatch_title,eva,semi,yes_somewhat,better_rating,4,4
615,A,main_image|color_pattern|star_rating|review_count|material_word|magnets|imagine_look|right_size,reviews_photos|negative_reviews|bullets|size_specs|material_cert|zoom_images|qa,negative_reviews,not_buy,price_too_high|want_compare,yes_more,C,not_buy,look|want_compare,B,buy_now,no_concern,B,no_blocker,price_too_high,final_purchase,look,few_reviews|material,look|few_reviews,size|few_reviews,page2,page1,price_value,reviews,4,5,4,2,4,5,5,4,low_rating|no_size|material_unclear|blur_image|mismatch_title,eva,semi,yes_somewhat,better_value,5,4
616,A,main_image|color_pattern|star_rating|review_count|material_word|imagine_look,reviews_photos|negative_reviews|bullets|size_specs|material_cert|zoom_images,reviews_photos,add_cart,price_too_high|want_compare,yes_more,C,add_cart,price_suspicious|material|want_compare,E,not_buy,few_reviews|look|rating,A,price|timing,fallback_favorite|price_too_high,price_suspicious|material|look,price_suspicious|material|look,few_reviews|pack|info_incomplete,few_reviews|look|rating,few_reviews|size|transparency,page2,page1,reviews,material,4,5,4,2,4,4,5,4,low_rating|few_reviews|no_size|material_unclear|blur_image,eva,semi,unlikely,better_rating,3,4
617,A,review_count|star_rating|material_word|magnets|imagine_look|color_pattern,reviews_photos|negative_reviews|bullets|size_specs|material_cert|qa|zoom_images,negative_reviews,not_buy,price_too_high|want_compare,yes_more,C,not_buy,price_suspicious|brand|material|want_compare,B,not_buy,price_suspicious|look|brand|want_compare,A,price|timing,fallback_favorite|price_too_high,price_suspicious|look|brand,price_suspicious|brand|material,few_reviews|pack|brand,few_reviews|look|brand|transparency,few_reviews|size|brand|material,page2,page1,reviews,price_value,4,5,4,2,4,5,5,5,low_rating|few_reviews|no_size|material_unclear|blur_image|mismatch_title,eva,semi,unlikely,better_rating,3,4
618,A,review_count|star_rating|material_word|main_image|magnets,negative_reviews|reviews_photos|bullets|material_cert|size_specs|zoom_images|qa,negative_reviews,not_buy,price_too_high|transparency|want_compare,yes_more,C,not_buy,price_suspicious|brand|few_reviews|material|want_compare,B,not_buy,price_suspicious|look|material|want_compare,A,price|look_compromise,fallback_favorite|price_too_high|transparency,price_suspicious|look|material|brand,price_suspicious|brand|few_reviews|material,few_reviews|material|rating|pack,look|brand|few_reviews|transparency,few_reviews|size|material|rating,page2,page1,reviews,material,4,4,4,2,4,4,5,5,low_rating|few_reviews|no_size|material_unclear|blur_image|mismatch_title,eva,semi,unlikely,better_rating,3,4
619,A,main_image|color_pattern|review_count|star_rating|material_word|imagine_look,reviews_photos|negative_reviews|bullets|size_specs|material_cert|zoom_images|qa,negative_reviews,not_buy,price_too_high|want_compare,yes_more,C,not_buy,price_suspicious|material|brand|want_compare,B,not_buy,price_suspicious|material|brand|review_concern,A,price|timing,fallback_favorite|price_too_high,price_suspicious|material|brand|review_concern,price_suspicious|material|brand,few_reviews|material|pack|brand,rating|few_reviews|look|brand,few_reviews|size|material|transparency,page2,page1,material,price_value,4,5,4,2,4,4,5,5,low_rating|few_reviews|no_size|material_unclear|blur_image|mismatch_title,eva,semi,yes_somewhat,better_function,3,4
620,A,main_image|color_pattern|material_word|magnets|imagine_look|review_count,reviews_photos|negative_reviews|bullets|material_cert|size_specs|zoom_images|qa,reviews_photos,not_buy,price_too_high|want_compare,yes_more,C,not_buy,look|want_compare,B,not_buy,material|review_concern|want_compare,A,price,fallback_favorite|price_too_high,material|review_concern,look,few_reviews|material,look|few_reviews|brand,few_reviews|size|material,page2,page1,price_value,reviews,4,5,4,2,4,5,5,4,low_rating|few_reviews|no_size|material_unclear|blur_image|no_bullets,eva,semi,yes_somewhat,lower_price,4,5
621,A,main_image|color_pattern|star_rating|review_count|material_word|right_size|imagine_look,reviews_photos|negative_reviews|bullets|size_specs|material_cert|zoom_images|price_deal|delivery_returns,reviews_photos,not_buy,price_too_high|want_compare,yes_more,B,not_buy,price_suspicious|want_compare,C,not_buy,brand|material|want_compare,A,price|timing,fallback_favorite|price_too_high,price_suspicious|brand,brand|material,few_reviews|material|pack,look|few_reviews,few_reviews|size|look,page2,page1,price_value,appearance,4,5,4,2,4,5,5,4,low_rating|few_reviews|no_size|material_unclear|blur_image,eva,semi,yes_somewhat,lower_price,3,4
622,A,main_image|color_pattern|star_rating|review_count|material_word|imagine_look,reviews_photos|negative_reviews|bullets|size_specs|material_cert|zoom_images|qa,reviews_photos,not_buy,price_too_high|transparency|want_compare,yes_more,C,not_buy,price_suspicious|material|transparency|want_compare,E,not_buy,few_reviews|transparency|want_compare,A,price|look_compromise,fallback_favorite|price_too_high,price_suspicious|material|transparency,price_suspicious|material|transparency,few_reviews|material,few_reviews|transparency|rating,few_reviews|size|material,page2,page1,material,reviews,4,5,4,2,4,4,5,5,low_rating|no_size|material_unclear|blur_image|no_bullets,eva,semi,yes_somewhat,better_rating,3,4
623,A,main_image|color_pattern|star_rating|review_count|material_word|magnets|imagine_look|right_size,reviews_photos|negative_reviews|bullets|size_specs|material_cert|zoom_images|qa,reviews_photos,add_cart,price_too_high|want_compare,yes_more,B,not_buy,look|price_suspicious|want_compare,C,not_buy,look|price_suspicious|material|want_compare,A,price|look_compromise,fallback_favorite|price_too_high,look|price_suspicious|material,look|price_suspicious|material,few_reviews|pack|material,look|transparency|few_reviews,few_reviews|size|look,page2,page1,appearance,price_value,4,5,4,2,4,4,5,4,low_rating|few_reviews|no_size|material_unclear|blur_image|mismatch_title,eva,semi,unlikely,better_value,3,4
624,A,main_image|color_pattern|star_rating|review_count|material_word|magnets|right_size|imagine_look,reviews_photos|negative_reviews|bullets|size_specs|material_cert|qa|zoom_images,negative_reviews,not_buy,price_too_high|want_compare,yes_more,B,not_buy,price_suspicious|material|review_concern|want_compare,C,not_buy,price_suspicious|brand|want_compare,A,price|timing,fallback_favorite|price_too_high,price_suspicious|material|review_concern,price_suspicious|brand,few_reviews|material,look|few_reviews|brand,few_reviews|size|look,page2,page1,reviews,material,5,5,4,3,4,4,5,5,low_rating|few_reviews|no_size|material_unclear|blur_image,eva,semi,yes_somewhat,better_rating,3,4
625,A,main_image|color_pattern|star_rating|review_count|material_word|magnets|imagine_look|right_size,reviews_photos|negative_reviews|bullets|size_specs|material_cert|qa|zoom_images|price_deal,negative_reviews,add_cart,price_too_high|want_compare,yes_more,C,not_buy,price_suspicious|brand|few_reviews|want_compare,B,add_cart,price_suspicious|brand|look|want_compare,A,price|timing,fallback_favorite,price_suspicious|brand|look,price_suspicious|brand|few_reviews,few_reviews|brand|pack,look|brand|few_reviews,few_reviews|size|brand|transparency,page2,page1,reviews,material,4,5,4,2,4,4,5,5,low_rating|no_size|material_unclear|blur_image|mismatch_title,eva,semi,yes_somewhat,better_rating,3,4
626,A,main_image|color_pattern|star_rating|review_count|title_keyword|material_word|imagine_look,reviews_photos|negative_reviews|bullets|size_specs|material_cert|zoom_images|qa,negative_reviews,add_cart,price_too_high|want_compare,yes_more,B,not_buy,price_suspicious|material|want_compare,C,not_buy,brand|review_concern|want_compare,A,price|timing,fallback_favorite|price_too_high,price_suspicious|material|brand,brand|review_concern|price_suspicious,few_reviews|material|pack,few_reviews|look|brand,few_reviews|size|material,page1,page1,reviews,material,4,5,4,2,4,5,5,5,low_rating|few_reviews|no_size|material_unclear|blur_image|no_bullets,eva,semi,yes_somewhat,better_rating,3,4
627,A,main_image|color_pattern|star_rating|review_count|title_keyword|material_word|imagine_look|magnets,reviews_photos|negative_reviews|bullets|size_specs|material_cert|zoom_images|qa|price_deal,reviews_photos,add_cart,price_too_high|want_compare,yes_more,B,add_cart,price_suspicious|want_compare,C,add_cart,few_reviews|want_compare,A,price|timing,fallback_favorite|price_too_high,price_suspicious|look,few_reviews,few_reviews|pack|material,look|few_reviews,few_reviews|size,page2,page1,material,reviews,4,5,4,2,4,5,5,5,low_rating|few_reviews|no_size|material_unclear|blur_image|no_bullets,eva,semi,yes_somewhat,better_value,4,4
628,A,main_image|color_pattern|star_rating|review_count|material_word|imagine_look,reviews_photos|negative_reviews|bullets|size_specs|material_cert|zoom_images|qa,negative_reviews,not_buy,price_too_high|want_compare,yes_more,B,not_buy,price_suspicious|material|want_compare,C,not_buy,price_suspicious|material|look|want_compare,A,price|timing,fallback_favorite|price_too_high,price_suspicious|material,price_suspicious|look,few_reviews|material,brand|few_reviews|look,few_reviews|size|look,page2,page1,reviews,price_value,4,5,4,2,5,4,5,4,low_rating|few_reviews|no_size|material_unclear|blur_image|mismatch_title,eva,semi,unlikely,better_rating,3,4
629,A,star_rating|review_count|material_word|imagine_look|magnets,negative_reviews|reviews_photos|bullets|size_specs|material_cert|zoom_images,negative_reviews,not_buy,price_too_high|want_compare,yes_more,C,not_buy,price_suspicious|brand|want_compare,B,not_buy,look|price_suspicious|brand|want_compare,A,price,fallback_favorite|price_too_high,look|price_suspicious|brand,price_suspicious|brand,few_reviews|pack|material,look|few_reviews|brand,few_reviews|size|material,page2,page1,reviews,price_value,4,5,4,2,4,4,5,4,low_rating|few_reviews|no_size|material_unclear|blur_image,eva,semi,yes_somewhat,better_rating,3,4
630,A,main_image|color_pattern|star_rating|review_count|material_word|magnets|imagine_look,reviews_photos|negative_reviews|bullets|size_specs|material_cert|qa|zoom_images|price_deal,negative_reviews,not_buy,price_too_high|want_compare,yes_more,B,not_buy,price_suspicious|look|want_compare,C,not_buy,price_suspicious|material|brand|want_compare,A,price|timing,price_too_high,price_suspicious|look,price_suspicious|material|brand,few_reviews|pack,look|brand|few_reviews,few_reviews|size|transparency,page2,page1,reviews,price_value,4,5,4,2,4,4,5,5,few_reviews|no_size|material_unclear|blur_image|no_bullets,eva,semi,unlikely,better_rating,3,4
631,A,main_image|color_pattern|review_count|star_rating|material_word|imagine_look|right_size,reviews_photos|negative_reviews|bullets|size_specs|material_cert|zoom_images|price_deal,negative_reviews,not_buy,price_too_high|want_compare,yes_more,B,not_buy,price_suspicious|want_compare,C,not_buy,price_suspicious|brand|want_compare,A,price|timing,fallback_favorite|price_too_high,price_suspicious,price_suspicious|brand,few_reviews|pack,look|few_reviews,few_reviews|size,page2,page1,price_value,reviews,4,5,4,2,4,5,5,4,low_rating|few_reviews|no_size|material_unclear|blur_image|mismatch_title,eva,semi,yes_somewhat,better_value,3,4
632,A,main_image|color_pattern|star_rating|review_count|material_word|imagine_look,reviews_photos|negative_reviews|bullets|size_specs|material_cert|zoom_images|qa|price_deal,reviews_photos,not_buy,price_too_high|want_compare,yes_more,B,not_buy,price_suspicious|material|want_compare,C,not_buy,price_suspicious|material|want_compare,A,price|timing,fallback_favorite|price_too_high,price_suspicious|material,price_suspicious|material,few_reviews|material|pack,look|few_reviews|brand,few_reviews|size|look,page2,page1,reviews,material,4,5,4,3,4,5,5,5,low_rating|few_reviews|no_size|material_unclear|blur_image|mismatch_title,eva,semi,yes_somewhat,better_value,3,4
633,A,main_image|color_pattern|star_rating|review_count|material_word|imagine_look,reviews_photos|negative_reviews|bullets|size_specs|material_cert|zoom_images,reviews_photos,add_cart,price_too_high|want_compare,yes_more,B,add_cart,price_suspicious|want_compare,C,buy_now,no_concern,C,no_blocker,price_too_high,price_suspicious,final_purchase,few_reviews,few_reviews|look,few_reviews|size,page2,page1,reviews,price_value,4,5,4,2,4,5,5,4,low_rating|no_size|material_unclear|blur_image,eva,semi,yes_somewhat,lower_price,5,4
634,A,main_image|color_pattern|star_rating|review_count|material_word|imagine_look|magnets,reviews_photos|negative_reviews|bullets|size_specs|material_cert|zoom_images|price_deal,reviews_photos,not_buy,price_too_high|want_compare,yes_more,C,not_buy,price_suspicious|few_reviews|want_compare,B,not_buy,look|price_suspicious|want_compare,A,price,fallback_favorite|price_too_high,look|price_suspicious,few_reviews|price_suspicious,few_reviews|material|pack,look|few_reviews,few_reviews|size|material,page2,page1,reviews,material,4,5,4,2,4,4,5,5,low_rating|no_size|material_unclear|blur_image|mismatch_title,eva,semi,yes_somewhat,better_rating,3,4
635,A,main_image|color_pattern|star_rating|review_count|material_word|imagine_look,reviews_photos|negative_reviews|bullets|size_specs|material_cert|zoom_images,negative_reviews,not_buy,price_too_high|want_compare,yes_more,C,not_buy,price_suspicious|brand|material,B,not_buy,few_reviews|brand|price_suspicious,A,price|timing,fallback_favorite|price_too_high,price_suspicious|brand|few_reviews,price_suspicious|brand|material,few_reviews|pack|price_suspicious,look|few_reviews,few_reviews|size|look,page2,page1,reviews,price_value,4,5,4,2,4,5,5,5,low_rating|few_reviews|no_size|material_unclear|blur_image,eva,semi,unlikely,better_rating,2,4
636,A,main_image|color_pattern|review_count|star_rating|material_word|imagine_look,reviews_photos|negative_reviews|bullets|size_specs|material_cert|zoom_images|price_deal,negative_reviews,not_buy,price_too_high|want_compare,yes_more,C,not_buy,price_suspicious|material|brand|want_compare,B,not_buy,price_suspicious|material|brand|want_compare,A,price|timing,fallback_favorite|price_too_high,price_suspicious|material|brand,price_suspicious|material|brand,few_reviews|material|pack,look|material|brand,few_reviews|size|material,page2,page1,reviews,price_value,4,5,4,2,4,4,5,5,low_rating|few_reviews|no_size|material_unclear|blur_image|no_bullets,eva,semi,yes_somewhat,better_rating,3,4
637,A,star_rating|review_count|material_word|magnets|main_image|right_size|imagine_look,negative_reviews|reviews_photos|bullets|material_cert|size_specs|zoom_images|qa,negative_reviews,not_buy,price_too_high|want_compare,yes_more,C,not_buy,want_compare|few_reviews,B,not_buy,price_suspicious|material|want_compare,A,price|look_compromise,fallback_favorite|price_too_high,price_suspicious|material,few_reviews,few_reviews|pack|material,few_reviews|brand|transparency,few_reviews|size|material,page2,page1,reviews,material,4,5,4,2,4,4,5,5,low_rating|no_size|material_unclear|blur_image|mismatch_title,eva,fully_transparent,unlikely,better_rating,3,4
638,A,star_rating|review_count|material_word|magnets|right_size|main_image,reviews_photos|negative_reviews|bullets|size_specs|material_cert|zoom_images,negative_reviews,not_buy,price_too_high|want_compare,yes_more,C,not_buy,price_suspicious|material|want_compare,B,not_buy,look|price_suspicious|want_compare,A,price|timing,fallback_favorite|price_too_high,price_suspicious|look,price_suspicious|material,few_reviews|material,look|transparency|brand,few_reviews|size,page2,page1,reviews,price_value,4,4,4,2,4,4,5,4,low_rating|few_reviews|no_size|material_unclear|blur_image,eva,semi,unlikely,better_rating,2,4
639,A,main_image|color_pattern|review_count|star_rating|material_word|imagine_look,reviews_photos|negative_reviews|bullets|size_specs|material_cert|zoom_images|qa,negative_reviews,not_buy,price_too_high|transparency|want_compare,yes_more,C,not_buy,few_reviews|brand|price_suspicious|material,B,not_buy,look|transparency|material|price_suspicious,A,price|look_compromise|info_gap,fallback_favorite|price_too_high,price_suspicious|look|transparency|material,few_reviews|brand|price_suspicious|material,few_reviews|material|pack|look,look|transparency|rating|brand,few_reviews|size|transparency|material,page2,page1,reviews,material,4,5,4,2,4,4,5,5,low_rating|few_reviews|no_size|material_unclear|blur_image|mismatch_title,eva,semi,yes_somewhat,better_rating,4,4
640,A,main_image|color_pattern|star_rating|review_count|material_word|imagine_look|magnets,reviews_photos|negative_reviews|bullets|size_specs|material_cert|zoom_images|price_deal,reviews_photos,add_cart,price_too_high|want_compare,yes_more,B,add_cart,look|price_suspicious|want_compare,C,add_cart,look|price_suspicious|want_compare,A,price|timing,fallback_favorite|price_too_high,look|price_suspicious,look|price_suspicious,few_reviews|pack|price_suspicious,look|few_reviews|brand,few_reviews|size|look,page2,page1,appearance,price_value,4,5,4,2,4,4,5,4,low_rating|few_reviews|no_size|material_unclear|blur_image|mismatch_title,eva,semi,unlikely,better_look,3,4
641,A,main_image|color_pattern|star_rating|review_count|magnets|material_word|right_size|imagine_look,reviews_photos|negative_reviews|bullets|size_specs|material_cert|zoom_images,negative_reviews,not_buy,price_too_high|want_compare,yes_more,B,add_cart,price_suspicious|material|transparency,E,not_buy,few_reviews|transparency,B,price|material|other,price_too_high,fallback_favorite|material,brand|few_reviews,few_reviews|material|pack,few_reviews|transparency,few_reviews|size|brand,page2,page1,price_value,reviews,4,4,3,2,4,5,5,4,low_rating|few_reviews|no_size|material_unclear|blur_image,eva,semi,unlikely,better_rating,5,4
642,A,main_image|color_pattern|star_rating|review_count|material_word|imagine_look|magnets,reviews_photos|negative_reviews|bullets|size_specs|material_cert|zoom_images|qa,negative_reviews,not_buy,price_too_high|want_compare,yes_more,C,not_buy,price_suspicious|few_reviews|brand|material|want_compare,E,not_buy,few_reviews|brand|transparency|material|want_compare,A,price|timing,fallback_favorite|price_too_high,price_suspicious|brand|material|transparency,price_suspicious|brand|few_reviews|material,few_reviews|brand|material|pack,transparency|few_reviews|brand|look,few_reviews|brand|material|size,page1,page1,material,reviews,4,5,4,2,4,4,5,5,low_rating|few_reviews|material_unclear|blur_image|mismatch_title,eva,semi,yes_somewhat,better_rating,3,4
643,A,main_image|color_pattern|star_rating|review_count|material_word|imagine_look|magnets,reviews_photos|negative_reviews|bullets|size_specs|material_cert|zoom_images,negative_reviews,add_cart,price_too_high|want_compare,yes_more,C,add_cart,price_suspicious|material|want_compare,B,buy_now,no_concern,B,no_blocker,price_too_high,final_purchase,price_suspicious|material,few_reviews|material,look|review_concern,few_reviews|size|look,page2,page1,reviews,price_value,4,4,4,2,5,4,5,5,low_rating|few_reviews|material_unclear|blur_image,eva,semi,no_effect,better_value,5,4
644,A,main_image|color_pattern|star_rating|review_count|material_word|imagine_look,reviews_photos|negative_reviews|bullets|size_specs|material_cert|zoom_images|qa,negative_reviews,add_cart,price_too_high|want_compare,yes_more,C,add_cart,price_suspicious|want_compare,B,add_cart,want_compare|material,C,reviews_trust|material|timing,price_too_high,material,fallback_favorite,few_reviews|material|pack,look|transparency,few_reviews|size|look,page2,page1,price_value,reviews,4,5,4,2,4,5,5,4,low_rating|few_reviews|no_size|material_unclear|blur_image|mismatch_title,eva,semi,unlikely,better_value,5,4
645,A,main_image|color_pattern|review_count|material_word|imagine_look,reviews_photos|negative_reviews|bullets|material_cert|zoom_images|price_deal,negative_reviews,not_buy,price_too_high|want_compare,yes_more,C,not_buy,price_suspicious|brand|material|want_compare,B,not_buy,look|brand|price_suspicious|want_compare,A,price|timing,fallback_favorite|price_too_high,look|brand|price_suspicious,brand|price_suspicious|material,few_reviews|material|pack,look|few_reviews,few_reviews|size|look,page2,page1,material,price_value,4,5,4,2,4,4,5,5,low_rating|no_size|material_unclear|blur_image|no_bullets,eva,semi,yes_somewhat,better_value,3,4
646,A,star_rating|review_count|material_word|magnets|right_size|imagine_look,negative_reviews|reviews_photos|bullets|size_specs|material_cert|zoom_images|qa,negative_reviews,not_buy,price_too_high|want_compare,yes_more,C,not_buy,price_suspicious|brand|want_compare,E,not_buy,few_reviews|brand|want_compare,A,price|info_gap,fallback_favorite|price_too_high,price_suspicious|brand|material|look,price_suspicious|brand|material,few_reviews|brand|material|pack,few_reviews|brand|look,few_reviews|brand|size|material,page2,page1,reviews,material,4,4,4,2,4,4,5,5,low_rating|few_reviews|no_size|material_unclear|blur_image|brand_unfamiliar,eva,semi,unlikely,better_rating,3,3
647,A,main_image|color_pattern|star_rating|review_count|material_word|imagine_look|magnets|right_size,reviews_photos|negative_reviews|bullets|size_specs|material_cert|zoom_images|qa,reviews_photos,not_buy,price_too_high|want_compare,yes_more,B,not_buy,price_suspicious|material|transparency|want_compare,C,not_buy,price_suspicious|few_reviews|brand|want_compare,A,price|timing,fallback_favorite|price_too_high,price_suspicious|material|transparency,price_suspicious|few_reviews|brand,few_reviews|pack|material,look|few_reviews|brand,few_reviews|size|look,page2,page1,reviews,material,4,5,4,2,4,4,5,5,low_rating|few_reviews|no_size|material_unclear|blur_image|mismatch_title,eva,semi,yes_somewhat,better_rating,4,4
648,A,main_image|color_pattern|star_rating|review_count|material_word|right_size|imagine_look,reviews_photos|negative_reviews|bullets|size_specs|material_cert|zoom_images|price_deal,negative_reviews,not_buy,price_too_high|want_compare,yes_more,C,not_buy,price_suspicious|few_reviews|brand|want_compare,B,not_buy,price_suspicious|material|want_compare,A,price|timing,fallback_favorite|price_too_high,price_suspicious|material,price_suspicious|few_reviews|brand,few_reviews|material|pack,look|few_reviews|brand,few_reviews|size|material,page2,page1,material,reviews,4,5,4,2,4,4,5,5,low_rating|no_size|material_unclear|blur_image|no_bullets|mismatch_title,eva,semi,yes_somewhat,better_rating,3,4
649,A,main_image|star_rating|review_count|material_word|magnets|imagine_look,reviews_photos|negative_reviews|bullets|material_cert|size_specs|zoom_images|price_deal,negative_reviews,add_cart,price_too_high|want_compare,yes_more,C,add_cart,price_suspicious|material|brand|want_compare,E,not_buy,look|rating|brand|transparency,A,price|info_gap,fallback_favorite|price_too_high,price_suspicious|brand|material|look,price_suspicious|brand|material,few_reviews|material|pack,look|brand|transparency|rating,few_reviews|size|material,page2,page1,material,price_value,4,5,4,2,4,5,5,5,low_rating|few_reviews|no_size|material_unclear|blur_image|mismatch_title,eva,semi,yes_somewhat,better_rating,3,4
650,A,review_count|star_rating|material_word,negative_reviews|reviews_photos|bullets|size_specs|material_cert|zoom_images,negative_reviews,not_buy,price_too_high|want_compare,yes_more,C,not_buy,look|want_compare,B,not_buy,look|price_suspicious|want_compare,A,price,fallback_favorite|price_too_high,look|price_suspicious|material,look|price_suspicious,few_reviews|material|pack,few_reviews|look|brand,few_reviews|size|look,page2,page1,reviews,price_value,4,5,4,2,4,4,5,4,low_rating|few_reviews|no_size|material_unclear|blur_image|mismatch_title,eva,semi,yes_somewhat,better_rating,3,4
651,A,main_image|color_pattern|review_count|star_rating|material_word|imagine_look|title_keyword,reviews_photos|negative_reviews|bullets|material_cert|zoom_images|qa|size_specs|price_deal,negative_reviews,not_buy,price_too_high|want_compare,yes_more,C,not_buy,price_suspicious|material|few_reviews|review_concern,B,not_buy,look|price_suspicious|material|want_compare,A,price|timing,fallback_favorite|price_too_high,price_suspicious|material|look,price_suspicious|material|few_reviews,few_reviews|material|pack,look|brand|rating,few_reviews|size|material,page2,page1,reviews,price_value,4,5,4,2,4,5,5,4,low_rating|few_reviews|material_unclear|blur_image|mismatch_title,eva,semi,yes_somewhat,better_rating,3,4
652,A,brand|star_rating|review_count|main_image|material_word|magnets,reviews_photos|negative_reviews|bullets|material_cert|size_specs|zoom_images,negative_reviews,not_buy,price_too_high|want_compare,yes_more,B,not_buy,price_suspicious|material|look|want_compare,C,not_buy,price_suspicious|material|brand|want_compare,A,price|timing,fallback_favorite|price_too_high,price_suspicious|material|look,price_suspicious|material|brand,few_reviews|material|pack,look|brand|few_reviews,few_reviews|size|material,page2,page1,reviews,material,4,5,4,2,4,4,5,5,low_rating|few_reviews|material_unclear|blur_image|no_size,eva,semi,yes_somewhat,better_rating,3,4
653,A,main_image|color_pattern|star_rating|review_count|material_word|right_size|magnets|imagine_look,reviews_photos|negative_reviews|bullets|size_specs|material_cert|price_deal|zoom_images,negative_reviews,not_buy,price_too_high|transparency|want_compare,yes_more,B,not_buy,price_suspicious|material|transparency|want_compare,E,not_buy,few_reviews|brand|transparency|want_compare,A,price|look_compromise|info_gap,fallback_favorite|price_too_high|transparency,price_suspicious|material|transparency,price_suspicious|brand|transparency,few_reviews|material|pack,few_reviews|brand|transparency,few_reviews|size|transparency,page2,page1,reviews,material,4,5,4,2,4,4,5,5,low_rating|few_reviews|no_size|material_unclear|blur_image|mismatch_title,eva,blackout,unlikely,better_rating,3,4
654,B,main_image|color_pattern|price|review_count|magnets|imagine_look,reviews_photos|negative_reviews|bullets|material_cert|zoom_images|price_deal,reviews_photos,add_cart,want_compare|material,yes_more,C,add_cart,want_compare|material,A,add_cart,price_too_high,A,price|timing,price_too_high|fallback_favorite,price_suspicious|material,price_suspicious|material,few_reviews|material|pack,look|transparency|few_reviews,few_reviews|size|transparency,page2,page1,material,reviews,4,5,4,2,4,4,5,5,low_rating|few_reviews|material_unclear|blur_image|mismatch_title,eva,semi,neutral,better_rating,3,4
655,A,main_image|color_pattern|star_rating|review_count|material_word|imagine_look|magnets,reviews_photos|negative_reviews|bullets|size_specs|material_cert|qa|zoom_images|price_deal,negative_reviews,add_cart,price_too_high|want_compare,yes_more,C,add_cart,price_suspicious|want_compare,B,not_buy,look|price_suspicious|want_compare,A,price|timing,fallback_favorite|price_too_high,look|price_suspicious,price_suspicious|brand,few_reviews|material,look|few_reviews,few_reviews|size|transparency,page2,page1,reviews,price_value,4,5,4,2,4,4,5,4,low_rating|no_size|material_unclear|blur_image|mismatch_title,eva,semi,yes_somewhat,better_rating,3,4
656,A,main_image|color_pattern|material_word|imagine_look|star_rating|review_count,reviews_photos|negative_reviews|bullets|material_cert|zoom_images|size_specs,reviews_photos,not_buy,price_too_high|want_compare,yes_more,B,not_buy,price_suspicious|want_compare,C,add_cart,price_suspicious|want_compare,C,reviews_trust|material|timing,price_too_high,price_suspicious|material,fallback_favorite|material,few_reviews|pack|material,look|material,few_reviews|size|material,page2,page1,appearance,price_value,4,5,4,2,4,4,5,5,low_rating|no_size|material_unclear|blur_image|no_bullets,eva,semi,neutral,better_look,4,4
657,A,main_image|color_pattern|star_rating|review_count|material_word|imagine_look|magnets,reviews_photos|negative_reviews|bullets|material_cert|size_specs|zoom_images|qa,negative_reviews,not_buy,price_too_high|want_compare,yes_more,C,not_buy,price_suspicious|brand|material|want_compare,B,not_buy,look|material|want_compare,A,price|timing,fallback_favorite|price_too_high,look|material,price_suspicious|brand|material,few_reviews|material|pack,look|few_reviews|brand,few_reviews|size|brand,page2,page1,material,reviews,4,5,4,2,4,4,5,5,low_rating|no_size|material_unclear|blur_image|no_bullets|mismatch_title,eva,semi,unlikely,better_rating,3,4
658,B,main_image|color_pattern|price|review_count|magnets|material_word|imagine_look,reviews_photos|negative_reviews|bullets|size_specs|material_cert|qa|zoom_images,negative_reviews,not_buy,want_compare|material|price_suspicious,yes_more,C,not_buy,want_compare|brand|material,A,not_buy,price_too_high|transparency,A,price|look_compromise,fallback_favorite|price_too_high,price_suspicious|material|brand,price_suspicious|brand|material,few_reviews|material|pack,look|brand|few_reviews,few_reviews|size|look,page2,page1,reviews,material,4,5,4,2,4,4,5,5,low_rating|few_reviews|no_size|material_unclear|blur_image,eva,semi,yes_somewhat,better_rating,3,4
659,A,main_image|color_pattern|star_rating|review_count|material_word|imagine_look,reviews_photos|negative_reviews|bullets|size_specs|material_cert|zoom_images|price_deal,reviews_photos,not_buy,price_too_high|want_compare,yes_more,C,not_buy,brand|want_compare,B,not_buy,price_suspicious|want_compare,A,price|timing,fallback_favorite|price_too_high,price_suspicious,brand,few_reviews|pack,look|few_reviews,few_reviews|size|look,page2,page1,reviews,price_value,4,5,4,2,4,5,5,4,low_rating|few_reviews|no_size|material_unclear|blur_image|mismatch_title,eva,semi,yes_somewhat,better_rating,4,4
660,A,main_image|star_rating|review_count|material_word|right_size|imagine_look,reviews_photos|negative_reviews|bullets|size_specs|material_cert|zoom_images|qa,negative_reviews,not_buy,price_too_high|want_compare,yes_more,C,not_buy,price_suspicious|material|want_compare,B,not_buy,price_suspicious|material|look|want_compare,A,price|info_gap,fallback_favorite|price_too_high,price_suspicious|material|look,price_suspicious|material|look,few_reviews|material|pack,few_reviews|brand|look,few_reviews|size|transparency,page2,page1,material,reviews,4,5,4,2,4,4,5,5,low_rating|no_size|material_unclear|blur_image|mismatch_title,eva,semi,yes_somewhat,better_rating,3,4
661,A,main_image|color_pattern|review_count|star_rating|material_word|magnets|imagine_look,reviews_photos|negative_reviews|bullets|size_specs|material_cert|zoom_images|qa,negative_reviews,not_buy,price_too_high|want_compare,yes_more,C,not_buy,price_suspicious|material|brand|want_compare,B,not_buy,price_suspicious|material|brand|few_reviews|want_compare,A,price|timing,fallback_favorite|price_too_high,price_suspicious|material|brand|few_reviews,price_suspicious|material|brand,few_reviews|brand|pack|price_suspicious,look|brand|few_reviews,few_reviews|size|look|price_suspicious,page2,page1,price_value,reviews,4,5,4,2,4,5,5,4,low_rating|few_reviews|material_unclear|blur_image|mismatch_title,eva,semi,unlikely,better_value,3,3
662,A,review_count|star_rating|material_word|magnets|imagine_look,reviews_photos|negative_reviews|bullets|size_specs|material_cert|qa|zoom_images,negative_reviews,not_buy,price_too_high|want_compare,yes_more,C,not_buy,want_compare|brand,B,add_cart,no_concern,B,timing,price_too_high,final_purchase,brand,few_reviews|pack,look|few_reviews,few_reviews|size,page2,page1,reviews,price_value,4,4,4,2,4,5,5,4,low_rating|few_reviews|material_unclear|blur_image,eva,semi,yes_somewhat,better_rating,5,4
663,A,main_image|color_pattern|star_rating|review_count|material_word|magnets|imagine_look|right_size,reviews_photos|negative_reviews|bullets|size_specs|material_cert|qa|zoom_images,negative_reviews,not_buy,price_too_high|want_compare,yes_more,B,not_buy,price_suspicious|material|look|want_compare,E,not_buy,few_reviews|want_compare,A,price|timing,fallback_favorite|price_too_high,price_suspicious|material|look,price_suspicious|material|look,few_reviews|material|pack,few_reviews,few_reviews|size|look,page2,page1,reviews,material,4,5,4,2,4,4,5,5,low_rating|few_reviews|no_size|material_unclear|blur_image|mismatch_title,eva,semi,yes_somewhat,better_rating,3,4
664,A,main_image|color_pattern|star_rating|review_count|material_word|imagine_look|magnets,reviews_photos|negative_reviews|bullets|size_specs|material_cert|zoom_images|price_deal,reviews_photos,add_cart,want_compare|price_too_high,yes_more,B,not_buy,price_suspicious|material|review_concern,C,not_buy,price_suspicious|material|brand,A,price|timing,fallback_favorite|price_too_high,price_suspicious|material|review_concern,price_suspicious|material|brand,few_reviews|material|pack,look|few_reviews,few_reviews|size|transparency,page2,page1,reviews,material,4,5,4,2,4,4,5,5,low_rating|few_reviews|no_size|material_unclear|blur_image|no_bullets,eva,semi,yes_somewhat,better_rating,3,4
665,A,star_rating|review_count|material_word|imagine_look|magnets,negative_reviews|reviews_photos|bullets|material_cert|size_specs|zoom_images,negative_reviews,not_buy,price_too_high|want_compare,yes_more,C,not_buy,brand|price_suspicious|want_compare,B,not_buy,brand|price_suspicious|want_compare,A,price|timing,fallback_favorite|price_too_high,brand|price_suspicious,brand|price_suspicious,few_reviews|brand,few_reviews|brand,few_reviews|size,page2,page1,reviews,material,4,4,4,2,4,4,5,5,low_rating|few_reviews|material_unclear|blur_image|mismatch_title,eva,semi,yes_somewhat,better_rating,4,4
666,A,main_image|color_pattern|star_rating|review_count|material_word|imagine_look|magnets|right_size,reviews_photos|negative_reviews|bullets|size_specs|material_cert|zoom_images|qa,negative_reviews,not_buy,price_too_high|want_compare,yes_more,C,not_buy,price_suspicious|material|brand|want_compare,B,not_buy,price_suspicious|material|look|want_compare,A,price|reviews_trust,fallback_favorite|price_too_high,price_suspicious|material|look,price_suspicious|material|brand,few_reviews|material|pack,look|few_reviews,few_reviews|size|transparency,page2,page1,material,reviews,4,5,4,2,4,4,5,5,low_rating|few_reviews|no_size|material_unclear|blur_image|no_bullets,eva,semi,yes_somewhat,better_function,3,4
667,A,main_image|color_pattern|review_count|star_rating|material_word|magnets|imagine_look,reviews_photos|negative_reviews|bullets|size_specs|material_cert|zoom_images,negative_reviews,not_buy,price_too_high,yes_more,B,not_buy,price_suspicious|material|look,C,not_buy,price_suspicious|material|few_reviews,A,price,fallback_favorite|price_too_high,price_suspicious|material|look,price_suspicious|material|few_reviews,few_reviews|pack|material,brand|few_reviews|look,few_reviews|size|transparency,page2,page1,price_value,reviews,4,5,4,2,4,5,5,5,low_rating|no_size|material_unclear|blur_image|mismatch_title,eva,semi,unlikely,better_value,2,4
668,A,main_image|review_count|star_rating|material_word|magnets|imagine_look,reviews_photos|negative_reviews|bullets|size_specs|material_cert|zoom_images,negative_reviews,not_buy,price_too_high|want_compare,yes_more,B,not_buy,price_suspicious|material|want_compare,E,not_buy,few_reviews|material|want_compare,A,price|timing,fallback_favorite|price_too_high,price_suspicious|material,price_suspicious|brand|few_reviews,few_reviews|material|pack,few_reviews|look|brand,few_reviews|size|look,page2,page1,reviews,price_value,4,4,4,2,4,5,5,5,low_rating|few_reviews|no_size|material_unclear|blur_image,eva,semi,yes_somewhat,better_rating,3,4
669,A,main_image|color_pattern|star_rating|review_count|material_word|imagine_look,reviews_photos|negative_reviews|bullets|size_specs|material_cert|zoom_images,negative_reviews,add_cart,price_too_high|want_compare,yes_more,B,add_cart,look|want_compare,C,add_cart,few_reviews|want_compare,B,look_compromise|material|timing,price_too_high,look|material,few_reviews|brand,few_reviews|material|pack,look|few_reviews|brand,few_reviews|size|look,page2,page1,price_value,reviews,4,5,4,2,4,5,5,4,low_rating|few_reviews|no_size|material_unclear|blur_image|no_bullets,eva,semi,neutral,better_value,2,3
670,A,main_image|color_pattern|star_rating|review_count|material_word|imagine_look|right_size,reviews_photos|negative_reviews|bullets|size_specs|material_cert|zoom_images,negative_reviews,add_cart,price_too_high|want_compare,yes_more,C,add_cart,price_suspicious|material|want_compare,B,not_buy,few_reviews|look|want_compare,C,material,price_too_high,look|few_reviews,price_suspicious|material,few_reviews|material,look|brand|few_reviews,few_reviews|size|look,page2,page1,reviews,price_value,4,5,4,2,4,4,5,4,low_rating|few_reviews|no_size|material_unclear|blur_image|mismatch_title,eva,semi,yes_somewhat,better_rating,4,4
671,A,review_count|star_rating|material_word|magnets|main_image,reviews_photos|negative_reviews|bullets|size_specs|material_cert|zoom_images|qa,negative_reviews,add_cart,price_too_high|want_compare,yes_more,B,add_cart,look|want_compare,C,add_cart,few_reviews|look|want_compare,A,price,fallback_favorite|price_too_high,look,few_reviews|look,few_reviews|material|pack,look|few_reviews|brand,few_reviews|size|material,page2,page1,reviews,price_value,4,4,4,2,4,5,5,4,low_rating|few_reviews|no_size|material_unclear|blur_image,eva,semi,neutral,better_rating,3,4
672,A,main_image|color_pattern|star_rating|review_count|material_word|magnets|imagine_look|right_size,negative_reviews|reviews_photos|bullets|material_cert|size_specs|zoom_images|qa,negative_reviews,not_buy,price_too_high|want_compare|transparency,yes_more,B,not_buy,price_suspicious|material|transparency|want_compare,E,not_buy,few_reviews|material|want_compare,A,price|look_compromise,fallback_favorite|price_too_high|look|transparency,price_suspicious|material|transparency|look,price_suspicious|material|transparency|look|few_reviews,few_reviews|material|pack,few_reviews|material|brand,few_reviews|size|look|transparency,page2,page1,material,reviews,4,5,4,2,4,4,5,5,low_rating|no_size|material_unclear|blur_image|mismatch_title,eva,blackout,yes_somewhat,better_function,3,4
673,A,main_image|color_pattern|star_rating|review_count|material_word|imagine_look,reviews_photos|negative_reviews|bullets|size_specs|material_cert|zoom_images|qa,reviews_photos,add_cart,price_too_high|want_compare,yes_more,B,add_cart,price_suspicious|material|want_compare,C,add_cart,price_suspicious|material|want_compare,A,price|timing,fallback_favorite|price_too_high,price_suspicious|material|brand,price_suspicious|material|brand,few_reviews|material|pack,look|few_reviews|brand,few_reviews|size|material,page2,page1,reviews,material,4,5,4,3,4,5,5,4,low_rating|few_reviews|no_size|material_unclear|blur_image|no_bullets,eva,semi,yes_somewhat,better_value,3,4
674,A,main_image|color_pattern|review_count|material_word|imagine_look|magnets,reviews_photos|negative_reviews|bullets|size_specs|material_cert|zoom_images|qa,negative_reviews,not_buy,price_too_high|want_compare,yes_more,C,not_buy,price_suspicious|few_reviews|material,B,not_buy,price_suspicious|look|material,A,price|timing,fallback_favorite|price_too_high,price_suspicious|look|material,price_suspicious|few_reviews|material,few_reviews|material|pack,look|material|few_reviews,few_reviews|size|material,page1,page1,reviews,material,4,5,4,2,4,4,5,4,low_rating|few_reviews|no_size|material_unclear|blur_image|no_bullets,eva,semi,unlikely,better_rating,3,4
675,A,review_count|star_rating|material_word|magnets|main_image|imagine_look,reviews_photos|negative_reviews|bullets|size_specs|material_cert|zoom_images|qa|delivery_returns,negative_reviews,not_buy,price_too_high|want_compare,yes_more,C,not_buy,price_suspicious|brand|want_compare,B,not_buy,price_suspicious|brand|look|want_compare,A,price|timing,fallback_favorite|price_too_high,price_suspicious|brand|look,price_suspicious|brand,few_reviews|pack|material,few_reviews|look|brand,few_reviews|size|material,page1,page1,reviews,material,4,5,4,2,4,3,5,4,low_rating|few_reviews|no_size|material_unclear|blur_image,eva,semi,yes_somewhat,better_rating,3,4
676,A,main_image|color_pattern|star_rating|review_count|material_word|imagine_look,reviews_photos|negative_reviews|bullets|size_specs|material_cert|zoom_images,negative_reviews,not_buy,price_too_high|want_compare,yes_more,C,not_buy,price_suspicious|brand|few_reviews,B,add_cart,want_compare,A,price|timing,fallback_favorite|price_too_high,price_suspicious|brand,price_suspicious|brand|few_reviews,few_reviews|material,look|few_reviews,few_reviews|size|look,page2,page1,price_value,reviews,4,5,4,2,4,5,5,4,low_rating|no_size|material_unclear|blur_image|mismatch_title,eva,semi,yes_somewhat,better_value,3,4
677,A,main_image|color_pattern|star_rating|review_count|magnets|material_word|imagine_look,reviews_photos|negative_reviews|bullets|size_specs|material_cert|zoom_images|qa,negative_reviews,add_cart,price_too_high,yes_more,C,not_buy,price_suspicious|few_reviews|material,B,not_buy,price_suspicious|material|look,A,price,fallback_favorite|price_too_high,price_suspicious|material|look,price_suspicious|few_reviews|material,few_reviews|material|pack,look|few_reviews|transparency,few_reviews|size|transparency|material,page2,page1,material,reviews,4,5,4,2,4,4,5,5,low_rating|few_reviews|no_size|material_unclear|blur_image|mismatch_title,eva,semi,yes_somewhat,better_value,3,4
678,B,color_pattern|main_image|price|star_rating|review_count|magnets|material_word|imagine_look,bullets|reviews_photos|negative_reviews|size_specs|material_cert|zoom_images|price_deal,reviews_photos,add_cart,want_compare|material,yes_more,C,add_cart,brand|review_concern|want_compare,A,buy_now,no_concern,A,no_blocker,final_purchase,material|brand|price_suspicious,brand|price_suspicious|review_concern,few_reviews|brand|material,look|transparency|few_reviews,few_reviews|look|size,page2,page1,reviews,material,4,4,4,2,4,4,5,5,low_rating|few_reviews|no_size|material_unclear|blur_image|no_bullets,eva,semi,unlikely,better_rating,4,5
679,A,main_image|color_pattern|star_rating|review_count|material_word|imagine_look,reviews_photos|negative_reviews|bullets|size_specs|material_cert|zoom_images,negative_reviews,not_buy,price_too_high|want_compare,yes_more,B,not_buy,material|price_suspicious|look,C,not_buy,material|price_suspicious|want_compare,A,price|timing,fallback_favorite|price_too_high,price_suspicious|material|look,price_suspicious|material,few_reviews|material|pack,look|few_reviews|brand,few_reviews|size|transparency,page2,page1,material,reviews,4,5,4,2,4,4,5,5,low_rating|few_reviews|no_size|material_unclear|blur_image|no_bullets,eva,semi,yes_somewhat,better_function,4,4
680,A,main_image|color_pattern|star_rating|review_count|material_word|imagine_look,reviews_photos|negative_reviews|bullets|size_specs|material_cert|zoom_images|price_deal,negative_reviews,not_buy,price_too_high|want_compare,yes_more,B,not_buy,price_suspicious|look|material,C,not_buy,price_suspicious|look|material|want_compare,A,price|timing,fallback_favorite|price_too_high,price_suspicious|look|material,price_suspicious|look|material,few_reviews|pack|material,look|few_reviews,few_reviews|size|look,page2,page1,material,price_value,4,5,4,2,4,5,5,5,low_rating|few_reviews|no_size|material_unclear|blur_image|mismatch_title,eva,semi,yes_somewhat,better_value,3,4
681,A,main_image|color_pattern|star_rating|review_count|material_word|imagine_look|magnets,reviews_photos|negative_reviews|bullets|size_specs|material_cert|qa|zoom_images,reviews_photos,not_buy,price_too_high|want_compare,yes_more,B,not_buy,look|want_compare,C,not_buy,price_suspicious|few_reviews|want_compare,A,price|info_gap,fallback_favorite|price_too_high,look,price_suspicious|few_reviews,few_reviews|pack|material,look|few_reviews|brand,few_reviews|size|material,page2,page1,appearance,reviews,4,5,4,2,4,5,5,4,low_rating|few_reviews|no_size|material_unclear|blur_image|mismatch_title,eva,semi,yes_somewhat,better_value,3,5
682,A,main_image|color_pattern|star_rating|review_count|material_word|magnets|imagine_look,reviews_photos|negative_reviews|bullets|size_specs|material_cert|zoom_images|qa,negative_reviews,not_buy,price_too_high|want_compare,yes_more,B,not_buy,price_suspicious|material|want_compare,C,not_buy,price_suspicious|few_reviews|brand|want_compare,A,price|timing,fallback_favorite|price_too_high,price_suspicious|material,price_suspicious|brand|few_reviews,few_reviews|material|pack,look|brand|transparency,few_reviews|size|material,page2,page1,reviews,price_value,4,5,4,2,4,5,5,4,low_rating|few_reviews|no_size|material_unclear|blur_image|no_bullets,eva,semi,yes_somewhat,better_rating,3,4
683,A,main_image|color_pattern|star_rating|review_count|title_keyword|material_word|imagine_look,negative_reviews|bullets|size_specs|material_cert|qa|zoom_images|reviews_photos,negative_reviews,not_buy,price_too_high|want_compare,yes_more,B,not_buy,look|want_compare,C,not_buy,look|want_compare,A,price,fallback_favorite|price_too_high,look,look,few_reviews|material,few_reviews|brand,few_reviews|size,page2,page1,reviews,price_value,4,5,4,2,4,4,5,4,low_rating|no_size|material_unclear|blur_image,eva,semi,yes_somewhat,better_rating,3,4
684,A,main_image|color_pattern|star_rating|review_count|material_word|imagine_look,reviews_photos|negative_reviews|bullets|size_specs|material_cert|zoom_images|qa,negative_reviews,not_buy,price_too_high|want_compare,yes_more,B,not_buy,price_suspicious|material|want_compare,C,not_buy,price_suspicious|material|brand|want_compare,A,price|timing,fallback_favorite|price_too_high,price_suspicious|material,price_suspicious|material|brand,few_reviews|material|pack,look|few_reviews|brand,few_reviews|size|brand,page2,page1,reviews,price_value,4,5,4,2,4,4,5,4,low_rating|no_size|material_unclear|blur_image|no_bullets|mismatch_title,eva,semi,yes_somewhat,better_rating,4,4
685,A,main_image|color_pattern|review_count|material_word|imagine_look|magnets,reviews_photos|negative_reviews|bullets|size_specs|material_cert|zoom_images,negative_reviews,not_buy,price_too_high|want_compare,yes_more,B,not_buy,price_suspicious|look|want_compare,C,not_buy,look|brand|want_compare,A,price|reviews_trust,fallback_favorite|price_too_high,look|price_suspicious|brand,look|brand|material,few_reviews|material|pack,look|few_reviews|brand,few_reviews|size|look,page2,page1,reviews,price_value,4,5,4,2,4,5,5,4,low_rating|few_reviews|no_size|material_unclear|blur_image|mismatch_title,eva,semi,yes_somewhat,better_rating,3,4
686,A,main_image|color_pattern|star_rating|review_count|material_word|magnets|imagine_look,reviews_photos|negative_reviews|bullets|size_specs|material_cert|zoom_images|qa,negative_reviews,add_cart,price_too_high|want_compare,yes_more,B,add_cart,price_suspicious|want_compare,C,add_cart,few_reviews|price_suspicious|want_compare,C,reviews_trust|material|timing,price_too_high,price_suspicious,fallback_favorite,few_reviews|material|pack,look|few_reviews,few_reviews|size|material,page2,page1,price_value,reviews,4,5,4,2,4,5,5,4,low_rating|no_size|material_unclear|blur_image,eva,semi,yes_somewhat,better_value,4,4
687,A,main_image|color_pattern|star_rating|review_count|material_word|right_size|imagine_look,reviews_photos|negative_reviews|bullets|size_specs|material_cert|qa|zoom_images,negative_reviews,not_buy,price_too_high|want_compare,yes_more,C,not_buy,brand|want_compare,B,not_buy,look|material|brand,A,price|timing,fallback_favorite|price_too_high,look|material|brand,brand|review_concern,few_reviews|material|pack,look|few_reviews|brand,few_reviews|size|look,page2,page1,reviews,price_value,4,5,4,2,4,4,5,4,low_rating|few_reviews|no_size|material_unclear|blur_image|mismatch_title,eva,semi,yes_somewhat,better_rating,3,4
688,A,main_image|color_pattern|star_rating|review_count|material_word|imagine_look,reviews_photos|negative_reviews|bullets|size_specs|material_cert|price_deal|delivery_returns|zoom_images,reviews_photos,not_buy,price_too_high|want_compare,yes_more,B,not_buy,price_suspicious|look|want_compare,C,not_buy,price_suspicious|brand|want_compare,A,price|timing,fallback_favorite|price_too_high,price_suspicious|look,price_suspicious|brand,few_reviews|pack,look|few_reviews,few_reviews|size,page2,page1,reviews,material,4,5,4,3,4,5,5,5,low_rating|few_reviews|no_size|material_unclear|blur_image|no_bullets|mismatch_title,eva,semi,yes_somewhat,better_rating,3,4
689,A,main_image|color_pattern|star_rating|review_count|material_word|imagine_look,reviews_photos|negative_reviews|bullets|material_cert|size_specs|zoom_images|qa,negative_reviews,add_cart,price_too_high|want_compare,yes_more,C,add_cart,price_suspicious|few_reviews|want_compare,E,not_buy,look|few_reviews|material,A,price|timing,fallback_favorite|price_too_high,price_suspicious|few_reviews,price_suspicious|few_reviews,few_reviews|pack,look|few_reviews,few_reviews|size|look,page2,page1,rating,reviews,4,5,4,2,4,4,5,4,low_rating|no_size|material_unclear|blur_image|mismatch_title,eva,semi,yes_somewhat,better_rating,3,4
690,A,main_image,reviews_photos,reviews_photos,buy_now,no_concern,yes_more,A,skip_ordered,skip_ordered,A,skip_ordered,skip_ordered,A,no_blocker,final_purchase,final_purchase,final_purchase,final_purchase,final_purchase,final_purchase,page1,page1,price_value,price_value,3,3,3,3,3,3,3,3,low_rating,eva,fully_transparent,yes_strongly,lower_price,3,3
691,A,main_image|color_pattern|star_rating|review_count|material_word|imagine_look,reviews_photos|negative_reviews|bullets|size_specs|material_cert|zoom_images|qa,reviews_photos,not_buy,price_too_high|want_compare,yes_more,C,not_buy,price_suspicious|material|want_compare,B,not_buy,look|transparency|want_compare,C,reviews_trust|material|info_gap,price_too_high,look|transparency|price_suspicious,fallback_favorite|few_reviews|material,few_reviews|material|pack,look|few_reviews|brand,size|few_reviews|material,page2,page1,reviews,price_value,4,5,4,2,4,5,5,4,low_rating|few_reviews|no_size|material_unclear|blur_image|no_bullets,eva,semi,yes_somewhat,better_rating,4,4
692,A,main_image|color_pattern|star_rating|review_count|title_keyword|material_word|imagine_look,reviews_photos|negative_reviews|bullets|size_specs|material_cert|zoom_images|qa,negative_reviews,not_buy,price_too_high|want_compare,yes_more,B,not_buy,price_suspicious|material|want_compare,E,not_buy,few_reviews|transparency|want_compare,A,price|timing,fallback_favorite|price_too_high,price_suspicious|material,price_suspicious|brand,few_reviews|pack,transparency|few_reviews,size|few_reviews|transparency,page2,page1,reviews,material,4,5,4,2,4,4,5,5,low_rating|few_reviews|no_size|material_unclear|blur_image|mismatch_title,eva,semi,yes_somewhat,better_rating,3,4
693,A,main_image|color_pattern|star_rating|review_count|material_word|magnets|imagine_look|right_size,reviews_photos|negative_reviews|bullets|size_specs|material_cert|zoom_images|qa,negative_reviews,not_buy,price_too_high|want_compare|transparency,yes_more,C,add_cart,price_suspicious|material|want_compare,E,not_buy,few_reviews|look|transparency,A,price|timing,fallback_favorite|price_too_high,price_suspicious|brand|look,price_suspicious|brand|material,few_reviews|material|pack|brand,few_reviews|look|transparency,few_reviews|size|brand|look,page2,page1,reviews,material,4,5,4,2,4,4,5,4,low_rating|few_reviews|no_size|material_unclear|blur_image|mismatch_title,eva,semi,yes_somewhat,better_rating,3,3
694,A,main_image|color_pattern|review_count|material_word|imagine_look|magnets,reviews_photos|negative_reviews|bullets|size_specs|material_cert|zoom_images|qa,reviews_photos,add_cart,price_too_high|want_compare,yes_more,B,add_cart,price_suspicious|want_compare,C,add_cart,price_suspicious|want_compare,B,material|info_gap,price_too_high,fallback_favorite,price_suspicious,few_reviews|pack,look|few_reviews,few_reviews|size,page2,page1,price_value,reviews,4,5,4,2,4,5,5,4,low_rating|few_reviews|no_size|material_unclear|blur_image,eva,semi,yes_somewhat,lower_price,5,4
695,A,main_image|color_pattern|star_rating|review_count|material_word|imagine_look|title_keyword,reviews_photos|negative_reviews|bullets|size_specs|material_cert|zoom_images|qa,negative_reviews,not_buy,price_too_high|want_compare,yes_more,C,not_buy,price_suspicious|material|info_incomplete|want_compare,B,add_cart,want_compare,B,info_gap|material,price_too_high,fallback_favorite,price_suspicious|material,few_reviews|material,look|few_reviews,few_reviews|size,page2,page1,price_value,reviews,4,5,4,2,4,5,5,4,low_rating|no_size|material_unclear|blur_image|mismatch_title,eva,semi,yes_somewhat,better_value,4,4
696,A,star_rating|review_count|material_word|imagine_look|main_image,reviews_photos|negative_reviews|bullets|size_specs|material_cert|zoom_images|qa,negative_reviews,not_buy,price_too_high|want_compare,yes_more,C,not_buy,want_compare|few_reviews,B,not_buy,want_compare|material,C,reviews_trust|info_gap,price_too_high,material,fallback_favorite,few_reviews|material,rating|few_reviews|look,few_reviews|size|look,page2,page1,reviews,price_value,4,5,4,2,4,4,5,4,low_rating|few_reviews|no_size|material_unclear|blur_image,eva,semi,unlikely,better_rating,4,4
697,A,main_image|color_pattern|review_count|star_rating|material_word|imagine_look,reviews_photos|negative_reviews|bullets|size_specs|material_cert|zoom_images|price_deal,reviews_photos,not_buy,price_too_high|want_compare,yes_more,E,not_buy,few_reviews|want_compare,C,not_buy,look|price_suspicious,A,price|timing,fallback_favorite|price_too_high,price_suspicious|look,look|price_suspicious,few_reviews|pack|material,few_reviews|look,few_reviews|size|look,page2,page1,price_value,reviews,4,5,4,2,4,5,5,4,low_rating|few_reviews|no_size|material_unclear|blur_image|mismatch_title,eva,semi,yes_somewhat,better_value,3,4
698,A,star_rating|review_count|material_word|magnets|imagine_look|right_size,reviews_photos|negative_reviews|bullets|size_specs|material_cert|qa|zoom_images,negative_reviews,not_buy,price_too_high|want_compare,yes_more,C,not_buy,price_suspicious|brand|material|want_compare,E,not_buy,few_reviews|brand|look|want_compare,A,price|timing|info_gap,fallback_favorite|price_too_high,price_suspicious|brand|material|look,price_suspicious|brand|look|material,few_reviews|brand|material|pack,few_reviews|brand|look,few_reviews|brand|size|transparency,page2,page1,reviews,material,4,4,4,2,4,4,5,5,low_rating|few_reviews|no_size|material_unclear|blur_image|no_bullets|mismatch_title,eva,semi,unlikely,better_rating,3,3
699,A,main_image|color_pattern|star_rating|review_count|material_word|imagine_look|right_size,reviews_photos|negative_reviews|bullets|size_specs|material_cert|zoom_images|qa,negative_reviews,not_buy,price_too_high|want_compare,yes_more,B,not_buy,look|want_compare,C,not_buy,look|brand|want_compare,A,price|look_compromise,fallback_favorite|price_too_high|look,look,look|brand,few_reviews|material|pack,look|transparency|material,few_reviews|size|material,page2,page1,reviews,price_value,4,5,4,2,4,5,5,5,low_rating|no_size|material_unclear|blur_image|mismatch_title,eva,semi,yes_somewhat,better_rating,3,4
700,A,main_image|color_pattern|star_rating|review_count|material_word|magnets|imagine_look,reviews_photos|negative_reviews|bullets|size_specs|material_cert|qa|zoom_images,negative_reviews,not_buy,price_too_high|want_compare,yes_more,B,not_buy,price_suspicious|look|want_compare,C,not_buy,price_suspicious|transparency|want_compare,A,price,fallback_favorite|price_too_high,price_suspicious|look,price_suspicious|transparency,few_reviews|material|pack,look|few_reviews,few_reviews|size|material,page2,page1,reviews,price_value,4,5,4,2,4,5,5,4,low_rating|few_reviews|no_size|material_unclear|blur_image|no_bullets,eva,semi,unlikely,better_rating,4,4
701,A,main_image|color_pattern|star_rating|review_count|material_word|magnets|imagine_look|right_size,reviews_photos|negative_reviews|bullets|material_cert|size_specs|zoom_images|qa|price_deal,reviews_photos,add_cart,want_compare,yes_more,B,not_buy,price_suspicious|material|want_compare,C,not_buy,price_suspicious|few_reviews|want_compare,A,price|timing,fallback_favorite|price_too_high,price_suspicious|material|brand,price_suspicious|few_reviews|brand,few_reviews|material|pack,look|brand|few_reviews,few_reviews|size|material,page2,page1,material,reviews,4,5,5,3,4,4,5,5,low_rating|few_reviews|material_unclear|blur_image|mismatch_title,eva,semi,yes_somewhat,better_rating,3,4
702,A,main_image|review_count|star_rating|material_word|magnets|imagine_look|right_size,reviews_photos|negative_reviews|bullets|size_specs|material_cert|qa|zoom_images,negative_reviews,not_buy,price_too_high|want_compare,yes_more,C,add_cart,price_suspicious|material|brand|want_compare,B,not_buy,price_suspicious|material|brand|want_compare,A,price|timing,fallback_favorite|price_too_high,price_suspicious|material|brand,price_suspicious|material|brand,few_reviews|material|pack,look|transparency|few_reviews|brand,few_reviews|size|material,page2,page1,reviews,material,4,5,4,2,4,5,5,5,low_rating|few_reviews|no_size|material_unclear|blur_image|mismatch_title,eva,semi,unlikely,better_rating,3,4
703,A,review_count|star_rating|material_word|imagine_look|title_keyword,reviews_photos|negative_reviews|bullets|material_cert|size_specs|qa|zoom_images,negative_reviews,add_cart,price_too_high|want_compare,yes_more,C,add_cart,look|brand|want_compare,B,add_cart,look|price_suspicious|want_compare,A,price,fallback_favorite|price_too_high,look|price_suspicious,look|brand,few_reviews|material,look|few_reviews,few_reviews|size|transparency,page2,page1,reviews,price_value,4,5,4,2,4,4,5,4,low_rating|few_reviews|material_unclear|blur_image,eva,semi,yes_somewhat,better_rating,3,4
704,A,main_image|color_pattern|star_rating|review_count|material_word|imagine_look|title_keyword,reviews_photos|negative_reviews|bullets|size_specs|material_cert|zoom_images|qa,negative_reviews,not_buy,price_too_high|want_compare,yes_more,B,not_buy,price_suspicious|material|want_compare,C,not_buy,price_suspicious|brand|few_reviews|want_compare,A,price|timing,price_too_high|fallback_favorite,price_suspicious|material|brand,price_suspicious|brand|few_reviews,few_reviews|brand|material,look|few_reviews|brand|transparency,few_reviews|size|material|brand,page2,page1,price_value,reviews,5,4,4,2,4,5,5,4,low_rating|no_size|material_unclear|blur_image|mismatch_title,eva,semi,yes_somewhat,better_value,2,4
705,A,main_image|color_pattern|star_rating|review_count|material_word|imagine_look|magnets,reviews_photos|negative_reviews|bullets|size_specs|material_cert|zoom_images|qa,negative_reviews,not_buy,price_too_high|want_compare,yes_more,B,not_buy,look|want_compare,C,not_buy,few_reviews|want_compare,B,reviews_trust|material,price_too_high,fallback_favorite,few_reviews,few_reviews|material,look|few_reviews,few_reviews|size|look,page2,page1,price_value,reviews,4,5,4,2,4,5,5,4,low_rating|no_size|material_unclear|blur_image|mismatch_title,eva,semi,yes_somewhat,better_value,4,4
706,A,star_rating|review_count|material_word|magnets|imagine_look,negative_reviews|reviews_photos|bullets|material_cert|size_specs|zoom_images|price_deal,negative_reviews,not_buy,price_too_high|want_compare,yes_more,C,not_buy,price_suspicious|material|want_compare,B,not_buy,price_suspicious|material|want_compare,A,price|timing|info_gap,fallback_favorite|price_too_high,price_suspicious|material|brand,price_suspicious|material|brand,few_reviews|material|pack,few_reviews|look|brand,few_reviews|size|material,page2,page1,reviews,material,4,5,4,2,4,4,5,5,low_rating|few_reviews|no_size|material_unclear|blur_image|mismatch_title,eva,semi,yes_somewhat,better_rating,3,4
707,A,review_count|star_rating|material_word|magnets|right_size|main_image,negative_reviews|reviews_photos|bullets|material_cert|size_specs|zoom_images|qa,negative_reviews,not_buy,price_too_high|want_compare,yes_more,C,not_buy,price_suspicious|material|brand,E,not_buy,look|transparency|few_reviews,A,price|timing,fallback_favorite|price_too_high,price_suspicious|material|brand,price_suspicious|material|brand,few_reviews|material|pack,look|transparency|few_reviews,few_reviews|size|material,page2,page1,reviews,material,4,5,4,2,4,3,5,5,low_rating|few_reviews|material_unclear|blur_image|no_size,eva,semi,unlikely,better_rating,3,4
708,A,review_count|star_rating|material_word|magnets|main_image,negative_reviews|reviews_photos|bullets|material_cert|size_specs|zoom_images|qa,negative_reviews,not_buy,price_too_high|want_compare,yes_more,B,not_buy,price_suspicious|material|want_compare,C,not_buy,price_suspicious|look|want_compare,A,price,fallback_favorite|price_too_high,price_suspicious|material,price_suspicious|look,few_reviews|price_suspicious,few_reviews|brand|look,few_reviews|size,page2,page1,reviews,price_value,4,4,4,2,4,5,5,4,low_rating|few_reviews|material_unclear|blur_image|mismatch_title,eva,semi,unlikely,better_rating,3,4
709,A,main_image|color_pattern|star_rating|review_count|material_word|imagine_look,reviews_photos|negative_reviews|bullets|size_specs|material_cert|zoom_images|qa,negative_reviews,add_cart,price_too_high|transparency,yes_more,C,add_cart,price_suspicious|brand|transparency,E,not_buy,few_reviews|look|brand,A,price|look_compromise,fallback_favorite|price_too_high,price_suspicious|transparency|brand,price_suspicious|transparency|brand,few_reviews|look|pack,few_reviews|look|brand,few_reviews|size|transparency,page2,page1,reviews,material,4,5,4,2,4,4,5,5,low_rating|few_reviews|no_size|material_unclear|blur_image|mismatch_title,eva,semi,yes_somewhat,better_rating,4,4
710,A,main_image|color_pattern|star_rating|review_count|material_word|imagine_look|right_size,reviews_photos|negative_reviews|bullets|size_specs|material_cert|zoom_images,negative_reviews,not_buy,price_too_high|want_compare,yes_more,B,not_buy,look|price_suspicious|want_compare,C,not_buy,price_suspicious|few_reviews|want_compare,A,price|timing,fallback_favorite|price_too_high,look|price_suspicious,price_suspicious|few_reviews,few_reviews|material,look|few_reviews,few_reviews|size|material,page1,page1,price_value,reviews,4,5,4,2,4,5,5,4,low_rating|few_reviews|no_size|material_unclear|blur_image,eva,semi,yes_somewhat,lower_price,3,4
711,A,star_rating|review_count|color_pattern|material_word|magnets|imagine_look,reviews_photos|negative_reviews|bullets|size_specs|material_cert|aplus|qa|zoom_images,negative_reviews,not_buy,price_too_high|want_compare,yes_more,C,not_buy,price_suspicious|material|brand|want_compare,E,not_buy,few_reviews|look|info_incomplete|want_compare,A,price|timing,fallback_favorite|price_too_high,price_suspicious|brand|material,price_suspicious|brand|material,few_reviews|material|brand|pack,few_reviews|look|info_incomplete,few_reviews|size|brand|material,page2,page1,reviews,material,4,5,4,2,4,4,5,5,few_reviews|no_size|material_unclear|blur_image|mismatch_title,eva,semi,yes_somewhat,better_rating,3,4
712,A,main_image|star_rating|review_count|material_word|magnets|imagine_look,reviews_photos|negative_reviews|bullets|size_specs|material_cert|zoom_images|qa,negative_reviews,not_buy,price_too_high|want_compare,yes_more,C,not_buy,price_suspicious|material|review_concern|brand|want_compare,B,not_buy,price_suspicious|material|review_concern|brand|transparency|want_compare,A,price|info_gap,fallback_favorite|price_too_high,price_suspicious|material|brand|transparency,price_suspicious|material|brand|review_concern,few_reviews|material|pack,look|few_reviews|brand,few_reviews|size|brand|material,page2,page1,reviews,material,4,5,4,2,5,4,5,5,low_rating|few_reviews|no_size|material_unclear|blur_image|mismatch_title,eva,semi,neutral,better_rating,3,4
713,A,main_image|color_pattern|star_rating|review_count|material_word|magnets|imagine_look,reviews_photos|negative_reviews|bullets|size_specs|material_cert|zoom_images|qa,negative_reviews,not_buy,price_too_high|want_compare,yes_more,C,not_buy,price_suspicious|few_reviews|want_compare,F,not_buy,few_reviews|size|price_suspicious,A,price|look_compromise,fallback_favorite|price_too_high,price_suspicious|look,price_suspicious|few_reviews,few_reviews|material,look|brand,few_reviews|size,page2,page1,reviews,material,4,5,4,2,4,4,5,5,low_rating|no_size|material_unclear|blur_image|no_bullets,eva,semi,yes_somewhat,better_rating,3,4
714,A,main_image|color_pattern|star_rating|review_count|material_word|imagine_look|magnets,reviews_photos|negative_reviews|bullets|size_specs|material_cert|zoom_images|price_deal,negative_reviews,not_buy,price_too_high|want_compare,yes_more,B,not_buy,look|price_suspicious|material,E,not_buy,few_reviews|transparency|brand,A,price|timing,fallback_favorite|price_too_high,look|price_suspicious|material,look|price_suspicious|brand,few_reviews|pack|material,few_reviews|transparency|brand,few_reviews|size|look,page2,page1,reviews,price_value,4,5,4,2,4,5,5,4,low_rating|few_reviews|no_size|material_unclear|blur_image|mismatch_title,eva,semi,yes_somewhat,better_rating,3,4
715,A,main_image|star_rating|review_count|material_word|magnets|imagine_look|color_pattern,reviews_photos|negative_reviews|bullets|material_cert|size_specs|qa|zoom_images,negative_reviews,not_buy,price_too_high|want_compare,yes_more,B,not_buy,price_suspicious|look|material,C,not_buy,price_suspicious|material|look,A,price|reviews_trust,fallback_favorite|price_too_high,price_suspicious|look|material,price_suspicious|material|look,few_reviews|pack|material,few_reviews|brand|look,few_reviews|size|look,page1,page1,reviews,price_value,4,5,4,2,4,4,5,5,low_rating|few_reviews|no_size|material_unclear|blur_image|mismatch_title,eva,semi,yes_somewhat,better_rating,3,4
716,A,star_rating|review_count|material_word|magnets|imagine_look|main_image,reviews_photos|negative_reviews|bullets|size_specs|material_cert|zoom_images|qa,negative_reviews,add_cart,price_too_high|want_compare,yes_more,B,add_cart,look|material|want_compare,C,not_buy,brand|price_suspicious|look,A,price|timing,fallback_favorite|price_too_high,look|material,brand|price_suspicious|look,few_reviews|material|pack,look|few_reviews,few_reviews|size|material,page2,page1,material,reviews,4,5,4,2,4,4,5,5,low_rating|no_size|material_unclear|blur_image|mismatch_title,eva,semi,yes_somewhat,better_value,3,4
717,A,main_image|color_pattern|star_rating|review_count|material_word|imagine_look|right_size,reviews_photos|negative_reviews|bullets|size_specs|material_cert|zoom_images|qa|price_deal,reviews_photos,not_buy,price_too_high|want_compare,yes_more,B,not_buy,price_suspicious|look|want_compare,C,not_buy,price_suspicious|few_reviews|want_compare,A,price|look_compromise,fallback_favorite|price_too_high,price_suspicious|look,price_suspicious|few_reviews,few_reviews|pack|material,look|few_reviews,few_reviews|size|look,page2,page1,reviews,price_value,4,5,4,2,4,4,5,4,low_rating|no_size|material_unclear|blur_image|mismatch_title,eva,semi,yes_somewhat,better_rating,3,4
718,A,main_image|color_pattern|star_rating|review_count|material_word|right_size|imagine_look|magnets,reviews_photos|negative_reviews|bullets|size_specs|material_cert|qa|zoom_images,negative_reviews,not_buy,price_too_high|transparency|want_compare,yes_more,B,not_buy,price_suspicious|look|transparency,E,not_buy,few_reviews|info_incomplete|want_compare,A,price|look_compromise,fallback_favorite|price_too_high,price_suspicious|look,price_suspicious|look,few_reviews|pack|material,few_reviews|info_incomplete|transparency,few_reviews|size|material,page2,page1,material,reviews,4,5,4,2,4,4,5,5,low_rating|few_reviews|no_size|material_unclear|blur_image|mismatch_title,eva,semi,yes_somewhat,better_rating,3,4
719,C,main_image|color_pattern|price|star_rating|review_count|imagine_look|magnets,reviews_photos|negative_reviews|bullets|size_specs|material_cert|zoom_images|price_deal,negative_reviews,not_buy,price_suspicious|material|want_compare,yes_more,A,not_buy,price_too_high|want_compare,B,add_cart,no_concern,B,no_blocker,price_too_high,final_purchase,price_suspicious|material,few_reviews|material,look|few_reviews,few_reviews|size|look,page2,page1,price_value,reviews,4,4,4,2,4,5,5,4,low_rating|few_reviews|no_size|material_unclear|blur_image|mismatch_title,eva,semi,unlikely,better_value,5,4
720,A,main_image|color_pattern|review_count|star_rating|material_word|magnets|right_size|imagine_look,reviews_photos|negative_reviews|bullets|size_specs|material_cert|qa|zoom_images|price_deal,negative_reviews,not_buy,price_too_high|want_compare,yes_more,C,not_buy,price_suspicious|material|few_reviews|want_compare,B,not_buy,price_suspicious|material|look|want_compare,A,price|info_gap,fallback_favorite|price_too_high,price_suspicious|material|look,price_suspicious|material|few_reviews,few_reviews|material|pack,look|few_reviews|material,few_reviews|size|material,page2,page1,material,reviews,4,5,4,2,4,4,5,5,low_rating|no_size|material_unclear|blur_image|no_bullets,eva,semi,yes_somewhat,better_function,3,4
721,A,main_image|color_pattern|review_count|material_word|magnets|imagine_look,reviews_photos|negative_reviews|bullets|material_cert|size_specs|zoom_images|qa|price_deal,reviews_photos,not_buy,price_too_high|want_compare,yes_more,B,add_cart,want_compare,C,add_cart,want_compare,B,no_blocker,price_too_high,final_purchase,final_purchase,few_reviews,look|few_reviews,few_reviews|size,page2,page1,price_value,reviews,4,5,4,2,4,5,5,4,low_rating|few_reviews|no_size|material_unclear|blur_image|mismatch_title,eva,semi,yes_somewhat,better_value,4,4
722,A,main_image|color_pattern|star_rating|review_count|material_word|imagine_look|magnets,reviews_photos|negative_reviews|bullets|size_specs|material_cert|zoom_images|qa,reviews_photos,add_cart,price_too_high|want_compare,yes_more,C,not_buy,price_suspicious|material|brand|want_compare,B,not_buy,look|material|want_compare,A,price|timing,fallback_favorite|price_too_high,price_suspicious|material|look,price_suspicious|material|brand,few_reviews|material|pack,look|rating|brand,few_reviews|size|material,page2,page1,material,reviews,4,5,4,2,4,4,5,5,low_rating|few_reviews|no_size|material_unclear|blur_image|mismatch_title,eva,semi,unlikely,better_rating,3,4
723,A,main_image|color_pattern|star_rating|review_count|material_word|imagine_look|right_size,reviews_photos|negative_reviews|bullets|size_specs|material_cert|zoom_images|qa|price_deal,negative_reviews,add_cart,price_too_high|want_compare,yes_more,C,add_cart,price_suspicious|few_reviews|brand|want_compare,B,not_buy,look|brand|want_compare,A,price|timing,fallback_favorite|price_too_high,look|brand|price_suspicious,price_suspicious|few_reviews|brand,few_reviews|pack|material,look|few_reviews|brand,few_reviews|size|material,page1,page1,reviews,material,4,5,4,3,4,4,5,5,low_rating|few_reviews|no_size|material_unclear|blur_image|mismatch_title,eva,semi,yes_somewhat,better_rating,4,4
724,A,main_image|color_pattern|review_count|brand|material_word|imagine_look,reviews_photos|negative_reviews|bullets|size_specs|material_cert|zoom_images|qa,negative_reviews,add_cart,price_too_high|want_compare,yes_more,C,not_buy,price_suspicious|brand|material|want_compare,B,not_buy,price_suspicious|brand|want_compare,A,price|timing,fallback_favorite|price_too_high,price_suspicious|brand|review_concern,price_suspicious|brand|material,few_reviews|material|pack,look|few_reviews|brand,size|few_reviews|material,page2,page1,reviews,material,4,5,4,2,4,4,5,4,low_rating|few_reviews|no_size|material_unclear|blur_image|no_bullets,eva,semi,yes_somewhat,better_rating,3,4
725,A,star_rating|review_count|material_word|main_image|magnets,reviews_photos|negative_reviews|bullets|size_specs|material_cert|zoom_images|price_deal,negative_reviews,not_buy,price_too_high|want_compare,yes_more,C,not_buy,price_suspicious|material|review_concern|want_compare,B,not_buy,price_suspicious|material|look|want_compare,A,price|timing,fallback_favorite|price_too_high,price_suspicious|material|look,price_suspicious|material,few_reviews|material|pack,few_reviews|look|material,few_reviews|size|material,page2,page1,reviews,material,4,5,4,2,4,4,5,5,low_rating|few_reviews|no_size|material_unclear|blur_image|no_bullets,eva,semi,yes_somewhat,better_rating,3,4
726,A,main_image|color_pattern|star_rating|review_count|magnets|material_word|imagine_look,reviews_photos|negative_reviews|bullets|size_specs|material_cert|zoom_images|qa,negative_reviews,not_buy,price_too_high|want_compare,yes_more,C,not_buy,price_suspicious|material|transparency|want_compare,E,not_buy,few_reviews|look|material|want_compare,A,price|look_compromise|info_gap,fallback_favorite|price_too_high|look,price_suspicious|material|transparency|few_reviews,price_suspicious|material|transparency|few_reviews,few_reviews|material|pack|look,few_reviews|look|material|brand,few_reviews|size|material|transparency,page2,page1,reviews,material,4,5,4,2,5,4,5,5,low_rating|few_reviews|no_size|material_unclear|blur_image|no_bullets,eva,semi,neutral,better_rating,3,4
727,A,main_image|color_pattern|review_count|material_word|magnets|right_size|imagine_look,reviews_photos|negative_reviews|bullets|size_specs|material_cert|zoom_images|qa,negative_reviews,not_buy,price_too_high|want_compare,yes_more,B,not_buy,price_suspicious|look|material|want_compare,C,not_buy,price_suspicious|look|material|few_reviews|want_compare,A,price|timing,fallback_favorite|price_too_high,price_suspicious|look|material,price_suspicious|look|few_reviews,few_reviews|material|pack,brand|look|few_reviews,few_reviews|size|look,page1,page1,material,price_value,5,5,4,2,4,4,5,5,low_rating|few_reviews|no_size|material_unclear|blur_image|no_bullets|mismatch_title,eva,semi,unlikely,better_function,3,4
728,A,main_image|color_pattern|star_rating|review_count|material_word|imagine_look,reviews_photos|negative_reviews|bullets|size_specs|material_cert|zoom_images|qa,reviews_photos,not_buy,price_too_high|want_compare,yes_more,B,not_buy,price_suspicious|material|want_compare,C,not_buy,price_suspicious|material|want_compare,A,price|timing,fallback_favorite|price_too_high,price_suspicious|material,price_suspicious|material,few_reviews|material|pack,look|few_reviews|transparency,few_reviews|size|transparency,page2,page1,reviews,price_value,4,5,4,2,4,4,5,5,low_rating|few_reviews|material_unclear|blur_image|mismatch_title,eva,semi,unlikely,better_rating,3,4
729,A,main_image|color_pattern|star_rating|review_count|material_word|magnets|imagine_look,reviews_photos|negative_reviews|bullets|material_cert|size_specs|zoom_images|qa,negative_reviews,not_buy,price_too_high|want_compare,yes_more,B,not_buy,price_suspicious|material|want_compare,C,not_buy,few_reviews|price_suspicious|look|want_compare,A,price|info_gap,fallback_favorite|price_too_high,price_suspicious|material,price_suspicious|few_reviews|look,few_reviews|pack|material,few_reviews|look|brand,few_reviews|size|material,page2,page1,material,reviews,4,5,4,2,4,4,5,5,low_rating|no_size|material_unclear|blur_image|mismatch_title,eva,semi,unlikely,better_rating,3,4
730,A,star_rating|review_count|material_word|magnets|imagine_look|title_keyword,negative_reviews|reviews_photos|bullets|material_cert|size_specs|zoom_images|qa|delivery_returns,negative_reviews,not_buy,price_too_high|want_compare,yes_more,C,not_buy,price_suspicious|want_compare,B,not_buy,price_suspicious|want_compare,A,price|reviews_trust,fallback_favorite|price_too_high,price_suspicious|brand,price_suspicious|brand,few_reviews|material|pack,look|few_reviews|brand,few_reviews|size|material,page2,page1,reviews,material,4,4,4,2,4,4,5,5,low_rating|few_reviews|no_size|material_unclear|blur_image|no_bullets,eva,semi,yes_somewhat,better_rating,3,4
731,A,main_image|color_pattern|star_rating|review_count|material_word|magnets|imagine_look,reviews_photos|negative_reviews|bullets|size_specs|material_cert|zoom_images|price_deal,negative_reviews,not_buy,price_too_high|want_compare,yes_more,C,not_buy,price_suspicious|material|few_reviews|want_compare,B,not_buy,price_suspicious|material|few_reviews|want_compare,A,price|timing,price_too_high|fallback_favorite,price_suspicious|material|few_reviews|brand,price_suspicious|material|few_reviews|brand,few_reviews|material|brand|pack,look|few_reviews|brand|material,few_reviews|size|brand|transparency,page2,page1,price_value,reviews,4,5,4,2,4,5,5,4,low_rating|few_reviews|no_size|material_unclear|blur_image|no_bullets,eva,semi,yes_somewhat,better_rating,3,4
732,C,main_image|color_pattern|star_rating|review_count|price|magnets|material_word|right_size|imagine_look,reviews_photos|negative_reviews|bullets|size_specs|material_cert|zoom_images|qa,negative_reviews,add_cart,price_suspicious|material|want_compare,yes_more,A,not_buy,price_too_high|transparency|want_compare,E,not_buy,few_reviews|missing_magnet|want_compare,C,reviews_trust|material|timing,price_too_high|transparency,price_suspicious|material|look,fallback_favorite|price_suspicious|material,few_reviews|material|pack,few_reviews|missing_magnet|transparency,few_reviews|size|transparency,page2,page1,reviews,material,4,5,4,2,4,4,5,4,low_rating|no_size|material_unclear|blur_image|mismatch_title,eva,semi,unlikely,better_rating,5,4
733,A,review_count|star_rating|material_word|magnets|color_pattern,reviews_photos|negative_reviews|bullets|size_specs|material_cert|zoom_images|qa,negative_reviews,not_buy,price_too_high|want_compare,yes_more,B,not_buy,price_suspicious|material|want_compare,C,not_buy,price_suspicious|few_reviews|want_compare,A,price|reviews_trust,fallback_favorite|price_too_high,price_suspicious|material,price_suspicious|few_reviews,few_reviews|material|pack,look|brand|few_reviews,few_reviews|size|transparency,page2,page1,reviews,price_value,4,4,4,2,5,5,5,5,low_rating|no_size|material_unclear|blur_image|mismatch_title,eva,semi,yes_somewhat,better_rating,2,4
734,A,main_image|color_pattern|star_rating|review_count|title_keyword|material_word|imagine_look,reviews_photos|negative_reviews|bullets|size_specs|material_cert|zoom_images|price_deal,negative_reviews,not_buy,price_too_high|want_compare,yes_more,C,add_cart,want_compare,B,not_buy,look|want_compare,C,no_blocker,price_too_high,look,final_purchase,few_reviews|pack,look|review_concern,few_reviews|size|look,page2,page1,price_value,reviews,4,5,4,2,4,5,5,4,low_rating|few_reviews|no_size|material_unclear|blur_image|no_bullets,eva,semi,yes_somewhat,better_value,5,4
735,A,main_image|color_pattern|review_count|material_word|imagine_look|magnets,reviews_photos|negative_reviews|bullets|material_cert|zoom_images|price_deal|qa,negative_reviews,not_buy,price_too_high|want_compare,yes_more,B,not_buy,price_suspicious|material|want_compare,C,not_buy,price_suspicious|few_reviews|material|want_compare,A,price|timing,fallback_favorite|price_too_high,price_suspicious|material|brand,price_suspicious|few_reviews|brand,few_reviews|material|pack|info_incomplete,look|few_reviews|brand,few_reviews|size|look|material,page2,page1,reviews,price_value,4,5,4,2,4,4,5,5,low_rating|few_reviews|no_size|material_unclear|blur_image|no_bullets,eva,semi,unlikely,better_rating,3,3
736,A,main_image|color_pattern|star_rating|review_count|material_word|magnets|imagine_look|right_size,reviews_photos|negative_reviews|bullets|size_specs|material_cert|zoom_images|qa,negative_reviews,not_buy,price_too_high|want_compare,yes_more,E,not_buy,few_reviews|brand|want_compare,C,not_buy,price_suspicious|look|want_compare,A,price|timing,fallback_favorite|price_too_high,price_suspicious|look|brand,price_suspicious|look|brand,few_reviews|material|brand,few_reviews|brand|transparency,few_reviews|size|look,page2,page1,reviews,material,4,5,4,2,4,4,5,5,low_rating|few_reviews|no_size|material_unclear|blur_image|no_bullets,eva,semi,yes_somewhat,better_rating,4,3
737,A,main_image|color_pattern|star_rating|review_count|material_word|imagine_look,reviews_photos|negative_reviews|bullets|size_specs|material_cert|zoom_images,negative_reviews,add_cart,price_too_high|want_compare,yes_more,C,add_cart,few_reviews|brand|want_compare,B,not_buy,look|rating|brand|want_compare,A,price|timing,fallback_favorite|price_too_high,look|brand|rating,brand|few_reviews,few_reviews|material|pack,look|rating,few_reviews|size|material,page2,page1,price_value,reviews,4,5,4,2,4,5,5,4,low_rating|few_reviews|material_unclear|blur_image|mismatch_title,eva,semi,yes_somewhat,better_value,3,3
738,C,star_rating|color_pattern|price|review_count|imagine_look,negative_reviews|reviews_photos|bullets|material_cert|size_specs|zoom_images|delivery_returns,negative_reviews,not_buy,want_compare|few_reviews|material,yes_more,A,not_buy,price_too_high|want_compare,B,add_cart,material|price_suspicious,A,price,fallback_favorite|price_too_high,price_suspicious|material,material|few_reviews,few_reviews|material|pack,few_reviews|look|brand,few_reviews|size|material,page2,page1,reviews,price_value,4,5,4,2,4,4,5,5,low_rating|few_reviews|no_size|material_unclear|blur_image|mismatch_title,eva,semi,yes_somewhat,better_rating,3,4
739,A,main_image|color_pattern|imagine_look|material_word|review_count|star_rating,reviews_photos|negative_reviews|bullets|material_cert|zoom_images|size_specs,negative_reviews,not_buy,price_too_high|want_compare,yes_more,C,not_buy,few_reviews|brand|want_compare,B,not_buy,price_suspicious|material|want_compare,A,price|timing,fallback_favorite|price_too_high,price_suspicious|material|look,few_reviews|brand,few_reviews|pack,look|material|few_reviews,few_reviews|size|material,page2,page1,material,price_value,4,5,4,2,4,4,5,5,low_rating|few_reviews|material_unclear|blur_image,eva,semi,unlikely,better_rating,3,4
740,A,main_image|color_pattern|star_rating|review_count|material_word|imagine_look|title_keyword,reviews_photos|negative_reviews|bullets|size_specs|material_cert|zoom_images|qa,negative_reviews,not_buy,price_too_high|want_compare,yes_more,B,not_buy,price_suspicious|material|want_compare,C,add_cart,no_concern,A,price|info_gap,fallback_favorite|price_too_high,price_suspicious|material,final_purchase,few_reviews|material|pack,look|few_reviews|transparency,few_reviews|size|transparency|material,page2,page1,material,reviews,4,5,4,2,4,4,5,5,low_rating|no_size|material_unclear|blur_image|no_bullets|mismatch_title,eva,semi,yes_somewhat,better_rating,4,4
741,A,main_image|color_pattern|star_rating|review_count|material_word|magnets|imagine_look,negative_reviews|bullets|size_specs|material_cert|qa|zoom_images,negative_reviews,not_buy,price_too_high|want_compare,yes_more,C,not_buy,price_suspicious|material|want_compare,E,not_buy,rating|few_reviews|transparency|want_compare,A,price|timing,price_too_high,price_suspicious|transparency|brand|review_concern,price_suspicious|material|brand|review_concern,few_reviews|material|pack|brand,rating|few_reviews|transparency|brand,few_reviews|size|brand|transparency,page2,page2,reviews,material,4,5,4,2,4,4,5,5,low_rating|few_reviews|no_size|material_unclear|blur_image|mismatch_title,eva,semi,yes_somewhat,better_rating,3,4
742,A,main_image|color_pattern|star_rating|review_count|material_word|imagine_look|magnets,reviews_photos|negative_reviews|bullets|size_specs|material_cert|zoom_images|qa,negative_reviews,add_cart,price_too_high|want_compare,yes_more,B,add_cart,price_suspicious|material|want_compare,C,not_buy,price_suspicious|material|brand|want_compare,A,price,fallback_favorite|price_too_high,price_suspicious|material,price_suspicious|material|brand,few_reviews|material|pack,few_reviews|brand|transparency,few_reviews|size|material,page2,page1,material,reviews,4,5,4,2,4,4,5,5,low_rating|few_reviews|no_size|material_unclear|blur_image|mismatch_title,eva,semi,yes_somewhat,better_rating,3,4
743,A,main_image|color_pattern|star_rating|review_count|material_word|magnets|imagine_look,reviews_photos|negative_reviews|bullets|size_specs|material_cert|qa|price_deal|zoom_images,reviews_photos,not_buy,price_too_high|want_compare,yes_more,B,not_buy,price_suspicious|look|want_compare,C,not_buy,price_suspicious|look|brand|want_compare,A,price|timing,fallback_favorite|price_too_high,price_suspicious|look,price_suspicious|look|brand,few_reviews|material|pack,look|rating|few_reviews|brand,few_reviews|size|material,page2,page1,appearance,reviews,4,5,4,2,4,4,5,4,low_rating|few_reviews|no_size|material_unclear|blur_image|mismatch_title,eva,semi,yes_somewhat,better_value,3,4
744,A,main_image|color_pattern|star_rating|review_count|material_word|imagine_look|magnets,reviews_photos|negative_reviews|bullets|size_specs|material_cert|zoom_images|qa,negative_reviews,not_buy,price_too_high|want_compare,yes_more,C,not_buy,want_compare|price_suspicious,B,add_cart,no_concern,B,no_blocker,price_too_high,final_purchase,price_suspicious|brand,few_reviews|material,look,few_reviews|size,page2,page1,reviews,price_value,4,5,4,2,4,4,5,4,low_rating|few_reviews|no_size|material_unclear|blur_image,eva,semi,yes_somewhat,better_rating,5,4
745,A,main_image|color_pattern|star_rating|review_count|material_word|imagine_look|right_size,reviews_photos|negative_reviews|bullets|size_specs|material_cert|zoom_images|qa,reviews_photos,add_cart,price_too_high|want_compare,yes_more,C,add_cart,price_suspicious|material|brand|want_compare,B,not_buy,price_suspicious|material|brand|look|want_compare,A,price|material|info_gap,fallback_favorite|price_too_high|material,price_suspicious|material|brand|look,price_suspicious|material|brand,few_reviews|material|pack|brand,look|brand|review_concern,few_reviews|size|look|brand,page2,page1,appearance,material,4,5,4,2,4,3,5,5,low_rating|few_reviews|material_unclear|blur_image|no_bullets,eva,semi,yes_somewhat,better_look,3,4
746,A,main_image|color_pattern|imagine_look|material_word|magnets|star_rating|review_count,reviews_photos|negative_reviews|bullets|size_specs|material_cert|zoom_images|qa|price_deal,reviews_photos,add_cart,price_too_high|want_compare,yes_more,C,not_buy,look|few_reviews|want_compare,B,not_buy,price_suspicious|material|want_compare,A,price|timing,fallback_favorite|price_too_high,price_suspicious|material,look|few_reviews,few_reviews|material,look|few_reviews,few_reviews|size|look,page2,page1,appearance,price_value,4,5,4,2,3,4,5,4,low_rating|few_reviews|no_size|material_unclear|blur_image|mismatch_title,eva,semi,yes_somewhat,better_value,3,4
747,A,main_image|color_pattern|star_rating|review_count|material_word|imagine_look,reviews_photos|negative_reviews|bullets|material_cert|zoom_images|price_deal,reviews_photos,not_buy,price_too_high|want_compare,yes_more,B,not_buy,price_suspicious|material|want_compare,C,not_buy,price_suspicious|material|want_compare,A,price|timing,fallback_favorite|price_too_high,price_suspicious|material,price_suspicious|material,few_reviews|pack,look|few_reviews,few_reviews|size,page1,page1,reviews,price_value,4,5,4,2,4,5,5,4,low_rating|few_reviews|material_unclear|blur_image|mismatch_title,eva,semi,yes_somewhat,better_rating,3,4
748,A,main_image|color_pattern|star_rating|review_count|material_word|magnets|imagine_look|right_size,reviews_photos|negative_reviews|bullets|size_specs|material_cert|zoom_images|qa,negative_reviews,not_buy,price_too_high|want_compare,yes_more,C,not_buy,price_suspicious|few_reviews|want_compare,E,not_buy,few_reviews|brand|transparency|want_compare,A,price|reviews_trust,fallback_favorite|price_too_high,price_suspicious,price_suspicious|few_reviews,few_reviews|pack|material,few_reviews|brand|transparency,few_reviews|size|look,page2,page1,material,reviews,4,5,4,2,4,4,5,5,low_rating|no_size|material_unclear|blur_image,eva,semi,yes_somewhat,better_value,3,4
749,A,main_image|color_pattern|star_rating|review_count|material_word|magnets|imagine_look,reviews_photos|negative_reviews|bullets|size_specs|material_cert|qa|zoom_images,negative_reviews,not_buy,price_too_high|want_compare,yes_more,B,not_buy,price_suspicious|material|look,C,not_buy,price_suspicious|material|want_compare,A,price,fallback_favorite|price_too_high,price_suspicious|material|look,price_suspicious|material|look,few_reviews|material|pack,look|rating|few_reviews,few_reviews|size|transparency,page2,page1,reviews,price_value,4,4,4,3,4,5,5,4,low_rating|few_reviews|no_size|material_unclear|blur_image,eva,semi,yes_somewhat,better_value,3,4
750,A,main_image|color_pattern|star_rating|review_count|material_word|magnets|right_size|imagine_look,reviews_photos|negative_reviews|bullets|size_specs|material_cert|qa|zoom_images,negative_reviews,add_cart,price_too_high|want_compare,yes_more,C,add_cart,want_compare,B,add_cart,want_compare,C,no_blocker,price_too_high,final_purchase,fallback_favorite,few_reviews|material|pack,few_reviews|look|brand,few_reviews|size|look,page2,page1,reviews,price_value,4,5,4,2,4,5,5,4,low_rating|few_reviews|no_size|material_unclear|blur_image|mismatch_title,eva,semi,yes_somewhat,better_rating,5,4
751,A,star_rating|review_count|material_word|magnets|main_image|imagine_look,reviews_photos|negative_reviews|bullets|size_specs|material_cert|zoom_images|qa,negative_reviews,not_buy,price_too_high|want_compare,yes_more,C,not_buy,material|want_compare,B,not_buy,price_suspicious|material|want_compare,A,price,fallback_favorite|price_too_high,price_suspicious|material|brand,material|brand,few_reviews|rating|material|pack,few_reviews|look|transparency,few_reviews|rating|size|transparency,page2,page1,reviews,material,4,5,4,2,4,4,5,5,low_rating|few_reviews|no_size|material_unclear|blur_image|mismatch_title,eva,semi,yes_somewhat,better_value,3,5
752,A,main_image|color_pattern|star_rating|review_count|material_word|imagine_look,reviews_photos|negative_reviews|bullets|size_specs|material_cert|zoom_images|qa,negative_reviews,not_buy,price_too_high|want_compare,yes_more,B,not_buy,price_suspicious|material|want_compare,C,not_buy,price_suspicious|brand|want_compare,A,price|timing,fallback_favorite|price_too_high,price_suspicious|material,price_suspicious|brand,few_reviews|material|pack,look|few_reviews|brand,few_reviews|size|material,page2,page1,material,reviews,4,5,4,2,4,4,5,5,few_reviews|no_size|material_unclear|blur_image|mismatch_title,eva,semi,yes_somewhat,better_rating,3,4
753,A,review_count|star_rating|material_word|magnets|imagine_look,reviews_photos|negative_reviews|bullets|size_specs|material_cert|zoom_images,negative_reviews,not_buy,price_too_high|want_compare,yes_more,C,not_buy,price_suspicious|material|want_compare,E,not_buy,few_reviews|brand|want_compare,A,price,fallback_favorite|price_too_high,price_suspicious|material|look,price_suspicious|material|brand,few_reviews|material|pack,few_reviews|brand|look,few_reviews|size|look,page2,page1,reviews,material,4,5,4,2,4,3,5,5,low_rating|no_size|material_unclear|blur_image|mismatch_title,eva,semi,unlikely,better_rating,2,3
754,A,star_rating|review_count|material_word|color_pattern|imagine_look,negative_reviews|reviews_photos|bullets|size_specs|material_cert|zoom_images|qa|price_deal,negative_reviews,not_buy,price_too_high|want_compare,yes_more,C,not_buy,price_suspicious|few_reviews|want_compare,B,not_buy,price_suspicious|material|want_compare,A,price|timing,fallback_favorite|price_too_high,price_suspicious|material|brand,price_suspicious|few_reviews|brand,few_reviews|material|brand,few_reviews|look|brand,few_reviews|size|brand,page2,page1,reviews,price_value,4,4,4,2,4,5,5,5,low_rating|few_reviews|no_size|material_unclear|blur_image|no_bullets,eva,semi,unlikely,better_rating,3,4
755,A,star_rating|review_count|material_word|color_pattern|imagine_look,reviews_photos|negative_reviews|bullets|size_specs|material_cert|zoom_images|qa,negative_reviews,not_buy,price_too_high|want_compare,yes_more,C,not_buy,price_suspicious|material|want_compare,B,not_buy,price_suspicious|material|look|want_compare,B,material|look_compromise|reviews_trust,price_too_high,price_suspicious|look|material,price_suspicious|material,few_reviews|material|pack,look|few_reviews,few_reviews|size|material,page2,page1,reviews,material,4,4,4,2,4,4,5,5,low_rating|few_reviews|material_unclear|blur_image|no_bullets,eva,semi,unlikely,better_rating,4,4
756,A,main_image|color_pattern|star_rating|review_count|material_word|magnets|imagine_look,reviews_photos|negative_reviews|bullets|size_specs|material_cert|zoom_images|qa,negative_reviews,not_buy,price_too_high|want_compare,yes_more,B,not_buy,price_suspicious|material|want_compare,E,not_buy,few_reviews|transparency|want_compare,A,price|timing,fallback_favorite|price_too_high,price_suspicious|material,price_suspicious|material|few_reviews,few_reviews|material|pack,few_reviews|transparency,few_reviews|size|material,page2,page1,reviews,material,4,5,4,3,4,4,5,5,low_rating|few_reviews|material_unclear|blur_image|mismatch_title,eva,semi,yes_somewhat,better_rating,4,4
757,A,main_image|color_pattern|star_rating|review_count|title_keyword|material_word|imagine_look,reviews_photos|negative_reviews|bullets|size_specs|material_cert|qa|zoom_images,negative_reviews,not_buy,price_too_high|want_compare,yes_more,C,not_buy,price_suspicious|material|want_compare,E,not_buy,rating|look|want_compare,A,price|timing,fallback_favorite|price_too_high,price_suspicious|review_concern|material,price_suspicious|material|few_reviews,few_reviews|material|pack,rating|look,few_reviews|size|material,page2,page1,reviews,material,4,5,4,2,4,4,5,5,low_rating|few_reviews|no_size|material_unclear|blur_image|no_bullets|mismatch_title,eva,semi,unlikely,better_rating,3,4
758,A,main_image|color_pattern|star_rating|review_count|material_word|imagine_look,reviews_photos|negative_reviews|bullets|size_specs|material_cert|zoom_images|qa,reviews_photos,add_cart,price_too_high|want_compare,yes_more,B,add_cart,price_suspicious|material|want_compare,C,not_buy,material|brand|want_compare,A,price|reviews_trust,fallback_favorite|price_too_high,price_suspicious|material|brand,material|brand|transparency,few_reviews|material|pack,look|few_reviews|brand,few_reviews|size|material,page2,page1,reviews,price_value,5,5,4,2,4,4,5,5,low_rating|few_reviews|material_unclear|blur_image|no_bullets,eva,semi,yes_somewhat,better_rating,3,4
759,A,star_rating|review_count|material_word|magnets|right_size|imagine_look|main_image,negative_reviews|reviews_photos|bullets|material_cert|size_specs|zoom_images|qa,negative_reviews,not_buy,price_too_high|want_compare,yes_more,C,not_buy,brand|price_suspicious|want_compare,E,not_buy,few_reviews|look|want_compare,A,price|timing,fallback_favorite|price_too_high,price_suspicious|brand|material,price_suspicious|brand|few_reviews,few_reviews|pack|material,few_reviews|look|brand,few_reviews|size|material,page2,page1,reviews,material,4,5,4,2,4,3,5,5,low_rating|few_reviews|no_size|material_unclear|blur_image|mismatch_title,eva,semi,unlikely,better_rating,4,4
760,A,main_image|color_pattern|review_count|star_rating|material_word|magnets|imagine_look,reviews_photos|negative_reviews|bullets|size_specs|material_cert|zoom_images|qa|price_deal,negative_reviews,not_buy,price_too_high|want_compare,yes_more,C,not_buy,price_suspicious|brand|few_reviews,B,not_buy,price_suspicious|material|brand,A,price|reviews_trust,fallback_favorite|price_too_high,price_suspicious|brand|material,price_suspicious|brand|few_reviews,few_reviews|brand|material|pack,brand|few_reviews|look,few_reviews|size|brand,page2,page1,reviews,price_value,4,5,4,2,4,4,5,5,low_rating|few_reviews|no_size|material_unclear|blur_image|mismatch_title,eva,semi,yes_somewhat,better_rating,3,4
761,A,brand|review_count|star_rating|material_word|imagine_look,negative_reviews|reviews_photos|bullets|material_cert|size_specs|zoom_images|price_deal,negative_reviews,not_buy,price_too_high|want_compare,yes_more,C,not_buy,price_suspicious|brand|material|want_compare,E,not_buy,few_reviews|brand|material|want_compare,A,price|timing|info_gap,fallback_favorite|price_too_high,price_suspicious|brand|material|look,price_suspicious|brand|material,few_reviews|brand|material|pack,few_reviews|brand|material|look,few_reviews|brand|size|material,page2,page1,brand,reviews,4,4,3,2,3,3,5,5,low_rating|few_reviews|material_unclear|blur_image|no_size,eva,semi,yes_somewhat,better_rating,3,4
762,A,main_image|review_count|star_rating|material_word|title_keyword|magnets|right_size|imagine_look,reviews_photos|negative_reviews|bullets|size_specs|material_cert|qa|zoom_images|price_deal,negative_reviews,not_buy,price_too_high|want_compare,yes_more,C,not_buy,brand|want_compare,E,not_buy,rating|few_reviews|look|want_compare,A,price|timing,fallback_favorite|price_too_high,price_suspicious|brand|material,brand|price_suspicious|material,few_reviews|material|pack,rating|few_reviews|look,few_reviews|size|look,page2,page1,reviews,price_value,4,5,4,2,4,5,5,5,low_rating|few_reviews|no_size|material_unclear|blur_image|no_bullets|mismatch_title,eva,semi,unlikely,better_rating,3,4
763,A,main_image|color_pattern|star_rating|review_count|material_word|right_size|imagine_look,reviews_photos|negative_reviews|bullets|size_specs|material_cert|zoom_images,negative_reviews,not_buy,price_too_high|want_compare,yes_more,B,add_cart,no_concern,C,buy_now,skip_ordered,A,price,price_too_high,final_purchase,final_purchase,few_reviews,look|few_reviews,size|few_reviews,page2,page1,rating,price_value,4,5,4,2,4,5,5,4,low_rating|few_reviews|no_size|material_unclear|blur_image|mismatch_title,eva,semi,unlikely,better_rating,4,4
764,A,main_image,reviews_photos,reviews_photos,buy_now,no_concern,yes_more,A,skip_ordered,skip_ordered,A,skip_ordered,skip_ordered,A,no_blocker,final_purchase,final_purchase,final_purchase,final_purchase,final_purchase,final_purchase,page1,page1,price_value,price_value,3,3,3,3,3,3,3,3,low_rating,eva,fully_transparent,yes_strongly,lower_price,3,3
765,A,main_image|color_pattern|star_rating|review_count|material_word|imagine_look|right_size,reviews_photos|negative_reviews|bullets|size_specs|material_cert|zoom_images|qa,reviews_photos,not_buy,price_too_high|want_compare,yes_more,C,not_buy,brand|price_suspicious|material|want_compare,B,not_buy,brand|price_suspicious|look|want_compare,A,price|timing,fallback_favorite|price_too_high,brand|price_suspicious|look|material,brand|price_suspicious|material,few_reviews|material|pack,look|few_reviews|brand,few_reviews|size|material|look,page2,page1,reviews,material,4,5,4,3,4,4,5,5,low_rating|no_size|material_unclear|blur_image|mismatch_title,eva,semi,yes_somewhat,better_rating,3,4
766,A,main_image|color_pattern|star_rating|review_count|material_word|imagine_look,reviews_photos|negative_reviews|bullets|material_cert|zoom_images|price_deal,negative_reviews,not_buy,price_too_high|want_compare,yes_more,B,not_buy,price_suspicious|material|want_compare,C,not_buy,price_suspicious|brand|want_compare,A,price|timing,fallback_favorite|price_too_high,price_suspicious|material,price_suspicious|brand,few_reviews|pack|material,look|rating|brand,few_reviews|size|look,page2,page1,reviews,material,4,5,4,2,4,4,5,5,low_rating|few_reviews|material_unclear|blur_image|no_bullets,eva,semi,yes_somewhat,better_value,3,4
767,A,main_image|color_pattern|star_rating|review_count|material_word|magnets|imagine_look|right_size,reviews_photos|negative_reviews|bullets|size_specs|material_cert|zoom_images|price_deal,negative_reviews,not_buy,price_too_high|want_compare,yes_more,C,add_cart,price_suspicious|brand|material|want_compare,E,not_buy,look|rating|few_reviews|want_compare,C,reviews_trust|brand|material|info_gap|timing,price_too_high,price_suspicious|brand|material,fallback_favorite|price_suspicious|brand,few_reviews|pack|material,look|rating|few_reviews,few_reviews|size|material,page2,page1,price_value,reviews,4,4,4,2,4,5,5,4,low_rating|few_reviews|no_size|material_unclear|blur_image|mismatch_title,eva,semi,yes_somewhat,better_rating,4,4
768,A,main_image|color_pattern|star_rating|review_count|material_word|imagine_look,reviews_photos|negative_reviews|bullets|size_specs|material_cert|zoom_images|qa,negative_reviews,not_buy,price_too_high|want_compare,yes_more,C,add_cart,want_compare|price_suspicious,B,not_buy,look|material,C,timing|reviews_trust,price_too_high,look|material,fallback_favorite,few_reviews|material,look|few_reviews,few_reviews|size,page2,page1,reviews,price_value,4,5,4,2,4,4,5,4,low_rating|few_reviews|no_size|material_unclear|blur_image,eva,semi,yes_somewhat,better_rating,4,4
769,A,main_image|color_pattern|review_count|star_rating|material_word|imagine_look,reviews_photos|negative_reviews|bullets|size_specs|material_cert|qa|price_deal|zoom_images,negative_reviews,not_buy,price_too_high|want_compare,yes_more,B,not_buy,price_suspicious|material|want_compare,E,not_buy,few_reviews|brand|want_compare,A,price|info_gap,fallback_favorite|price_too_high,price_suspicious|material,price_suspicious|brand|few_reviews,few_reviews|pack|material,few_reviews|brand|look,few_reviews|size|material,page2,page1,reviews,material,4,5,4,2,4,4,5,5,low_rating|few_reviews|material_unclear|blur_image|no_size,eva,semi,unlikely,better_rating,3,4
770,A,main_image|color_pattern|star_rating|review_count|material_word|imagine_look|magnets,reviews_photos|negative_reviews|bullets|material_cert|size_specs|zoom_images|qa,negative_reviews,add_cart,price_too_high|want_compare,yes_more,C,add_cart,price_suspicious|want_compare,B,add_cart,want_compare|material,A,price|timing,fallback_favorite|price_too_high,price_suspicious|material|brand,price_suspicious|brand|material,few_reviews|material|pack|look,look|brand|transparency,few_reviews|size|look|material,page2,page1,reviews,price_value,4,5,4,2,4,4,5,4,low_rating|few_reviews|no_size|material_unclear|blur_image|mismatch_title,eva,semi,yes_somewhat,better_rating,2,4
771,A,main_image|color_pattern|star_rating|review_count|material_word|imagine_look,reviews_photos|negative_reviews|bullets|size_specs|material_cert|zoom_images|qa,reviews_photos,not_buy,price_too_high|want_compare,yes_more,C,not_buy,price_suspicious|few_reviews|brand|want_compare,B,not_buy,price_suspicious|material|brand|want_compare,A,price|timing,fallback_favorite|price_too_high,price_suspicious|material|brand,price_suspicious|few_reviews|brand,few_reviews|material|pack,look|few_reviews|brand,few_reviews|size|material|brand,page2,page1,reviews,price_value,4,5,4,2,4,4,5,4,low_rating|few_reviews|no_size|material_unclear|blur_image|mismatch_title,eva,semi,yes_somewhat,better_rating,3,4
772,A,main_image|review_count|star_rating|material_word|imagine_look,reviews_photos|negative_reviews|bullets|size_specs|material_cert|price_deal,negative_reviews,not_buy,price_too_high|want_compare,yes_more,B,not_buy,look|want_compare,E,not_buy,few_reviews|want_compare,A,price|timing,fallback_favorite|price_too_high,look|price_suspicious,price_suspicious|brand|few_reviews,few_reviews|material|pack,few_reviews|look,few_reviews|size|material,page1,page1,material,price_value,5,5,4,2,5,5,5,5,low_rating|few_reviews|no_size|material_unclear|blur_image|no_bullets,eva,semi,unlikely,better_rating,3,4
773,A,main_image|review_count|material_word|imagine_look|magnets,reviews_photos|negative_reviews|bullets|size_specs|material_cert|zoom_images,negative_reviews,not_buy,price_too_high|want_compare,yes_more,B,not_buy,look|want_compare,C,not_buy,brand|look|want_compare,A,price,fallback_favorite|price_too_high,look,brand|look,few_reviews|material,look|few_reviews,few_reviews|size,page2,page1,reviews,material,4,5,4,2,4,4,5,4,low_rating|few_reviews|no_size|material_unclear|blur_image,eva,semi,unlikely,better_rating,3,3
774,A,review_count|star_rating|material_word|main_image|magnets,reviews_photos|negative_reviews|bullets|size_specs|material_cert|zoom_images,negative_reviews,not_buy,price_too_high|want_compare,yes_more,C,add_cart,want_compare,B,not_buy,look|want_compare,C,reviews_trust|brand,price_too_high|missing_magnet,look|price_suspicious,fallback_favorite|brand,few_reviews|material,look|few_reviews,few_reviews|size,page2,page1,reviews,price_value,4,5,4,2,4,4,5,4,low_rating|few_reviews|no_size|material_unclear|blur_image|no_bullets,eva,semi,unlikely,better_rating,4,4
775,A,main_image|color_pattern|star_rating|review_count|material_word|magnets|imagine_look,negative_reviews|reviews_photos|bullets|material_cert|size_specs|zoom_images|price_deal,negative_reviews,not_buy,price_too_high|want_compare,yes_more,C,not_buy,price_suspicious|material|want_compare,B,not_buy,price_suspicious|few_reviews|material|want_compare,A,price|timing,fallback_favorite|price_too_high,price_suspicious|material,price_suspicious|brand,few_reviews|material|pack,look|few_reviews,few_reviews|size|look,page2,page1,reviews,price_value,4,5,4,2,4,5,5,4,low_rating|no_size|material_unclear|blur_image|no_bullets|mismatch_title,eva,semi,yes_somewhat,better_rating,2,3
776,A,main_image|color_pattern|star_rating|review_count|material_word|right_size|magnets|imagine_look,reviews_photos|negative_reviews|bullets|size_specs|material_cert|qa|zoom_images|price_deal,negative_reviews,not_buy,price_too_high|want_compare,yes_more,C,not_buy,price_suspicious|material|transparency|want_compare,B,not_buy,look|material|transparency|want_compare,A,price|info_gap,fallback_favorite|price_too_high,look|material|transparency,price_suspicious|material|transparency,few_reviews|material|pack|look,few_reviews|look|material,few_reviews|size|material|look,page2,page1,material,reviews,4,4,4,2,4,4,5,5,low_rating|no_size|material_unclear|blur_image|mismatch_title,eva,semi,yes_somewhat,better_function,3,4
777,A,main_image|color_pattern|review_count|material_word|magnets|right_size|imagine_look,reviews_photos|negative_reviews|bullets|size_specs|material_cert|qa|zoom_images,negative_reviews,not_buy,price_too_high|want_compare,yes_more,C,not_buy,price_suspicious|brand|few_reviews|want_compare,E,not_buy,look|transparency|few_reviews|want_compare,A,price|timing,fallback_favorite|price_too_high,price_suspicious|brand|look,price_suspicious|brand|few_reviews,few_reviews|material|pack,look|few_reviews|transparency,few_reviews|size|material,page2,page1,reviews,price_value,4,5,4,2,4,4,5,5,low_rating|few_reviews|no_size|material_unclear|blur_image|no_bullets,eva,semi,yes_somewhat,better_rating,3,4
778,A,review_count|star_rating|material_word|magnets|title_keyword|imagine_look,reviews_photos|negative_reviews|bullets|size_specs|material_cert|zoom_images|qa,negative_reviews,not_buy,price_too_high|want_compare,yes_more,C,not_buy,price_suspicious|brand|want_compare,B,not_buy,price_suspicious|material|brand|want_compare,A,price|info_gap,fallback_favorite|price_too_high|info_incomplete,price_suspicious|brand|material,price_suspicious|brand|look,few_reviews|material|pack,look|few_reviews|transparency,few_reviews|size|look,page2,page1,reviews,price_value,5,5,4,2,4,4,5,4,low_rating|few_reviews|material_unclear|blur_image|mismatch_title,eva,semi,unlikely,better_rating,2,4
779,A,main_image|color_pattern|star_rating|review_count|material_word|right_size|imagine_look|magnets,reviews_photos|negative_reviews|bullets|size_specs|material_cert|zoom_images|qa,reviews_photos,add_cart,price_too_high|want_compare,yes_more,B,add_cart,look|want_compare,C,not_buy,want_compare|few_reviews,A,price|timing,fallback_favorite|price_too_high,look,few_reviews,few_reviews|brand|pack,look|few_reviews|brand,few_reviews|size|brand,page2,page1,reviews,price_value,4,5,4,2,4,4,5,4,low_rating|few_reviews|no_size|material_unclear|blur_image|no_bullets,eva,semi,yes_somewhat,better_rating,3,4
780,A,main_image|review_count|star_rating|material_word|magnets|imagine_look,reviews_photos|negative_reviews|bullets|size_specs|material_cert|zoom_images|qa,negative_reviews,not_buy,price_too_high|want_compare,yes_more,B,not_buy,price_suspicious|material|want_compare,C,not_buy,price_suspicious|material|want_compare,A,price,fallback_favorite|price_too_high,price_suspicious|material,price_suspicious|material,few_reviews|material,look|few_reviews,few_reviews|size|material,page1,page1,material,price_value,4,5,4,2,5,4,5,5,low_rating|few_reviews|no_size|material_unclear|blur_image|no_bullets|mismatch_title,eva,semi,unlikely,better_function,3,4
781,A,review_count|star_rating|material_word|main_image|magnets|right_size,negative_reviews|reviews_photos|material_cert|bullets|size_specs|zoom_images|qa,negative_reviews,not_buy,price_too_high|want_compare,yes_more,C,not_buy,brand|price_suspicious|material,B,not_buy,brand|price_suspicious|material|look,A,price|timing,fallback_favorite|price_too_high,brand|price_suspicious|material|look,brand|price_suspicious|material,few_reviews|brand|pack,look|brand|transparency,few_reviews|size|brand|look,page2,page1,material,reviews,4,5,4,2,4,4,5,5,low_rating|few_reviews|no_size|material_unclear|blur_image|mismatch_title,eva,semi,unlikely,better_rating,3,4
782,A,main_image|color_pattern|star_rating|review_count|material_word|imagine_look|magnets,reviews_photos|negative_reviews|bullets|size_specs|material_cert|zoom_images|qa|price_deal,reviews_photos,add_cart,price_too_high|want_compare,yes_more,C,not_buy,look|price_suspicious|want_compare,B,not_buy,look|price_suspicious|material|want_compare,A,price,fallback_favorite|price_too_high,look|price_suspicious|material,look|price_suspicious,few_reviews|material|pack,look|few_reviews|brand,few_reviews|size|look|material,page2,page1,material,rating,4,5,4,2,4,4,5,5,low_rating|no_size|material_unclear|blur_image|mismatch_title,eva,semi,yes_somewhat,better_value,3,4
783,A,main_image|color_pattern|star_rating|review_count|material_word|imagine_look,reviews_photos|negative_reviews|bullets|size_specs|material_cert|qa|zoom_images,negative_reviews,not_buy,price_too_high|want_compare,yes_more,C,not_buy,price_suspicious|brand|few_reviews|want_compare,B,not_buy,price_suspicious|look|want_compare,A,price,fallback_favorite|price_too_high,price_suspicious|look|brand,price_suspicious|brand|few_reviews,few_reviews|material|pack,look|few_reviews|brand,few_reviews|size|brand,page2,page1,reviews,material,4,5,4,2,4,4,5,4,low_rating|few_reviews|no_size|material_unclear|blur_image|no_bullets,eva,semi,unlikely,better_rating,3,4
784,C,main_image|color_pattern|price|star_rating|magnets|imagine_look,reviews_photos|negative_reviews|bullets|size_specs|material_cert|qa|zoom_images,reviews_photos,not_buy,price_suspicious|brand|want_compare,yes_more,A,not_buy,price_too_high|transparency|want_compare,B,add_cart,no_concern,B,no_blocker,price_too_high|transparency,final_purchase,price_suspicious|brand,few_reviews|pack,look|few_reviews|brand,few_reviews|size|look,page2,page1,reviews,price_value,4,5,4,2,4,4,5,4,low_rating|few_reviews|no_size|material_unclear|blur_image,eva,semi,yes_somewhat,better_rating,5,4
785,A,main_image|color_pattern|review_count|star_rating|material_word|magnets|imagine_look,reviews_photos|negative_reviews|bullets|size_specs|material_cert|zoom_images|qa,reviews_photos,not_buy,price_too_high|want_compare,yes_more,B,not_buy,price_suspicious|material|want_compare,C,not_buy,price_suspicious|brand|want_compare,A,price|timing,fallback_favorite|price_too_high,price_suspicious|material,price_suspicious|brand,few_reviews|material,look|material,few_reviews|size|transparency,page2,page1,material,reviews,4,5,4,2,4,4,5,5,low_rating|few_reviews|no_size|material_unclear|blur_image|no_bullets,eva,semi,yes_somewhat,better_function,3,4
786,A,main_image|color_pattern|review_count|material_word|imagine_look|magnets,reviews_photos|negative_reviews|bullets|size_specs|material_cert|zoom_images|qa,reviews_photos,add_cart,price_too_high|want_compare,yes_more,C,not_buy,brand|look|price_suspicious|review_concern,B,not_buy,look|price_suspicious|brand|material,A,price|timing,fallback_favorite|price_too_high,look|price_suspicious|brand|material,look|price_suspicious|brand|review_concern,few_reviews|material|pack|brand,look|material|brand|rating,few_reviews|size|material|look,page2,page1,material,appearance,4,5,4,3,4,4,5,4,low_rating|few_reviews|no_size|material_unclear|blur_image|no_bullets|mismatch_title,eva,semi,yes_somewhat,better_value,4,3
787,A,main_image|color_pattern|star_rating|review_count|material_word|imagine_look,reviews_photos|negative_reviews|bullets|size_specs|material_cert|zoom_images|price_deal,negative_reviews,not_buy,price_too_high|want_compare,yes_more,B,not_buy,price_suspicious|material|want_compare,E,not_buy,few_reviews|material|want_compare,A,price|timing,fallback_favorite|price_too_high,price_suspicious|material,price_suspicious|brand,few_reviews|material,few_reviews|look,few_reviews|size,page2,page1,reviews,price_value,5,5,4,2,4,4,5,4,low_rating|few_reviews|no_size|material_unclear|blur_image|no_bullets,eva,semi,yes_somewhat,better_rating,3,4
788,A,star_rating|review_count|material_word|magnets|imagine_look,negative_reviews|reviews_photos|bullets|material_cert|size_specs|zoom_images,negative_reviews,not_buy,price_too_high|want_compare,yes_more,C,not_buy,price_suspicious|material|want_compare,B,not_buy,price_suspicious|material|want_compare,A,price|timing,fallback_favorite|price_too_high,price_suspicious|material,price_suspicious|material,few_reviews|material,few_reviews|look,few_reviews|size|material,page2,page1,reviews,material,4,5,4,2,4,4,5,5,low_rating|no_size|material_unclear|blur_image|mismatch_title,eva,semi,unlikely,better_rating,3,4
789,A,main_image|star_rating|review_count|material_word|imagine_look,reviews_photos|negative_reviews|bullets|size_specs|material_cert|qa|zoom_images,negative_reviews,not_buy,price_too_high|want_compare,yes_more,C,not_buy,price_suspicious|brand|few_reviews|want_compare,B,not_buy,price_suspicious|look|brand|want_compare,A,price,fallback_favorite|price_too_high,price_suspicious|look|brand,price_suspicious|brand|few_reviews,few_reviews|material|brand,look|few_reviews|transparency,few_reviews|size|material|brand,page2,page1,reviews,material,4,4,4,2,4,4,5,5,low_rating|few_reviews|no_size|material_unclear|blur_image,eva,semi,unlikely,better_rating,3,4
790,A,main_image|color_pattern|review_count|star_rating|material_word|magnets|imagine_look,reviews_photos|negative_reviews|bullets|size_specs|material_cert|zoom_images,negative_reviews,not_buy,price_too_high|want_compare,yes_more,C,not_buy,price_suspicious|material|missing_magnet,B,not_buy,price_suspicious|material|transparency|review_concern,A,price|look_compromise,price_too_high|fallback_favorite,look|price_suspicious|material|transparency,look|price_suspicious|material|missing_magnet,few_reviews|pack|material,look|few_reviews|brand,few_reviews|size|material|brand,page2,page1,reviews,material,4,5,4,2,4,4,5,4,low_rating|few_reviews|no_size|material_unclear|blur_image|mismatch_title,eva,semi,unlikely,better_rating,3,4
791,C,main_image|color_pattern|price|star_rating|review_count|magnets|material_word|right_size|imagine_look,reviews_photos|negative_reviews|bullets|size_specs|material_cert|zoom_images|qa,reviews_photos,not_buy,brand|material|review_concern|want_compare,yes_more,A,not_buy,price_too_high|transparency|want_compare,B,not_buy,price_suspicious|material|rating|want_compare,A,price|material|info_gap|timing,fallback_favorite|price_too_high|material,price_suspicious|material|rating|brand,price_suspicious|material|brand|review_concern,few_reviews|material|pack|brand,look|material|brand|few_reviews,few_reviews|size|material|brand,page2,page1,material,reviews,4,5,4,2,4,4,5,5,low_rating|few_reviews|no_size|material_unclear|blur_image|no_bullets|mismatch_title,eva,semi,yes_somewhat,better_rating,3,4
792,A,main_image|color_pattern|star_rating|review_count|title_keyword|material_word|magnets|imagine_look,negative_reviews|bullets|size_specs|material_cert|zoom_images|reviews_photos,negative_reviews,not_buy,price_too_high|want_compare,yes_more,B,not_buy,price_suspicious|review_concern|material,C,not_buy,price_suspicious|few_reviews|material,A,price|timing,fallback_favorite|price_too_high,price_suspicious|review_concern|material,price_suspicious|few_reviews|material,few_reviews|material|pack,brand|few_reviews|look,few_reviews|size|pack,page2,page1,reviews,price_value,4,5,3,2,4,5,5,4,low_rating|few_reviews|no_size|material_unclear|blur_image,eva,semi,unlikely,better_rating,2,3
793,A,main_image|color_pattern|star_rating|review_count|magnets|material_word|imagine_look,reviews_photos|negative_reviews|bullets|size_specs|material_cert|zoom_images|qa,negative_reviews,not_buy,price_too_high|want_compare,yes_more,C,not_buy,price_suspicious|brand|material|want_compare,E,not_buy,few_reviews|brand|info_incomplete|want_compare,A,price|timing,fallback_favorite|price_too_high,price_suspicious|brand|material,price_suspicious|brand|material,few_reviews|brand|pack,few_reviews|brand|look,few_reviews|brand|size|look,page1,page1,price_value,reviews,4,4,4,2,3,5,5,4,low_rating|few_reviews|no_size|material_unclear|blur_image|no_bullets,eva,semi,yes_somewhat,lower_price,4,4
794,A,main_image|color_pattern|star_rating|review_count|material_word|magnets|imagine_look|right_size,reviews_photos|negative_reviews|bullets|size_specs|material_cert|qa|zoom_images,negative_reviews,not_buy,price_too_high|want_compare,yes_more,C,not_buy,price_suspicious|brand|material|want_compare,B,not_buy,price_suspicious|material|brand|want_compare,A,price|timing|info_gap,fallback_favorite|price_too_high,price_suspicious|material|brand,price_suspicious|material|brand,few_reviews|material|brand,few_reviews|look|brand,few_reviews|size|brand,page2,page1,reviews,material,4,5,4,2,5,4,5,5,low_rating|few_reviews|no_size|material_unclear|blur_image|no_bullets|mismatch_title,eva,semi,yes_somewhat,better_rating,3,4
795,C,price|star_rating|review_count|magnets|material_word|color_pattern|right_size,negative_reviews|reviews_photos|bullets|material_cert|size_specs|zoom_images|price_deal|qa,negative_reviews,not_buy,price_suspicious|material|want_compare,yes_more,A,not_buy,price_too_high|transparency|want_compare,B,not_buy,price_suspicious|material|look|want_compare,B,reviews_trust|material|info_gap,price_too_high|transparency|look,fallback_favorite|price_suspicious|material|look,price_suspicious|material|few_reviews|info_incomplete,few_reviews|material|pack|price_suspicious,look|few_reviews|brand,few_reviews|size|look|material,page2,page1,price_value,reviews,4,4,4,2,4,5,5,4,low_rating|few_reviews|no_size|material_unclear|blur_image|mismatch_title,eva,semi,neutral,better_rating,4,4
796,A,review_count|star_rating|material_word|imagine_look|main_image,negative_reviews|reviews_photos|bullets|material_cert|size_specs|zoom_images|price_deal,negative_reviews,not_buy,price_too_high|want_compare,yes_more,C,not_buy,price_suspicious|material|brand|want_compare,B,not_buy,price_suspicious|material|brand|review_concern|want_compare,A,price|reviews_trust|material,fallback_favorite|price_too_high,price_suspicious|material|brand|rating,price_suspicious|material|brand|few_reviews,few_reviews|material|brand|pack,few_reviews|brand|look|rating,few_reviews|brand|material|size,page2,page1,reviews,material,4,4,4,2,4,4,5,5,low_rating|few_reviews|no_size|material_unclear|blur_image|no_bullets|mismatch_title,eva,semi,unlikely,better_rating,3,4
797,A,main_image|color_pattern|star_rating|review_count|material_word|right_size|imagine_look,reviews_photos|negative_reviews|bullets|size_specs|material_cert|zoom_images|qa,reviews_photos,add_cart,price_too_high|want_compare,yes_more,B,add_cart,price_suspicious|want_compare,C,not_buy,few_reviews|brand|look,A,price,fallback_favorite|price_too_high,price_suspicious|material,few_reviews|brand|look,few_reviews|material|pack,look|few_reviews,few_reviews|size|look,page2,page1,reviews,appearance,5,5,4,2,4,4,5,5,low_rating|few_reviews|no_size|material_unclear|blur_image|mismatch_title,eva,semi,yes_somewhat,better_rating,3,4
798,A,main_image|color_pattern|star_rating|review_count|imagine_look|material_word,reviews_photos|negative_reviews|bullets|size_specs|material_cert|zoom_images,negative_reviews,not_buy,price_too_high|want_compare,yes_more,B,not_buy,look|want_compare,E,not_buy,look|transparency|few_reviews,A,price|reviews_trust,fallback_favorite|price_too_high,look,look,few_reviews|material|pack,look|transparency|few_reviews,few_reviews|size|material,page2,page1,reviews,price_value,5,5,4,2,4,5,5,5,low_rating|few_reviews|no_size|material_unclear|blur_image|no_bullets,eva,semi,neutral,better_rating,3,4
799,A,main_image|color_pattern|star_rating|review_count|material_word|imagine_look,reviews_photos|negative_reviews|bullets|material_cert|zoom_images|price_deal,negative_reviews,not_buy,price_too_high|want_compare,yes_more,B,not_buy,price_suspicious|material|want_compare,C,not_buy,price_suspicious|material|few_reviews|want_compare,A,price|timing,fallback_favorite|price_too_high,price_suspicious|material,price_suspicious|material|few_reviews,few_reviews|material|pack,look|few_reviews,few_reviews|size|look,page2,page1,price_value,reviews,4,5,4,2,4,5,5,4,low_rating|few_reviews|no_size|material_unclear|blur_image,eva,semi,yes_somewhat,better_value,3,4
800,A,star_rating|review_count|material_word|magnets|imagine_look,reviews_photos|negative_reviews|bullets|material_cert|size_specs|zoom_images|qa,negative_reviews,add_cart,price_too_high|want_compare,yes_more,C,add_cart,price_suspicious|few_reviews|brand,B,not_buy,price_suspicious|material|look,A,price|timing,fallback_favorite|price_too_high,price_suspicious|material|look|brand,price_suspicious|few_reviews|brand,few_reviews|material|pack,few_reviews|look|brand,few_reviews|size|look|material,page2,page1,reviews,material,4,5,4,2,4,4,5,5,low_rating|few_reviews|no_size|material_unclear|blur_image|mismatch_title,eva,semi,yes_somewhat,better_rating,3,4
801,A,main_image|color_pattern|star_rating|review_count|material_word|imagine_look|magnets,reviews_photos|negative_reviews|bullets|size_specs|material_cert|zoom_images|qa,negative_reviews,not_buy,price_too_high|want_compare,yes_more,C,not_buy,price_suspicious|few_reviews|want_compare,E,not_buy,few_reviews|material|want_compare,E,reviews_trust|material|info_gap,price_too_high|transparency,price_suspicious|look,price_suspicious|few_reviews,few_reviews|material|pack,fallback_favorite|few_reviews,few_reviews|size|look,page2,page1,material,reviews,4,5,4,2,5,3,5,5,low_rating|few_reviews|material_unclear|blur_image|no_bullets|mismatch_title,eva,semi,unlikely,better_listing,3,4
802,B,color_pattern|price|review_count|imagine_look|magnets,reviews_photos|negative_reviews|bullets|material_cert|zoom_images|size_specs,negative_reviews,not_buy,price_suspicious|material|want_compare,yes_more,A,not_buy,price_too_high|want_compare,C,add_cart,price_suspicious|want_compare,A,price,fallback_favorite|price_too_high,price_suspicious|material|look,price_suspicious|few_reviews,few_reviews|rating|material,look|few_reviews,few_reviews|rating|size,page2,page1,reviews,price_value,4,5,4,2,4,4,5,4,low_rating|few_reviews|no_size|material_unclear|blur_image,eva,semi,yes_somewhat,better_rating,4,4
803,A,star_rating|review_count|material_word|right_size|imagine_look,reviews_photos|negative_reviews|bullets|size_specs|material_cert|qa|zoom_images|delivery_returns,negative_reviews,not_buy,price_too_high|want_compare,yes_more,C,not_buy,brand|want_compare,B,not_buy,material|look|want_compare,A,price|look_compromise,fallback_favorite|price_too_high|look,price_suspicious|material|look|brand,price_suspicious|brand|look,few_reviews|material|pack|brand,few_reviews|transparency|look|brand,few_reviews|size|material|brand,page2,page1,reviews,material,4,5,4,2,4,4,5,4,low_rating|few_reviews|no_size|material_unclear|blur_image|no_bullets|mismatch_title,eva,semi,unlikely,better_rating,3,4
804,A,main_image|color_pattern|star_rating|review_count|material_word|imagine_look,reviews_photos|negative_reviews|bullets|size_specs|material_cert|zoom_images|qa,negative_reviews,not_buy,price_too_high|want_compare,yes_more,C,not_buy,price_suspicious|material|want_compare,E,not_buy,few_reviews|want_compare,A,price,fallback_favorite|price_too_high,price_suspicious|look,price_suspicious|material,few_reviews|pack,few_reviews|look,few_reviews|size,page2,page1,price_value,reviews,4,5,4,2,4,5,5,4,low_rating|few_reviews|no_size|material_unclear|blur_image,eva,semi,yes_somewhat,lower_price,3,4
805,A,star_rating|review_count|material_word|magnets|title_keyword,reviews_photos|negative_reviews|bullets|size_specs|material_cert|zoom_images,negative_reviews,not_buy,price_too_high|want_compare,yes_more,C,not_buy,few_reviews|want_compare,B,not_buy,look|want_compare,A,price|timing,fallback_favorite|price_too_high,look|price_suspicious,few_reviews|price_suspicious,few_reviews|material,brand|few_reviews|look,few_reviews|size|material,page2,page1,reviews,price_value,4,4,3,2,4,4,5,4,low_rating|few_reviews|no_size|material_unclear|blur_image,eva,semi,unlikely,better_rating,3,3
806,A,main_image|color_pattern|star_rating|review_count|material_word|imagine_look|magnets,reviews_photos|negative_reviews|bullets|size_specs|material_cert|zoom_images|qa,negative_reviews,not_buy,price_too_high|want_compare,yes_more,C,not_buy,few_reviews|brand|want_compare,B,not_buy,look|material|want_compare,A,price|timing,fallback_favorite|price_too_high,look|material,few_reviews|brand,few_reviews|material|pack,look|few_reviews,few_reviews|size|material,page2,page1,reviews,price_value,4,5,4,2,4,4,5,5,low_rating|few_reviews|no_size|material_unclear|blur_image|no_bullets,eva,semi,yes_somewhat,better_rating,3,4
807,C,main_image|color_pattern|star_rating|review_count|magnets|right_size|imagine_look,reviews_photos|negative_reviews|bullets|size_specs|material_cert|zoom_images|qa,negative_reviews,add_cart,want_compare|material,yes_more,A,add_cart,price_too_high|want_compare,B,not_buy,price_suspicious|material|transparency,A,price|timing,fallback_favorite|price_too_high,price_suspicious|material|transparency|brand,price_suspicious|material|brand,few_reviews|material|pack,few_reviews|look|transparency,few_reviews|size|look,page2,page1,reviews,material,4,5,4,2,4,4,5,5,low_rating|few_reviews|no_size|material_unclear|blur_image|no_bullets|mismatch_title,eva,semi,unlikely,better_rating,3,3
808,A,main_image|color_pattern|star_rating|review_count|material_word|magnets|imagine_look,reviews_photos|negative_reviews|bullets|size_specs|material_cert|zoom_images|qa,negative_reviews,not_buy,price_too_high|want_compare,yes_more,B,not_buy,look|want_compare,E,not_buy,few_reviews|info_incomplete|want_compare,A,price,fallback_favorite|price_too_high,look|brand,brand|review_concern,few_reviews|pack|material,few_reviews|info_incomplete,few_reviews|size|look,page2,page1,material,reviews,4,5,4,2,4,4,5,5,low_rating|few_reviews|no_size|material_unclear|blur_image|mismatch_title,eva,semi,unlikely,better_value,3,4
809,A,review_count|star_rating|material_word|magnets|imagine_look,negative_reviews|reviews_photos|bullets|material_cert|size_specs|zoom_images|delivery_returns,negative_reviews,add_cart,price_too_high|want_compare,yes_more,C,add_cart,want_compare|brand,B,not_buy,look|rating,C,reviews_trust|brand|material,price_too_high,look|rating,fallback_favorite|brand,few_reviews|material|pack,look|brand|few_reviews,few_reviews|size|material,page2,page1,reviews,price_value,4,5,4,2,4,5,5,4,low_rating|few_reviews|no_size|material_unclear|blur_image|mismatch_title,eva,semi,yes_somewhat,better_rating,4,4
810,A,main_image|color_pattern|star_rating|review_count|material_word|imagine_look|magnets,reviews_photos|negative_reviews|bullets|size_specs|material_cert|zoom_images|qa,reviews_photos,not_buy,price_too_high|want_compare,yes_more,B,not_buy,look|want_compare,C,not_buy,look|material|want_compare,A,price|timing,fallback_favorite|price_too_high,look,look|material,few_reviews|pack|look,look|few_reviews,few_reviews|size|look,page2,page1,price_value,material,4,5,4,2,4,5,5,5,low_rating|no_size|material_unclear|blur_image|mismatch_title,eva,semi,unlikely,better_value,3,4
811,C,main_image|color_pattern|price|star_rating|title_keyword|magnets|material_word|imagine_look,reviews_photos|negative_reviews|bullets|size_specs|material_cert|zoom_images|qa,reviews_photos,not_buy,want_compare|review_concern,yes_more,B,not_buy,want_compare|material,F,not_buy,few_reviews|look,C,timing|reviews_trust,price_too_high|transparency,material,fallback_favorite,few_reviews|pack,look|few_reviews,few_reviews|look|size,page2,page1,appearance,reviews,4,5,4,2,4,4,5,4,low_rating|few_reviews|material_unclear|blur_image,eva,semi,yes_somewhat,better_look,5,4
812,A,main_image|color_pattern|star_rating|review_count|material_word|imagine_look|magnets,reviews_photos|negative_reviews|bullets|size_specs|material_cert|zoom_images|qa|price_deal,negative_reviews,not_buy,price_too_high|want_compare,yes_more,B,add_cart,look|want_compare,C,add_cart,want_compare,C,reviews_trust|material,price_too_high|brand,look|brand,few_reviews|brand,few_reviews|material|pack,look|few_reviews,few_reviews|size|material,page2,page1,reviews,price_value,4,5,4,2,4,4,5,5,low_rating|few_reviews|no_size|material_unclear|blur_image,eva,semi,yes_somewhat,better_value,4,4
813,A,main_image|star_rating|review_count|color_pattern|magnets|material_word|imagine_look,reviews_photos|negative_reviews|bullets|size_specs|material_cert|zoom_images|qa,negative_reviews,not_buy,price_too_high|want_compare,yes_more,B,not_buy,price_suspicious|material|look,E,not_buy,few_reviews|brand|transparency,A,price|timing,fallback_favorite|price_too_high,price_suspicious|material|look,price_suspicious|material|brand,few_reviews|material|pack,few_reviews|brand|transparency,few_reviews|size|look,page1,page1,reviews,price_value,4,5,3,2,4,5,5,5,low_rating|few_reviews|no_size|material_unclear|blur_image|mismatch_title,eva,semi,yes_somewhat,better_rating,2,4
814,C,main_image|color_pattern|star_rating|price|imagine_look|magnets|material_word,reviews_photos|negative_reviews|bullets|size_specs|material_cert|zoom_images|qa|price_deal,negative_reviews,not_buy,want_compare|price_suspicious,yes_more,A,not_buy,price_too_high|want_compare,B,add_cart,want_compare,B,reviews_trust|material,price_too_high,fallback_favorite,price_suspicious,few_reviews|material,look|few_reviews,few_reviews|size|look,page2,page1,reviews,price_value,4,5,4,2,4,5,5,4,low_rating|few_reviews|no_size|material_unclear|blur_image|mismatch_title,eva,semi,yes_somewhat,better_value,4,4
815,A,main_image|star_rating|review_count|material_word|imagine_look,reviews_photos|negative_reviews|bullets|size_specs|material_cert|zoom_images|qa|price_deal,negative_reviews,not_buy,price_too_high|want_compare,yes_more,B,not_buy,look|want_compare,E,not_buy,few_reviews|rating|want_compare,A,price|timing,fallback_favorite|price_too_high,look,look|brand,few_reviews|material|pack,few_reviews|rating|look,few_reviews|size|look,page2,page1,reviews,price_value,4,5,4,2,4,5,5,5,low_rating|few_reviews|no_size|material_unclear|blur_image|mismatch_title,eva,semi,unlikely,better_rating,3,4
816,A,review_count|star_rating|material_word|magnets|imagine_look|main_image,negative_reviews|reviews_photos|size_specs|material_cert|bullets|zoom_images|qa,negative_reviews,not_buy,price_too_high|want_compare,yes_more,C,not_buy,price_suspicious|material|want_compare,E,not_buy,few_reviews|brand|transparency,A,price,fallback_favorite|price_too_high,price_suspicious|material|brand,price_suspicious|material|brand,few_reviews|material|pack|brand,few_reviews|brand|transparency,few_reviews|size|brand|material,page2,page1,reviews,price_value,4,4,4,2,4,5,5,4,low_rating|no_size|material_unclear|blur_image|mismatch_title,eva,semi,unlikely,better_rating,2,4
817,A,main_image|color_pattern|star_rating|review_count|material_word|right_size|imagine_look,reviews_photos|negative_reviews|bullets|size_specs|material_cert|zoom_images|qa,negative_reviews,not_buy,price_too_high|want_compare,yes_more,B,not_buy,price_suspicious|material|want_compare,C,not_buy,price_suspicious|brand|want_compare,A,price,fallback_favorite|price_too_high,price_suspicious|material|brand,price_suspicious|brand|few_reviews,few_reviews|material|pack,look|few_reviews|brand,few_reviews|size|material,page2,page1,reviews,price_value,4,5,4,2,4,5,5,5,low_rating|few_reviews|no_size|material_unclear|blur_image|no_bullets|mismatch_title,eva,semi,yes_somewhat,better_value,3,4
818,A,main_image|color_pattern|star_rating|review_count|material_word|magnets|imagine_look|right_size,reviews_photos|negative_reviews|bullets|size_specs|material_cert|zoom_images|price_deal,negative_reviews,not_buy,price_too_high|transparency|want_compare,yes_more,B,not_buy,price_suspicious|look|want_compare,C,not_buy,price_suspicious|brand|want_compare,A,price|timing,fallback_favorite|price_too_high,price_suspicious|look,price_suspicious|brand,few_reviews|material|pack,look|few_reviews,few_reviews|size|look,page2,page1,reviews,material,4,5,4,2,4,4,5,5,low_rating|few_reviews|no_size|material_unclear|blur_image|mismatch_title,eva,semi,yes_somewhat,better_rating,3,4
819,A,main_image|star_rating|review_count|material_word|title_keyword|imagine_look,reviews_photos|negative_reviews|bullets|size_specs|material_cert|qa|zoom_images,negative_reviews,add_cart,price_too_high|want_compare,yes_more,C,not_buy,price_suspicious|material|brand|want_compare,B,not_buy,look|material|brand|want_compare,A,price|timing,fallback_favorite|price_too_high,look|material|brand,price_suspicious|material|brand,few_reviews|material|pack,look|few_reviews|brand,size|few_reviews|look,page3,page2,reviews,price_value,4,5,4,2,5,4,5,4,low_rating|no_size|material_unclear|blur_image|mismatch_title,eva,semi,yes_somewhat,better_rating,3,4
820,A,review_count|star_rating|material_word|imagine_look|magnets|right_size,negative_reviews|reviews_photos|bullets|size_specs|material_cert|zoom_images|qa,negative_reviews,not_buy,price_too_high|want_compare,yes_more,C,not_buy,price_suspicious|review_concern|brand|want_compare,D,not_buy,few_reviews|material|pack|want_compare,A,price|timing,fallback_favorite|price_too_high,price_suspicious|brand|material|review_concern,price_suspicious|brand|material,few_reviews|material|pack,brand|look|review_concern,few_reviews|size|material|review_concern,page2,page1,reviews,price_value,4,4,3,2,4,4,5,4,low_rating|few_reviews|material_unclear|blur_image|mismatch_title,eva,semi,unlikely,better_rating,3,3
821,A,main_image|color_pattern|star_rating|review_count|material_word|magnets|imagine_look,reviews_photos|negative_reviews|bullets|size_specs|material_cert|zoom_images|qa,negative_reviews,not_buy,price_too_high|want_compare,yes_more,C,not_buy,price_suspicious|material|want_compare,B,not_buy,price_suspicious|material|look|want_compare,A,price|timing,fallback_favorite|price_too_high,price_suspicious|material|look,price_suspicious|material,few_reviews|material|pack,look|few_reviews|brand,few_reviews|size|material,page2,page1,material,reviews,4,5,4,2,4,4,5,5,low_rating|few_reviews|no_size|material_unclear|blur_image|mismatch_title,eva,semi,unlikely,better_function,3,4
822,A,main_image|star_rating|review_count|material_word|imagine_look|magnets,reviews_photos|negative_reviews|bullets|size_specs|material_cert|zoom_images|delivery_returns,negative_reviews,add_cart,price_too_high|want_compare,yes_more,C,not_buy,price_suspicious|review_concern|want_compare,B,not_buy,price_suspicious|material|want_compare,A,price,fallback_favorite|price_too_high,price_suspicious|material,price_suspicious|material,few_reviews|material|pack,look|few_reviews,few_reviews|size|transparency,page2,page1,reviews,material,4,5,4,2,4,4,5,5,low_rating|few_reviews|no_size|material_unclear|blur_image|mismatch_title,eva,semi,yes_somewhat,better_rating,3,4
823,A,main_image|color_pattern|star_rating|review_count|material_word|imagine_look,reviews_photos|negative_reviews|bullets|size_specs|material_cert|zoom_images|qa,negative_reviews,not_buy,price_too_high|want_compare,yes_more,C,not_buy,price_suspicious|material|brand|want_compare,E,not_buy,look|few_reviews|transparency|brand,A,price|timing,fallback_favorite|price_too_high,price_suspicious|material|brand,price_suspicious|material|brand,few_reviews|material|pack|brand,look|few_reviews|transparency|brand,few_reviews|size|material|brand,page2,page1,material,reviews,4,5,4,2,4,4,5,5,low_rating|few_reviews|no_size|material_unclear|blur_image|mismatch_title,eva,semi,unlikely,better_rating,3,4
824,A,main_image|color_pattern|star_rating|review_count|material_word|imagine_look|magnets,reviews_photos|negative_reviews|bullets|size_specs|material_cert|zoom_images|delivery_returns,negative_reviews,not_buy,price_too_high|want_compare,yes_more,C,not_buy,price_suspicious|few_reviews|want_compare,B,not_buy,look|price_suspicious|want_compare,A,price,fallback_favorite|price_too_high,price_suspicious|look,price_suspicious|few_reviews,few_reviews|material,look|few_reviews,few_reviews|size,page2,page1,price_value,reviews,4,5,4,2,4,5,5,4,low_rating|few_reviews|no_size|material_unclear|blur_image|no_bullets,eva,semi,yes_somewhat,better_value,3,4
825,A,main_image|color_pattern|star_rating|review_count|material_word|imagine_look,reviews_photos|negative_reviews|bullets|size_specs|material_cert|zoom_images|price_deal,negative_reviews,not_buy,price_too_high|want_compare,yes_more,B,not_buy,price_suspicious|material|want_compare,C,not_buy,price_suspicious|material|brand|want_compare,A,price|timing,fallback_favorite|price_too_high,price_suspicious|material|brand,price_suspicious|material|brand,few_reviews|material|pack,look|material|few_reviews|brand,few_reviews|brand|size|transparency,page2,page1,price_value,reviews,4,5,4,2,4,5,5,4,low_rating|few_reviews|no_size|material_unclear|blur_image|no_bullets,eva,semi,yes_somewhat,lower_price,3,4
826,A,main_image|color_pattern|star_rating|review_count|material_word|imagine_look,reviews_photos|negative_reviews|bullets|size_specs|material_cert|qa|zoom_images,negative_reviews,not_buy,price_too_high|want_compare,yes_more,C,not_buy,price_suspicious|few_reviews|material|want_compare,B,not_buy,price_suspicious|material|look|want_compare,A,price|timing,fallback_favorite|price_too_high,price_suspicious|material|look,price_suspicious|few_reviews|material,few_reviews|material|pack,look|few_reviews|transparency,few_reviews|size|transparency,page2,page1,reviews,material,4,5,4,2,4,4,5,5,low_rating|few_reviews|material_unclear|blur_image|no_size,eva,semi,yes_somewhat,better_rating,3,4
827,A,main_image|color_pattern|star_rating|review_count|material_word|imagine_look|title_keyword,reviews_photos|negative_reviews|bullets|size_specs|material_cert|zoom_images|qa,negative_reviews,not_buy,price_too_high|want_compare,yes_more,B,not_buy,look|want_compare,C,not_buy,look|want_compare,A,price|timing,fallback_favorite|price_too_high,look,look,few_reviews|material,look|few_reviews,few_reviews|size|look,page2,page1,price_value,reviews,4,5,4,2,4,5,5,4,low_rating|few_reviews|no_size|material_unclear|blur_image|mismatch_title,eva,semi,unlikely,lower_price,2,4
828,A,star_rating|review_count|material_word|imagine_look|color_pattern,reviews_photos|negative_reviews|bullets|material_cert|size_specs|zoom_images|qa,negative_reviews,not_buy,price_too_high|want_compare,yes_more,B,add_cart,want_compare,C,add_cart,want_compare|few_reviews,B,timing,price_too_high,fallback_favorite,few_reviews,few_reviews|pack,look|few_reviews|brand,few_reviews|size|look,page2,page1,reviews,price_value,4,5,4,2,4,4,5,4,low_rating|few_reviews|no_size|material_unclear|blur_image|mismatch_title,eva,semi,yes_somewhat,better_rating,4,4
829,A,main_image|color_pattern|star_rating|review_count|material_word|imagine_look|right_size,reviews_photos|negative_reviews|bullets|size_specs|material_cert|zoom_images,negative_reviews,add_cart,price_too_high|want_compare,yes_more,C,add_cart,price_suspicious|want_compare,B,not_buy,look|want_compare,C,reviews_trust|timing,price_too_high,look,fallback_favorite,few_reviews|material,look|few_reviews,size|few_reviews|look,page2,page1,price_value,reviews,4,5,4,2,4,5,5,4,low_rating|few_reviews|no_size|material_unclear|blur_image|mismatch_title,eva,semi,yes_somewhat,lower_price,4,4
830,A,main_image|star_rating|review_count|material_word|magnets|right_size|title_keyword,reviews_photos|negative_reviews|bullets|size_specs|material_cert|qa|zoom_images,negative_reviews,not_buy,price_too_high|want_compare,yes_more,C,not_buy,want_compare|material,B,not_buy,want_compare|material,A,price|timing,fallback_favorite|price_too_high,material,final_purchase,few_reviews|material,few_reviews|look,few_reviews|size,page2,page1,reviews,price_value,4,4,4,2,4,4,5,5,low_rating|few_reviews|no_size|material_unclear|blur_image|mismatch_title,eva,semi,unlikely,better_rating,3,4
831,A,main_image|color_pattern|star_rating|review_count|material_word|imagine_look|right_size,reviews_photos|negative_reviews|bullets|size_specs|material_cert|zoom_images|qa,negative_reviews,not_buy,price_too_high|want_compare,yes_more,C,not_buy,price_suspicious|material|few_reviews|want_compare,E,not_buy,few_reviews|brand|info_incomplete|want_compare,A,price|info_gap,fallback_favorite|price_too_high,price_suspicious|material|look,price_suspicious|material|few_reviews,few_reviews|material|pack|review_concern,few_reviews|brand|look|info_incomplete,few_reviews|size|look,page2,page1,reviews,price_value,4,5,4,2,4,4,5,5,low_rating|few_reviews|no_size|material_unclear|blur_image|mismatch_title,eva,semi,yes_somewhat,better_rating,3,4
832,A,main_image|color_pattern|star_rating|review_count|material_word|imagine_look,reviews_photos|negative_reviews|bullets|size_specs|material_cert|zoom_images,negative_reviews,not_buy,price_too_high|want_compare,yes_more,B,not_buy,look|want_compare,C,not_buy,few_reviews|want_compare,C,reviews_trust|material|timing,price_too_high,look,fallback_favorite,few_reviews|material,look|few_reviews,few_reviews|size,page2,page1,price_value,reviews,4,5,4,2,4,5,5,4,low_rating|few_reviews|no_size|material_unclear|blur_image,eva,semi,yes_somewhat,better_value,4,3
833,A,main_image|color_pattern|star_rating|review_count|material_word|imagine_look,reviews_photos|negative_reviews|bullets|size_specs|material_cert|zoom_images|qa,negative_reviews,not_buy,price_too_high|want_compare,yes_more,B,not_buy,price_suspicious|material|want_compare,C,not_buy,price_suspicious|look|want_compare,A,price|material|info_gap,fallback_favorite|price_too_high,price_suspicious|material,price_suspicious|look,few_reviews|material|pack,look|few_reviews,few_reviews|size|material,page2,page1,material,reviews,4,5,4,2,4,4,5,5,low_rating|no_size|material_unclear|blur_image|mismatch_title,eva,semi,yes_somewhat,better_value,3,4
834,A,main_image|color_pattern|review_count|material_word|imagine_look|magnets,reviews_photos|negative_reviews|bullets|material_cert|size_specs|zoom_images,negative_reviews,not_buy,price_too_high|want_compare,yes_more,B,not_buy,look|want_compare,C,not_buy,brand|want_compare,A,price|timing,fallback_favorite|price_too_high,look,brand,few_reviews|material,look|few_reviews,few_reviews|size,page2,page1,price_value,reviews,4,5,4,2,4,5,5,4,low_rating|few_reviews|no_size|material_unclear|blur_image|mismatch_title,eva,semi,yes_somewhat,better_value,4,4
835,A,review_count|star_rating|material_word|magnets|main_image,negative_reviews|reviews_photos|bullets|size_specs|material_cert|zoom_images|qa,negative_reviews,not_buy,price_too_high|want_compare|transparency,yes_more,C,not_buy,price_suspicious|brand|material|few_reviews,B,not_buy,price_suspicious|material|brand|look,A,price|timing,fallback_favorite|price_too_high,price_suspicious|brand|material|look,price_suspicious|brand|material,few_reviews|brand|material|pack,look|few_reviews|brand|transparency,few_reviews|brand|size|material,page2,page2,reviews,material,4,4,4,2,4,5,5,4,low_rating|few_reviews|no_size|material_unclear|blur_image|mismatch_title,eva,semi,unlikely,better_rating,2,4
836,A,main_image|color_pattern|star_rating|review_count|magnets|material_word|imagine_look,reviews_photos|negative_reviews|bullets|size_specs|material_cert|zoom_images|qa,negative_reviews,not_buy,price_too_high|want_compare|transparency,yes_more,C,not_buy,price_suspicious|brand|material|want_compare,B,not_buy,price_suspicious|brand|material|want_compare,A,price|info_gap,fallback_favorite|price_too_high,price_suspicious|brand|material,price_suspicious|brand|material,few_reviews|material|brand|pack,few_reviews|look|transparency|brand,few_reviews|size|look|brand,page2,page1,reviews,material,4,5,4,2,4,4,5,5,low_rating|few_reviews|no_size|material_unclear|blur_image|no_bullets|mismatch_title,eva,semi,unlikely,better_rating,3,4
837,A,main_image|color_pattern|review_count|star_rating|material_word|imagine_look,reviews_photos|negative_reviews|bullets|size_specs|material_cert|zoom_images|qa,negative_reviews,not_buy,price_too_high|want_compare,yes_more,C,not_buy,price_suspicious|brand|want_compare,B,not_buy,look|want_compare,A,price,fallback_favorite|price_too_high,price_suspicious|brand|look,price_suspicious|brand,few_reviews|material|pack,look|few_reviews,few_reviews|size|transparency,page2,page1,reviews,price_value,4,5,4,2,4,4,5,4,low_rating|few_reviews|no_size|material_unclear|blur_image|mismatch_title,eva,semi,yes_somewhat,better_rating,3,4
838,A,main_image|review_count|star_rating|material_word|magnets|imagine_look,reviews_photos|negative_reviews|bullets|size_specs|material_cert|zoom_images|qa,negative_reviews,not_buy,price_too_high|want_compare,yes_more,B,not_buy,price_suspicious|material|want_compare,C,not_buy,price_suspicious|brand|want_compare,A,price|timing,fallback_favorite|price_too_high,price_suspicious|material|brand,price_suspicious|brand,few_reviews|material|pack,look|few_reviews|brand,few_reviews|size|brand,page2,page1,reviews,material,4,5,4,2,4,4,5,5,low_rating|few_reviews|no_size|material_unclear|blur_image|no_bullets,eva,semi,yes_somewhat,better_rating,3,4
839,A,main_image|color_pattern|star_rating|review_count|material_word|right_size|imagine_look|magnets,reviews_photos|negative_reviews|bullets|size_specs|material_cert|zoom_images|qa,material_cert,add_cart,price_too_high|want_compare,yes_more,B,add_cart,want_compare,C,not_buy,look|want_compare,A,price|material,fallback_favorite|price_too_high,price_suspicious,look|price_suspicious,few_reviews|pack,look|few_reviews,few_reviews|size|transparency,page3,page2,material,reviews,4,5,4,2,4,4,5,5,low_rating|no_size|material_unclear|blur_image|mismatch_title,eva,semi,yes_somewhat,better_rating,3,4
840,A,main_image|color_pattern|star_rating|review_count|material_word|imagine_look,reviews_photos|negative_reviews|bullets|size_specs|material_cert|zoom_images,negative_reviews,add_cart,price_too_high|want_compare,yes_more,B,add_cart,want_compare,C,add_cart,few_reviews|brand,C,reviews_trust|brand,price_too_high,look,brand|few_reviews,few_reviews|material,look|few_reviews,few_reviews|size,page2,page1,price_value,reviews,4,4,4,2,4,5,5,4,low_rating|few_reviews|no_size|material_unclear|blur_image,eva,semi,yes_somewhat,better_value,4,4
841,A,main_image|color_pattern|star_rating|review_count|material_word|magnets|imagine_look,reviews_photos|negative_reviews|bullets|size_specs|material_cert|zoom_images|qa,negative_reviews,not_buy,price_too_high|want_compare,yes_more,B,not_buy,price_suspicious|material|want_compare,C,not_buy,price_suspicious|material|few_reviews|want_compare,A,price|timing,fallback_favorite|price_too_high,price_suspicious|material,price_suspicious|few_reviews|material,few_reviews|material|pack|brand,look|few_reviews|brand,few_reviews|size|transparency|brand,page2,page1,material,reviews,4,5,4,2,4,4,5,5,low_rating|no_size|material_unclear|blur_image|mismatch_title,eva,semi,yes_somewhat,better_value,3,4
842,A,main_image|color_pattern|review_count|star_rating|material_word|imagine_look,reviews_photos|negative_reviews|bullets|material_cert|zoom_images|size_specs,reviews_photos,not_buy,price_too_high|want_compare,yes_more,B,add_cart,want_compare,C,not_buy,look|few_reviews,B,timing,price_too_high,fallback_favorite,look|few_reviews,few_reviews|material|pack,look|few_reviews|brand,few_reviews|size|look,page2,page1,price_value,reviews,4,5,4,2,4,5,5,4,low_rating|few_reviews|no_size|material_unclear|blur_image,eva,semi,yes_somewhat,better_value,4,4
843,A,main_image|color_pattern|star_rating|review_count|material_word|imagine_look,reviews_photos|negative_reviews|bullets|size_specs|material_cert|zoom_images|qa,negative_reviews,add_cart,price_too_high|want_compare,yes_more,B,not_buy,price_suspicious|material|look|review_concern,C,not_buy,price_suspicious|brand|material|look,A,price|timing,fallback_favorite|price_too_high,price_suspicious|material|look|review_concern,price_suspicious|brand|material|look,few_reviews|pack|material|look,look|few_reviews|brand,few_reviews|size|look|material,page2,page1,material,reviews,4,5,4,2,4,4,5,5,low_rating|few_reviews|no_size|material_unclear|blur_image|no_bullets|mismatch_title,eva,semi,unlikely,better_rating,4,4
844,A,main_image|color_pattern|star_rating|review_count|magnets|material_word|imagine_look,reviews_photos|negative_reviews|bullets|size_specs|material_cert|zoom_images|qa,negative_reviews,not_buy,price_too_high|want_compare,yes_more,C,not_buy,look|want_compare,B,not_buy,look|want_compare,B,look_compromise|timing,price_too_high,fallback_favorite,look,few_reviews|pack,look|few_reviews|brand,few_reviews|size|transparency,page2,page1,price_value,reviews,4,5,4,2,4,5,5,4,low_rating|few_reviews|no_size|material_unclear|blur_image|mismatch_title,eva,semi,yes_somewhat,better_value,4,4
845,A,main_image|color_pattern|star_rating|review_count|material_word|imagine_look|magnets,reviews_photos|negative_reviews|bullets|size_specs|material_cert|price_deal|zoom_images,negative_reviews,add_cart,price_too_high|want_compare,yes_more,C,not_buy,price_suspicious|brand|few_reviews|material,F,not_buy,few_reviews|size|brand|material,A,price|timing,fallback_favorite|price_too_high,price_suspicious|brand|material,price_suspicious|brand|few_reviews|material,few_reviews|material|pack,brand|few_reviews|look,few_reviews|size|brand|material,page2,page1,material,reviews,4,5,4,2,5,4,5,5,low_rating|few_reviews|no_size|material_unclear|blur_image|mismatch_title,eva,semi,unlikely,better_rating,3,4
846,A,main_image|color_pattern|star_rating|review_count|material_word|imagine_look|right_size,reviews_photos|negative_reviews|bullets|size_specs|material_cert|zoom_images|qa,reviews_photos,add_cart,price_too_high|want_compare,yes_more,B,add_cart,want_compare,C,add_cart,want_compare,A,price|timing,fallback_favorite|price_too_high,price_suspicious|material,price_suspicious|brand,few_reviews|material,look|few_reviews,few_reviews|size|transparency,page2,page1,material,price_value,4,5,4,2,4,4,5,4,low_rating|few_reviews|no_size|material_unclear|blur_image|mismatch_title,eva,semi,unlikely,better_function,3,4
847,A,main_image|color_pattern|star_rating|review_count|material_word|imagine_look|right_size,reviews_photos|negative_reviews|bullets|size_specs|material_cert|zoom_images,reviews_photos,add_cart,price_too_high|want_compare,yes_more,C,not_buy,price_suspicious|material|brand|want_compare,B,not_buy,price_suspicious|material|brand|want_compare,B,price|reviews_trust|brand|timing,price_too_high,fallback_favorite|price_suspicious|brand,price_suspicious|brand|material,few_reviews|brand|material,look|few_reviews|brand|material,few_reviews|size|brand|material,page2,page1,reviews,price_value,4,5,4,3,4,4,5,4,low_rating|few_reviews|material_unclear|blur_image|no_bullets|mismatch_title,eva,semi,yes_somewhat,better_rating,4,4
848,A,main_image|color_pattern|star_rating|review_count|title_keyword|material_word|imagine_look,reviews_photos|negative_reviews|bullets|size_specs|material_cert|zoom_images|qa,negative_reviews,not_buy,price_too_high|want_compare,yes_more,B,not_buy,look|want_compare,C,not_buy,look|want_compare,A,price|info_gap,fallback_favorite|price_too_high,look,look,few_reviews|material|pack,few_reviews|look|transparency,few_reviews|size|material,page2,page1,reviews,material,4,5,4,2,4,4,5,5,low_rating|few_reviews|no_size|material_unclear|blur_image,eva,semi,unlikely,better_rating,3,4
849,A,main_image|color_pattern|star_rating|review_count|material_word|magnets|imagine_look,reviews_photos|negative_reviews|bullets|size_specs|material_cert|zoom_images|qa|price_deal,negative_reviews,not_buy,price_too_high|want_compare,yes_more,B,not_buy,price_suspicious|material|look|want_compare,C,not_buy,price_suspicious|brand|want_compare,A,price|timing,fallback_favorite|price_too_high,price_suspicious|look|material,price_suspicious|brand|material,few_reviews|material|pack,look|transparency|few_reviews,few_reviews|size|transparency,page2,page1,reviews,price_value,4,5,4,2,4,5,5,4,low_rating|few_reviews|no_size|material_unclear|blur_image|no_bullets|mismatch_title,eva,semi,yes_somewhat,better_rating,3,4
850,A,main_image|review_count|star_rating|material_word|imagine_look|magnets,reviews_photos|negative_reviews|bullets|size_specs|material_cert|zoom_images|price_deal,negative_reviews,not_buy,price_too_high|want_compare,yes_more,C,add_cart,few_reviews|brand|material,B,add_cart,brand|material|want_compare,A,price|look_compromise,fallback_favorite|price_too_high|transparency,brand|material|review_concern,brand|material|few_reviews,few_reviews|brand|material,look|few_reviews|brand,few_reviews|size|look,page2,page1,reviews,price_value,4,5,4,2,4,4,5,4,low_rating|few_reviews|no_size|material_unclear|blur_image|mismatch_title,eva,semi,unlikely,better_rating,3,4
851,A,main_image|color_pattern|review_count|material_word|imagine_look|title_keyword,reviews_photos|negative_reviews|bullets|material_cert|size_specs|zoom_images|qa,negative_reviews,not_buy,price_too_high|want_compare,yes_more,B,not_buy,look|want_compare,C,add_cart,want_compare,C,timing,price_too_high,look,fallback_favorite,few_reviews|material,look|few_reviews,few_reviews|size|look,page2,page1,price_value,material,4,5,4,2,4,5,5,4,low_rating|few_reviews|material_unclear|blur_image|no_size,eva,semi,unlikely,better_value,4,4
852,A,main_image|color_pattern|review_count|star_rating|material_word|imagine_look,reviews_photos|negative_reviews|bullets|material_cert|size_specs|zoom_images,negative_reviews,not_buy,price_too_high|want_compare,yes_more,B,not_buy,look|want_compare,E,not_buy,few_reviews|brand|want_compare,A,price,fallback_favorite|price_too_high,look,look|price_suspicious,few_reviews|pack|material,few_reviews|brand,few_reviews|size|look,page1,page1,reviews,price_value,4,5,4,2,4,5,5,4,low_rating|few_reviews|no_size|material_unclear|blur_image,eva,semi,yes_somewhat,better_value,3,4
853,A,main_image|color_pattern|star_rating|review_count|material_word|imagine_look,reviews_photos|negative_reviews|bullets|size_specs|material_cert|zoom_images|qa,negative_reviews,not_buy,price_too_high|want_compare,yes_more,C,not_buy,price_suspicious|material|few_reviews|want_compare,B,not_buy,price_suspicious|material|look|want_compare,A,price|timing,fallback_favorite|price_too_high,price_suspicious|material|look,price_suspicious|material|few_reviews,few_reviews|material|pack,look|few_reviews|brand,few_reviews|size|material,page2,page1,material,reviews,4,5,4,2,4,4,5,5,low_rating|few_reviews|no_size|material_unclear|blur_image|mismatch_title,eva,semi,yes_somewhat,better_rating,3,4
854,A,main_image|color_pattern|review_count|material_word|magnets|imagine_look,reviews_photos|negative_reviews|bullets|material_cert|size_specs|zoom_images,negative_reviews,not_buy,price_too_high|want_compare,yes_more,C,not_buy,want_compare,B,not_buy,look|want_compare,A,price|timing,price_too_high|fallback_favorite,look,final_purchase,few_reviews|pack|material,look|transparency|few_reviews,few_reviews|size|transparency,page2,page1,price_value,reviews,4,5,4,2,4,5,5,4,low_rating|few_reviews|no_size|material_unclear|blur_image|mismatch_title,eva,semi,unlikely,better_value,3,4
855,A,main_image|star_rating|review_count|material_word|imagine_look,negative_reviews|reviews_photos|bullets|size_specs|material_cert|zoom_images,negative_reviews,not_buy,price_too_high|want_compare,yes_more,C,not_buy,price_suspicious|few_reviews|brand|want_compare,E,not_buy,few_reviews|brand|transparency|want_compare,A,price|timing,fallback_favorite|price_too_high,price_suspicious|look,price_suspicious|few_reviews|brand,few_reviews|material|pack,few_reviews|brand|transparency,few_reviews|size|material,page2,page1,reviews,material,4,5,4,2,4,4,5,5,low_rating|few_reviews|no_size|material_unclear|blur_image,eva,semi,yes_somewhat,better_rating,3,4
856,A,main_image|review_count|star_rating|material_word|imagine_look|magnets,reviews_photos|negative_reviews|bullets|size_specs|material_cert|zoom_images,negative_reviews,add_cart,price_too_high|want_compare,yes_more,B,not_buy,price_suspicious|material|want_compare,C,add_cart,price_suspicious|material|want_compare,A,price|timing,fallback_favorite|price_too_high,price_suspicious|material,price_suspicious|material,few_reviews|material|pack,look|few_reviews,few_reviews|size|look,page2,page1,reviews,price_value,4,5,4,2,4,4,5,4,low_rating|few_reviews|no_size|material_unclear|blur_image,eva,semi,unlikely,better_rating,3,4
857,A,main_image|color_pattern|star_rating|review_count|title_keyword|material_word|imagine_look,reviews_photos|negative_reviews|bullets|size_specs|material_cert|zoom_images|qa,negative_reviews,not_buy,price_too_high|want_compare,yes_more,B,not_buy,price_suspicious|material|look|want_compare,C,not_buy,price_suspicious|brand|look|want_compare,A,price|timing,price_too_high,price_suspicious|material|look,price_suspicious|brand|look,few_reviews|material|pack,look|few_reviews|brand,few_reviews|size|look,page2,page1,appearance,reviews,4,5,4,2,4,4,5,4,low_rating|few_reviews|no_size|material_unclear|blur_image,eva,semi,yes_somewhat,better_rating,3,4
858,A,main_image|color_pattern|star_rating|review_count|material_word|imagine_look|right_size,reviews_photos|negative_reviews|bullets|size_specs|material_cert|zoom_images|qa,negative_reviews,not_buy,price_too_high|want_compare,yes_more,B,not_buy,price_suspicious|material|brand|want_compare,C,not_buy,price_suspicious|material|brand|look|want_compare,A,price|timing,fallback_favorite|price_too_high,price_suspicious|material|brand,price_suspicious|material|brand|look,few_reviews|material|pack|size,look|brand|few_reviews|transparency,few_reviews|size|material|look,page2,page1,reviews,material,4,5,4,2,4,3,5,5,low_rating|few_reviews|no_size|material_unclear|blur_image|no_bullets|mismatch_title,eva,semi,yes_somewhat,better_rating,3,4
859,A,main_image|color_pattern|star_rating|review_count|brand|material_word|magnets|imagine_look|right_size,reviews_photos|negative_reviews|bullets|size_specs|material_cert|zoom_images|qa,negative_reviews,not_buy,price_too_high|want_compare,yes_more,C,not_buy,price_suspicious|brand|material|want_compare,E,not_buy,few_reviews|brand|info_incomplete|want_compare,A,price|info_gap|timing,fallback_favorite|price_too_high,brand|material|price_suspicious,brand|price_suspicious|material,few_reviews|brand|material|pack,few_reviews|brand|look|info_incomplete,few_reviews|brand|size|material,page2,page1,reviews,material,4,5,4,2,4,4,5,5,low_rating|few_reviews|no_size|material_unclear|blur_image|mismatch_title,eva,semi,yes_somewhat,better_rating,4,4
860,C,main_image|color_pattern|star_rating|review_count|magnets|imagine_look,reviews_photos|negative_reviews|bullets|size_specs|material_cert|zoom_images|qa,negative_reviews,add_cart,want_compare|brand|few_reviews,yes_more,B,add_cart,want_compare|brand|few_reviews,A,not_buy,price_too_high|look|want_compare,C,reviews_trust|brand,price_too_high|look,brand|few_reviews,fallback_favorite|brand,few_reviews|material,look|few_reviews,few_reviews|size|look,page2,page1,reviews,price_value,4,5,4,2,4,4,5,4,low_rating|no_size|material_unclear|blur_image|mismatch_title,eva,semi,yes_somewhat,better_rating,5,4
861,A,star_rating|review_count|material_word|right_size|main_image|imagine_look,reviews_photos|negative_reviews|bullets|size_specs|material_cert|zoom_images|qa,negative_reviews,not_buy,price_too_high|want_compare,yes_more,B,not_buy,price_suspicious|material|look|want_compare,C,not_buy,price_suspicious|material|few_reviews|want_compare,A,price|timing,fallback_favorite|price_too_high,price_suspicious|material|look,price_suspicious|material|few_reviews,few_reviews|material|pack,look|few_reviews|transparency,few_reviews|size|look,page2,page1,reviews,price_value,4,4,4,2,4,5,5,4,low_rating|few_reviews|no_size|material_unclear|blur_image|mismatch_title,eva,semi,yes_somewhat,better_rating,3,4
862,A,review_count|star_rating|material_word|magnets|main_image,negative_reviews|reviews_photos|size_specs|material_cert|bullets|zoom_images,negative_reviews,not_buy,price_too_high|want_compare,yes_more,C,not_buy,price_suspicious|material|brand|want_compare,B,not_buy,price_suspicious|material|look|want_compare,A,price|timing,fallback_favorite|price_too_high,price_suspicious|material|look|brand,price_suspicious|material|brand,few_reviews|material|pack|brand,few_reviews|look|brand,few_reviews|size|material|brand,page2,page1,reviews,price_value,4,4,4,2,4,4,5,4,low_rating|few_reviews|no_size|material_unclear|blur_image,eva,semi,neutral,better_rating,2,3
863,A,main_image|color_pattern|star_rating|review_count|magnets|imagine_look|material_word,reviews_photos|negative_reviews|bullets|size_specs|material_cert|zoom_images|price_deal,reviews_photos,add_cart,price_too_high|want_compare,yes_more,C,add_cart,price_suspicious|want_compare,B,not_buy,look|price_suspicious|want_compare,A,price|look_compromise,fallback_favorite|price_too_high,look|price_suspicious,price_suspicious,few_reviews|material|pack,look|few_reviews,few_reviews|size|look,page2,page1,appearance,reviews,4,5,4,2,4,4,5,4,low_rating|few_reviews|no_size|material_unclear|blur_image|mismatch_title,eva,semi,yes_somewhat,better_look,4,4
864,A,main_image|color_pattern|star_rating|review_count|material_word|imagine_look|magnets,reviews_photos|negative_reviews|bullets|size_specs|material_cert|zoom_images|qa,negative_reviews,not_buy,price_too_high|want_compare,yes_more,C,not_buy,price_suspicious|few_reviews|brand|want_compare,B,not_buy,price_suspicious|brand|want_compare,A,price|timing,fallback_favorite|price_too_high,price_suspicious|brand,price_suspicious|brand,few_reviews|material|pack,look|brand,few_reviews|size|transparency,page2,page1,reviews,material,4,5,4,2,4,4,5,5,low_rating|no_size|material_unclear|blur_image,eva,semi,yes_somewhat,better_rating,2,4
865,A,main_image|color_pattern|star_rating|review_count|material_word|magnets|imagine_look,reviews_photos|negative_reviews|bullets|size_specs|material_cert|zoom_images|qa,negative_reviews,not_buy,price_too_high|want_compare,yes_more,C,not_buy,look|want_compare,E,not_buy,few_reviews|transparency|want_compare,A,price|timing,fallback_favorite|price_too_high,price_suspicious|brand|review_concern,look|brand|price_suspicious,few_reviews|price_suspicious|pack,few_reviews|transparency|brand,few_reviews|size|price_suspicious,page2,page1,material,reviews,4,5,4,2,4,4,5,4,low_rating|no_size|material_unclear|blur_image|mismatch_title,eva,semi,unlikely,better_rating,3,3
866,A,main_image|review_count|star_rating|material_word|magnets|imagine_look|right_size,reviews_photos|negative_reviews|bullets|size_specs|material_cert|zoom_images|qa,negative_reviews,not_buy,price_too_high|transparency|want_compare,yes_more,C,not_buy,price_suspicious|brand|transparency|want_compare,E,not_buy,few_reviews|brand|look|want_compare,A,price|look_compromise,fallback_favorite|price_too_high|transparency,price_suspicious|brand|transparency|material,price_suspicious|brand|transparency|material,few_reviews|brand|material|pack,few_reviews|brand|material,few_reviews|brand|size|material,page2,page1,material,reviews,4,5,4,2,4,4,5,5,low_rating|few_reviews|no_size|material_unclear|blur_image|mismatch_title,eva,blackout,unlikely,better_function,3,4
867,A,main_image|review_count|star_rating|material_word|right_size|imagine_look|magnets,negative_reviews|reviews_photos|bullets|size_specs|material_cert|zoom_images|qa,negative_reviews,add_cart,price_too_high|want_compare,yes_more,C,not_buy,price_suspicious|material|look|want_compare,B,not_buy,look|price_suspicious|want_compare,A,price|reviews_trust,fallback_favorite|price_too_high,look|price_suspicious,look|price_suspicious,few_reviews|material|pack,look|few_reviews|brand,few_reviews|size|look,page2,page1,reviews,price_value,4,5,4,2,4,4,5,4,low_rating|few_reviews|no_size|material_unclear|blur_image|mismatch_title,eva,semi,yes_somewhat,better_rating,4,4
868,A,material_word|review_count|star_rating|magnets|imagine_look,reviews_photos|negative_reviews|bullets|size_specs|material_cert|zoom_images|qa,negative_reviews,not_buy,price_too_high|want_compare,yes_more,C,not_buy,brand|material|few_reviews,B,not_buy,look|price_suspicious|want_compare,A,price,fallback_favorite|price_too_high,look|price_suspicious|material,brand|material|few_reviews,few_reviews|material|pack,look|material|few_reviews,few_reviews|size|material|transparency,page2,page1,material,reviews,4,5,4,2,4,4,5,5,low_rating|few_reviews|no_size|material_unclear|blur_image|no_bullets|mismatch_title,eva,semi,yes_somewhat,better_function,3,4
869,A,main_image|color_pattern|star_rating|review_count|magnets|material_word|imagine_look,reviews_photos|negative_reviews|bullets|material_cert|zoom_images|price_deal,negative_reviews,not_buy,price_too_high|want_compare,yes_more,C,not_buy,price_suspicious|brand|want_compare,B,not_buy,price_suspicious|look|material|want_compare,A,price|timing,fallback_favorite|price_too_high,price_suspicious|look|material|brand,price_suspicious|brand|review_concern,few_reviews|pack|material|brand,look|few_reviews|transparency|brand,few_reviews|size|material|brand,page2,page1,reviews,price_value,4,4,4,2,3,5,5,4,low_rating|few_reviews|no_size|material_unclear|blur_image|no_bullets,eva,semi,yes_somewhat,better_rating,3,4
870,A,main_image|color_pattern|star_rating|review_count|material_word|magnets|right_size|imagine_look,reviews_photos|negative_reviews|bullets|size_specs|material_cert|price_deal|zoom_images,negative_reviews,not_buy,price_too_high|want_compare,yes_more,B,not_buy,price_suspicious|material|brand|want_compare,E,not_buy,few_reviews|transparency|want_compare,A,price|timing,fallback_favorite|price_too_high,price_suspicious|material|brand,price_suspicious|brand|few_reviews,few_reviews|material|look,few_reviews|transparency,few_reviews|size|look,page2,page1,price_value,reviews,4,5,4,2,4,5,5,4,low_rating|few_reviews|no_size|material_unclear|blur_image|mismatch_title,eva,semi,yes_somewhat,better_value,3,4
871,A,main_image|review_count|star_rating|material_word|magnets|imagine_look,bullets|size_specs|material_cert|reviews_photos|negative_reviews|zoom_images|qa,reviews_photos,not_buy,price_too_high|transparency|want_compare,yes_more,C,not_buy,price_suspicious|look|want_compare,E,not_buy,few_reviews|material|want_compare,C,look_compromise|info_gap,price_too_high|transparency,price_suspicious|look,fallback_favorite,few_reviews|pack|material,few_reviews|material,few_reviews|size|look,page2,page1,price_value,reviews,4,5,4,2,4,5,5,4,low_rating|few_reviews|no_size|material_unclear|blur_image|mismatch_title,eva,semi,unlikely,better_value,4,4
872,A,main_image|color_pattern|star_rating|review_count|material_word|imagine_look|magnets,reviews_photos|negative_reviews|bullets|size_specs|material_cert|zoom_images|qa,reviews_photos,add_cart,price_too_high|want_compare,yes_more,C,add_cart,want_compare|material,B,not_buy,material|brand|want_compare,C,reviews_trust|brand|material,price_too_high,brand|material,brand,few_reviews|material|pack,look|few_reviews,few_reviews|size|look,page2,page1,price_value,reviews,4,5,4,2,4,5,5,4,low_rating|no_size|material_unclear|blur_image|no_bullets,eva,semi,yes_somewhat,better_value,4,4
873,A,main_image|color_pattern|star_rating|review_count|material_word|magnets|imagine_look,reviews_photos|negative_reviews|bullets|size_specs|material_cert|qa|zoom_images,negative_reviews,add_cart,price_too_high|want_compare,yes_more,B,add_cart,look|want_compare,E,not_buy,few_reviews|want_compare,A,price|timing,fallback_favorite|price_too_high,look,price_suspicious|brand|few_reviews,few_reviews|material|pack,few_reviews|brand,few_reviews|size|look,page2,page1,reviews,material,4,5,4,2,4,4,5,4,low_rating|few_reviews|no_size|material_unclear|blur_image|mismatch_title,eva,semi,unlikely,better_rating,3,3
874,A,main_image|color_pattern|star_rating|review_count|material_word|right_size|imagine_look,reviews_photos|negative_reviews|bullets|size_specs|material_cert|zoom_images|qa,negative_reviews,not_buy,price_too_high|want_compare,yes_more,B,add_cart,want_compare,C,not_buy,few_reviews|look|want_compare,B,reviews_trust|material|info_gap,price_too_high|other,fallback_favorite,few_reviews|look,few_reviews|look|pack|material,few_reviews|look|brand,few_reviews|size|look|material,page2,page1,reviews,price_value,4,5,4,2,4,5,5,4,low_rating|few_reviews|no_size|material_unclear|blur_image|mismatch_title,eva,semi,yes_somewhat,better_value,4,4
875,A,main_image|color_pattern|star_rating|review_count|material_word|magnets|imagine_look|right_size,reviews_photos|negative_reviews|bullets|size_specs|material_cert|zoom_images|qa,reviews_photos,add_cart,price_too_high|want_compare,yes_more,B,add_cart,price_suspicious|material|want_compare,C,not_buy,few_reviews|material|price_suspicious|want_compare,A,price|timing|info_gap,fallback_favorite|price_too_high,price_suspicious|material,few_reviews|material|price_suspicious,few_reviews|material|pack|review_concern,look|transparency|few_reviews,few_reviews|size|look|material,page2,page1,appearance,reviews,4,5,4,3,4,4,5,4,low_rating|few_reviews|no_size|material_unclear|blur_image|mismatch_title,eva,semi,unlikely,better_look,3,3
876,A,main_image|color_pattern|star_rating|review_count|material_word|imagine_look|magnets,reviews_photos|negative_reviews|bullets|size_specs|material_cert|qa|price_deal|zoom_images,negative_reviews,not_buy,price_too_high|want_compare,yes_more,C,not_buy,price_suspicious|brand|few_reviews|want_compare,B,not_buy,price_suspicious|look|brand|want_compare,A,price|timing,fallback_favorite|price_too_high,price_suspicious|look|brand,price_suspicious|brand|few_reviews,few_reviews|material|pack,look|few_reviews|brand,few_reviews|size|look,page2,page1,reviews,material,4,5,4,2,4,4,5,5,low_rating|few_reviews|no_size|material_unclear|blur_image|no_bullets,eva,semi,yes_somewhat,better_rating,3,4
877,A,main_image|color_pattern|star_rating|review_count|material_word|imagine_look,reviews_photos|negative_reviews|bullets|size_specs|material_cert|zoom_images|qa,negative_reviews,not_buy,price_too_high|want_compare,yes_more,B,not_buy,price_suspicious|look|want_compare,C,not_buy,price_suspicious|look|want_compare,A,price,fallback_favorite|price_too_high,price_suspicious|look,price_suspicious|look,few_reviews|material|pack,look|few_reviews,few_reviews|size|look,page2,page1,reviews,price_value,4,5,4,2,4,5,5,4,low_rating|few_reviews|no_size|material_unclear|blur_image|mismatch_title,eva,semi,yes_somewhat,better_rating,3,4
878,A,main_image|color_pattern|star_rating|review_count|material_word|imagine_look,reviews_photos|negative_reviews|bullets|material_cert|zoom_images|size_specs,negative_reviews,not_buy,price_too_high|want_compare,yes_more,C,not_buy,price_suspicious|material|want_compare,E,not_buy,few_reviews|look|want_compare,A,price|timing,fallback_favorite|price_too_high,price_suspicious|material,price_suspicious|material,few_reviews|material|pack,few_reviews|look,few_reviews|size|look,page2,page1,reviews,price_value,4,5,4,2,4,4,5,4,low_rating|no_size|material_unclear|blur_image|mismatch_title,eva,semi,yes_somewhat,better_rating,3,4
879,A,star_rating|review_count|main_image|material_word|magnets,reviews_photos|negative_reviews|bullets|size_specs|material_cert|zoom_images,negative_reviews,add_cart,price_too_high|want_compare,yes_more,C,not_buy,look|want_compare,E,not_buy,few_reviews|want_compare,A,price|timing,fallback_favorite|price_too_high,brand|look,brand|look,few_reviews|pack,few_reviews|brand,few_reviews|size|look,page2,page1,reviews,price_value,4,5,4,2,4,4,5,4,low_rating|few_reviews|material_unclear|blur_image|no_size,eva,semi,yes_somewhat,better_rating,3,4
880,A,main_image|color_pattern|star_rating|review_count|material_word|imagine_look|right_size,reviews_photos|negative_reviews|bullets|size_specs|material_cert|qa|zoom_images|price_deal,negative_reviews,add_cart,want_compare|price_too_high,yes_more,C,not_buy,price_suspicious|few_reviews|brand|material,B,not_buy,price_suspicious|look|brand|want_compare,A,price|timing,fallback_favorite|price_too_high,price_suspicious|look|brand,price_suspicious|few_reviews|brand|material,few_reviews|material|pack|brand,look|brand|few_reviews,few_reviews|size|transparency|brand,page2,page1,material,price_value,4,5,4,2,4,5,5,5,low_rating|few_reviews|no_size|material_unclear|blur_image|no_bullets,eva,semi,yes_somewhat,better_value,3,5
881,A,main_image|color_pattern|review_count|star_rating|material_word|imagine_look,reviews_photos|negative_reviews|bullets|size_specs|material_cert|zoom_images|price_deal,negative_reviews,add_cart,price_too_high|want_compare,yes_more,C,add_cart,price_suspicious|brand|want_compare,B,not_buy,brand|material|price_suspicious,A,price|timing,fallback_favorite|price_too_high,brand|material|price_suspicious,brand|price_suspicious,few_reviews|material|pack,look|few_reviews|transparency,few_reviews|size|look,page2,page1,reviews,price_value,4,5,4,2,4,5,5,4,low_rating|no_size|material_unclear|blur_image|mismatch_title,eva,semi,yes_somewhat,better_rating,3,4
882,A,main_image|color_pattern|review_count|star_rating|material_word|magnets|imagine_look,reviews_photos|negative_reviews|bullets|size_specs|material_cert|zoom_images|price_deal|delivery_returns,reviews_photos,not_buy,price_too_high|want_compare,yes_more,B,add_cart,want_compare,C,buy_now,no_concern,C,no_blocker,price_too_high,final_purchase,final_purchase,few_reviews|pack,look|few_reviews,few_reviews|size,page2,page1,rating,price_value,4,5,4,2,4,4,5,4,low_rating|few_reviews|material_unclear|blur_image,eva,semi,yes_somewhat,better_rating,5,4
883,A,main_image|color_pattern|star_rating|review_count|material_word|imagine_look,reviews_photos|negative_reviews|bullets|material_cert|size_specs|zoom_images|price_deal,negative_reviews,not_buy,price_too_high|want_compare,yes_more,C,not_buy,price_suspicious|want_compare,B,not_buy,look|want_compare,A,price|timing,fallback_favorite|price_too_high,look|price_suspicious,price_suspicious|brand,few_reviews|material,look|few_reviews,few_reviews|size|look,page2,page1,price_value,reviews,4,5,4,2,4,5,5,4,low_rating|no_size|material_unclear|blur_image|mismatch_title,eva,semi,yes_somewhat,better_rating,3,4
884,A,main_image|color_pattern|star_rating|review_count|material_word|magnets|imagine_look,reviews_photos|negative_reviews|bullets|material_cert|size_specs|zoom_images|qa,negative_reviews,not_buy,price_too_high|want_compare,yes_more,C,not_buy,price_suspicious|few_reviews|want_compare,B,not_buy,look|material|want_compare,A,price|look_compromise,fallback_favorite|price_too_high,look|material,price_suspicious|few_reviews,few_reviews|material,look|few_reviews,few_reviews|size|look,page2,page1,price_value,reviews,4,4,4,2,3,5,5,4,low_rating|few_reviews|no_size|material_unclear|blur_image|mismatch_title,eva,semi,yes_somewhat,better_value,3,4
885,A,main_image|color_pattern|star_rating|review_count|material_word|magnets|imagine_look,reviews_photos|negative_reviews|bullets|size_specs|material_cert|price_deal|zoom_images,negative_reviews,not_buy,price_too_high|want_compare,yes_more,C,not_buy,price_suspicious|brand|want_compare,B,not_buy,price_suspicious|want_compare,A,price,fallback_favorite|price_too_high,price_suspicious|brand,price_suspicious|brand,few_reviews|material|pack,look|brand|few_reviews,few_reviews|size|material,page2,page1,reviews,price_value,4,5,4,2,4,5,5,4,low_rating|few_reviews|no_size|material_unclear|blur_image|no_bullets,eva,semi,neutral,better_rating,3,4
886,A,main_image|color_pattern|star_rating|review_count|material_word|imagine_look|magnets,reviews_photos|negative_reviews|bullets|size_specs|material_cert|zoom_images|qa,negative_reviews,not_buy,price_too_high|want_compare,yes_more,C,not_buy,price_suspicious|brand|want_compare,B,not_buy,look|want_compare,A,price,fallback_favorite|price_too_high,look|price_suspicious,price_suspicious|brand,few_reviews|pack|material,look|few_reviews,few_reviews|size|material,page2,page1,reviews,material,4,5,4,2,4,4,5,4,low_rating|few_reviews|no_size|material_unclear|blur_image|mismatch_title,eva,semi,yes_somewhat,better_rating,3,4
887,A,main_image|color_pattern|star_rating|review_count|material_word|imagine_look,reviews_photos|negative_reviews|bullets|material_cert|zoom_images|qa,reviews_photos,not_buy,price_too_high|want_compare,yes_more,B,not_buy,price_suspicious|transparency|want_compare,C,not_buy,price_suspicious|want_compare,A,price|timing,fallback_favorite|price_too_high,price_suspicious|transparency,price_suspicious,few_reviews|pack,look|few_reviews,few_reviews|size|transparency,page2,page1,reviews,price_value,4,5,4,2,4,5,5,4,low_rating|few_reviews|material_unclear|blur_image|no_bullets,eva,semi,yes_somewhat,better_rating,3,4
888,A,main_image|color_pattern|star_rating|review_count|material_word|magnets|right_size|imagine_look,reviews_photos|negative_reviews|bullets|size_specs|material_cert|qa|zoom_images,negative_reviews,not_buy,price_too_high|want_compare,yes_more,C,not_buy,price_suspicious|material|want_compare,B,not_buy,price_suspicious|material|want_compare,A,price|timing,fallback_favorite|price_too_high,price_suspicious|material,price_suspicious|material,few_reviews|material|pack,look|few_reviews|transparency,few_reviews|size|material,page2,page1,reviews,material,4,5,4,2,4,4,5,5,low_rating|few_reviews|no_size|material_unclear|blur_image,eva,semi,yes_somewhat,better_rating,3,4
889,A,main_image|color_pattern|star_rating|review_count|material_word|imagine_look,reviews_photos|negative_reviews|bullets|material_cert|size_specs|price_deal|zoom_images,negative_reviews,add_cart,price_too_high|want_compare,yes_more,C,not_buy,price_suspicious|material|want_compare,B,not_buy,price_suspicious|material|want_compare,A,price|timing,fallback_favorite|price_too_high,price_suspicious|material|brand,price_suspicious|material|brand,few_reviews|material|pack,look|few_reviews|brand,few_reviews|size|material,page2,page1,reviews,price_value,4,5,4,2,4,4,5,4,low_rating|no_size|material_unclear|blur_image|mismatch_title,eva,semi,yes_somewhat,better_rating,3,4
890,A,main_image|color_pattern|star_rating|review_count|material_word|imagine_look|magnets,reviews_photos|negative_reviews|bullets|size_specs|material_cert|zoom_images|qa,negative_reviews,not_buy,price_too_high|want_compare,yes_more,C,add_cart,want_compare,E,not_buy,few_reviews|transparency|rating,A,price|look_compromise,fallback_favorite|price_too_high,look|price_suspicious,price_suspicious,few_reviews|material|pack,few_reviews|transparency|rating,few_reviews|size|look,page2,page1,price_value,reviews,4,5,4,2,4,5,5,4,low_rating|few_reviews|no_size|material_unclear|blur_image|mismatch_title,eva,semi,yes_somewhat,lower_price,3,4
891,A,review_count|star_rating|material_word|main_image|magnets|right_size,negative_reviews|reviews_photos|bullets|material_cert|size_specs|zoom_images|qa,negative_reviews,not_buy,price_too_high,yes_more,C,not_buy,price_suspicious|brand,B,not_buy,price_suspicious|brand|look,A,price|timing,fallback_favorite|price_too_high,price_suspicious|brand,price_suspicious|brand,few_reviews|price_suspicious,look|few_reviews|brand,few_reviews|size|price_suspicious,page2,page1,reviews,material,5,5,5,2,5,4,5,5,low_rating|few_reviews|no_size|material_unclear|blur_image|mismatch_title,eva,semi,unlikely,better_rating,3,4
892,B,main_image|color_pattern|price|star_rating|review_count|magnets|material_word|imagine_look,reviews_photos|negative_reviews|bullets|size_specs|material_cert|qa|zoom_images,negative_reviews,add_cart,want_compare|material,yes_more,A,not_buy,price_too_high|want_compare,C,not_buy,price_suspicious|material|want_compare,A,price|timing,fallback_favorite|price_too_high,price_suspicious|material|info_incomplete,price_suspicious|material|brand|info_incomplete,few_reviews|material|pack,look|transparency|brand|few_reviews,few_reviews|size|brand|material,page1,page1,material,price_value,4,5,4,2,4,4,5,5,low_rating|no_size|material_unclear|blur_image|no_bullets|mismatch_title,eva,semi,yes_somewhat,better_function,3,4
893,A,main_image|color_pattern|review_count|material_word|imagine_look|right_size,reviews_photos|negative_reviews|bullets|size_specs|material_cert|zoom_images|qa,reviews_photos,not_buy,price_too_high|want_compare,yes_more,B,not_buy,price_suspicious|material|want_compare,C,not_buy,price_suspicious|material|few_reviews|want_compare,A,price|timing,fallback_favorite|price_too_high,price_suspicious|material,price_suspicious|material|few_reviews,few_reviews|material|pack,brand|look|few_reviews,few_reviews|size|transparency,page2,page1,reviews,material,4,5,4,2,4,4,5,5,low_rating|few_reviews|material_unclear|blur_image|no_size,eva,semi,no_effect,better_rating,3,3
894,A,main_image|color_pattern|star_rating|review_count|magnets|material_word|imagine_look,reviews_photos|negative_reviews|bullets|size_specs|material_cert|zoom_images,negative_reviews,not_buy,price_too_high|want_compare,yes_more,C,not_buy,want_compare|material,B,not_buy,want_compare|material,A,price|timing,fallback_favorite|price_too_high,material,material,few_reviews|material|pack,few_reviews|look|brand,few_reviews|size|material,page2,page1,material,reviews,4,5,4,2,4,4,5,5,low_rating|few_reviews|no_size|material_unclear|blur_image,eva,semi,yes_somewhat,better_rating,3,4
895,A,main_image|color_pattern|star_rating|review_count|material_word|magnets|right_size|imagine_look,reviews_photos|negative_reviews|bullets|size_specs|material_cert|qa|zoom_images,negative_reviews,not_buy,price_too_high|want_compare,yes_more,C,not_buy,price_suspicious|brand|want_compare,B,not_buy,price_suspicious|brand|want_compare,A,price|timing,fallback_favorite|price_too_high,price_suspicious|brand,price_suspicious|brand,few_reviews|pack,look|few_reviews,few_reviews|size,page2,page1,reviews,price_value,4,5,4,2,4,4,5,4,low_rating|few_reviews|no_size|material_unclear|blur_image|no_bullets,eva,semi,unlikely,better_rating,3,4
896,A,main_image|color_pattern|star_rating|review_count|material_word|imagine_look|magnets,reviews_photos|negative_reviews|bullets|size_specs|material_cert|qa|zoom_images,negative_reviews,add_cart,price_too_high|want_compare,yes_more,B,not_buy,price_suspicious|material|want_compare,C,not_buy,price_suspicious|material|few_reviews|want_compare,A,price|timing,fallback_favorite|price_too_high,price_suspicious|material,price_suspicious|material|few_reviews,few_reviews|material|pack,look|few_reviews|brand,few_reviews|size|look,page2,page1,reviews,material,4,5,4,2,4,4,5,5,low_rating|few_reviews|no_size|material_unclear|blur_image|mismatch_title,eva,semi,yes_somewhat,better_rating,3,4
897,A,main_image|color_pattern|star_rating|review_count|material_word|magnets|imagine_look|right_size,reviews_photos|negative_reviews|bullets|size_specs|material_cert|qa|price_deal|zoom_images,negative_reviews,not_buy,price_too_high|want_compare,yes_more,C,not_buy,price_suspicious|material|brand|want_compare,B,not_buy,price_suspicious|look|material|brand|want_compare,A,price|timing,fallback_favorite|price_too_high,price_suspicious|look|brand|material,price_suspicious|brand|material,few_reviews|material|pack,few_reviews|look|brand,few_reviews|size|look|brand,page2,page1,reviews,material,4,5,4,2,4,4,5,5,low_rating|few_reviews|no_size|material_unclear|blur_image|mismatch_title,eva,semi,yes_somewhat,better_rating,3,4
898,A,main_image|color_pattern|review_count|star_rating|material_word|imagine_look,reviews_photos|negative_reviews|bullets|material_cert|zoom_images|size_specs,negative_reviews,not_buy,price_too_high|want_compare,yes_more,B,not_buy,price_suspicious|material|want_compare,C,not_buy,price_suspicious|brand|material,A,price|timing,fallback_favorite|price_too_high,price_suspicious|material|brand|look,price_suspicious|brand|material|look,few_reviews|material|brand|look,look|few_reviews|brand|transparency,few_reviews|size|material|brand,page2,page1,reviews,material,4,5,4,2,4,4,5,5,low_rating|few_reviews|no_size|material_unclear|blur_image|no_bullets,eva,semi,yes_somewhat,better_value,3,4
899,A,main_image|color_pattern|star_rating|review_count|material_word|imagine_look|magnets,reviews_photos|negative_reviews|bullets|size_specs|material_cert|zoom_images|qa,negative_reviews,not_buy,price_too_high|want_compare,yes_more,C,not_buy,price_suspicious|few_reviews|want_compare,E,not_buy,few_reviews|rating|look|want_compare,A,price|info_gap,fallback_favorite|price_too_high,price_suspicious|material|few_reviews,price_suspicious|material|few_reviews,few_reviews|material|pack,few_reviews|rating|look,few_reviews|size|material,page2,page1,price_value,reviews,4,5,4,2,4,5,5,4,low_rating|few_reviews|no_size|material_unclear|blur_image|mismatch_title,eva,semi,yes_somewhat,lower_price,3,4
900,A,main_image|color_pattern|star_rating|review_count|material_word|imagine_look|magnets,reviews_photos|negative_reviews|bullets|material_cert|size_specs|qa|zoom_images,reviews_photos,not_buy,price_too_high|want_compare,yes_more,C,not_buy,price_suspicious|material|want_compare,B,not_buy,price_suspicious|material|want_compare,A,price|timing,fallback_favorite|price_too_high,price_suspicious|material,price_suspicious|material,few_reviews|material,few_reviews|look,few_reviews|size,page2,page1,reviews,material,4,5,4,2,4,4,5,5,low_rating|few_reviews|no_size|material_unclear|blur_image|no_bullets,eva,semi,yes_somewhat,better_rating,4,4
901,A,main_image|color_pattern|star_rating|review_count|material_word|imagine_look,reviews_photos|negative_reviews|bullets|size_specs|material_cert|zoom_images|price_deal,negative_reviews,not_buy,price_too_high|want_compare,yes_more,C,not_buy,price_suspicious|material|want_compare,B,not_buy,price_suspicious|material|look|want_compare,A,price|timing,price_too_high,price_suspicious|material|look,price_suspicious|material,few_reviews|material|pack,look|few_reviews|brand,few_reviews|size|material|look,page2,page1,reviews,material,4,5,4,2,4,4,5,5,low_rating|few_reviews|no_size|material_unclear|blur_image|mismatch_title,eva,semi,yes_somewhat,better_rating,3,4
902,A,main_image|color_pattern|star_rating|review_count|material_word|imagine_look,reviews_photos|negative_reviews|bullets|size_specs|material_cert|zoom_images|qa,negative_reviews,not_buy,price_too_high|want_compare,yes_more,C,not_buy,price_suspicious|few_reviews|brand|want_compare,B,not_buy,price_suspicious|brand|want_compare,A,price|timing,fallback_favorite|price_too_high,price_suspicious|brand|material,price_suspicious|brand|few_reviews,few_reviews|material|brand,look|few_reviews|brand,few_reviews|size|material,page2,page1,reviews,material,4,5,4,2,4,4,5,5,low_rating|few_reviews|no_size|material_unclear|blur_image|no_bullets,eva,semi,yes_somewhat,better_rating,3,4
903,A,main_image|star_rating|review_count|material_word|magnets|right_size|imagine_look,reviews_photos|negative_reviews|bullets|size_specs|material_cert|qa|price_deal|zoom_images,negative_reviews,not_buy,price_too_high|want_compare,yes_more,B,not_buy,price_suspicious|material|review_concern|want_compare,C,add_cart,no_concern,C,reviews_trust|brand|timing,price_too_high|transparency|pack,price_suspicious|material|review_concern,fallback_favorite,few_reviews|pack|material,look|transparency|brand|review_concern,few_reviews|size|material,page2,page1,price_value,reviews,4,5,4,2,4,5,5,4,low_rating|few_reviews|no_size|material_unclear|blur_image|mismatch_title,eva,semi,yes_somewhat,better_rating,5,4
904,A,main_image|color_pattern|star_rating|review_count|material_word|imagine_look,reviews_photos|negative_reviews|bullets|size_specs|material_cert|zoom_images|qa,negative_reviews,not_buy,price_too_high|want_compare,yes_more,C,not_buy,price_suspicious|material|transparency|want_compare,B,not_buy,price_suspicious|look|material|want_compare,A,price|material,fallback_favorite|price_too_high,price_suspicious|look|material,price_suspicious|material|transparency,few_reviews|price_suspicious|pack|material,look|transparency|brand|few_reviews,few_reviews|size|transparency|material,page2,page1,material,reviews,4,4,5,2,4,5,5,5,low_rating|few_reviews|no_size|material_unclear|blur_image|no_bullets|mismatch_title,eva,semi,unlikely,better_value,2,4
905,A,main_image|color_pattern|material_word|imagine_look|review_count,reviews_photos|negative_reviews|bullets|material_cert|zoom_images|size_specs|price_deal,reviews_photos,not_buy,price_too_high|want_compare,yes_more,C,not_buy,price_suspicious|brand|want_compare,B,not_buy,price_suspicious|material|brand|want_compare,A,price|timing,fallback_favorite|price_too_high,price_suspicious|brand|material,price_suspicious|brand,few_reviews|pack,look|brand,few_reviews|size|look,page2,page1,appearance,price_value,4,5,4,2,4,4,5,4,low_rating|few_reviews|no_size|material_unclear|blur_image|mismatch_title,eva,semi,unlikely,better_value,3,4
906,A,main_image|color_pattern|star_rating|review_count|material_word|imagine_look|magnets,reviews_photos|negative_reviews|bullets|size_specs|material_cert|zoom_images|qa,negative_reviews,not_buy,price_too_high|want_compare,yes_more,B,not_buy,price_suspicious|material|want_compare,C,not_buy,price_suspicious|material|brand|want_compare,B,price|reviews_trust|material|timing,price_too_high|other,fallback_favorite|price_suspicious|material,price_suspicious|material|brand,few_reviews|material|pack,look|few_reviews|brand,few_reviews|size|transparency,page2,page1,price_value,reviews,4,5,4,2,4,5,5,4,low_rating|few_reviews|no_size|material_unclear|blur_image|mismatch_title,eva,semi,unlikely,better_value,4,4
907,A,main_image|color_pattern|star_rating|review_count|material_word|magnets|imagine_look,reviews_photos|negative_reviews|bullets|size_specs|material_cert|qa|zoom_images|delivery_returns,negative_reviews,not_buy,price_too_high|material|want_compare,yes_more,C,not_buy,price_suspicious|material|review_concern|brand,E,not_buy,review_concern|few_reviews|transparency|brand,A,price|material|info_gap,fallback_favorite|price_too_high|material,price_suspicious|material|brand|review_concern,price_suspicious|material|brand|review_concern,few_reviews|material|pack|brand,few_reviews|transparency|review_concern|brand,few_reviews|size|material|brand,page2,page1,material,reviews,4,5,4,2,5,4,5,5,low_rating|no_size|material_unclear|blur_image|no_bullets|mismatch_title,eva,semi,unlikely,better_rating,3,4
908,A,main_image|star_rating|review_count|material_word|magnets|imagine_look,reviews_photos|negative_reviews|bullets|size_specs|material_cert|zoom_images|qa,negative_reviews,not_buy,price_too_high|want_compare,yes_more,C,not_buy,price_suspicious|brand|material,E,not_buy,few_reviews|brand|look,A,price|timing,fallback_favorite|price_too_high,price_suspicious|brand|material|look,price_suspicious|brand|material,few_reviews|brand|pack,few_reviews|brand|look,few_reviews|brand|size|look,page2,page1,reviews,material,4,5,4,2,3,4,5,5,low_rating|few_reviews|blur_image|material_unclear|no_size,eva,semi,unlikely,better_rating,3,4
909,A,main_image|color_pattern|star_rating|review_count|title_keyword|material_word|right_size|imagine_look,reviews_photos|negative_reviews|bullets|size_specs|material_cert|qa|zoom_images|price_deal,negative_reviews,not_buy,price_too_high|want_compare,yes_more,C,not_buy,price_suspicious|brand|want_compare,E,not_buy,few_reviews|look|want_compare,A,price|timing,fallback_favorite|price_too_high,price_suspicious|brand|look,price_suspicious|brand,few_reviews|pack,few_reviews|look,few_reviews|size|look,page2,page1,reviews,material,4,5,4,3,4,4,5,5,low_rating|few_reviews|no_size|material_unclear|blur_image|no_bullets,eva,semi,yes_somewhat,better_rating,3,4
910,A,main_image|color_pattern|star_rating|review_count|material_word|imagine_look,reviews_photos|negative_reviews|bullets|size_specs|material_cert|price_deal|zoom_images,reviews_photos,add_cart,price_too_high|want_compare,yes_more,B,add_cart,look|want_compare,C,add_cart,look|want_compare,A,price,fallback_favorite|price_too_high,look,look,few_reviews|material,look|few_reviews,few_reviews|size,page2,page1,price_value,reviews,4,5,4,3,4,5,5,4,low_rating|few_reviews|no_size|material_unclear|blur_image|mismatch_title,eva,semi,yes_somewhat,better_value,3,4
911,A,main_image|color_pattern|star_rating|review_count|brand|material_word|imagine_look|magnets,reviews_photos|negative_reviews|bullets|size_specs|material_cert|zoom_images|qa,negative_reviews,not_buy,price_too_high|want_compare,yes_more,B,not_buy,price_suspicious|material,C,not_buy,material|info_incomplete|want_compare,A,price|reviews_trust,fallback_favorite|price_too_high,price_suspicious|material,material|info_incomplete,few_reviews|pack,look|few_reviews,few_reviews|size,page2,page1,reviews,price_value,4,5,4,2,4,4,5,5,low_rating|few_reviews|no_size|material_unclear|blur_image|no_bullets|mismatch_title,eva,semi,yes_somewhat,better_value,3,4
912,A,main_image|color_pattern|star_rating|review_count|material_word|imagine_look|right_size,reviews_photos|negative_reviews|bullets|size_specs|material_cert|zoom_images|qa|price_deal,reviews_photos,not_buy,price_too_high|want_compare,yes_more,C,not_buy,price_suspicious|material|brand|want_compare,B,not_buy,price_suspicious|look|brand|want_compare,A,price|timing,fallback_favorite|price_too_high,price_suspicious|look|brand,price_suspicious|brand,few_reviews|material|brand,look|rating|brand,few_reviews|size|brand|look,page2,page1,reviews,material,4,5,4,2,4,4,5,4,low_rating|few_reviews|no_size|material_unclear|blur_image|mismatch_title,eva,semi,yes_somewhat,better_rating,3,4
913,A,main_image,reviews_photos,reviews_photos,buy_now,no_concern,yes_more,A,skip_ordered,skip_ordered,A,skip_ordered,skip_ordered,A,no_blocker,final_purchase,final_purchase,final_purchase,final_purchase,final_purchase,final_purchase,page1,page1,price_value,price_value,3,3,3,3,3,3,3,3,low_rating,eva,fully_transparent,yes_strongly,lower_price,3,3
914,A,main_image|color_pattern|star_rating|review_count|material_word|magnets|imagine_look,reviews_photos|negative_reviews|bullets|size_specs|material_cert|zoom_images|price_deal,negative_reviews,add_cart,price_too_high|want_compare,yes_more,C,add_cart,price_suspicious|material|want_compare,E,not_buy,few_reviews|rating|want_compare,A,price|reviews_trust,fallback_favorite|price_too_high,price_suspicious|material|brand,price_suspicious|material|brand,few_reviews|material|pack,few_reviews|rating|look,few_reviews|size|transparency,page2,page1,reviews,price_value,4,5,4,2,4,4,5,4,low_rating|few_reviews|no_size|material_unclear|blur_image|no_bullets,eva,semi,yes_somewhat,better_rating,3,4
915,A,main_image|color_pattern|star_rating|review_count|material_word|imagine_look|right_size,reviews_photos|negative_reviews|bullets|size_specs|material_cert|zoom_images|qa|delivery_returns,negative_reviews,not_buy,price_too_high|want_compare,yes_more,B,not_buy,look|want_compare,C,not_buy,rating|few_reviews|want_compare,A,price|timing,fallback_favorite|price_too_high,look|price_suspicious,few_reviews|price_suspicious,few_reviews|material|pack,look|few_reviews,few_reviews|size|material,page2,page1,reviews,price_value,4,5,4,2,4,4,5,4,low_rating|few_reviews|no_size|material_unclear|blur_image,eva,semi,unlikely,better_rating,3,4
916,A,main_image|color_pattern|review_count|star_rating|material_word|title_keyword|imagine_look,bullets|reviews_photos|negative_reviews|size_specs|material_cert|zoom_images|price_deal,negative_reviews,not_buy,price_too_high|want_compare,yes_more,B,not_buy,price_suspicious|material|review_concern|want_compare,E,not_buy,few_reviews|brand|transparency|want_compare,A,price|timing,fallback_favorite|price_too_high,price_suspicious|material|review_concern,price_suspicious|brand|few_reviews,few_reviews|material|pack,few_reviews|brand|transparency,few_reviews|size|look,page2,page1,reviews,price_value,4,5,4,2,4,5,5,5,low_rating|few_reviews|material_unclear|blur_image|no_size,eva,semi,neutral,better_rating,3,4
917,A,main_image|color_pattern|star_rating|review_count|material_word|imagine_look|right_size,reviews_photos|negative_reviews|bullets|size_specs|material_cert|zoom_images,negative_reviews,not_buy,price_too_high|want_compare,yes_more,C,not_buy,price_suspicious|brand|want_compare,B,not_buy,look|price_suspicious|want_compare,A,price|reviews_trust,fallback_favorite|price_too_high,price_suspicious|look|brand,price_suspicious|brand,few_reviews|material|pack,few_reviews|look|brand,few_reviews|size|material,page2,page1,reviews,price_value,4,5,4,2,4,4,5,4,low_rating|few_reviews|no_size|material_unclear|blur_image|no_bullets,eva,semi,yes_somewhat,better_rating,3,4
918,A,main_image|review_count|star_rating|material_word|magnets|imagine_look|right_size,reviews_photos|negative_reviews|bullets|size_specs|material_cert|zoom_images|qa,negative_reviews,not_buy,price_too_high|want_compare,yes_more,C,not_buy,price_suspicious|material|brand|few_reviews|want_compare,E,not_buy,transparency|few_reviews|brand|review_concern|want_compare,A,price|timing,fallback_favorite|price_too_high,price_suspicious|material|brand|look,price_suspicious|material|brand|few_reviews,few_reviews|material|pack|brand,transparency|few_reviews|brand|review_concern,few_reviews|size|brand|material,page2,page1,reviews,material,4,5,4,2,4,4,5,5,low_rating|few_reviews|no_size|material_unclear|blur_image|no_bullets|mismatch_title,eva,semi,unlikely,better_rating,2,3
919,A,main_image|color_pattern|review_count|star_rating|material_word|imagine_look|right_size,reviews_photos|negative_reviews|bullets|material_cert|zoom_images|size_specs|price_deal,negative_reviews,not_buy,price_too_high|want_compare,yes_more,C,not_buy,price_suspicious|material|brand|want_compare,B,not_buy,price_suspicious|brand|want_compare,A,price|timing,fallback_favorite|price_too_high,price_suspicious|brand|material,price_suspicious|brand|material,few_reviews|material|pack,look|few_reviews|brand,few_reviews|size|material,page2,page1,material,price_value,4,5,4,2,4,5,5,5,low_rating|few_reviews|no_size|material_unclear|blur_image|no_bullets,eva,semi,yes_somewhat,better_rating,3,4
920,A,main_image|color_pattern|review_count|material_word|imagine_look|magnets,reviews_photos|negative_reviews|bullets|size_specs|material_cert|zoom_images,negative_reviews,not_buy,price_too_high|want_compare,yes_more,B,not_buy,look|want_compare,E,not_buy,few_reviews|want_compare,A,price,fallback_favorite|price_too_high,look,brand|few_reviews,few_reviews|material,few_reviews|brand,few_reviews|size,page1,page1,price_value,reviews,4,5,4,2,4,5,5,4,low_rating|no_size|material_unclear|blur_image,eva,semi,yes_somewhat,lower_price,3,4
921,A,main_image|color_pattern|star_rating|review_count|material_word|magnets|imagine_look,reviews_photos|negative_reviews|bullets|size_specs|material_cert|qa|zoom_images,negative_reviews,not_buy,price_too_high|want_compare,yes_more,B,not_buy,price_suspicious|look|want_compare,E,not_buy,few_reviews|brand|look|want_compare,A,price|reviews_trust,fallback_favorite|price_too_high,price_suspicious|look|material,price_suspicious|brand|few_reviews,few_reviews|material|look,few_reviews|brand|look,few_reviews|size|look,page2,page1,reviews,price_value,4,5,4,2,4,4,5,4,low_rating|no_size|material_unclear|blur_image|mismatch_title,eva,semi,unlikely,better_rating,4,4
922,A,main_image|color_pattern|star_rating|review_count|material_word|imagine_look,reviews_photos|negative_reviews|bullets|material_cert|zoom_images|size_specs,negative_reviews,not_buy,price_too_high|want_compare,yes_more,C,not_buy,price_suspicious|want_compare,B,not_buy,look|want_compare,A,price,fallback_favorite|price_too_high,look,price_suspicious,few_reviews|material,few_reviews|look,few_reviews|size,page2,page1,price_value,reviews,4,5,4,2,4,5,5,4,low_rating|few_reviews|no_size|material_unclear|blur_image,eva,semi,yes_somewhat,lower_price,3,4
923,A,main_image|star_rating|review_count|material_word|magnets|imagine_look,reviews_photos|negative_reviews|bullets|size_specs|material_cert|zoom_images|qa,negative_reviews,add_cart,price_too_high|want_compare,yes_more,C,add_cart,price_suspicious|brand|want_compare,B,add_cart,price_suspicious|material|want_compare,A,price|timing,fallback_favorite|price_too_high,brand|material,brand|price_suspicious,few_reviews|material|pack,look|few_reviews|brand,few_reviews|size|material,page2,page1,reviews,price_value,4,5,4,2,4,4,5,4,low_rating|few_reviews|no_size|material_unclear|blur_image,eva,semi,yes_somewhat,better_rating,3,4
924,A,main_image|color_pattern|review_count|star_rating|material_word|imagine_look|right_size,reviews_photos|negative_reviews|bullets|size_specs|material_cert|zoom_images|qa|delivery_returns,negative_reviews,not_buy,price_too_high|want_compare,yes_more,C,not_buy,price_suspicious|material|want_compare,B,not_buy,look|price_suspicious|material|want_compare,A,price|timing,fallback_favorite|price_too_high,look|price_suspicious|material,price_suspicious|material,few_reviews|pack|material,brand|look|material,few_reviews|size|material,page2,page1,material,reviews,4,5,4,2,4,4,5,5,low_rating|few_reviews|no_size|material_unclear|blur_image|no_bullets,eva,semi,unlikely,better_rating,3,4
925,A,main_image|color_pattern|star_rating|review_count|title_keyword|material_word|magnets|imagine_look,reviews_photos|negative_reviews|bullets|size_specs|material_cert|zoom_images|qa,negative_reviews,not_buy,price_too_high|want_compare,yes_more,C,not_buy,brand|want_compare,E,not_buy,brand|few_reviews|want_compare,A,price|look_compromise,fallback_favorite|price_too_high,brand|price_suspicious,brand,few_reviews|brand,brand|few_reviews,few_reviews|size|brand,page2,page1,reviews,material,4,5,4,2,5,4,5,4,low_rating|few_reviews|no_size|material_unclear|blur_image|no_bullets,eva,semi,unlikely,better_rating,3,4
926,A,main_image|color_pattern|star_rating|review_count|material_word|imagine_look,reviews_photos|negative_reviews|bullets|size_specs|material_cert|zoom_images,negative_reviews,not_buy,price_too_high|want_compare,yes_more,C,not_buy,want_compare|brand,B,not_buy,want_compare|price_suspicious,A,price|timing,fallback_favorite|price_too_high,price_suspicious|brand,brand|few_reviews,few_reviews|material,look|few_reviews,few_reviews|size,page2,page1,reviews,price_value,4,5,4,2,4,4,5,4,low_rating|few_reviews|material_unclear|blur_image|no_size,eva,semi,yes_somewhat,better_rating,3,4
927,A,main_image|color_pattern|star_rating|review_count|material_word|magnets|imagine_look,reviews_photos|negative_reviews|bullets|size_specs|material_cert|zoom_images|qa,negative_reviews,not_buy,price_too_high|want_compare,yes_more,C,not_buy,price_suspicious|few_reviews|brand|want_compare,B,not_buy,look|brand|few_reviews|want_compare,A,price|timing,fallback_favorite|price_too_high,look|brand|few_reviews,price_suspicious|brand|few_reviews,few_reviews|material|pack,look|few_reviews|brand,few_reviews|size|material,page2,page1,reviews,material,4,5,4,2,4,4,5,5,low_rating|few_reviews|no_size|material_unclear|blur_image|mismatch_title,eva,semi,yes_somewhat,better_rating,3,4
928,A,main_image|color_pattern|star_rating|review_count|material_word|magnets|imagine_look,reviews_photos|negative_reviews|bullets|size_specs|material_cert|zoom_images|qa,negative_reviews,not_buy,price_too_high|want_compare,yes_more,C,not_buy,price_suspicious|material|want_compare,B,not_buy,price_suspicious|material|look|want_compare,A,price|timing,fallback_favorite|price_too_high,price_suspicious|material|look|brand,price_suspicious|material|brand,few_reviews|material|pack|brand,few_reviews|look|transparency|brand,few_reviews|size|material|brand|transparency,page2,page1,material,reviews,3,5,4,2,4,4,5,5,low_rating|no_size|material_unclear|blur_image|mismatch_title,eva,semi,yes_somewhat,better_rating,3,4
929,A,review_count|star_rating|material_word|magnets|title_keyword|imagine_look|right_size,negative_reviews|reviews_photos|bullets|size_specs|material_cert|zoom_images|qa,negative_reviews,not_buy,price_too_high|want_compare,yes_more,C,not_buy,material|look|want_compare,B,not_buy,price_suspicious|look|material|want_compare,A,price|look_compromise,fallback_favorite|price_too_high,price_suspicious|material|look,material|look|info_incomplete,few_reviews|material|pack,few_reviews|look|brand,few_reviews|size|material,page2,page1,reviews,price_value,4,5,4,2,4,4,5,4,low_rating|few_reviews|no_size|material_unclear|blur_image|mismatch_title,eva,semi,yes_somewhat,better_rating,3,4
930,A,main_image|color_pattern|star_rating|review_count|material_word|imagine_look|title_keyword,reviews_photos|negative_reviews|bullets|size_specs|material_cert|zoom_images|price_deal,negative_reviews,not_buy,price_too_high|want_compare,yes_more,C,not_buy,price_suspicious|brand|want_compare,B,not_buy,price_suspicious|look|want_compare,A,price|timing,fallback_favorite|price_too_high,price_suspicious|look|brand,price_suspicious|brand,few_reviews|pack|material,look|few_reviews|brand,few_reviews|size|brand,page2,page1,reviews,material,4,5,4,2,4,4,5,5,low_rating|few_reviews|no_size|material_unclear|blur_image|no_bullets,eva,semi,yes_somewhat,better_rating,3,4
931,A,main_image|color_pattern|star_rating|review_count|material_word|imagine_look,reviews_photos|negative_reviews|bullets|size_specs|material_cert|zoom_images,negative_reviews,not_buy,price_too_high|want_compare,yes_more,C,not_buy,want_compare,B,not_buy,want_compare,C,reviews_trust|info_gap,price_too_high,few_reviews,fallback_favorite,few_reviews|pack,look|few_reviews,size|few_reviews|transparency,page2,page1,price_value,reviews,4,5,4,2,4,5,5,4,low_rating|few_reviews|no_size|material_unclear|blur_image,eva,semi,unlikely,better_rating,4,4
932,A,main_image|color_pattern|review_count|material_word|right_size|imagine_look,reviews_photos|negative_reviews|bullets|size_specs|material_cert|zoom_images|price_deal,negative_reviews,not_buy,price_too_high|want_compare,yes_more,C,not_buy,few_reviews|price_suspicious|brand|material,E,not_buy,few_reviews|brand|look|want_compare,A,price|timing,fallback_favorite|price_too_high,price_suspicious|brand|few_reviews,price_suspicious|brand|few_reviews,few_reviews|pack|brand,few_reviews|look|brand,few_reviews|size|brand|look,page2,page1,reviews,price_value,3,4,3,2,4,4,5,4,low_rating|few_reviews|material_unclear|blur_image,eva,semi,unlikely,better_rating,3,3
933,A,main_image|color_pattern|star_rating|review_count|material_word|imagine_look|magnets,reviews_photos|negative_reviews|bullets|size_specs|material_cert|zoom_images|qa,negative_reviews,not_buy,price_too_high|want_compare,yes_more,C,not_buy,price_suspicious|brand|material,E,not_buy,few_reviews|brand|review_concern,A,price|timing,fallback_favorite|price_too_high,price_suspicious|brand|material,price_suspicious|brand|material,few_reviews|material|pack|brand,few_reviews|brand|look|review_concern,few_reviews|size|material|brand,page2,page1,reviews,material,4,5,4,2,4,4,5,5,low_rating|few_reviews|no_size|material_unclear|blur_image|no_bullets,eva,semi,yes_somewhat,better_rating,3,4
934,A,main_image|review_count|material_word|magnets|star_rating|imagine_look,bullets|size_specs|material_cert|reviews_photos|negative_reviews|zoom_images|price_deal,material_cert,not_buy,price_too_high|want_compare,yes_more,E,not_buy,few_reviews|want_compare,C,not_buy,price_suspicious|few_reviews|size,A,price,fallback_favorite|price_too_high,price_suspicious|look|brand,price_suspicious|few_reviews|brand,few_reviews|material|pack,few_reviews|look,few_reviews|size|material,page2,page1,reviews,price_value,4,4,4,2,4,4,5,5,low_rating|few_reviews|no_size|material_unclear|blur_image|mismatch_title,eva,semi,neutral,better_rating,3,4
935,A,main_image|color_pattern|star_rating|review_count|material_word|imagine_look|magnets,reviews_photos|negative_reviews|bullets|size_specs|material_cert|qa|zoom_images|price_deal,negative_reviews,add_cart,price_too_high|want_compare,yes_more,C,not_buy,price_suspicious|material|transparency|brand,E,not_buy,few_reviews|look|transparency|brand,A,price|timing,fallback_favorite|price_too_high,price_suspicious|material|transparency|brand,price_suspicious|material|transparency|brand,few_reviews|material|pack,few_reviews|look|transparency|brand,few_reviews|size|material|brand,page2,page1,reviews,price_value,4,5,4,2,4,4,5,4,low_rating|few_reviews|no_size|material_unclear|blur_image,eva,semi,yes_somewhat,better_rating,3,4
936,B,main_image|color_pattern|price|star_rating|review_count|magnets|imagine_look,reviews_photos|negative_reviews|bullets|size_specs|material_cert|zoom_images|price_deal,reviews_photos,add_cart,want_compare|material,yes_more,C,add_cart,want_compare|few_reviews,F,not_buy,few_reviews|size,B,material|timing,price_too_high|look,fallback_favorite,few_reviews,few_reviews|material|pack,look|few_reviews,few_reviews|size,page2,page1,price_value,reviews,4,5,4,2,4,5,5,4,low_rating|few_reviews|no_size|material_unclear|blur_image,eva,semi,unlikely,better_rating,5,2
937,A,main_image|color_pattern|star_rating|review_count|material_word|imagine_look,reviews_photos|negative_reviews|bullets|size_specs|material_cert|zoom_images,negative_reviews,not_buy,price_too_high|want_compare,yes_more,B,not_buy,price_suspicious|material|want_compare,C,not_buy,price_suspicious|material|want_compare,A,price,fallback_favorite|price_too_high,price_suspicious|material,price_suspicious|material,few_reviews|material,look|few_reviews,few_reviews|size,page2,page1,reviews,price_value,4,4,4,2,4,4,5,4,low_rating|no_size|material_unclear|blur_image|mismatch_title,eva,semi,neutral,better_rating,3,4
938,A,main_image|review_count|star_rating|material_word|magnets|right_size,negative_reviews|reviews_photos|bullets|size_specs|material_cert|zoom_images|qa,negative_reviews,not_buy,price_too_high|want_compare,yes_more,C,not_buy,price_suspicious|few_reviews|want_compare,B,not_buy,price_suspicious|want_compare,A,price|info_gap,fallback_favorite|price_too_high,price_suspicious|few_reviews|look,price_suspicious|few_reviews,few_reviews|material,few_reviews|look|rating,few_reviews|size|look|material,page2,page1,reviews,price_value,4,4,4,2,4,4,5,4,low_rating|no_size|material_unclear|blur_image|mismatch_title,eva,semi,unlikely,better_rating,3,4
939,A,main_image|color_pattern|review_count|star_rating|material_word|imagine_look,reviews_photos|negative_reviews|bullets|size_specs|material_cert|zoom_images|qa,negative_reviews,not_buy,price_too_high|want_compare,yes_more,C,not_buy,price_suspicious|material|want_compare,D,not_buy,few_reviews|material|info_incomplete,A,price|timing,price_too_high,price_suspicious|material|brand,price_suspicious|material|brand,few_reviews|material|info_incomplete,look|few_reviews|transparency,few_reviews|size|look,page2,page1,material,reviews,4,5,4,2,4,4,5,5,low_rating|few_reviews|no_size|material_unclear|blur_image|mismatch_title,eva,semi,unlikely,better_rating,4,4
940,B,main_image|color_pattern|price|star_rating|review_count|magnets|imagine_look,reviews_photos|negative_reviews|bullets|size_specs|material_cert|zoom_images|qa,negative_reviews,add_cart,want_compare,yes_more,C,add_cart,want_compare|brand,A,not_buy,price_too_high,C,reviews_trust|brand|timing,price_too_high,few_reviews|brand,fallback_favorite|few_reviews|brand,few_reviews|material|pack,look|few_reviews,few_reviews|size|transparency,page2,page1,price_value,reviews,4,5,4,2,4,5,5,4,low_rating|no_size|material_unclear|blur_image|no_bullets,eva,semi,yes_somewhat,better_rating,4,4
941,A,main_image|color_pattern|star_rating|review_count|material_word|imagine_look,reviews_photos|negative_reviews|bullets|size_specs|material_cert|zoom_images|price_deal,negative_reviews,add_cart,price_too_high|want_compare,yes_more,B,add_cart,want_compare,C,add_cart,few_reviews|want_compare,B,no_blocker,price_too_high,final_purchase,few_reviews|brand,few_reviews|material|pack,look|brand|few_reviews,few_reviews|size|brand,page2,page1,price_value,reviews,4,5,4,2,4,5,5,4,low_rating|few_reviews|no_size|material_unclear|blur_image|mismatch_title,eva,semi,yes_somewhat,better_value,5,4
942,A,main_image|color_pattern|star_rating|review_count|material_word|imagine_look|magnets,reviews_photos|negative_reviews|bullets|material_cert|size_specs|zoom_images|qa,negative_reviews,not_buy,price_too_high|want_compare,yes_more,B,not_buy,price_suspicious|material|want_compare,C,not_buy,few_reviews|brand|price_suspicious|material,A,price|reviews_trust,fallback_favorite|price_too_high,price_suspicious|material|brand,few_reviews|brand|price_suspicious,few_reviews|material|pack,look|few_reviews,size|few_reviews|look,page2,page1,price_value,reviews,5,5,4,2,4,5,5,4,low_rating|no_size|material_unclear|blur_image|mismatch_title,eva,semi,yes_somewhat,better_value,3,4
943,A,main_image|color_pattern|star_rating|review_count|material_word|imagine_look,reviews_photos|negative_reviews|bullets|size_specs|material_cert|zoom_images,reviews_photos,not_buy,price_too_high|want_compare,yes_more,C,not_buy,price_suspicious|material|want_compare,B,not_buy,look|want_compare|price_suspicious,A,price|reviews_trust,fallback_favorite|price_too_high,look|price_suspicious,price_suspicious|material,few_reviews|material|pack|look,look|brand|few_reviews,few_reviews|look|size,page2,page1,appearance,price_value,4,5,4,2,4,4,5,4,low_rating|few_reviews|no_size|material_unclear|blur_image|mismatch_title,eva,semi,yes_somewhat,lower_price,3,4
944,A,main_image|color_pattern|star_rating|review_count|material_word|imagine_look,reviews_photos|negative_reviews|bullets|size_specs|material_cert|zoom_images,negative_reviews,not_buy,price_too_high|want_compare,yes_more,C,not_buy,price_suspicious|brand|want_compare,B,not_buy,price_suspicious|brand|want_compare,A,price|timing,fallback_favorite|price_too_high,price_suspicious|brand,price_suspicious|brand,few_reviews|material|pack,look|brand|few_reviews,few_reviews|size|transparency,page2,page1,reviews,price_value,4,5,4,2,4,4,5,4,low_rating|few_reviews|no_size|material_unclear|blur_image,eva,semi,yes_somewhat,better_rating,3,3
945,A,main_image|color_pattern|star_rating|review_count|material_word|imagine_look|right_size,reviews_photos|negative_reviews|bullets|size_specs|material_cert|zoom_images,reviews_photos,not_buy,price_too_high|want_compare,yes_more,C,not_buy,want_compare,B,not_buy,look|want_compare,C,reviews_trust|info_gap,price_too_high,look,fallback_favorite,few_reviews|material,look|few_reviews,few_reviews|size|look,page2,page1,price_value,reviews,4,5,4,2,4,5,5,4,low_rating|no_size|material_unclear|blur_image|mismatch_title,eva,semi,yes_somewhat,lower_price,4,4
946,A,main_image|review_count|star_rating|material_word|magnets|title_keyword|imagine_look,reviews_photos|negative_reviews|bullets|material_cert|size_specs|zoom_images|qa,negative_reviews,not_buy,price_too_high|want_compare,yes_more,B,not_buy,price_suspicious|material|want_compare,C,not_buy,price_suspicious|material|few_reviews|want_compare,A,price|reviews_trust,price_too_high|fallback_favorite,price_suspicious|material|brand,price_suspicious|few_reviews|brand,few_reviews|material|pack,look|brand|few_reviews,few_reviews|size|material|look,page2,page1,reviews,price_value,4,5,4,2,4,5,5,4,low_rating|few_reviews|no_size|material_unclear|blur_image|no_bullets,eva,semi,yes_somewhat,better_rating,3,4
947,A,main_image|color_pattern|star_rating|review_count|material_word|imagine_look|title_keyword,reviews_photos|negative_reviews|bullets|material_cert|size_specs|zoom_images|price_deal,reviews_photos,not_buy,price_too_high|want_compare,yes_more,B,not_buy,price_suspicious|want_compare,C,add_cart,want_compare,C,no_blocker,price_too_high,price_suspicious,final_purchase,few_reviews,few_reviews|look,few_reviews|size,page2,page1,price_value,reviews,4,5,4,2,4,5,5,4,low_rating|few_reviews|no_size|material_unclear|blur_image,eva,semi,yes_somewhat,better_value,5,4
948,A,main_image|color_pattern|star_rating|review_count|material_word|imagine_look,reviews_photos|negative_reviews|bullets|size_specs|material_cert|zoom_images|qa,negative_reviews,not_buy,price_too_high|want_compare,yes_more,C,not_buy,price_suspicious|material|brand|want_compare,E,not_buy,few_reviews|brand|transparency|want_compare,A,price|reviews_trust,fallback_favorite|price_too_high,price_suspicious|material|brand|look,price_suspicious|material|brand,few_reviews|material|pack,few_reviews|transparency|brand,few_reviews|size|transparency|material,page2,page1,reviews,material,4,5,4,2,4,4,5,5,low_rating|no_size|material_unclear|blur_image|no_bullets,eva,semi,yes_somewhat,better_rating,3,4
949,A,main_image|color_pattern|star_rating|review_count|material_word|imagine_look,reviews_photos|negative_reviews|bullets|size_specs|material_cert|zoom_images|qa,negative_reviews,not_buy,price_too_high|want_compare,yes_more,C,not_buy,price_suspicious|brand|material|want_compare,B,add_cart,price_suspicious|material|want_compare,A,price|timing,fallback_favorite|price_too_high,price_suspicious|material,price_suspicious|brand|material,few_reviews|rating|pack|material,look|few_reviews|brand,few_reviews|size|look,page2,page1,price_value,reviews,4,5,4,2,4,5,5,4,low_rating|few_reviews|no_size|material_unclear|blur_image|no_bullets,eva,semi,yes_somewhat,lower_price,3,4
950,A,review_count|star_rating|material_word|magnets|imagine_look|main_image,reviews_photos|negative_reviews|bullets|material_cert|size_specs|zoom_images,negative_reviews,not_buy,price_too_high|want_compare,yes_more,B,not_buy,price_suspicious|few_reviews|want_compare,C,not_buy,few_reviews|price_suspicious|want_compare,A,price|timing,fallback_favorite|price_too_high,price_suspicious|few_reviews,price_suspicious|few_reviews,few_reviews|material|look,look|few_reviews|brand,few_reviews|size|look,page2,page1,reviews,price_value,4,5,4,2,4,5,5,5,low_rating|few_reviews|no_size|material_unclear|blur_image,eva,semi,yes_somewhat,better_rating,3,4
951,A,main_image|color_pattern|star_rating|review_count|material_word|magnets|imagine_look,reviews_photos|negative_reviews|bullets|size_specs|material_cert|zoom_images|qa,negative_reviews,not_buy,price_too_high|want_compare,yes_more,C,not_buy,price_suspicious|material|few_reviews|want_compare,B,not_buy,price_suspicious|material|want_compare,A,price,fallback_favorite|price_too_high,price_suspicious|material,price_suspicious|material|few_reviews,few_reviews|material|pack,look|few_reviews,few_reviews|size|look,page2,page1,material,price_value,4,5,4,2,4,4,5,5,low_rating|few_reviews|no_size|material_unclear|blur_image|mismatch_title,eva,semi,yes_somewhat,better_function,3,4
952,A,main_image|color_pattern|review_count|star_rating|material_word|magnets|imagine_look,reviews_photos|negative_reviews|bullets|size_specs|material_cert|zoom_images|qa,negative_reviews,add_cart,price_too_high|want_compare,yes_more,B,add_cart,price_suspicious|material|want_compare,C,not_buy,price_suspicious|few_reviews|material|want_compare,B,price|reviews_trust,price_too_high|fallback_favorite,fallback_favorite,price_suspicious|few_reviews,few_reviews|material|pack,look|brand|few_reviews,few_reviews|size|look,page2,page1,price_value,reviews,4,5,4,2,4,5,5,4,low_rating|few_reviews|no_size|material_unclear|blur_image|no_bullets,eva,semi,unlikely,better_value,4,4
953,A,main_image|color_pattern|review_count|star_rating|imagine_look|material_word,reviews_photos|negative_reviews|bullets|size_specs|material_cert|zoom_images|delivery_returns,negative_reviews,add_cart,price_too_high|want_compare,yes_more,C,add_cart,want_compare|few_reviews,B,not_buy,look|price_suspicious,A,price,fallback_favorite|price_too_high,look|price_suspicious,few_reviews,few_reviews|material,look|few_reviews,few_reviews|size|look,page2,page1,reviews,price_value,4,5,4,2,4,4,5,4,low_rating|no_size|material_unclear|blur_image,eva,semi,yes_somewhat,better_rating,3,4
954,A,star_rating|review_count|material_word|main_image|imagine_look,reviews_photos|negative_reviews|bullets|size_specs|material_cert|zoom_images|qa|price_deal,negative_reviews,add_cart,price_too_high|want_compare,yes_more,B,not_buy,price_suspicious|want_compare,C,not_buy,price_suspicious|brand|want_compare,A,price|timing,fallback_favorite|price_too_high,price_suspicious|brand,price_suspicious|brand,few_reviews|pack,look|few_reviews,few_reviews|size,page2,page1,reviews,material,4,5,4,2,4,4,5,4,low_rating|few_reviews|no_size|material_unclear|blur_image|no_bullets,eva,semi,yes_somewhat,better_value,3,4
955,A,main_image|color_pattern|star_rating|review_count|material_word|imagine_look,reviews_photos|negative_reviews|bullets|size_specs|material_cert|zoom_images,negative_reviews,not_buy,price_too_high|want_compare,yes_more,B,not_buy,price_suspicious|material|want_compare,C,not_buy,price_suspicious|few_reviews|want_compare,A,price|timing,fallback_favorite|price_too_high,price_suspicious|material|brand,price_suspicious|brand|few_reviews,few_reviews|material|brand|pack,look|few_reviews|brand,size|few_reviews|brand|transparency,page2,page1,reviews,material,4,5,4,2,4,4,5,4,low_rating|few_reviews|no_size|material_unclear|blur_image|no_bullets,eva,semi,yes_somewhat,better_rating,3,4
956,A,main_image|color_pattern|star_rating|review_count|title_keyword|material_word|magnets|imagine_look,reviews_photos|negative_reviews|bullets|size_specs|material_cert|qa|zoom_images,negative_reviews,not_buy,price_too_high|want_compare,yes_more,C,not_buy,price_suspicious|material|want_compare,E,not_buy,rating|few_reviews|transparency|want_compare,A,price|timing,fallback_favorite|price_too_high,price_suspicious|material|brand|look,price_suspicious|material|brand|look,few_reviews|material|pack|brand,rating|few_reviews|transparency|brand,few_reviews|size|material|brand,page2,page1,reviews,material,5,5,4,2,4,4,5,5,low_rating|few_reviews|no_size|material_unclear|blur_image|mismatch_title,eva,semi,yes_somewhat,better_rating,3,4
957,A,review_count|star_rating|material_word|magnets|color_pattern|imagine_look,reviews_photos|negative_reviews|bullets|material_cert|size_specs|zoom_images|qa,negative_reviews,not_buy,price_too_high|want_compare,yes_more,C,not_buy,price_suspicious|material|brand|want_compare,B,not_buy,material|price_suspicious|few_reviews|brand|want_compare,A,price|material,fallback_favorite|price_too_high,material|price_suspicious|brand|few_reviews,material|price_suspicious|brand|few_reviews,few_reviews|material|brand|pack,look|few_reviews|brand|material,few_reviews|brand|size|material,page2,page1,material,price_value,4,5,4,2,4,4,5,5,low_rating|no_size|material_unclear|blur_image|mismatch_title,eva,semi,yes_somewhat,better_value,2,4
958,A,main_image|color_pattern|star_rating|review_count|title_keyword|material_word|imagine_look|magnets|right_size,reviews_photos|negative_reviews|bullets|size_specs|material_cert|zoom_images|qa|price_deal,negative_reviews,not_buy,price_too_high|want_compare,yes_more,B,not_buy,price_suspicious|material|look|want_compare,C,not_buy,price_suspicious|material|few_reviews|want_compare,A,price|timing,fallback_favorite|price_too_high,price_suspicious|material|look,price_suspicious|material|few_reviews,few_reviews|material|pack,look|few_reviews|brand,few_reviews|size|material,page2,page1,reviews,material,4,5,4,2,4,4,5,5,low_rating|few_reviews|no_size|material_unclear|blur_image|mismatch_title,eva,semi,yes_somewhat,better_rating,4,4
959,A,main_image|color_pattern|review_count|star_rating|material_word|imagine_look,reviews_photos|negative_reviews|bullets|size_specs|material_cert|qa|zoom_images,negative_reviews,not_buy,price_too_high|want_compare,yes_more,C,not_buy,price_suspicious|brand|want_compare,B,not_buy,price_suspicious|brand|want_compare,A,price|timing,fallback_favorite|price_too_high,price_suspicious|brand,price_suspicious|brand,few_reviews|material|pack,look|transparency|few_reviews,few_reviews|size|look,page2,page1,reviews,material,4,5,4,2,4,4,5,5,low_rating|few_reviews|no_size|material_unclear|blur_image|mismatch_title,eva,semi,yes_somewhat,better_rating,3,4
960,A,star_rating|review_count|material_word|magnets|main_image|right_size,reviews_photos|negative_reviews|bullets|size_specs|material_cert|zoom_images|qa,negative_reviews,add_cart,price_too_high|want_compare,yes_more,C,add_cart,few_reviews|want_compare,B,not_buy,look|want_compare,A,price,fallback_favorite|price_too_high,look,few_reviews,few_reviews|material,few_reviews|look,few_reviews|size,page2,page1,reviews,material,4,5,4,2,4,4,5,4,low_rating|few_reviews|no_size|material_unclear|blur_image|mismatch_title,eva,semi,unlikely,better_rating,3,4
961,A,main_image|color_pattern|star_rating|review_count|material_word|imagine_look,reviews_photos|negative_reviews|bullets|size_specs|material_cert|zoom_images|price_deal,reviews_photos,add_cart,price_too_high|want_compare,yes_more,B,add_cart,want_compare|transparency,C,not_buy,few_reviews|want_compare|info_incomplete,B,look_compromise|timing,price_too_high|fallback_favorite,fallback_favorite,few_reviews|look,few_reviews|material|pack,look|brand|few_reviews,few_reviews|size|look,page2,page1,price_value,appearance,4,5,4,2,4,5,5,4,low_rating|no_size|material_unclear|blur_image|mismatch_title,eva,semi,yes_somewhat,better_value,4,4
962,A,main_image|color_pattern|star_rating|review_count|material_word|imagine_look|right_size,reviews_photos|negative_reviews|bullets|size_specs|material_cert|zoom_images|price_deal,negative_reviews,not_buy,price_too_high|want_compare,yes_more,B,not_buy,price_suspicious|material|want_compare,C,not_buy,price_suspicious|few_reviews|want_compare,A,price|timing,fallback_favorite|price_too_high,price_suspicious,price_suspicious|few_reviews,few_reviews|material,look|few_reviews,few_reviews|size,page2,page1,reviews,price_value,4,5,4,2,4,4,5,4,low_rating|no_size|material_unclear|blur_image|no_bullets,eva,semi,yes_somewhat,better_rating,3,4
963,A,main_image|color_pattern|star_rating|review_count|material_word|right_size|imagine_look,reviews_photos|negative_reviews|bullets|size_specs|material_cert|qa|price_deal|zoom_images,negative_reviews,not_buy,price_too_high|want_compare,yes_more,B,not_buy,price_suspicious|material|want_compare,C,not_buy,price_suspicious|material|want_compare,A,price|timing,price_too_high|fallback_favorite,price_suspicious|material|brand,price_suspicious|material|brand,few_reviews|material|pack,look|few_reviews|brand,few_reviews|size|material,page2,page1,reviews,material,4,5,4,2,4,4,5,5,low_rating|no_size|material_unclear|blur_image|mismatch_title,eva,semi,yes_somewhat,better_rating,4,4
964,A,main_image|star_rating|review_count|material_word|magnets|right_size,reviews_photos|negative_reviews|bullets|size_specs|material_cert|qa|zoom_images|price_deal,negative_reviews,not_buy,price_too_high|want_compare,yes_more,C,not_buy,price_suspicious|brand|material|want_compare,B,not_buy,price_suspicious|brand|material|want_compare,A,price|timing,fallback_favorite|price_too_high,price_suspicious|brand|material,price_suspicious|brand|material,few_reviews|brand|material,few_reviews|brand|look,few_reviews|size|brand,page2,page1,reviews,material,4,4,4,2,4,5,5,5,low_rating|few_reviews|no_size|material_unclear|blur_image|no_bullets,eva,semi,unlikely,better_rating,3,3
965,A,main_image|color_pattern|review_count|star_rating|material_word|imagine_look|magnets,reviews_photos|negative_reviews|bullets|size_specs|material_cert|zoom_images|qa,negative_reviews,not_buy,price_too_high|want_compare,yes_more,B,not_buy,look|want_compare,C,not_buy,want_compare|few_reviews,B,look_compromise|timing,price_too_high,fallback_favorite|look,few_reviews,few_reviews|material,look|few_reviews,few_reviews|size,page2,page1,price_value,reviews,4,5,4,2,4,5,5,4,low_rating|few_reviews|material_unclear|blur_image|no_size,eva,semi,unlikely,better_value,4,4
966,A,review_count|star_rating|main_image|material_word|magnets|imagine_look,negative_reviews|reviews_photos|bullets|material_cert|size_specs|zoom_images,negative_reviews,not_buy,price_too_high|want_compare,yes_more,B,not_buy,look|material|want_compare,C,not_buy,few_reviews|brand|info_incomplete,A,price|timing,fallback_favorite|price_too_high,look|material,few_reviews|brand|info_incomplete,few_reviews|pack|material,look|few_reviews|brand,few_reviews|size|brand,page2,page1,reviews,price_value,4,5,4,2,4,4,5,5,low_rating|few_reviews|no_size|material_unclear|blur_image,eva,semi,yes_somewhat,better_rating,3,4
967,A,main_image|color_pattern|star_rating|review_count|material_word|magnets|imagine_look,reviews_photos|negative_reviews|bullets|size_specs|material_cert|qa|zoom_images|price_deal,negative_reviews,not_buy,price_too_high|want_compare,yes_more,B,not_buy,price_suspicious|material|transparency|want_compare,C,not_buy,price_suspicious|material|brand|want_compare,A,price|info_gap,fallback_favorite|price_too_high,price_suspicious|material|transparency,price_suspicious|material|brand,few_reviews|material|pack,look|brand|few_reviews,few_reviews|size|look,page2,page1,reviews,material,5,5,4,2,4,4,5,4,low_rating|few_reviews|no_size|material_unclear|blur_image|mismatch_title,eva,semi,unlikely,better_rating,3,4
968,A,main_image|color_pattern|star_rating|review_count|material_word|imagine_look|right_size,reviews_photos|negative_reviews|bullets|size_specs|material_cert|zoom_images|qa,negative_reviews,not_buy,price_too_high|want_compare,yes_more,C,not_buy,price_suspicious|look|material|want_compare,B,not_buy,look|want_compare,A,price,fallback_favorite|price_too_high,look|material,price_suspicious|look|material,few_reviews|material|pack,look|few_reviews|brand,few_reviews|size|material,page2,page1,material,price_value,4,5,4,2,4,4,5,5,low_rating|no_size|material_unclear|blur_image|mismatch_title,eva,semi,unlikely,better_function,3,4
969,A,main_image|color_pattern|star_rating|review_count|material_word|imagine_look,reviews_photos|negative_reviews|bullets|material_cert|zoom_images|size_specs|price_deal,negative_reviews,not_buy,price_too_high|want_compare,yes_more,C,not_buy,brand|want_compare,E,not_buy,few_reviews|brand|want_compare,A,price|timing,price_too_high,brand,brand,few_reviews|brand|pack,few_reviews|brand|transparency,few_reviews|brand|size,page2,page1,price_value,reviews,4,5,4,2,4,5,5,4,low_rating|few_reviews|no_size|material_unclear|blur_image,eva,semi,yes_somewhat,better_value,3,4
970,A,main_image|color_pattern|review_count|star_rating|magnets|material_word|imagine_look,reviews_photos|negative_reviews|bullets|size_specs|material_cert|qa|zoom_images,negative_reviews,not_buy,price_too_high|want_compare,yes_more,B,not_buy,price_suspicious|brand|want_compare,C,not_buy,price_suspicious|material|brand,A,price|timing,fallback_favorite|price_too_high,price_suspicious|brand,price_suspicious|material|brand,few_reviews|material|pack,look|few_reviews,few_reviews|size|material,page2,page1,reviews,price_value,4,5,4,2,4,5,5,4,low_rating|few_reviews|no_size|material_unclear|blur_image|no_bullets,eva,semi,unlikely,better_rating,3,4
971,A,main_image|color_pattern|material_word|imagine_look|magnets|title_keyword,reviews_photos|negative_reviews|bullets|size_specs|material_cert|zoom_images|qa,negative_reviews,not_buy,price_too_high|want_compare,yes_more,C,not_buy,look|want_compare,E,not_buy,few_reviews|rating|brand,A,price|timing,fallback_favorite|price_too_high,price_suspicious|look|material,price_suspicious|look|material,few_reviews|look|pack,few_reviews|rating|brand,few_reviews|size|look,page2,page1,material,price_value,4,5,4,2,4,4,5,5,low_rating|few_reviews|no_size|material_unclear|blur_image|mismatch_title,eva,semi,unlikely,better_value,3,3
972,A,main_image|color_pattern|review_count|material_word|magnets|right_size|imagine_look,negative_reviews|reviews_photos|bullets|material_cert|size_specs|zoom_images|price_deal,negative_reviews,not_buy,price_too_high|want_compare,yes_more,B,not_buy,price_suspicious|want_compare,C,not_buy,look|few_reviews|want_compare,A,price|reviews_trust,fallback_favorite|price_too_high,price_suspicious|material,look|few_reviews,few_reviews|material|pack,look|few_reviews,few_reviews|size|material,page2,page1,rating,reviews,4,5,4,2,4,4,5,4,low_rating|no_size|material_unclear|blur_image|mismatch_title,eva,semi,unlikely,better_function,3,4
973,A,main_image|color_pattern|review_count|star_rating|material_word|magnets|imagine_look,reviews_photos|negative_reviews|bullets|size_specs|material_cert|zoom_images|qa,negative_reviews,not_buy,price_too_high|want_compare,yes_more,C,not_buy,price_suspicious|brand|review_concern,B,not_buy,price_suspicious|brand|material,A,price|timing,fallback_favorite|price_too_high,price_suspicious|brand|material,price_suspicious|brand|review_concern,few_reviews|material|pack,look|few_reviews|brand,few_reviews|size|look,page2,page1,reviews,material,4,5,4,2,4,4,5,5,low_rating|few_reviews|no_size|material_unclear|blur_image|no_bullets,eva,semi,unlikely,better_rating,3,3
974,A,main_image|color_pattern|star_rating|review_count|title_keyword|material_word|imagine_look,negative_reviews|reviews_photos|material_cert|size_specs|bullets|zoom_images|qa|price_deal,negative_reviews,not_buy,price_too_high|want_compare,yes_more,B,not_buy,price_suspicious|material|look,C,not_buy,brand|few_reviews|material|want_compare,A,price|reviews_trust,fallback_favorite|price_too_high,price_suspicious|material|look,brand|few_reviews|material,few_reviews|material|pack,few_reviews|look|brand,few_reviews|size|material,page2,page1,reviews,price_value,4,5,4,2,4,5,5,5,low_rating|no_size|material_unclear|blur_image|mismatch_title,eva,semi,unlikely,better_rating,3,5
975,A,main_image|color_pattern|star_rating|review_count|material_word|imagine_look|right_size,reviews_photos|negative_reviews|bullets|size_specs|material_cert|zoom_images|delivery_returns,negative_reviews,not_buy,price_too_high|want_compare,yes_more,C,not_buy,price_suspicious|want_compare,B,not_buy,price_suspicious|transparency|want_compare,A,price|info_gap,fallback_favorite|price_too_high,price_suspicious|look|transparency,price_suspicious|look|few_reviews,few_reviews|material|pack,look|few_reviews|brand,few_reviews|size|material,page2,page1,reviews,material,4,5,4,2,4,4,5,4,low_rating|no_size|material_unclear|blur_image|no_bullets,eva,semi,yes_somewhat,better_rating,3,4
976,A,main_image|color_pattern|star_rating|review_count|material_word|magnets|imagine_look,reviews_photos|negative_reviews|bullets|size_specs|material_cert|qa|price_deal|zoom_images,negative_reviews,not_buy,price_too_high|want_compare,yes_more,C,not_buy,price_suspicious|brand|few_reviews,E,not_buy,few_reviews|brand|info_incomplete,A,price|timing,fallback_favorite|price_too_high,price_suspicious|brand|rating,price_suspicious|brand|few_reviews,few_reviews|material|pack,few_reviews|brand|info_incomplete,few_reviews|size|transparency,page2,page1,reviews,material,4,5,4,2,4,4,5,5,low_rating|few_reviews|no_size|material_unclear|blur_image|mismatch_title,eva,semi,yes_somewhat,better_rating,3,3
977,A,star_rating|review_count|brand|material_word|imagine_look|magnets,reviews_photos|negative_reviews|bullets|size_specs|material_cert|zoom_images|qa,negative_reviews,add_cart,price_too_high|want_compare,yes_more,B,add_cart,look|want_compare,C,not_buy,look|few_reviews|brand,A,price|timing,fallback_favorite|price_too_high,look,look|few_reviews|brand,few_reviews|material|price_suspicious,look|few_reviews|brand,few_reviews|size|material,page2,page1,reviews,price_value,4,5,4,2,4,4,5,4,low_rating|few_reviews|no_size|material_unclear|blur_image|mismatch_title,eva,semi,unlikely,better_value,3,4
978,A,review_count|star_rating|material_word|magnets|imagine_look,reviews_photos|negative_reviews|bullets|size_specs|material_cert|zoom_images,negative_reviews,add_cart,price_too_high|want_compare,yes_more,C,not_buy,look|price_suspicious|material,B,not_buy,look|price_suspicious|material,A,price|timing,fallback_favorite|price_too_high,look|price_suspicious|material,look|price_suspicious|material,few_reviews|brand|pack,look|brand|few_reviews,few_reviews|size|brand,page2,page1,reviews,price_value,4,5,4,2,4,5,5,4,low_rating|few_reviews|no_size|material_unclear|blur_image|mismatch_title,eva,semi,yes_somewhat,better_rating,3,3
979,A,review_count|star_rating|material_word|magnets|main_image|imagine_look,reviews_photos|negative_reviews|bullets|size_specs|material_cert|qa|zoom_images,negative_reviews,not_buy,price_too_high|want_compare|transparency,yes_more,C,not_buy,price_suspicious|brand|material|transparency|want_compare,E,not_buy,few_reviews|look|transparency|want_compare,A,price|look_compromise,fallback_favorite|price_too_high,price_suspicious|brand|transparency|look,price_suspicious|brand|material|transparency,few_reviews|pack|material,few_reviews|look|transparency,few_reviews|size|material|transparency,page2,page1,reviews,material,4,5,4,2,4,4,5,5,low_rating|few_reviews|no_size|material_unclear|blur_image|no_bullets|mismatch_title,eva,semi,unlikely,better_rating,3,4
980,A,main_image|color_pattern|star_rating|review_count|material_word|magnets|imagine_look|right_size,reviews_photos|negative_reviews|bullets|size_specs|material_cert|zoom_images|qa,negative_reviews,not_buy,price_too_high|want_compare,yes_more,C,not_buy,price_suspicious|material|few_reviews|want_compare,E,not_buy,few_reviews|material|transparency|want_compare,A,price|info_gap,fallback_favorite|price_too_high,price_suspicious|material|review_concern,price_suspicious|material|few_reviews,few_reviews|material|pack,few_reviews|transparency|look,few_reviews|size|material,page2,page1,reviews,material,4,5,4,2,4,4,5,5,low_rating|few_reviews|no_size|material_unclear|blur_image|no_bullets|mismatch_title,eva,semi,yes_somewhat,better_rating,3,4
981,A,main_image|color_pattern|star_rating|review_count|material_word|imagine_look,reviews_photos|negative_reviews|bullets|size_specs|material_cert|zoom_images|price_deal,reviews_photos,not_buy,price_too_high|want_compare,yes_more,B,not_buy,want_compare,C,not_buy,want_compare|few_reviews,B,timing,price_too_high,fallback_favorite,few_reviews,few_reviews|material|pack,material|look,few_reviews|size|material,page2,page1,price_value,reviews,4,5,4,2,4,5,5,4,low_rating|few_reviews|no_size|material_unclear|blur_image|mismatch_title,eva,semi,yes_somewhat,better_value,4,4
982,A,star_rating|review_count|magnets|material_word|right_size,negative_reviews|reviews_photos|bullets|material_cert|size_specs,negative_reviews,add_cart,price_too_high|want_compare,yes_more,C,add_cart,want_compare|transparency,E,not_buy,few_reviews|want_compare,A,price|timing,fallback_favorite|price_too_high,price_suspicious|look,price_suspicious|transparency,few_reviews|material|pack,few_reviews|look,few_reviews|size|look,page2,page1,price_value,reviews,4,4,3,2,4,5,5,4,low_rating|few_reviews|no_size|material_unclear|blur_image,eva,semi,yes_somewhat,lower_price,3,4
983,A,review_count|star_rating|material_word|magnets,negative_reviews|reviews_photos|size_specs|material_cert|bullets|zoom_images,negative_reviews,not_buy,price_too_high|want_compare,yes_more,C,not_buy,brand|want_compare|few_reviews,B,not_buy,look|want_compare,C,reviews_trust|brand|timing,price_too_high,look|brand|price_suspicious,brand|few_reviews,few_reviews|material|brand|pack,look|brand|few_reviews|transparency,few_reviews|size|brand|material,page2,page1,reviews,price_value,4,4,4,2,5,4,5,5,low_rating|few_reviews|no_size|material_unclear|blur_image|no_bullets|mismatch_title,eva,semi,unlikely,better_rating,4,4
984,A,main_image|review_count|star_rating|material_word|magnets|imagine_look,reviews_photos|negative_reviews|bullets|material_cert|size_specs|zoom_images,negative_reviews,not_buy,price_too_high|want_compare,yes_more,B,not_buy,look|price_suspicious,C,add_cart,price_suspicious,C,no_blocker,price_too_high,look|price_suspicious,final_purchase,few_reviews|material,look|few_reviews,few_reviews|size|look,page2,page1,price_value,reviews,4,5,4,2,4,5,5,4,low_rating|no_size|material_unclear|blur_image|mismatch_title,eva,semi,yes_somewhat,better_value,5,4
985,A,star_rating|review_count|material_word|magnets|imagine_look,reviews_photos|negative_reviews|bullets|material_cert|size_specs|zoom_images,negative_reviews,not_buy,price_too_high|want_compare,yes_more,B,not_buy,price_suspicious|material|look|want_compare,C,not_buy,price_suspicious|brand|material|want_compare,A,price|timing,fallback_favorite|price_too_high,price_suspicious|material|look,price_suspicious|brand|material,few_reviews|pack|material,look|few_reviews|transparency,few_reviews|size|material,page2,page1,reviews,price_value,4,5,4,2,4,5,5,5,low_rating|few_reviews|no_size|material_unclear|blur_image|mismatch_title,eva,semi,yes_somewhat,better_rating,3,4
986,A,star_rating|review_count|material_word|color_pattern|imagine_look|magnets,reviews_photos|negative_reviews|bullets|size_specs|material_cert|zoom_images|qa,negative_reviews,not_buy,price_too_high|want_compare,yes_more,B,not_buy,look|material|want_compare,C,not_buy,look|few_reviews|brand|want_compare,A,price|timing,fallback_favorite|price_too_high,look|material|brand,look|few_reviews|brand,few_reviews|material|pack,look|few_reviews|transparency,few_reviews|size|look,page2,page1,reviews,material,4,5,4,2,4,4,5,4,low_rating|few_reviews|no_size|material_unclear|blur_image,eva,semi,yes_somewhat,better_value,3,4
987,A,main_image|color_pattern|star_rating|review_count|material_word|magnets|imagine_look,reviews_photos|negative_reviews|bullets|size_specs|material_cert|zoom_images,reviews_photos,add_cart,price_too_high|want_compare,yes_more,C,add_cart,want_compare|price_suspicious,B,not_buy,look|want_compare,A,price|timing,fallback_favorite|price_too_high,look,final_purchase,few_reviews|material,look|few_reviews,few_reviews|size|transparency,page2,page1,price_value,reviews,4,5,4,2,4,5,5,4,low_rating|few_reviews|no_size|material_unclear|blur_image|mismatch_title,eva,semi,yes_somewhat,lower_price,3,4
988,A,main_image|color_pattern|star_rating|review_count|material_word|magnets|imagine_look|right_size,reviews_photos|negative_reviews|bullets|size_specs|material_cert|zoom_images|qa,reviews_photos,add_cart,price_too_high|want_compare,yes_more,B,not_buy,price_suspicious|material|want_compare,E,not_buy,transparency|few_reviews|want_compare,A,price|timing,fallback_favorite|price_too_high,price_suspicious|material,price_suspicious|material|few_reviews,few_reviews|material|pack,transparency|few_reviews|look,few_reviews|size|look,page2,page1,reviews,price_value,4,5,4,2,4,4,5,4,low_rating|few_reviews|no_size|material_unclear|blur_image|no_bullets,eva,semi,yes_somewhat,better_rating,3,4
989,A,main_image|color_pattern|star_rating|review_count|material_word|imagine_look|magnets,reviews_photos|negative_reviews|bullets|size_specs|material_cert|zoom_images|qa,negative_reviews,add_cart,price_too_high|want_compare,yes_more,C,not_buy,price_suspicious|material|look|want_compare,E,not_buy,transparency|material|few_reviews|want_compare,A,price|timing,fallback_favorite|price_too_high,price_suspicious|look|material,price_suspicious|material|look,few_reviews|material|pack,transparency|material|few_reviews,few_reviews|size|look,page2,page1,material,reviews,4,5,4,2,4,4,5,5,low_rating|few_reviews|no_size|material_unclear|blur_image|mismatch_title,eva,semi,yes_somewhat,better_rating,4,4
990,A,main_image|color_pattern|star_rating|review_count|material_word|imagine_look,negative_reviews|reviews_photos|bullets|material_cert|size_specs|zoom_images,negative_reviews,not_buy,price_too_high|want_compare,yes_more,B,not_buy,price_suspicious|material|look|want_compare,C,not_buy,price_suspicious|material|brand|want_compare,A,price|timing,fallback_favorite|price_too_high,price_suspicious|material|look,price_suspicious|material|brand,few_reviews|material|pack,look|few_reviews|brand,few_reviews|size|material,page2,page1,reviews,material,4,5,4,2,4,4,5,5,low_rating|no_size|material_unclear|blur_image|mismatch_title,eva,semi,yes_somewhat,better_rating,3,4
991,A,main_image|color_pattern|review_count|star_rating|material_word|imagine_look,reviews_photos|negative_reviews|bullets|material_cert|size_specs|zoom_images|price_deal,negative_reviews,not_buy,price_too_high|want_compare,yes_more,B,not_buy,price_suspicious|material|want_compare,C,not_buy,price_suspicious|material|look,A,price|timing,fallback_favorite|price_too_high,price_suspicious|material,price_suspicious|material|look,few_reviews|material|pack,look|few_reviews|brand,few_reviews|size|look,page2,page1,reviews,price_value,4,5,4,2,4,5,5,4,low_rating|few_reviews|no_size|material_unclear|blur_image|mismatch_title,eva,semi,yes_somewhat,better_rating,3,4
992,A,main_image|color_pattern|star_rating|review_count|material_word|imagine_look|magnets,reviews_photos|negative_reviews|bullets|size_specs|material_cert|zoom_images|qa,negative_reviews,not_buy,price_too_high|want_compare,yes_more,C,not_buy,price_suspicious|material|want_compare,B,not_buy,price_suspicious|material|look|want_compare,A,price|timing,fallback_favorite|price_too_high,price_suspicious|material,price_suspicious|material,few_reviews|material|pack,look|few_reviews,size|few_reviews|material,page2,page1,reviews,price_value,4,5,4,2,4,5,5,4,low_rating|few_reviews|no_size|material_unclear|blur_image,eva,semi,yes_somewhat,better_rating,3,4
993,A,main_image|color_pattern|star_rating|review_count|material_word|imagine_look,reviews_photos|negative_reviews|bullets|size_specs|material_cert|qa|zoom_images,negative_reviews,not_buy,price_too_high|want_compare,yes_more,B,not_buy,price_suspicious|material|want_compare,C,add_cart,no_concern,A,price,fallback_favorite|price_too_high,price_suspicious|material|brand,final_purchase,few_reviews|material|brand,look|few_reviews|brand,few_reviews|size|brand,page2,page1,price_value,reviews,3,5,4,2,4,5,5,4,low_rating|few_reviews|no_size|material_unclear|blur_image,eva,semi,yes_somewhat,better_rating,3,4
994,A,review_count|star_rating|material_word|magnets|right_size|imagine_look,bullets|material_cert|size_specs|negative_reviews|reviews_photos|zoom_images|delivery_returns,negative_reviews,not_buy,price_too_high|want_compare,yes_more,B,not_buy,price_suspicious|material|want_compare,C,not_buy,price_suspicious|material|want_compare,A,price|reviews_trust,fallback_favorite|price_too_high,price_suspicious|material,price_suspicious|material,few_reviews|material,look|few_reviews,few_reviews|size,page2,page1,material,reviews,4,4,4,2,4,4,5,5,low_rating|few_reviews|material_unclear|blur_image|mismatch_title,eva,semi,unlikely,better_value,3,4
995,A,main_image|color_pattern|star_rating|review_count|material_word|imagine_look|title_keyword,negative_reviews|reviews_photos|bullets|material_cert|size_specs|zoom_images|qa,negative_reviews,add_cart,price_too_high|want_compare,yes_more,C,not_buy,look|want_compare,E,not_buy,transparency|rating|want_compare,A,price|timing,fallback_favorite|price_too_high,price_suspicious|look,look|price_suspicious,few_reviews|material|pack,transparency|rating|few_reviews,few_reviews|size|look,page2,page1,material,reviews,4,5,4,2,4,4,5,5,low_rating|few_reviews|no_size|material_unclear|blur_image|mismatch_title,eva,semi,yes_somewhat,better_value,3,4
996,A,main_image|color_pattern|review_count|star_rating|material_word|right_size|imagine_look,bullets|reviews_photos|negative_reviews|material_cert|size_specs|zoom_images,reviews_photos,add_cart,price_too_high|want_compare,yes_more,B,add_cart,price_suspicious|want_compare,C,not_buy,price_suspicious|few_reviews|brand,A,price,fallback_favorite|price_too_high,price_suspicious|brand,price_suspicious|few_reviews|brand,few_reviews|material|pack,look|few_reviews,few_reviews|size|look,page1,page1,reviews,price_value,4,5,4,2,4,4,5,4,low_rating|few_reviews|material_unclear|blur_image|no_size,eva,semi,yes_somewhat,better_rating,3,4
997,B,main_image|color_pattern|price|star_rating|review_count|magnets|material_word|imagine_look,reviews_photos|negative_reviews|bullets|size_specs|material_cert|zoom_images|price_deal,negative_reviews,add_cart,want_compare,yes_more,C,add_cart,want_compare,A,not_buy,price_too_high,B,reviews_trust|material|info_gap,price_too_high,fallback_favorite,material,few_reviews|material,look|few_reviews,few_reviews|size|transparency,page2,page1,price_value,reviews,4,5,4,2,4,5,5,4,low_rating|no_size|material_unclear|blur_image|no_bullets|mismatch_title,eva,semi,yes_somewhat,better_value,5,4
998,A,main_image|color_pattern|review_count|star_rating|material_word|imagine_look,reviews_photos|negative_reviews|bullets|size_specs|material_cert|zoom_images|price_deal,reviews_photos,not_buy,price_too_high|want_compare,yes_more,B,add_cart,want_compare|material,C,add_cart,want_compare|few_reviews,B,reviews_trust|material,price_too_high,fallback_favorite,few_reviews,few_reviews|material,look|few_reviews,few_reviews|size|look,page2,page1,price_value,reviews,4,5,4,2,4,5,5,4,low_rating|few_reviews|no_size|material_unclear|blur_image|no_bullets,eva,semi,yes_somewhat,better_value,4,5
999,A,main_image|color_pattern|star_rating|review_count|title_keyword|material_word|right_size|imagine_look,reviews_photos|negative_reviews|bullets|size_specs|material_cert|zoom_images|qa,negative_reviews,add_cart,price_too_high|want_compare,yes_more,C,not_buy,price_suspicious|material|brand|transparency|want_compare,B,not_buy,price_suspicious|material|brand|want_compare,A,price|timing,fallback_favorite|price_too_high,price_suspicious|material|brand,price_suspicious|material|brand,few_reviews|material|pack,look|brand|few_reviews,few_reviews|size|material,page2,page1,material,reviews,4,5,4,2,4,4,5,5,low_rating|few_reviews|no_size|material_unclear|blur_image|no_bullets,eva,semi,yes_somewhat,better_rating,4,4
