q_choice,q_choice_why,q_reject_A,q_reject_B,q_reject_C,q_reject_D,q_reject_E,q_reject_F,q_page_browse,q_page_buy,q_factor_most,q_factor_second,q_importance_title,q_importance_image,q_importance_bullets,q_importance_aplus,q_importance_attr,q_importance_price,q_importance_reviews,q_importance_trust,q_listing_redline,q_material_pref,q_transparency_pref,q_badge_effect,q_switch_trigger,q_price_acceptance,q_purchase_intent
B,"It's the cheapest option with a solid 4.4★ from nearly 1,900 reviews, so I trust it more than the other budget picks. I'm a bargain hunter and EVA with magnets at the hem plus a 3D texture that looks nice is plenty for a liner I'll replace anyway.",price_too_high,already_chosen,brand|few_reviews,few_reviews|brand,look|transparency|few_reviews,few_reviews,page2,page1,price_value,reviews,3,4,3,1,3,5,5,3,unavailable|no_price|low_rating|few_reviews|blur_image,eva,semi,yes_somewhat,lower_price,5,4
C,"I'm a frugal saver and an analytical buyer, so I want the best evidence-per-dollar. Option C is the cheapest liner at $7.09 yet has the highest rating on the shelf (4.6★) with a solid 974 reviews, plus the functional features I actually care about — EVA material, 3 heavy magnets, anti-rust grommets and a tear-proof header. The Art-Deco wave pattern is a nice bonus, but the real driver is strong review evidence at the lowest price.",price_too_high|availability|look,price_suspicious|few_reviews|brand|look,already_chosen,few_reviews|material|pack|brand,few_reviews|availability|look|material,availability|few_reviews|size,page3,page2,reviews,price_value,4,4,4,2,4,5,5,4,unavailable|no_price|low_rating|few_reviews|no_size|material_unclear|blur_image,eva,semi,unlikely,better_rating,5,4
A,"I've been burned by cheap thin liners that tear and get moldy within months, so I'd rather pay a bit more for the one with 4,156 reviews and a 4.5 star rating. The AmazerBath has a reinforced double-layered header, 12 rustproof brass grommets, and weighted stones at the bottom — that's the build quality I want. At my age I'd rather buy once and be done with it.",already_chosen,price_suspicious|brand|look,price_suspicious|brand|look,few_reviews|material|pack,look|few_reviews|rating,few_reviews,page2,page1,reviews,material,4,5,4,2,4,4,5,5,unavailable|no_price|low_rating|few_reviews|no_size|material_unclear|blur_image,eva,semi,yes_somewhat,better_function,5,4
A,"I want a liner that feels like a real upgrade, not the cheapest thing on the shelf. The AmazerBath has 4,000+ reviews at 4.5 stars, a soft-touch EVA that's BPA-free and odor-free, brass grommets, and a weighted hem — that combination of evidence and quality is worth $18.99 to me. The emerald green is a nice touch that will still let light through.",already_chosen,brand|price_suspicious,brand|price_suspicious,few_reviews|material|pack,few_reviews|brand,availability|few_reviews|size,page2,page1,reviews,material,4,5,4,2,4,3,5,5,unavailable|low_rating|no_size|material_unclear|blur_image,eva,semi,yes_somewhat,better_rating,5,4
B,"It hits my sweet spot: EVA material (odor-free, safer than PVC), a strong 4.4 rating with nearly 1,900 reviews, and 3 magnets to keep it against the tub. At $7.19 it's a great value, and the 3D blue cube texture looks nicer than a plain clear liner.",price_too_high,already_chosen,brand|few_reviews,few_reviews|material,look|availability,availability|few_reviews,page2,page1,price_value,reviews,4,4,4,2,4,5,5,4,unavailable|no_price|low_rating|few_reviews|no_size|material_unclear|blur_image|no_bullets,eva,semi,yes_somewhat,better_function,5,4
C,"It has the highest rating of the bunch at 4.6 stars with a solid 974 reviews, and at $7.09 the price is easy on a fixed retirement budget. It has the weighted magnets I need so it stays put against the tub, and the EVA material is odor-free and waterproof, which is what I care about most.",price_too_high|look|transparency,look|brand|few_reviews,already_chosen,few_reviews|material|pack,look|availability|rating,availability|few_reviews,page2,page1,rating,magnet,5,4,5,2,5,4,5,4,unavailable|no_price|low_rating|few_reviews|no_size|material_unclear|blur_image|no_bullets,eva,semi,yes_somewhat,better_function,5,5
B,"I want a good value liner with real evidence behind it, and B is the best balance: 4.4 stars across 1,872 reviews, EVA material (healthier than PEVA/PVC), magnets at the hem to keep it against the tub, and 12 metal grommets — all at $7.19. The gradient blue 3D cube texture looks nice without being too busy, and it's in stock so I can actually buy it.",price_too_high|transparency,already_chosen,brand|look,few_reviews|look,look|availability,few_reviews,page2,page1,reviews,price_value,4,4,4,2,5,4,5,5,unavailable|no_price|low_rating|no_size|material_unclear|blur_image,eva,semi,yes_somewhat,better_rating,5,5
C,"I want a cheap, decent-looking liner with strong evidence behind it, and C has the best rating (4.6) with a solid review count (974) at the lowest price. The blue water-wave gradient looks nice in a bright bathroom and the magnets plus tear-proof header cover what I actually need. B is close, but C's higher rating wins it.",price_too_high|availability,rating,already_chosen,few_reviews|pack,look|transparency,availability|few_reviews,page2,page1,rating,price_value,4,4,4,2,4,5,5,4,unavailable|no_price|few_reviews|no_size|material_unclear|blur_image,eva,semi,yes_somewhat,better_rating,5,4
A,"I want a liner that stays put and won't smell like plastic, and Option A is the only one with a real track record — 4.5 stars across 4,000+ reviews, BPA-free odor-free EVA, weighted bottom AND a reinforced header. At $18.99 it's more than the others, but a liner I replace once a year or two is worth paying a bit more for peace of mind.",already_chosen,price_suspicious|brand|look,price_suspicious|brand|few_reviews,few_reviews|material|pack,look|transparency|few_reviews|availability,availability|few_reviews|size,page2,page1,reviews,material,4,4,4,2,4,5,5,5,unavailable|no_price|low_rating|few_reviews|no_size|material_unclear|blur_image,eva,semi,yes_somewhat,better_value,4,4
C,"I want an inexpensive liner that actually looks decent and has solid evidence behind it. Option C has the highest rating (4.6) with a good review count, is only $7.09, and has the magnets and weighted hem I want, so it's the best value without feeling like a gamble.",price_too_high|look,already_chosen,already_chosen,few_reviews|material,look|availability,availability|few_reviews|price_suspicious,page2,page1,rating,price_value,3,4,4,2,4,4,5,4,unavailable|no_price|low_rating|few_reviews|no_size|material_unclear|blur_image,eva,semi,yes_somewhat,better_rating,5,4
A,"I want a liner I can trust, and this one has by far the most reviews (4,156 at 4.5 stars) plus a soft-touch EVA that's BPA-free and odor-free. The brass grommets, reinforced header and weighted hem suggest it will hold up and stay in place, which matters more to me than saving a few dollars.",already_chosen,price_suspicious|few_reviews|brand,price_suspicious|brand|few_reviews,few_reviews|material|pack,look|availability|rating,availability|few_reviews,page2,page1,reviews,material,4,4,4,2,4,4,5,4,unavailable|no_price|low_rating|few_reviews|material_unclear|blur_image|no_bullets,eva,semi,yes_somewhat,better_rating,4,5
C,"It's the cheapest option at $7.09 yet has the highest rating on the shelf (4.6 stars) with a solid ~974 reviews, which feels like the best evidence-to-price ratio. It has the weighted magnets I want, a waterproof wipe-clean EVA surface, and I don't mind the blue wave look. Cautious by nature, I'd rather buy a well-reviewed budget liner than gamble $19 on a brand I've never heard of.",price_too_high|brand,look|rating,already_chosen,few_reviews|material,look|transparency,availability|few_reviews,page2,page1,reviews,price_value,4,4,4,2,4,4,5,4,unavailable|no_price|no_size|material_unclear|blur_image|few_reviews,eva,semi,yes_somewhat,better_rating,5,4
B,"I want a liner that stays put and looks intentional without overspending, and the jssablo Blue Cube gives me magnets, metal grommets, and a more premium 3D look at $7.19. It also has a solid 4.4 stars across nearly 1,900 reviews, so I have real evidence it holds up. The EVA material is a plus since I prefer odor-free and BPA-conscious plastics.",price_too_high|look,already_chosen,price_suspicious|few_reviews|brand,few_reviews|material|pack,look|transparency|availability,availability|few_reviews,page2,page1,rating,price_value,4,5,4,2,4,5,5,4,unavailable|no_price|low_rating|few_reviews|no_size|material_unclear|blur_image,eva,semi,yes_somewhat,better_rating,5,4
A,"The AmazerBath is the only option with a solid review base (4.5 stars, 4,156 reviews), which is the evidence I need before buying. It has a weighted bottom, reinforced double-layer header, rustproof brass grommets, and BPA-free odor-free EVA. The $18.99 price is higher, but I'd rather pay once for something proven than gamble on a $7 liner with no track record.",already_chosen,brand|few_reviews|material|price_suspicious,brand|few_reviews|price_suspicious|material,few_reviews|material|brand,look|few_reviews|availability,availability|few_reviews|size,page2,page1,reviews,material,4,4,4,2,5,4,5,5,unavailable|no_price|low_rating|few_reviews|no_size|material_unclear|blur_image,eva,semi,unlikely,better_rating,4,4
C,"It's the best combination of price, rating, and evidence: 4.6 stars from nearly 1,000 reviews at only $7.09, with the weighted magnets, tear-proof header, and odor-free EVA I want. The Art-Deco blue wave look is attractive without being loud, and I'd rather save money on a liner and spend it elsewhere.",price_too_high|availability,rating|few_reviews,already_chosen,few_reviews|material,look|transparency|availability,availability|few_reviews|size,page2,page1,reviews,price_value,4,5,4,2,4,4,5,4,unavailable|no_price|low_rating|no_size|material_unclear|blur_image,eva,semi,yes_somewhat,better_rating,5,4
C,"It's cheap, has the highest rating on the shelf (4.6 with almost 1,000 reviews), and the magnets plus weighted hem are what I actually need with two little kids splashing around. The blue wave look is cute and the EVA is odor-free, so it checks my boxes without spending $19 on a liner.",price_too_high|transparency,price_suspicious|look,already_chosen,few_reviews|material,look|availability,availability|few_reviews|size,page2,page1,price_value,rating,4,4,3,2,3,5,4,4,unavailable|no_price|low_rating|few_reviews|no_size|material_unclear|blur_image,eva,semi,yes_somewhat,better_rating,5,4
C,"Cheapest option at $7.09 and it has the highest rating among the low-cost picks at 4.6 with close to 1,000 reviews, so there's enough evidence it actually works. It has the weighted magnets and rustproof grommets I care about, and the listing gives me full specs, so I'm not guessing.",price_too_high|look,rating|few_reviews|look,already_chosen,few_reviews|material|pack,look|few_reviews|availability,availability|few_reviews,page2,page1,price_value,reviews,4,4,3,1,4,5,4,4,unavailable|no_price|low_rating|few_reviews|no_size|material_unclear|blur_image,eva,semi,unlikely,better_function,5,4
C,"It's cheap at $7.09, has the best rating on the shelf at 4.6 stars with a solid 974 reviews, and it has magnets plus a weighted hem so it'll stay put. I like the blue wave look and it's odor-free EVA, which is what I want for a liner.",price_too_high|look|availability,price_suspicious|look,already_chosen,few_reviews|material|pack,look|availability|rating,availability|few_reviews|size,page2,page1,price_value,rating,4,4,3,1,3,5,4,4,unavailable|no_price|low_rating|few_reviews|no_size|material_unclear|blur_image,eva,semi,yes_somewhat,better_rating,5,4
C,"It has the highest rating on the shelf (4.6★) with a solid ~974 reviews, so it's evidence-backed rather than a gamble. At $7.09 it's the cheapest option, and it still includes the weighted magnets, rustproof grommets, and odor-free EVA I care about, so there's no real trade-off.",price_too_high|availability,look|few_reviews|brand|info_incomplete,already_chosen,few_reviews|material|brand|pack,look|few_reviews|availability|brand,availability|few_reviews|missing_magnet|size,page3,page2,rating,price_value,4,4,4,2,5,4,5,4,unavailable|no_price|low_rating|no_size|material_unclear|blur_image|no_bullets|few_reviews,eva,semi,yes_somewhat,better_rating,5,4
C,"It has the highest rating on the shelf (4.6 with nearly 1,000 reviews) at the lowest price ($7.09), and it includes the weighted magnets and rustproof hardware I want. EVA is odor-free and safe, and the semi-transparent blue gradient gives good light without being fully see-through.",price_too_high,look|rating,already_chosen,few_reviews|rating,look|few_reviews,availability|few_reviews,page2,page1,price_value,reviews,4,4,4,2,4,5,5,4,unavailable|no_price|no_size|material_unclear|blur_image,eva,semi,yes_somewhat,better_rating,5,4
C,"It has the highest rating (4.6★) with a solid review base (~974), and at $7.09 it's the best value. I also like the water-wave Art Deco gradient look and the weighted magnets that keep it against the tub.",price_too_high|transparency,look|rating,already_chosen,few_reviews|material,look|few_reviews,availability|few_reviews,page2,page1,price_value,reviews,4,5,4,2,4,5,5,4,unavailable|no_price|no_size|material_unclear|blur_image,eva,semi,yes_somewhat,better_value,5,4
C,"I want a cheap, good-looking liner with magnets and a solid rating, and C hits all of it: $7.09, 4.6 stars from ~974 reviews, blue water-wave look, magnets at the hem, and it's in stock. As a new parent I'm replacing liners often, so value plus easy rinse-and-wipe care matters more than luxury touches.",price_too_high|look,look|few_reviews,already_chosen,few_reviews|material,look|few_reviews,availability|few_reviews|size,page2,page1,price_value,rating,4,5,4,2,4,5,5,4,unavailable|no_price|low_rating|few_reviews|no_size|material_unclear|blur_image|no_bullets,eva,semi,yes_somewhat,better_rating,5,4
A,"I want a liner that is genuinely odor-free, BPA-free EVA with a reinforced double-layer header and weighted bottom, and AmazerBath has by far the most review evidence (4.5 stars, 4,156 reviews) of any option on the shelf. The $18.99 price is higher, but for a liner I'll use daily and want to wipe clean and stay put against the tub, the proven quality and safety claims matter more than saving a few dollars.",already_chosen,price_suspicious|brand|material|transparency,price_suspicious|brand|material|transparency,few_reviews|material|pack|price_suspicious,look|few_reviews|availability|rating,availability|few_reviews|info_incomplete,page2,page1,material,reviews,4,4,4,2,5,3,5,5,unavailable|no_price|no_size|material_unclear|blur_image|no_bullets|few_reviews,eva,semi,neutral,better_rating,4,4
C,"I want a cheap, good-looking liner with magnets, and C has the highest rating (4.6) among the budget options with a solid review count, plus a nice water-wave design, anti-rust grommets, and a weighted magnetic hem. At $7.09 it's the best combination of price, looks, and proven quality for a two-person household.",price_too_high|availability,look|price_suspicious,already_chosen,few_reviews|material|pack,look|availability,availability|few_reviews,page2,page1,price_value,rating,4,5,4,2,4,5,5,4,unavailable|no_price|low_rating|few_reviews|no_size|material_unclear|blur_image,eva,semi,yes_somewhat,lower_price,5,4
C,"The LQFMEHOT liner has the strongest evidence-to-price ratio on the shelf: a 4.6★ rating from nearly 1,000 reviews at only $7.09, plus the functional features I actually need (3 heavy magnets, rust-proof grommets, odor-free EVA). The blue water-wave gradient is attractive and light-filtering without being a heavy opaque block, and it's in stock and ready to ship.",price_too_high,price_suspicious|look,already_chosen,few_reviews|pack|material,look|availability|rating,availability|few_reviews,page2,page1,rating,price_value,4,5,4,2,4,5,5,4,unavailable|no_price|low_rating|few_reviews|no_size|material_unclear|blur_image,eva,semi,yes_somewhat,better_rating,5,4
C,"It's the best combination of value and evidence: the lowest price on the shelf ($7.09) with a strong 4.6★ rating from ~974 reviews, plus the features I care about — 3 heavy magnets at the hem, rust-proof grommets, and an odor-free EVA that's waterproof and quick to wipe clean. The Art-Deco blue wave look is attractive without being loud, and it's in stock.",price_too_high|look,look|rating,already_chosen,few_reviews|pack|material,look|availability|rating,availability|few_reviews,page2,page1,price_value,reviews,4,5,4,2,4,5,5,4,unavailable|no_price|low_rating|few_reviews|no_size|material_unclear|blur_image,eva,semi,yes_somewhat,lower_price,5,4
C,"It's the cheapest option at $7.09 with the highest rating (4.6 stars) and nearly 1,000 reviews, plus it has the magnets and weighted hem I want. The blue water-wave look is neutral enough for our bathroom and the EVA material is odor-free and easy to wipe clean.",price_too_high|look,few_reviews,already_chosen,few_reviews|info_incomplete,look|availability,few_reviews,page2,page1,price_value,reviews,4,5,4,2,4,5,5,4,unavailable|no_price|low_rating|few_reviews|no_size|material_unclear|blur_image,eva,semi,yes_somewhat,better_rating,5,4
C,"It has the highest rating (4.6) with a solid 974 reviews, is priced lowest at $7.09, and includes the weighted magnets I want. EVA material with odor-free claims fits my safety and value priorities.",price_too_high|look,few_reviews|look,already_chosen,few_reviews|pack,few_reviews|transparency|availability,availability|few_reviews|size,page2,page1,price_value,reviews,4,5,4,2,4,5,5,4,unavailable|no_price|low_rating|few_reviews|no_size|material_unclear|blur_image,eva,semi,yes_somewhat,better_rating,5,4
C,"The LQFMEHOT at $7.09 has the best combination of a high rating (4.6) with a decent review count (974), plus the magnets and weighted hem I want so it stays against the tub. The wave texture looks clean and modern, and it's cheap enough that replacing it isn't a big deal.",price_too_high,look,already_chosen,few_reviews|material,look|few_reviews,few_reviews,page2,page1,price_value,reviews,3,4,3,2,4,5,4,4,unavailable|no_price|no_size|material_unclear|blur_image,eva,semi,yes_somewhat,better_rating,5,4
C,"It's the cheapest option at $7.09 but still has the highest rating on the shelf (4.6 stars) with nearly 1,000 reviews, so I'm not gambling. It has the magnets and weighted hem I want to keep it against the tub, and EVA is odor-free and safer than PVC.",price_too_high,look|price_suspicious,already_chosen,few_reviews|material,look|availability,availability|few_reviews|info_incomplete,page2,page1,price_value,rating,4,4,4,2,3,5,5,4,unavailable|no_price|few_reviews|no_size|material_unclear|blur_image,eva,semi,yes_somewhat,lower_price,5,4
C,"The LQFMEHOT liner hits the best balance for me: a 4.6★ rating with nearly 1,000 reviews gives me real confidence, and at $7.09 it's the lowest price on the shelf. It's EVA (odor-free, no PVC worries), has the 3 heavy magnets and weighted hem I want so it stays against the tub, and the blue wave texture looks nicer than a plain clear liner. Nothing else combines that price, that proven rating, and the features I care about.",price_too_high|look|availability,price_suspicious|rating|transparency,already_chosen,few_reviews|material|pack,look|rating|availability,availability|few_reviews|size,page2,page1,price_value,reviews,4,4,3,2,4,5,5,4,unavailable|no_price|no_size|material_unclear|blur_image,eva,semi,yes_somewhat,better_rating,5,4
C,"It's cheap, has a solid 4.6 rating with nearly a thousand reviews, and the listing is complete with magnets, weighted hem and tear-proof header. I just need a functional liner that stays put and doesn't smell — this checks every box without paying extra for frills.",price_too_high,look|price_suspicious,already_chosen,few_reviews|material,look,availability|few_reviews,page2,page1,price_value,reviews,3,3,4,1,4,5,4,3,unavailable|no_price|no_size|material_unclear|low_rating,eva,semi,unlikely,better_function,5,4
C,"Best combination of a high rating (4.6) with a solid review count (974) at the lowest price ($7.09). Has the magnets and weighted hem I want, plus in stock and ready to ship.",price_too_high,price_suspicious|rating,already_chosen,few_reviews|material,look|availability|rating,availability|few_reviews,page2,page1,price_value,rating,4,3,4,2,4,5,5,4,unavailable|no_price|low_rating|few_reviews|no_size|material_unclear|blur_image,eva,semi,neutral,better_value,5,5
C,"I want a liner that stays put and is easy to keep clean, and this one has strong magnets, a tear-proof header, and odor-free EVA at a low price. The 4.6 rating with close to a thousand reviews gives me enough confidence, and the blue wave look is pleasant without being loud.",price_too_high|availability,look|rating|price_suspicious,already_chosen,few_reviews|pack|material,look|few_reviews|availability,availability|few_reviews,page2,page1,magnet,price_value,4,4,4,2,4,4,5,4,unavailable|no_price|low_rating|few_reviews|no_size|material_unclear|blur_image,eva,semi,yes_somewhat,better_function,5,4
C,"It's the cheapest option at $7.09 but still has the strongest evidence base of the budget picks: 4.6 stars across 974 reviews, plus the features I actually care about (EVA, magnets at the hem, rust-proof grommets, wipe-clean). The blue water-wave texture looks nicer than a plain liner and the semi-transparent gradient gives me light without being fully see-through.",price_too_high,look|price_suspicious,already_chosen,few_reviews|look,look|availability,availability|few_reviews,page2,page1,price_value,reviews,4,4,4,2,4,5,5,4,unavailable|no_price|low_rating|few_reviews|no_size|material_unclear|blur_image,eva,semi,yes_somewhat,better_rating,5,4
A,"I'm brand-loyal and I trust a product with 4,156 reviews at 4.5 stars over no-name listings. The emerald EVA with brass grommets and weighted bottom stones fits my practical side, and BPA-free, odor-free EVA matters to me since I care about what's in my home.",already_chosen,brand|price_suspicious|few_reviews,price_suspicious|brand|few_reviews,few_reviews|material|brand|pack,look|rating|few_reviews|availability,availability|few_reviews|brand,page2,page1,reviews,material,4,5,4,2,5,4,5,5,unavailable|no_price|low_rating|few_reviews|no_size|material_unclear|blur_image,eva,semi,yes_somewhat,better_rating,4,5
B,"I want a liner that's genuinely affordable but still well-reviewed, and B hits that sweet spot at $7.19 with 4.4 stars from over 1,800 buyers. The blue 3D cube texture looks nice and modern, and the three magnets plus weighted hem mean it'll actually stay against the tub instead of billowing.",price_too_high|look|availability,already_chosen,price_suspicious|brand|few_reviews,few_reviews|material|pack,look|transparency|availability,availability|few_reviews|size,page2,page1,price_value,reviews,4,4,4,2,4,5,5,4,unavailable|no_price|low_rating|few_reviews|material_unclear|blur_image,eva,semi,yes_somewhat,better_rating,5,4
A,"I want a liner that feels premium and holds up, and the AmazerBath has the strongest evidence base with 4,156 reviews at 4.5 stars. The soft-touch EVA, brass grommets, reinforced header, and weighted bottom justify the higher price for something I'll use daily.",already_chosen,price_suspicious|brand|look,price_suspicious|brand|look,few_reviews|brand|look,look|few_reviews|availability,availability|few_reviews|transparency,page2,page1,rating,reviews,4,4,4,3,4,4,5,4,unavailable|no_price|low_rating|no_size|material_unclear|blur_image|no_bullets,eva,semi,yes_somewhat,better_rating,4,4
B,"I want a liner that stays put against the tub and looks decent without spending much. The jssablo has magnets at the hem, a 4.4-star rating from nearly 1,900 reviews, and at $7.19 it's an easy, low-risk buy. The 3D cube texture looks more upscale than a plain liner, and it's in stock right now.",price_too_high|transparency|availability,already_chosen,brand|price_suspicious,few_reviews|material,look|few_reviews,availability|few_reviews,page2,page1,price_value,magnet,4,5,4,2,4,5,4,4,unavailable|no_price|no_size|material_unclear|blur_image,eva,semi,yes_somewhat,better_function,5,4
C,"It's the cheapest option at $7.09, has the highest rating (4.6★) with a solid 974 reviews, and has the magnets plus rust-resistant grommets and weighted hem I want. The Art Deco wave look is a plus and it's in stock.",price_too_high|availability,few_reviews|rating|look,already_chosen,few_reviews|material|pack,look|availability|few_reviews,availability|few_reviews,page2,page1,price_value,rating,4,4,3,2,4,5,5,4,unavailable|no_price|low_rating|few_reviews|material_unclear|blur_image|no_size,eva,semi,yes_somewhat,better_function,5,4
C,"I want a liner that's affordable but still has real evidence behind it, and option C hits that balance — 4.6 stars with nearly 1,000 reviews at just $7.09. The EVA material, magnets at the hem, and rust-resistant grommets cover what I actually need, and the blue wave look is nicer than a plain clear liner.",price_too_high|transparency|availability,price_suspicious|look,already_chosen,few_reviews|material,look|few_reviews,few_reviews,page2,page1,reviews,price_value,4,5,4,2,4,5,5,4,unavailable|no_price|low_rating|few_reviews|no_size|material_unclear,eva,semi,yes_somewhat,better_rating,5,4
C,"The LQFMEHOT has the highest rating (4.6) with a solid 974 reviews, costs the least at $7.09, and has the magnets and weighted hem I want so it stays against the tub. The water-wave blue look is pretty and it's EVA, which is odor-free and safe.",price_too_high|look,look|rating,already_chosen,few_reviews|material,look|few_reviews,availability|few_reviews|info_incomplete,page2,page1,price_value,reviews,4,5,4,2,4,5,5,4,unavailable|no_price|no_size|material_unclear|blur_image,eva,semi,yes_somewhat,better_rating,5,4
C,"It's the cheapest option at $7.09, has the highest rating (4.6) with a solid ~974 reviews, and includes the weighted magnets I want so it stays against the tub. With a toddler splashing around, a no-nonsense, good-value liner I can just rinse and wipe is exactly what I need.",price_too_high,look,already_chosen,few_reviews,transparency|availability,availability|few_reviews,page2,page1,price_value,reviews,4,4,4,2,3,5,5,4,unavailable|no_price|low_rating|few_reviews|no_size|material_unclear|blur_image,eva,semi,yes_somewhat,lower_price,5,4
B,"It hits the best balance for me: a very low $7.19 price, a solid 4.4★ with 1,872 reviews (enough evidence to trust it), and the features I actually want — 3 magnets at the hem to keep it against the tub, 12 metal grommets, and waterproof EVA. The 3D blue cube texture looks nicer than a plain clear liner, and it's in stock.",price_too_high|look,already_chosen,brand|few_reviews,few_reviews|material|pack,look|availability|few_reviews,availability|few_reviews,page2,page1,price_value,reviews,4,5,4,2,4,5,5,4,unavailable|no_price|no_size|material_unclear|blur_image|few_reviews,eva,semi,yes_somewhat,better_function,5,4
C,"It's the cheapest at $7.09, has a strong 4.6★ rating with close to 1,000 reviews, and includes the weighted magnets I want so it stays against the tub. The Art-Deco blue wave look is a nice bonus I'd actually enjoy in my bathroom.",price_too_high,look,already_chosen,few_reviews|material,look|availability,availability|few_reviews,page2,page1,price_value,reviews,4,4,4,2,4,5,5,4,unavailable|no_size|material_unclear|blur_image|low_rating,eva,semi,yes_somewhat,better_rating,5,4
C,"It's the best combination of price and proven reliability for me — $7.09 is cheap enough that I won't feel bad replacing it, and 4.6 stars across ~974 reviews gives me real confidence it holds up. It has the weighted magnets I want so it stays against the tub, and the blue wave texture looks nice without being too loud.",price_too_high|brand,look|price_suspicious,already_chosen,few_reviews|material,look|few_reviews,availability|few_reviews|size,page2,page1,price_value,reviews,4,4,4,2,3,5,5,4,unavailable|no_price|low_rating|few_reviews|blur_image,eva,semi,yes_somewhat,better_rating,5,4
C,"It has the strongest combination of a high rating (4.6) with a solid review count (974), a very low price, magnets to keep it against the tub, and an odor-free EVA material. The Art-Deco wave texture in blue looks nice without being loud, and it's in stock.",price_too_high|availability,rating,already_chosen,few_reviews|material,look|availability,availability|few_reviews,page2,page1,rating,price_value,4,5,4,2,4,5,5,4,unavailable|no_price|low_rating|few_reviews|no_size|material_unclear|blur_image,eva,semi,yes_somewhat,better_rating,5,4
C,"It's cheap, has the highest rating on the shelf (4.6 with ~1,000 reviews, so it's actually reliable evidence), and it has the weighted magnets I want so it stays against the tub. The blue wave look is fine for my bathroom and I don't need to pay $19 for a liner.",price_too_high|look,look,already_chosen,few_reviews|material,look|few_reviews,availability|few_reviews,page2,page1,price_value,reviews,4,4,3,1,4,5,5,4,unavailable|no_price|low_rating|few_reviews|no_size|material_unclear|blur_image,eva,semi,yes_somewhat,better_rating,5,4
B,"I want a liner that stays put and looks decent without spending much. The jssablo Blue Cube has 3 magnets at the hem, 12 metal grommets, a premium-looking 3D texture, and a solid 4.4★ from nearly 1,900 reviews — all for $7.19, which is the best combination of price, evidence, and function on this shelf.",price_too_high|transparency,already_chosen,few_reviews|look,few_reviews|material|pack,look|few_reviews|availability,availability|few_reviews,page2,page1,price_value,reviews,4,4,4,2,4,5,5,4,unavailable|no_price|low_rating|few_reviews|no_size|material_unclear|blur_image,eva,semi,yes_somewhat,better_function,5,4
C,"It has the best combination of a high rating (4.6) with a solid review count (974), a low $7.09 price, EVA material, and the three heavy magnets at the bottom that keep the liner against the tub — which is what I actually care about. The Art-Deco wave look is a nice bonus and it's in stock.",price_too_high|availability,look|few_reviews,already_chosen,few_reviews|material,look|few_reviews,availability|few_reviews,page2,page1,price_value,magnet,4,4,4,2,4,5,5,4,unavailable|no_price|low_rating|no_size|material_unclear|blur_image|no_bullets,eva,semi,yes_somewhat,nothing,5,4
A,"I want a liner that feels substantial and safe — the AmazerBath's eco-friendly, BPA-free EVA with brass grommets and a weighted hem reads as genuinely well-made, and the huge review base (4,156 at 4.5★) gives me confidence. The emerald-green semi-transparent look is also more interesting than a plain clear or black liner, and $18.99 is fair for something I'll leave hanging for a year or more.",already_chosen,price_suspicious|brand|look,price_suspicious|brand|look,few_reviews|material|pack,look|few_reviews|availability,availability|few_reviews|info_incomplete,page2,page1,material,reviews,4,5,4,2,4,3,5,5,unavailable|no_price|no_size|material_unclear|blur_image,eva,semi,yes_somewhat,better_function,4,5
C,"I want an EVA liner that's odor-free and lightweight, and C has the highest rating (4.6) at the lowest price ($7.09). It has the weighted magnets and rust-proof grommets I care about, plus a subtle blue wave look that fits a modern bathroom without being loud.",price_too_high|look,look|rating,already_chosen,few_reviews|look,look|availability,availability|few_reviews,page2,page1,price_value,rating,4,5,4,2,4,5,5,4,unavailable|no_price|low_rating|few_reviews|no_size|material_unclear|blur_image,eva,semi,yes_somewhat,better_rating,5,4
A,"I want a liner that's odor-free and BPA-free since it's in a steamy bathroom my kids use, and the AmazerBath has 4,156 reviews at 4.5 stars plus weighted stones and rustproof brass grommets. The higher price is worth it to me for the safety and the proven track record.",already_chosen,brand|price_suspicious|look,brand|price_suspicious|look,few_reviews|material|pack,few_reviews|look,availability|few_reviews,page2,page1,material,reviews,4,5,4,2,4,4,5,5,unavailable|no_price|low_rating|few_reviews|no_size|material_unclear|blur_image,eva,semi,yes_somewhat,better_rating,4,4
B,"The jssablo Blue Cube 3D liner hits the sweet spot for me: EVA material (which I prefer for being odor-free and safer than PVC), 3 magnets at the bottom so it stays against the tub, and a solid 4.4 stars across nearly 1,900 reviews — enough evidence to trust it. At $7.19 it's a great value, and the 3D cube texture looks nicer than a plain liner.",price_too_high|transparency,already_chosen,brand|price_suspicious,few_reviews|material,look|rating,availability|few_reviews,page2,page1,price_value,reviews,4,4,4,2,4,5,5,4,unavailable|no_price|low_rating|no_size|material_unclear|blur_image,eva,semi,yes_somewhat,lower_price,5,4
C,"It has the highest rating (4.6) with a solid ~974 reviews, includes the weighted magnets I want, is odor-free EVA, and costs only $7.09 — a good analytical balance of price, evidence, and function. The Art-Deco wave texture is a look I can live with in a neutral bathroom.",price_too_high|look,look|rating,already_chosen,few_reviews|material,look|availability,availability|few_reviews|transparency,page2,page1,price_value,rating,4,4,4,2,4,5,5,4,unavailable|no_price|low_rating|few_reviews|no_size|material_unclear|blur_image,eva,semi,yes_somewhat,better_rating,5,4
A,"I want a liner I can trust to last and not smell of plastic, and the AmazerBath has the strongest evidence base — 4.5 stars from over 4,100 reviews, BPA-free odor-free EVA, brass grommets and a weighted hem. At $18.99 it costs more than the budget options, but a liner I replace rarely is worth paying a little more for once.",already_chosen,price_suspicious|brand|few_reviews|look,price_suspicious|brand|few_reviews|look,few_reviews|material|pack|look,look|few_reviews|availability|rating,availability|few_reviews|transparency,page2,page1,reviews,material,4,4,4,2,5,4,5,5,unavailable|no_price|no_size|material_unclear|blur_image|few_reviews,eva,semi,yes_somewhat,better_rating,4,4
C,"I want a cheap, low-risk liner that still has strong evidence behind it. Option C is the lowest price here ($7.09) yet has the highest rating on the shelf (4.6★) with a solid 974 reviews, plus the magnets and weighted hem I care about for keeping it against the tub.",price_too_high|look|availability,look|price_suspicious|brand,already_chosen,few_reviews|material|pack,transparency|rating|availability,availability|few_reviews,page3,page2,price_value,reviews,4,4,4,2,4,5,5,4,unavailable|no_price|low_rating|few_reviews|no_size|material_unclear|blur_image,eva,semi,yes_somewhat,nothing,5,4
B,"I want an EVA liner with a weighted/magnetic hem that stays put, and B has both magnets and 1,872 reviews at a fair $7.19. The 4.4★ rating across that many reviews gives me the evidence I need without overpaying, unlike the thin 2-pack or the sparse new listings.",price_too_high|availability,already_chosen,brand|price_suspicious,few_reviews|material,look|transparency,availability|few_reviews,page2,page1,reviews,price_value,4,4,4,2,4,5,5,4,unavailable|no_price|low_rating|few_reviews|no_size|material_unclear|blur_image,eva,semi,unlikely,better_rating,5,4
C,"It's the cheapest option at $7.09 with the highest rating on the shelf (4.6 stars) and nearly a thousand reviews, so I get real evidence it holds up rather than gambling on a brand-new listing. It has the 72x72 fit I need, three heavy magnets at the hem, and a rustproof header, which are the functional things I actually care about in a liner.",price_too_high,price_suspicious|look,already_chosen,few_reviews|pack|material,rating|look|availability,availability|few_reviews,page2,page1,price_value,reviews,4,4,4,2,4,5,5,4,unavailable|no_price|low_rating|few_reviews|no_size|material_unclear|blur_image,eva,semi,yes_somewhat,better_rating,5,5
C,"I want a cheap, low-risk liner with strong evidence behind it, and C has the best combination on this shelf: the highest rating (4.6), nearly a thousand reviews, EVA material, magnets at the hem, and the lowest price. The Art-Deco wave look is a nice bonus for a bathroom I use every day.",price_too_high|transparency,rating|few_reviews|look,already_chosen,few_reviews|pack|material,look|few_reviews|availability,availability|few_reviews,page2,page1,reviews,price_value,4,4,4,2,3,5,5,4,unavailable|no_price|low_rating|few_reviews|no_size|material_unclear|blur_image,eva,semi,yes_somewhat,better_rating,5,4
B,"I need a liner that actually stays put with two kids splashing in the tub, and the jssablo has 3 magnets at the hem plus 12 metal grommets at a really fair $7.19. The 4.4 stars across nearly 1,900 reviews gives me enough confidence it's not junk, and the blue 3D cube look is nicer than a plain clear liner.",price_too_high|availability,already_chosen,price_suspicious|brand,few_reviews|material,look|rating,availability|few_reviews,page2,page1,price_value,reviews,4,4,4,2,4,5,5,4,unavailable|no_price|low_rating|no_size|material_unclear|blur_image,eva,semi,yes_somewhat,better_function,5,4
A,"I want a liner that feels like a real upgrade, not a flimsy disposable, and the AmazerBath's soft-touch EVA with brass grommets, weighted hem and BPA-free claim fits that. The 4.5 stars across 4,000+ reviews gives me confidence it will actually hold up, and I'm happy to pay a bit more for something odor-free and quick-drying.",already_chosen,price_suspicious|look|material,price_suspicious|brand|look,few_reviews|material|pack,look|rating|availability,availability|few_reviews|size,page2,page1,material,reviews,4,5,4,2,4,3,5,4,unavailable|no_price|material_unclear|blur_image|no_size,eva,semi,yes_somewhat,better_rating,4,4
B,"It has the best combination of a strong 4.4★ rating with a healthy 1,872 reviews, EVA material that's odor-free and safe, and 3 magnets plus a weighted hem so it stays put against the tub. At $7.19 it's cheap enough to replace without a second thought, and it's actually in stock. The 3D cube texture is a bit busy for my taste, but function and value win for a liner.",price_too_high|availability,already_chosen,price_suspicious|brand,few_reviews|pack|material,look|availability,availability|few_reviews|size,page2,page1,price_value,reviews,4,4,4,2,4,5,5,4,unavailable|no_price|low_rating|few_reviews|no_size|material_unclear|blur_image,eva,semi,yes_somewhat,better_rating,5,4
B,"Best combination of a real track record (4.4 stars, 1,872 reviews), features I need (magnets on the hem, metal grommets, waterproof), and a very low $7.19 price. The 3D cube texture looks decent and it's in stock now, unlike the cheaper-looking newcomer options.",price_too_high|availability,already_chosen,brand|few_reviews,few_reviews|material,look|few_reviews|availability,availability|few_reviews,page2,page1,price_value,reviews,4,4,3,2,4,5,5,4,unavailable|no_price|low_rating|few_reviews|no_size|material_unclear|blur_image,eva,semi,yes_somewhat,better_function,5,4
C,"It has the highest rating (4.6) among the liners with a meaningful review count, is the cheapest at $7.09, and includes the weighted magnets, waterproof EVA, and rust-proof grommets I care about. The Art-Deco blue wave look is pleasant without being plain or too busy.",price_too_high|look,price_suspicious|look,already_chosen,few_reviews|material|size,look|availability,availability|few_reviews,page2,page1,rating,price_value,4,4,4,2,4,5,5,4,unavailable|no_price|low_rating|few_reviews|no_size|material_unclear|blur_image,eva,semi,yes_somewhat,better_rating,5,5
A,"I want a liner I can trust in a bathroom my kids use, so the BPA-free, odor-free EVA and the 4.5★ rating with 4,156 reviews give me real confidence. The reinforced double-layered header, brass grommets, and weighted hem mean it will actually stay put and last, so the higher price is worth it to me.",already_chosen,price_suspicious|brand|look,price_suspicious|brand|few_reviews,few_reviews|material|pack,look|few_reviews|availability,availability|few_reviews,page2,page1,reviews,material,4,4,4,2,4,3,5,5,unavailable|no_price|low_rating|few_reviews|material_unclear|blur_image|no_size,eva,semi,yes_somewhat,better_rating,4,4
C,"It's the best combination of price, evidence, and features for me: $7.09, 4.6 stars with 974 reviews (enough to trust), odor-free EVA, and 3 heavy magnets at the hem so it stays against the tub. The weighted hem and tear-proof header matter because I have young kids who yank the curtain, and the blue water-wave look is pleasant without being loud.",price_too_high,rating|review_concern,already_chosen,few_reviews|material,look|rating,availability|few_reviews,page2,page1,reviews,price_value,4,5,4,2,5,5,5,4,unavailable|no_price|low_rating|few_reviews|no_size|material_unclear|blur_image,eva,semi,yes_somewhat,better_rating,5,4
A,"The AmazerBath liner has by far the most review evidence (4,156 reviews at 4.5 stars), which matters to me since I can't inspect it in person. It's the only one with a reinforced double-layered header and weighted bottom stones, and the BPA-free, odor-free EVA claims are explicit. I'm willing to pay $18.99 for a liner that will actually last and won't smell.",already_chosen,brand|few_reviews|price_suspicious,brand|few_reviews|price_suspicious,few_reviews|material|pack,look|few_reviews|availability,availability|few_reviews,page2,page1,reviews,material,4,5,4,2,4,4,5,5,unavailable|no_price|low_rating|few_reviews|no_size|material_unclear|blur_image|no_bullets,eva,semi,yes_somewhat,better_rating,4,5
A,"I value materials safety and a liner that actually stays put, and the AmazerBath has the strongest review base (4.5 stars, 4,156 reviews) plus BPA-free EVA, brass grommets, and a weighted bottom. The emerald-green semi-transparent look is a nice upgrade for my bathroom, and at $18.99 the quality-to-price tradeoff feels reasonable for a liner I'll use daily.",already_chosen,price_suspicious|brand|look,price_suspicious|brand|few_reviews,few_reviews|material|look,look|few_reviews|availability,availability|few_reviews|size,page3,page2,material,reviews,4,4,4,3,4,4,5,5,unavailable|no_price|low_rating|no_size|material_unclear|blur_image|no_bullets,eva,semi,yes_somewhat,better_rating,4,4
C,"It has the highest rating (4.6) among the reasonably priced options, with nearly 1,000 reviews giving it solid reliability, and the magnets plus weighted hem are features I want to keep the liner against the tub. The $7.09 price is very reasonable, and the Art-Deco wave look appeals to my practical but tidy aesthetic.",price_too_high|look,look|few_reviews,already_chosen,few_reviews|material,look|few_reviews,availability|few_reviews|size,page2,page1,rating,price_value,4,4,4,2,4,4,5,4,unavailable|no_price|low_rating|few_reviews|no_size|material_unclear|blur_image,eva,semi,yes_somewhat,better_rating,5,5
B,"I want a liner that looks intentional rather than plain, and the 3D cube texture in blue reads as premium without costing much. It's in stock, has a solid 4.4★ across nearly 1,900 reviews, and includes the three bottom magnets I care about for keeping it against the tub.",price_too_high|transparency|availability,already_chosen,brand|few_reviews|look,few_reviews|material|pack,look|rating|availability,few_reviews|size,page2,page1,price_value,reviews,4,5,4,2,4,5,5,4,unavailable|no_price|low_rating|few_reviews|no_size|material_unclear|blur_image,eva,semi,yes_somewhat,better_value,5,4
B,"The jssablo checks the most boxes for me: 4.4 stars with nearly 1,900 reviews is plenty of evidence, it has the 3 magnets and weighted hem I want so it stays against the tub, and at $7.19 it's a genuine bargain. The 3D cube texture also looks a lot nicer than a plain clear liner, and it's in stock and ready to ship.",price_too_high|transparency,already_chosen,brand|look,few_reviews|material,look|few_reviews|availability,availability|few_reviews|size,page3,page2,reviews,price_value,4,5,4,2,4,4,5,4,unavailable|no_price|low_rating|material_unclear|blur_image,eva,semi,yes_somewhat,better_function,5,4
B,"The jssablo Blue Cube is the best balance of price, proven quality, and function for me. At $7.19 with a 4.4-star rating across nearly 1,900 reviews, it has enough evidence behind it, plus the 3D cube texture and gradient blue look will actually read as intentional design in my bathroom rather than a flimsy disposable liner. It has the magnets and weighted hem I want, and it's in stock.",price_too_high|look,already_chosen,brand|few_reviews,few_reviews|material,look|availability,availability|few_reviews,page2,page1,reviews,price_value,4,5,4,2,4,4,5,4,unavailable|no_price|low_rating|no_size|material_unclear|blur_image,eva,semi,yes_somewhat,better_function,5,4
B,"It has a solid 4.4★ from nearly 1,900 reviews at only $7.19, so I get proven quality without overpaying. The EVA material is odor-free and safer than PVC, and the 3D cube texture with magnets at the hem looks modern and stays put against the tub.",price_too_high,already_chosen,brand|few_reviews,few_reviews|material,look|transparency,availability|few_reviews,page2,page1,price_value,reviews,4,4,4,2,4,5,5,4,unavailable|no_price|low_rating|no_size|material_unclear|blur_image,eva,semi,yes_somewhat,better_value,5,4
C,"I want an EVA liner that stays put and looks nice without overspending. Option C has the highest rating (4.6) among the affordable ones, 974 reviews, magnets, and a wave texture I actually like — the best evidence-to-price balance here.",price_too_high|availability,look|price_suspicious,already_chosen,few_reviews|material|pack,look|few_reviews|availability,availability|few_reviews|size,page2,page1,rating,price_value,4,5,4,2,4,5,5,4,unavailable|no_price|low_rating|no_size|material_unclear|blur_image,eva,semi,yes_somewhat,better_rating,5,4
B,"It's the best balance of value and function for me: EVA material (healthier than PEVA/PVC), 12 metal grommets, and 3 magnets at the hem to keep it against the tub, all for $7.19. The 4.4★ rating with 1,872 reviews gives me enough confidence, and the 3D cube texture looks nicer than a plain liner.",price_too_high,already_chosen,brand|price_suspicious,few_reviews|material,look|rating,availability|few_reviews,page2,page1,price_value,magnet,4,4,4,2,4,5,4,4,unavailable|no_price|no_size|material_unclear|blur_image,eva,semi,yes_somewhat,better_function,5,4
C,"It has the best combination of a strong rating (4.6★), solid review count (974), and a very low $7.09 price. It includes the functional features I care about most — magnets at the bottom to hold it against the tub, a tear-proof header, and easy wipe-clean EVA. I'm skeptical of advertising, so the proven track record at this price wins over the pricier or thinly-reviewed options.",price_too_high,look|rating,already_chosen,few_reviews|material,look|rating,availability|few_reviews,page2,page1,price_value,reviews,4,4,4,2,4,5,5,4,unavailable|no_price|low_rating|few_reviews|no_size|material_unclear|blur_image|no_bullets,eva,semi,unlikely,better_value,5,4
C,"It has the best combination of a high rating (4.6★) with a solid review count (974) at the lowest price ($7.09). The EVA material is odor-free and waterproof with magnets and a weighted hem, and the Art-Deco blue wave pattern looks nicer than a plain liner.",price_too_high|look,look|rating,already_chosen,few_reviews|material,look|rating,availability|few_reviews,page2,page1,price_value,rating,4,5,4,2,4,5,5,4,unavailable|no_price|low_rating|few_reviews|no_size|material_unclear|blur_image,eva,semi,yes_somewhat,better_rating,5,4
C,"It's the cheapest option at $7.09 but still has a strong 4.6-star rating with nearly 1,000 reviews, plus the weighted magnets and rust-proof grommets I want. The blue water-wave look is subtle enough for my bathroom and the EVA material is odor-free and easy to wipe down.",price_too_high|look,look|rating,already_chosen,few_reviews|material|pack,look|rating|availability,availability|few_reviews,page2,page1,price_value,reviews,4,4,4,2,4,5,5,4,unavailable|no_price|low_rating|few_reviews|material_unclear|blur_image,eva,semi,yes_somewhat,better_rating,5,4
B,"The jssablo Blue Cube 3D liner hits my sweet spot: under $8, a 4.4★ rating backed by nearly 1,900 reviews, and it has the 3 magnets and weighted hem I want so it stays put against the tub. The 3D cube texture looks nicer than a plain clear liner, and EVA is odor-free and easy to wipe down.",price_too_high|transparency,already_chosen,review_concern|brand,few_reviews|material,look|rating|availability,availability|few_reviews|size,page2,page1,price_value,reviews,4,4,3,2,4,5,5,4,unavailable|no_price|low_rating|no_size|material_unclear|blur_image,eva,semi,yes_somewhat,better_value,5,4
C,"It has the highest rating (4.6) with a solid review count (974), so I have real evidence it holds up, and at $7.09 it's the cheapest option on the shelf. It also has the features I care about most — EVA material, waterproof surface, and 3 heavy magnets at the hem to keep it against the tub.",price_too_high|availability,rating|review_concern|look,already_chosen,few_reviews|material,look|transparency|availability,availability|few_reviews,page2,page1,rating,price_value,4,4,3,2,4,5,5,4,unavailable|no_price|low_rating|few_reviews|no_size|material_unclear|blur_image,eva,semi,yes_somewhat,better_rating,5,4
B,"The jssablo Blue Cube liner hits my sweet spot: it's under $8, has a strong 4.4★ from over 1,800 reviews, is in stock, and the 3D cube texture in gradient blue looks more designer than a plain liner. It has the magnets and weighted hem I want, plus EVA material that's odor-free and easy to wipe clean.",price_too_high|transparency,already_chosen,look,few_reviews|pack,look|availability,availability|few_reviews|size,page2,page1,price_value,reviews,4,5,4,2,4,5,5,4,unavailable|no_price|low_rating|few_reviews|no_size|material_unclear|blur_image,eva,semi,yes_somewhat,better_function,5,4
B,"The jssablo Blue Cube liner hits the sweet spot for me: a very low $7.19 price, a solid 4.4★ across 1,872 reviews (enough evidence to trust it), and the functional features I care about — 3 magnets at the weighted hem, metal grommets, and waterproof quick-clean EVA. The 3D cube texture also looks more premium than a plain liner, so I get function and design without paying the $18.99 premium.",price_too_high,already_chosen,brand|look,few_reviews|material,look|availability,availability|few_reviews|size,page2,page1,price_value,reviews,4,5,4,2,4,5,5,4,unavailable|no_price|low_rating|material_unclear|blur_image|no_bullets,eva,semi,yes_somewhat,better_rating,5,4
C,"It's the cheapest of the liners that actually look trustworthy: a 4.6-star rating with nearly a thousand reviews, EVA material that's odor-free, three heavy magnets to hold it against the tub, and a tear-proof header. The blue water-wave pattern is subtle enough for my bathroom, and at $7.09 it's a low-risk purchase for something I replace fairly often.",price_too_high,price_suspicious|look,already_chosen,few_reviews|material,look|availability,availability|few_reviews|size,page2,page1,price_value,reviews,4,4,4,2,4,5,5,4,unavailable|no_price|low_rating|no_size|material_unclear|blur_image,eva,semi,yes_somewhat,better_function,5,4
C,"It has the highest rating (4.6★) with a solid 974 reviews, a very low $7.09 price, and EVA material that's odor-free and waterproof. The Art-Deco blue wave look is attractive and it has the 3 heavy magnets I want to keep it against the tub.",price_too_high,look,already_chosen,few_reviews|material,look|rating,availability|few_reviews,page2,page1,price_value,reviews,4,5,4,2,4,5,5,4,unavailable|no_price|low_rating|few_reviews|no_size|material_unclear|blur_image,eva,semi,yes_somewhat,better_function,5,4
A,"I prefer the AmazerBath liner because it has the strongest track record with over 4,000 reviews at 4.5 stars, uses odor-free BPA-free EVA, and the weighted bottom and brass grommets suggest better long-term durability. The $18.99 price is higher, but for something I'll see every day I'd rather pay once for quality than replace a cheap liner repeatedly.",already_chosen,brand|price_suspicious|look,brand|price_suspicious|look,few_reviews|material|pack,look|rating|few_reviews,availability|few_reviews,page2,page1,reviews,material,4,5,4,2,4,4,5,5,unavailable|no_price|low_rating|few_reviews|no_size|material_unclear|blur_image,eva,semi,yes_somewhat,better_rating,4,4
C,"It's the cheapest option at $7.09 and still has a strong 4.6-star rating from nearly 1,000 reviewers, so I'm not taking a risk on an unknown. I like the blue water-wave look and it has the weighted magnets I want to keep it against the tub. Good value without feeling like a gamble.",price_too_high,look,already_chosen,few_reviews,look,availability|few_reviews,page3,page2,price_value,reviews,4,5,4,2,4,5,5,4,unavailable|no_price|low_rating|few_reviews|no_size|material_unclear|blur_image,eva,semi,yes_somewhat,better_rating,5,4
C,"Option C (LQFMEHOT, $7.09) has the highest rating on the shelf at 4.6★ with a solid 974 reviews, which gives me the confidence I need as a cautious, analytical buyer. It has the functional features I actually want — 3 heavy magnets, weighted hem, rust-proof grommets — at a low price. The Art-Deco blue wave look is attractive without being loud, and the listing info is complete enough to trust.",price_too_high|availability,look|few_reviews,already_chosen,few_reviews|pack|material,few_reviews|availability|look,few_reviews|size,page2,page1,reviews,price_value,4,5,4,2,5,4,5,4,unavailable|no_price|low_rating|few_reviews|no_size|material_unclear|blur_image|no_bullets,eva,semi,yes_somewhat,better_rating,5,4
A,"I'm a researcher and I value security and stability, so the brand with 4,156 reviews and a 4.5 rating gives me the most confidence. The eco-friendly, BPA-free, odor-free EVA with 12 rustproof brass grommets and a weighted hem matches exactly what I want in a liner, and $18.99 is reasonable for a quality, long-lasting product.",already_chosen,price_suspicious|look|brand|material,price_suspicious|look|brand|few_reviews,few_reviews|material|pack|brand,look|transparency|few_reviews|availability,availability|few_reviews|size|info_incomplete,page2,page1,reviews,material,4,4,4,2,5,4,5,5,unavailable|no_price|low_rating|few_reviews|no_size|material_unclear|blur_image,eva,semi,yes_somewhat,better_rating,4,4
C,"It's the cheapest option at $7.09 but still has the strongest evidence on the shelf — 4.6 stars with 974 reviews, in stock, EVA material with a weighted magnetic hem and reinforced header. I'm cautious about quality at low prices, so the high rating plus solid review count is what tips me toward it over the similarly cheap but less-proven options.",price_too_high|look|availability,price_suspicious|look|few_reviews,already_chosen,few_reviews|review_concern|material,look|few_reviews|availability,availability|few_reviews,page2,page1,reviews,price_value,4,5,4,2,4,5,5,5,unavailable|no_price|low_rating|few_reviews|no_size|material_unclear|blur_image,eva,semi,unlikely,better_rating,5,4
C,"It's cheap, has the highest rating here at 4.6 with a solid ~1,000 reviews, and the magnets plus weighted hem keep it in place. The blue wave look is fine for my bathroom and EVA is odor-free and easy to wipe down.",price_too_high,rating|look,already_chosen,few_reviews|material,look|availability,availability|few_reviews,page2,page1,price_value,rating,4,5,4,2,4,5,5,4,unavailable|no_price|low_rating|few_reviews|no_size|material_unclear|blur_image,eva,semi,yes_somewhat,better_rating,5,4
C,"It has the highest rating (4.6) with a solid review base (974), the lowest price at $7.09, and includes the magnets and weighted hem I want so it stays against the tub. The EVA material is odor-free and easy to wipe clean, which fits my weekly routine.",price_too_high|transparency,look|rating,already_chosen,few_reviews|pack,look|availability,availability|few_reviews,page2,page1,rating,price_value,4,4,4,2,4,4,5,4,unavailable|low_rating|few_reviews|material_unclear,eva,semi,yes_somewhat,better_rating,5,5
C,"Cheapest option at $7.09 with the highest rating (4.6) and a solid 974 reviews. Has magnets at the bottom and a weighted hem, which is what I actually need. Blue wave look is fine.",price_too_high,price_suspicious,already_chosen,few_reviews,look,availability,page2,page1,price_value,rating,3,4,3,2,4,5,5,4,unavailable|no_price|low_rating|few_reviews|material_unclear,eva,semi,yes_somewhat,better_rating,5,5
C,"I want an EVA liner that is odor-free and easy to wipe clean, and C has the highest rating on the shelf at 4.6★ with a solid 974 reviews, so the evidence feels reliable. At $7.09 it also has the best price of the credible options, and the weighted hem with 3 magnets is exactly what I look for to keep the liner against the tub.",price_too_high|transparency|look,price_suspicious|look|brand,already_chosen,few_reviews|material|pack,review_concern|look|availability,availability|few_reviews|size,page2,page1,reviews,price_value,4,4,4,2,5,4,5,4,unavailable|no_price|no_size|material_unclear|low_rating|few_reviews,eva,semi,neutral,better_rating,5,4
C,"I want a liner that stays put against the tub and looks clean without spending much. Option C is the cheapest on the shelf, has a strong 4.6 rating with nearly 1,000 reviews, includes 3 heavy magnets and a tear-proof header, and the water-wave EVA design fits the light, modern look of my bathroom.",price_too_high|look,look|few_reviews|brand,already_chosen,few_reviews|material|pack,look|availability|few_reviews,availability|few_reviews,page2,page1,price_value,reviews,4,5,4,2,4,5,5,4,unavailable|no_price|low_rating|few_reviews|no_size|material_unclear|blur_image|no_bullets,eva,semi,yes_somewhat,better_function,5,5
C,"It's the cheapest option at $7.09, has the highest rating on the shelf (4.6★) with a solid ~974 reviews, and includes the 3 magnets and weighted hem I care about. The Art-Deco blue wave look is a nice bonus for a bathroom refresh.",price_too_high,look,already_chosen,few_reviews|material,look|availability,few_reviews,page2,page1,rating,price_value,4,5,4,2,4,5,5,4,unavailable|no_price|low_rating|few_reviews|no_size|material_unclear|blur_image,eva,semi,yes_somewhat,better_rating,5,4
B,"I want a liner that stays put against the tub, and this one has 3 magnets plus a weighted hem at a very low $7.19. The 4.4★ rating across 1,872 reviews gives me solid evidence it holds up, and the 3D cube texture looks nicer than a plain clear sheet without hiding light.",price_too_high|look,already_chosen,price_suspicious|brand|look,few_reviews|material|pack,look|transparency|availability,availability|few_reviews|size,page2,page1,magnet,rating,4,4,4,2,4,4,5,4,unavailable|no_price|low_rating|few_reviews|material_unclear|blur_image,eva,semi,yes_somewhat,better_function,5,5
C,"It's the cheapest option at $7.09 with the highest rating (4.6★) and nearly 1,000 reviews, so it feels like the safest value pick. It has the weighted magnets, rust-proof grommets, and odor-free EVA I want, and the blue water-wave look is fine for a liner.",price_too_high,look|price_suspicious,already_chosen,few_reviews|material,look|availability,availability|few_reviews,page2,page1,price_value,reviews,4,4,4,2,4,5,5,4,unavailable|no_price|low_rating|few_reviews|no_size|material_unclear|blur_image,eva,semi,yes_somewhat,better_rating,5,4
C,"I want a light-filtering blue liner that keeps the bathroom bright but still feels private, and C's wave texture looks clean and modern. It has a strong 4.6-star rating with a solid 974 reviews, has magnets and a weighted hem to stay put, and at $7.09 it's a great value without looking cheap.",price_too_high|transparency,look|price_suspicious,already_chosen,few_reviews|material,look|review_concern,availability|few_reviews,page2,page1,price_value,reviews,4,5,4,2,4,5,5,4,unavailable|low_rating|few_reviews|no_size|material_unclear|blur_image,eva,semi,yes_somewhat,better_rating,5,4
B,"The jssablo Blue Cube liner hits the sweet spot for me: $7.19 with 1,872 reviews at 4.4 stars, so I've got real evidence it holds up, not just a handful of early buyers. I like that it's 70% EVA (no PVC smell), has magnets to keep it against the tub, and the 3D cube texture looks nicer than a plain clear sheet. I don't need to spend $19 on a liner I'll replace in a year anyway.",price_too_high|look,already_chosen,review_concern|brand,few_reviews|pack,look|availability,availability|few_reviews,page2,page1,price_value,reviews,4,4,4,2,4,5,5,4,unavailable|no_price|low_rating|few_reviews|material_unclear|blur_image,eva,semi,yes_somewhat,better_rating,5,4
C,"It's the cheapest option but still has the highest rating (4.6 with ~974 reviews), which gives me confidence it's reliable. I like the blue water-wave gradient look, and it has the magnets and weighted hem I want to keep it in place.",price_too_high,look,already_chosen,few_reviews,look,availability,page2,page1,price_value,reviews,4,4,4,2,4,5,5,4,unavailable|no_price|low_rating|material_unclear|blur_image,eva,semi,yes_somewhat,better_rating,5,5
C,"It's the best combination of a strong rating (4.6 with ~1,000 reviews), a low $7.09 price, and the features I actually need: magnets at the bottom, a tear-proof header, and odor-free EVA. I like the blue water-wave look too — it reads calm and modern without being fully see-through.",price_too_high|look,look,already_chosen,few_reviews,look|availability,availability|few_reviews,page2,page1,rating,price_value,4,5,4,2,4,5,5,4,unavailable|no_price|low_rating|few_reviews|no_size|material_unclear|blur_image,eva,semi,yes_somewhat,nothing,5,4
A,"I'm retired and I've been burned by cheap liners that stink up the bathroom and tear at the grommets within months. The AmazerBath has over 4,000 reviews at 4.5 stars, brass grommets, weighted stones, and it's BPA-free and odor-free — that's the kind of track record I trust. The price is higher, but a liner that lasts and doesn't smell is worth the extra few dollars to me.",already_chosen,price_suspicious|brand|material,price_suspicious|brand|few_reviews,few_reviews|material|pack,look|transparency|few_reviews,availability|few_reviews|size,page2,page1,reviews,material,4,4,4,2,4,3,5,4,unavailable|no_price|low_rating|few_reviews|no_size|material_unclear,eva,semi,yes_somewhat,better_rating,4,4
A,"I want a liner that is odor-free and BPA-free with solid hardware, and the AmazerBath's brass grommets, weighted hem, and 4,156 reviews at 4.5 stars give me the most confidence. The $18.99 price is higher than others, but for something I use daily I'd rather pay more for verified quality and safety.",already_chosen,brand|material|price_suspicious,brand|price_suspicious|look,few_reviews|material,look|availability,availability|few_reviews,page2,page1,material,reviews,4,5,4,2,4,3,5,5,unavailable|no_price|low_rating|few_reviews|no_size|material_unclear|blur_image,eva,semi,yes_somewhat,better_rating,4,4
C,"It has the highest rating (4.6) with a solid review count, costs the least at $7.09, and includes the features I care about: magnets at the bottom, odor-free EVA, and a tear-proof header. The Art-Deco wave pattern is a nice look without being plain.",price_too_high|look|transparency,rating|review_concern,already_chosen,few_reviews|pack|material,look|transparency|few_reviews,availability|few_reviews,page2,page1,price_value,rating,4,4,4,2,4,5,5,4,unavailable|no_price|low_rating|few_reviews|no_size|material_unclear|blur_image,eva,semi,yes_somewhat,better_rating,5,4
C,"I want a liner that stays put against the tub and looks nice without spending much, and the LQFMEHOT wave liner has the best rating (4.6) with a solid number of reviews, plus 3 heavy magnets and a tear-proof header. At $7.09 it's the best combination of proven quality and low price for a single liner.",price_too_high,look|few_reviews,already_chosen,few_reviews|material,look|few_reviews,availability|few_reviews,page2,page1,price_value,rating,4,4,4,2,4,5,4,4,unavailable|no_price|low_rating|few_reviews|no_size|material_unclear|blur_image,eva,semi,yes_somewhat,better_rating,5,4
C,"I wanted something affordable with a high rating and enough reviews to trust, and C hits 4.6 stars with nearly 1,000 reviews at just $7.09. The blue water-wave look is pretty and the magnets at the bottom keep it from sticking to me in the shower.",price_too_high,look,already_chosen,few_reviews|material,look|transparency,availability|few_reviews,page2,page1,price_value,reviews,4,5,4,2,4,5,5,4,unavailable|low_rating|no_size|material_unclear|blur_image,eva,semi,yes_somewhat,nothing,5,4
C,"At $7.09 it's the best value with the strongest evidence behind it — a 4.6★ rating from nearly 1,000 reviews, which is far more reliable than the thin listings. It has the features I actually care about: EVA material, magnets at the hem, rust-proof grommets, and a clean Art-Deco wave look that will suit my bathroom.",price_too_high|look,look,already_chosen,few_reviews|material|pack,look|few_reviews,availability|few_reviews,page2,page1,price_value,reviews,4,5,4,2,4,5,5,4,unavailable|no_price|low_rating|few_reviews|no_size|material_unclear|blur_image,eva,semi,yes_somewhat,better_rating,5,4
C,"The LQFMEHOT has the best combination of a strong 4.6-star rating, nearly 1,000 reviews, and a very low $7.09 price. It has the magnets and weighted hem I want, plus an odor-free EVA material and a look I actually like. I'd rather spend a few dollars more than risk the unknown 16-review 2-pack or the unavailable polka-dot option.",price_too_high,look,already_chosen,few_reviews|material|pack,look|few_reviews|availability,availability|few_reviews|transparency,page2,page1,price_value,reviews,4,5,4,2,4,5,5,4,unavailable|no_price|low_rating|no_size|material_unclear|blur_image,eva,semi,yes_somewhat,better_rating,5,4
C,"It has the highest rating (4.6) among the well-reviewed options, a price I'm comfortable with at $7.09, and the magnets plus weighted hem are exactly the functional features I want in a liner. The Art-Deco wave look is also nicer than a plain liner.",price_too_high|look,look|rating,already_chosen,few_reviews|pack,look|rating,availability|few_reviews,page2,page1,rating,price_value,4,5,4,2,4,4,5,4,unavailable|no_price|low_rating|no_size|material_unclear|blur_image|no_bullets,eva,semi,yes_somewhat,better_rating,5,4
C,"It has the best combination of a strong 4.6★ rating with a solid 974 reviews, a low $7.09 price, and the features I care about (EVA material, odor-free, 3 heavy magnets, weighted hem, tear-proof header). The Art-Deco water-wave look is a nice bonus and it's in stock, so I can buy it right now without worrying about quality or delivery.",price_too_high|availability,look|few_reviews,already_chosen,few_reviews|material,look|few_reviews,availability|few_reviews,page2,page1,rating,price_value,4,4,4,2,5,4,5,4,unavailable|no_price|low_rating|few_reviews|no_size|material_unclear|blur_image,eva,semi,yes_somewhat,better_rating,5,5
C,"It's the best combination of price, rating, and evidence for me: $7.09 with a 4.6★ rating and ~974 reviews, and it has the weighted magnets and tear-proof header I want. The blue water-wave design is subtle enough to look clean in my bathroom without being plain black or busy.",price_too_high|transparency,look|price_suspicious,already_chosen,few_reviews|material,look|few_reviews|availability,availability|few_reviews,page2,page1,price_value,reviews,4,4,4,2,4,5,5,4,unavailable|no_price|low_rating|few_reviews|no_size|material_unclear|blur_image,eva,semi,yes_somewhat,better_rating,5,4
C,"It has the highest rating on the shelf (4.6) with a substantial 974 reviews, so the evidence base is solid rather than thin. At $7.09 it's the cheapest option while still offering the features I care about — magnets at the hem, rust-resistant grommets, odor-free EVA and a wipe-clean surface — and I prefer a light-filtering liner over a blackout one.",price_too_high,rating|look,already_chosen,few_reviews|material|pack,transparency|availability,availability|few_reviews,page2,page1,rating,price_value,4,4,4,2,4,5,5,4,unavailable|no_price|low_rating|no_size|material_unclear|blur_image,eva,semi,no_effect,better_rating,5,4
A,"I'm a pure-logic buyer and I read specs first. Option A gives me the most verified evidence — 4.5 stars across 4,156 reviews, BPA-free odor-free EVA, 12 rustproof brass grommets, reinforced double-layer header, and a weighted bottom hem that actually keeps the liner against the tub. The $18.99 price is higher than the others, but for something I'll look at every day in a bathroom, the proven reliability and complete spec sheet beat saving ten bucks on an unproven listing.",already_chosen,price_suspicious|brand|look,price_suspicious|brand|look,few_reviews|material|pack,look|few_reviews|availability,availability|few_reviews|size,page2,page1,reviews,material,4,4,5,2,5,4,5,4,unavailable|no_price|no_size|material_unclear|blur_image|no_bullets,eva,semi,unlikely,better_function,4,4
A,"I want a liner that's genuinely odor-free and safe, and the AmazerBath EVA with brass grommets, a reinforced double-layer header, and weighted bottom checks every box. It has the strongest review evidence on the shelf (4.5 stars, 4,156 reviews), and I'd rather pay more once for something that won't smell or tear.",already_chosen,price_suspicious|look|brand,price_suspicious|look|brand,few_reviews|material|pack,look|rating,availability|few_reviews|size,page2,page1,material,reviews,4,4,4,2,5,3,5,5,unavailable|no_price|low_rating|few_reviews|no_size|material_unclear|blur_image,eva,semi,yes_somewhat,better_function,4,5
A,"No persona-specific answer was produced, so a neutral answer was used.",already_chosen,already_chosen,already_chosen,already_chosen,already_chosen,already_chosen,page1,page1,price_value,price_value,3,3,3,3,3,3,3,3,unavailable,eva,fully_transparent,yes_strongly,lower_price,3,3
B,"It's the best balance of price, safety, and evidence for me: 70% EVA (healthier than PEVA/PVC), 4.4★ with 1,872 reviews, and only $7.19. The 3D cube texture looks premium, and the 3 bottom magnets plus weighted hem keep it against the tub — exactly the function I want in a liner.",price_too_high|transparency,already_chosen,brand|look,few_reviews|material,transparency|review_concern,availability|few_reviews,page2,page1,price_value,reviews,4,4,4,2,4,5,5,4,unavailable|no_price|low_rating|few_reviews|no_size|material_unclear|blur_image,eva,semi,yes_somewhat,better_rating,5,4
C,"Cheapest option at $7.09 with the highest rating on the shelf (4.6★, 974 reviews) — solid evidence it's reliable. It has the magnets and weighted hem I want, and the blue wave texture is a nice look without being loud.",price_too_high|availability,look,already_chosen,few_reviews|material,look|availability|rating,availability|few_reviews,page2,page1,price_value,reviews,4,5,4,2,4,5,5,4,unavailable|no_price|low_rating|few_reviews|no_size|material_unclear|blur_image,eva,semi,yes_somewhat,better_rating,5,4
B,"I want a liner that stays put against the tub and looks clean and modern without spending much. Option B has magnets at the hem, a premium-looking 3D texture, solid reviews, and is in stock at a very reasonable $7.19.",price_too_high|availability,already_chosen,brand|few_reviews,few_reviews|material|pack,look|availability|few_reviews,availability|few_reviews|pack,page2,page1,price_value,magnet,4,4,3,2,4,5,4,4,unavailable|no_price|low_rating|no_size|material_unclear|blur_image,eva,semi,yes_somewhat,better_rating,5,4
C,"It has the highest rating (4.6 with nearly 1,000 reviews), a low $7.09 price, and the features I care about most — waterproof EVA, 3 heavy magnets, rust-proof grommets, and a look I actually like. The Art-Deco blue wave design is attractive without being loud, and it's in stock and ready to ship.",price_too_high|look,price_suspicious|look,already_chosen,few_reviews|material,look|few_reviews|availability,availability|few_reviews,page2,page1,price_value,rating,4,5,4,2,4,5,5,4,unavailable|no_price|few_reviews|material_unclear|blur_image,eva,semi,yes_somewhat,better_rating,5,4
C,"It's the cheapest liner at $7.09, has the highest rating on the shelf (4.6 with a solid 974 reviews), and the Art-Deco blue wave look is nicer than a plain clear or black liner. It checks the boxes I actually care about — waterproof EVA, magnets at the hem, rust-proof grommets — without paying luxury prices.",price_too_high|look|transparency,look|rating,already_chosen,few_reviews|material|pack,look|availability|rating,availability|few_reviews|size|transparency,page2,page1,price_value,rating,4,4,3,2,4,5,5,3,unavailable|no_price|no_size|material_unclear|blur_image,eva,semi,yes_somewhat,nothing,5,5
B,"I want a liner that stays put against the tub and doesn't look cheap, and B has magnets at the hem plus a decent 4.4 rating from nearly 1,900 reviews. At $7.19 it's a low-risk price for something I'll replace in a year anyway, and the blue cube texture is nicer than a plain clear sheet.",price_too_high|availability|transparency,already_chosen,price_suspicious|brand|few_reviews,few_reviews|material|pack,look|availability|brand,availability|few_reviews,page2,page1,price_value,reviews,4,4,3,2,4,5,5,4,unavailable|no_price|low_rating|few_reviews|no_size|material_unclear|blur_image,eva,semi,unlikely,better_rating,5,4
C,"It has the strongest evidence base of the affordable options — 4.6 stars with nearly 1,000 reviews — plus the features I care about (EVA material, 3 magnets at the weighted hem, rust-proof grommets, waterproof, odor-free). At $7.09 it's the lowest price on the shelf, and it's in stock, so there's no availability risk.",price_too_high|availability,price_suspicious|look,already_chosen,few_reviews|brand|pack,few_reviews|look|availability,availability|few_reviews,page2,page1,reviews,price_value,4,4,4,2,5,4,5,5,unavailable|no_price|low_rating|few_reviews|no_size|material_unclear|blur_image,eva,semi,yes_somewhat,better_rating,5,4
A,"I want a liner that doesn't feel like a disposable plastic sheet, and A is the only option with a genuinely premium spec sheet: 100% EVA, BPA-free and odor-free, brass grommets, a reinforced double-layered header and weighted stones. With 4,156 reviews at 4.5 stars it's also by far the best-evidenced product here, which matters to me more than saving ten dollars on a liner I'll look at every day.",already_chosen,look|brand|price_suspicious|transparency,look|brand|price_suspicious,few_reviews|material|look,look|few_reviews|availability|transparency,availability|few_reviews|transparency,page2,page1,material,reviews,4,5,4,2,5,3,5,4,unavailable|no_price|low_rating|few_reviews|no_size|material_unclear|blur_image|no_bullets,eva,semi,neutral,better_function,4,4
B,"I'm on a fixed budget and $7.19 for a liner with magnets, metal grommets, and nearly 1,900 reviews at 4.4 stars is a solid value. The blue 3D cube look is nice enough for my guest bathroom and EVA is odor-free, which matters to me.",price_too_high,already_chosen,brand|few_reviews,few_reviews|price_suspicious,look|availability,availability|few_reviews,page2,page1,price_value,reviews,4,4,4,2,4,5,5,4,unavailable|no_price|low_rating|few_reviews|no_size|material_unclear|blur_image,eva,semi,yes_somewhat,lower_price,5,4
B,"It has a solid 4.4 rating with nearly 1,900 reviews, so there's real evidence it works, and it's only $7.19. The 3D cube texture with magnets at the bottom plus a weighted hem is exactly the functional setup I want, and it's in stock.",price_too_high,already_chosen,brand|review_concern,few_reviews|material,look|availability,few_reviews,page2,page1,price_value,reviews,4,3,4,1,4,5,4,3,unavailable|no_price|low_rating|few_reviews|no_size|material_unclear|blur_image,eva,semi,neutral,better_rating,5,4
C,"It's the cheapest option at $7.09 with the highest rating (4.6 and nearly 1,000 reviews), has the magnets and weighted hem I want, and the blue water-wave design looks nice without being flashy. As a frugal shopper, that combination of price and solid review evidence wins.",price_too_high,look|rating,already_chosen,few_reviews|material,look|rating,availability|few_reviews,page2,page1,price_value,reviews,4,4,4,2,4,5,5,4,unavailable|no_price|low_rating|few_reviews|no_size|material_unclear,eva,semi,yes_somewhat,lower_price,5,4
A,"I want a liner I can trust and that looks nice in a bright bathroom. The AmazerBath has the strongest evidence base (4.5 stars, 4,156 reviews), is BPA-free and odor-free EVA, has 12 rustproof brass grommets and a weighted hem, and the emerald semi-transparent look is appealing. It costs more, but for something I'll use daily, I'd rather pay once for quality.",already_chosen,price_suspicious|brand|look|material,price_suspicious|brand|look|few_reviews,few_reviews|material|pack|look,look|availability|few_reviews|transparency,availability|few_reviews|size|transparency,page2,page1,reviews,material,4,5,4,2,4,4,5,5,unavailable|no_size|material_unclear|blur_image|no_bullets,eva,semi,yes_somewhat,better_rating,4,4
C,"It's the cheapest at $7.09 but has the highest rating (4.6) and nearly 1,000 reviews, so it feels like a safe, well-validated buy. It has the features I care about (EVA, magnets, rust-proof grommets) and the blue wave design is nicer than plain black or clear.",price_too_high,price_suspicious|rating,already_chosen,few_reviews|pack,look|rating|review_concern|availability,availability|few_reviews|size,page2,page1,price_value,rating,4,5,4,2,4,5,5,4,unavailable|no_price|low_rating|no_size|material_unclear|blur_image,eva,semi,yes_somewhat,better_rating,5,4
A,"I'm retired and spend a lot of time in my bathroom, and after years of cheap liners that got milky and smelly, I'd rather pay a bit more for the AmazerBath. It has 4,000+ reviews at 4.5 stars, eco-friendly BPA-free odor-free EVA, brass grommets that won't rust, and a weighted hem — that's the peace of mind I want.",already_chosen,price_suspicious|look|brand|few_reviews,price_suspicious|look|brand|few_reviews,few_reviews|brand|pack,look|brand|few_reviews,availability|few_reviews|size,page2,page1,reviews,material,4,5,4,2,4,3,5,5,unavailable|no_price|low_rating|few_reviews|no_size|material_unclear|blur_image|no_bullets,eva,semi,yes_somewhat,nothing,4,4
C,"It's the cheapest option at $7.09 but still has a strong 4.6 rating with nearly 1,000 reviews, which feels like real evidence rather than a gamble. It has the features I actually care about — magnets at the bottom, weighted hem, rust-proof metal grommets, and odor-free EVA. I don't need a fancy pattern, but the blue wave look is pleasant enough and the price is low enough that replacing it isn't a big deal.",price_too_high,look,already_chosen,few_reviews|material|pack,look|transparency|few_reviews,availability|few_reviews,page2,page1,price_value,rating,4,4,3,2,4,5,5,4,unavailable|no_price|material_unclear|no_size|blur_image,eva,semi,yes_somewhat,better_rating,5,4
A,"I will pay a bit more for a liner that is genuinely odor-free, BPA-free, and well-built rather than gambling on a $7 sheet of thin plastic. Option A has 4,156 reviews at 4.5 stars, brass grommets, a reinforced double-layer header, and a weighted hem, which is the kind of construction evidence I look for. The only real hesitation is that the listing showed no featured offer at collection time, so I would confirm the buy box and delivery date before committing.",already_chosen,price_suspicious|material|look|brand,price_suspicious|material|brand|few_reviews,few_reviews|material|pack|look,look|transparency|few_reviews|brand,availability|few_reviews|size,page2,page1,material,reviews,4,4,4,2,5,3,5,5,unavailable|no_price|low_rating|few_reviews|no_size|material_unclear|blur_image|no_bullets,eva,semi,unlikely,better_rating,4,4
C,"It has the highest rating (4.6 stars) among the options with a solid review count, and the Art-Deco blue water-wave look fits my bathroom while staying budget-friendly at $7.09. The magnets, waterproof EVA, and odor-free claim check all my functional boxes.",price_too_high,look,already_chosen,few_reviews|pack,look|few_reviews,availability|few_reviews,page2,page1,rating,price_value,4,5,4,2,4,4,5,4,unavailable|no_price|low_rating|few_reviews|no_size|material_unclear|blur_image,eva,semi,yes_somewhat,better_rating,5,4
C,"It has the strongest combination of evidence and value for me: 4.6 stars across 974 reviews is the best-supported rating on the shelf, it's the cheapest option at $7.09, and it still has the functional features I care about (weighted hem with 3 magnets, rust-proof grommets, odor-free EVA, wipe-clean). The Art-Deco blue wave look is a mild aesthetic compromise, but function and proven reliability win.",price_too_high|availability,rating|brand,already_chosen,few_reviews|material|look,few_reviews|transparency|look,availability|few_reviews|size,page3,page2,reviews,price_value,4,5,4,2,4,4,5,4,unavailable|no_size|material_unclear|blur_image,eva,semi,yes_somewhat,better_rating,5,5
C,"It has the highest rating (4.6) among options with a meaningful review count (974), it's the cheapest at $7.09, and EVA with 3 bottom magnets plus a tear-proof header covers everything I actually need in a liner. The water-wave texture is a bonus that looks nicer than a plain clear sheet.",price_too_high|transparency,price_suspicious|look|brand,already_chosen,few_reviews|material|pack,transparency|availability|few_reviews,availability|few_reviews,page2,page1,reviews,price_value,4,4,4,2,4,5,5,4,unavailable|no_price|low_rating|few_reviews|no_size|material_unclear|blur_image,eva,semi,yes_somewhat,better_rating,5,4
A,"I value safety and quality first, and Option A is the only liner with a large, reliable review base (4,156 reviews at 4.5 stars) plus BPA-free, odor-free EVA and rustproof brass grommets. The emerald semi-transparent look and weighted bottom fit my bathroom aesthetic and my need for something that stays put and dries quickly.",already_chosen,price_suspicious|look|brand,price_suspicious|brand|few_reviews,few_reviews|material|brand,look|brand|availability,availability|few_reviews,page2,page1,material,reviews,4,4,4,2,4,3,5,5,unavailable|no_price|no_size|material_unclear|blur_image|no_bullets,eva,semi,yes_somewhat,better_rating,4,4
A,"I want a liner that feels well-made and safe rather than the cheapest thing on the shelf, and AmazerBath's 4.5 stars across 4,156 reviews is by far the strongest evidence here. The emerald EVA with brass grommets, reinforced header, weighted stones and BPA-free/odor-free claims hit my priorities on material safety and structure, and $18.99 is fine for something I'll look at every day.",already_chosen,price_suspicious|brand|look,price_suspicious|brand|few_reviews,few_reviews|material|pack,look|rating|few_reviews,availability|few_reviews,page2,page1,reviews,material,4,4,4,2,4,4,5,5,unavailable|no_price|low_rating|few_reviews|no_size|material_unclear|blur_image,eva,semi,yes_somewhat,better_rating,4,4
B,"I want a liner that stays put against the tub and looks a bit nicer than a plain sheet of plastic, and the jssablo has 3 bottom magnets, a premium-looking 3D cube texture, a strong 4.4★ from ~1,900 reviews, and it's only $7.19 and in stock. Option A is nicer material-wise but $18.99 feels like too much for a liner I'll replace in a year.",price_too_high,already_chosen,brand|few_reviews,few_reviews|material,look|availability,availability|few_reviews|transparency,page2,page1,price_value,magnet,4,5,4,2,4,5,5,4,unavailable|no_price|low_rating|few_reviews|no_size|material_unclear|blur_image,eva,semi,yes_somewhat,nothing,5,4
C,"It has the highest rating (4.6) with a solid ~974 reviews, a low $7.09 price, and it includes the weighted magnets and rust-proof grommets I want. The EVA material is odor-free and waterproof, and the wave pattern looks clean and modern without being loud.",price_too_high|look,look|rating,already_chosen,few_reviews|material,look|availability,availability|few_reviews,page2,page1,rating,price_value,4,5,4,2,4,4,5,4,unavailable|no_price|low_rating|few_reviews|no_size|material_unclear|blur_image,eva,semi,yes_somewhat,better_rating,5,4
C,"I want a cheap, functional liner that stays put and wipes clean, and this one has the highest rating on the shelf (4.6) with a solid review count near 1,000. The EVA is odor-free and the three heavy magnets plus weighted hem are exactly the functional features I care about. The wave texture is fine by me and at $7.09 it's the best value here.",price_too_high|availability,price_suspicious|rating,already_chosen,few_reviews|material,look|few_reviews|availability,availability|few_reviews,page2,page1,price_value,magnet,4,4,4,1,4,5,4,3,unavailable|no_price|low_rating|no_size|material_unclear|blur_image,eva,semi,unlikely,better_function,5,4
C,"It has the highest rating on the shelf (4.6★) with a solid ~974 reviews, so there's real evidence behind it rather than a brand-new listing. At $7.09 it's the cheapest option, hits all my functional must-haves (EVA, odor-free, waterproof, 3 magnets at the hem, anti-rust grommets), and the Art-Deco blue wave gradient is a look I'd actually enjoy in my bathroom.",price_too_high,look|price_suspicious,already_chosen,few_reviews|pack,transparency|look|availability,availability|few_reviews,page2,page1,rating,reviews,4,4,4,2,4,4,5,4,unavailable|no_price|low_rating|no_size|material_unclear|blur_image|no_bullets,eva,semi,yes_somewhat,better_function,5,5
A,"I'm cautious about materials touching my bathroom and want a liner that feels well-made rather than disposable-cheap. The AmazerBath has a strong 4.5★ rating with over 4,000 reviews, an eco-friendly BPA-free EVA material, brass grommets and a weighted hem, so I'm willing to pay more for quality I can trust.",already_chosen,price_suspicious|brand|look,price_suspicious|brand|look|few_reviews,few_reviews|material|pack,look|few_reviews|availability,availability|few_reviews|size,page2,page1,reviews,material,4,4,4,2,4,3,5,5,unavailable|no_price|low_rating|few_reviews|no_size|material_unclear|blur_image,eva,semi,yes_somewhat,better_rating,4,4
A,"I'm retired and not pinching pennies, so I'd rather pay a little more for a liner I can trust. The AmazerBath has over 4,000 reviews at 4.5 stars, 100% EVA that's BPA-free and odor-free, brass grommets, and a weighted hem — that's the kind of proven, well-made liner I want in my bathroom.",already_chosen,price_suspicious|look|brand|review_concern,price_suspicious|look|brand|review_concern,few_reviews|material|pack|info_incomplete,look|rating|few_reviews|availability,availability|few_reviews|size|brand,page2,page1,reviews,material,4,5,4,2,4,3,5,5,unavailable|no_price|low_rating|no_size|material_unclear|blur_image|no_bullets,eva,semi,yes_somewhat,better_rating,5,4
C,"I want an affordable, odor-free EVA liner with magnets to keep it in place. The LQFMEHOT has the highest rating among the budget options with a decent review count, plus a subtle blue wave look that suits my bathroom.",price_too_high,few_reviews,already_chosen,few_reviews|material,look|few_reviews,availability|few_reviews,page2,page1,price_value,rating,4,4,4,2,5,5,5,4,unavailable|no_price|low_rating|few_reviews|no_size|material_unclear,eva,semi,yes_somewhat,better_rating,5,4
C,"It has the highest rating (4.6) and nearly a thousand reviews, so the evidence is solid. At $7.09 it's the cheapest single liner, it's EVA (odor-free, no PVC worry), and it has the three magnets and weighted hem I want to keep it against the tub. The subtle blue wave pattern is tasteful without being loud.",price_too_high|availability,look|price_suspicious,already_chosen,few_reviews|material,look|few_reviews,availability|few_reviews,page2,page1,reviews,price_value,4,4,4,2,4,5,5,4,unavailable|no_price|low_rating|few_reviews|no_size|material_unclear|blur_image,eva,semi,yes_somewhat,better_rating,5,4
B,"It has a solid 4.4 rating with nearly 1,900 reviews, a real magnet-weighted hem, and 70% EVA which I prefer for safety. At $7.19 it's an excellent value without the red flags of the few-review or unavailable listings.",price_too_high|availability,already_chosen,price_suspicious|brand,few_reviews|material,look|transparency,availability|few_reviews,page2,page1,reviews,price_value,4,4,4,2,4,5,5,4,unavailable|no_price|low_rating|few_reviews|no_size|material_unclear|blur_image|no_bullets,eva,semi,unlikely,better_function,5,4
B,"I want a liner that stays put against the tub, and this one has 3 bottom magnets plus a weighted hem, which is exactly what I need at 72x72. The 4.4 stars across 1,872 reviews gives me real evidence it holds up, and at $7.19 it's a fair price for a single liner. I'm not paying $18.99 for a liner, and I won't gamble on a listing with only 16 reviews.",price_too_high|availability,already_chosen,few_reviews|look,few_reviews|material|pack,look|rating|availability,few_reviews|size,page2,page1,magnet,reviews,5,5,4,2,5,4,5,5,unavailable|no_price|few_reviews|no_size|material_unclear|blur_image,eva,semi,yes_somewhat,better_rating,5,4
C,"It has the highest rating (4.6★) with a solid review base (974), a reasonable price of $7.09, and the features I care about most — 3 heavy magnets at the bottom, a waterproof wipe-clean EVA surface, and a rust-proof header. The Art-Deco blue water-wave look is attractive and light-filtering, which suits my bathroom.",price_too_high,look,already_chosen,few_reviews|rating,look|few_reviews,availability|few_reviews,page2,page1,rating,price_value,4,5,4,2,4,4,5,4,unavailable|no_price|low_rating|few_reviews|blur_image,eva,semi,yes_somewhat,better_rating,5,4
C,"It's the cheapest option at $7.09 and has the highest rating (4.6★) with a solid 974 reviews, plus it has the magnets and weighted hem I want. The Art-Deco blue wave design also looks nicer than a plain liner, and it's in stock.",price_too_high|availability,few_reviews|rating,already_chosen,few_reviews|material,look|transparency|availability,availability|few_reviews|size,page2,page1,price_value,reviews,4,4,4,2,4,5,5,4,unavailable|no_price|low_rating|few_reviews|no_size|material_unclear|blur_image,eva,semi,yes_somewhat,better_rating,5,4
C,"It has the highest rating (4.6★) with a solid review count (974) and a very low price of $7.09. The EVA material is odor-free and waterproof with 3 magnets at the hem, which is exactly the functional set I want, and the Art-Deco blue wave look is attractive without being flashy.",price_too_high,rating|price_suspicious,already_chosen,few_reviews|pack,look|transparency|rating,availability|few_reviews,page2,page1,rating,price_value,4,5,4,2,4,5,5,4,unavailable|no_price|low_rating|few_reviews|no_size|material_unclear|blur_image,eva,semi,yes_somewhat,better_rating,5,4
A,"I'm cautious about cheap plastics and want a liner I can trust in a humid bathroom. Option A has by far the strongest evidence base — 4.5 stars across 4,156 reviews — plus BPA-free, odor-free EVA, brass grommets and a weighted hem. The $18.99 price is higher than the others, but for something I'll touch and look at daily, I'd rather pay once for a proven, well-documented product.",already_chosen,price_suspicious|brand|few_reviews,price_suspicious|brand|few_reviews,few_reviews|material|pack,look|few_reviews|availability,availability|few_reviews|size|material,page2,page1,reviews,material,4,5,4,2,4,4,5,4,unavailable|no_price|low_rating|few_reviews|no_size|material_unclear|blur_image,eva,semi,yes_somewhat,better_rating,4,4
B,"It hits the sweet spot for me: a real EVA liner (not the cheap PEVA/PVC I avoid), magnets at the hem to keep it against the tub, a decent 4.4★ with nearly 1,900 reviews, and it's in stock at $7.19. I'd rather spend a few dollars more than the absolute cheapest option to get a texture that won't look flimsy in my bathroom.",price_too_high|transparency,already_chosen,brand|price_suspicious,few_reviews|material,look|availability,availability|few_reviews,page2,page1,price_value,reviews,4,4,4,2,4,5,5,4,unavailable|no_price|low_rating|few_reviews|no_size|material_unclear|blur_image,eva,semi,yes_somewhat,better_rating,5,4
B,"It's the best balance of low price, solid 4.4-star rating with nearly 1,900 reviews, and functional features I actually care about — 3 magnets to hold the liner against the tub, metal grommets, and a weighted hem. The 3D cube texture looks decent and EVA is a safer material than PVC, so I get value without feeling like I'm gambling on quality.",price_too_high|transparency,already_chosen,brand|price_suspicious,few_reviews|look|pack,transparency|availability|few_reviews,availability|few_reviews|size,page2,page1,price_value,reviews,4,4,3,2,4,5,5,4,unavailable|no_price|no_size|material_unclear|blur_image|low_rating,eva,semi,yes_somewhat,better_function,5,4
C,"I want a cheap, low-risk liner that still looks nice and has real review backing, and C hits all three: $7.09, 4.6 stars with nearly 1,000 reviews, plus EVA material (odor-free, no PVC worry) and magnets at the hem. The Art-Deco water-wave gradient is more interesting than a plain clear liner, and at this price I can replace it without thinking twice.",price_too_high|transparency|look,few_reviews|look|price_suspicious,already_chosen,few_reviews|pack|material,look|few_reviews|transparency,availability|few_reviews|size,page2,page1,price_value,reviews,4,5,4,2,4,5,5,4,unavailable|no_price|no_size|material_unclear|blur_image|low_rating,eva,semi,yes_somewhat,better_value,5,5
C,"It has the highest rating (4.6) with a solid review count (974), which gives me confidence it's reliable. The EVA material is odor-free and safe, it has 3 heavy magnets to keep it against the tub, and at $7.09 it's excellent value. The Art-Deco wave look is also attractive without being flashy.",price_too_high|transparency,look|few_reviews,already_chosen,few_reviews|pack,look|few_reviews,availability|few_reviews,page2,page1,rating,price_value,4,4,3,2,4,5,5,4,unavailable|no_price|few_reviews|material_unclear|blur_image,eva,semi,yes_somewhat,better_rating,5,4
C,"I want a liner that's cheap but still has a solid track record, and the LQFMEHOT wave liner hits that sweet spot at $7.09 with a 4.6 rating and nearly a thousand reviews. It's EVA, odor-free, has the three bottom magnets I want so it stays put against the tub, and it's in stock. I don't need to spend near twenty bucks on a liner when this one does the job.",price_too_high,look|rating,already_chosen,few_reviews|material,look|few_reviews,availability|few_reviews,page2,page1,price_value,magnet,4,4,4,2,4,5,5,4,unavailable|no_price|low_rating|few_reviews|no_size|material_unclear|blur_image,eva,semi,yes_somewhat,better_function,5,4
A,"I'm retired and I've learned the hard way that cheap liners get moldy and stiff within months, so I'd rather pay a bit more once. The AmazerBath has over 4,000 reviews at 4.5 stars, a soft silky EVA feel with brass grommets and a weighted hem, and the emerald green looks a bit elegant rather than like a hospital shower. Eighteen dollars is fine for something I'll look at every day.",already_chosen,price_suspicious|look|material,price_suspicious|brand|look,few_reviews|material|pack,look|transparency|rating,availability|few_reviews|size,page2,page1,reviews,material,4,5,4,2,4,3,5,5,unavailable|no_price|low_rating|few_reviews|blur_image,eva,semi,yes_somewhat,nothing,4,4
C,"It has the best combination of a strong 4.6 rating with a solid review count (974), a low $7.09 price, and the features I actually care about — magnets at the hem, waterproof EVA, and a nice Art-Deco wave look that fits my bathroom. I don't need to pay $18.99 for a liner when this one covers everything.",price_too_high,look,already_chosen,few_reviews|material,look|transparency,availability|few_reviews,page2,page1,price_value,reviews,4,4,4,2,4,5,5,4,unavailable|no_price|few_reviews|material_unclear|blur_image,eva,semi,yes_somewhat,better_value,5,4
C,"I want a liner that is genuinely pleasant to look at without paying a luxury price, and the LQFMEHOT water-wave EVA liner hits that balance — the Art-Deco ripple pattern is more interesting than a plain sheet, the 4.6-star rating with nearly 1,000 reviews feels well-evidenced, and at $7.09 it's an easy, low-risk buy. The magnets and tear-proof header are the functional touches I actually need.",price_too_high,look,already_chosen,few_reviews|pack,look|transparency,availability|few_reviews,page2,page1,rating,price_value,4,5,4,2,4,4,5,4,unavailable|no_price|low_rating|few_reviews|no_size|material_unclear|blur_image,eva,semi,yes_somewhat,better_rating,5,4
A,"I want a durable, odor-free EVA liner with a reinforced header and weighted hem, and AmazerBath has the strongest evidence with 4.5 stars across 4,156 reviews. The $18.99 price is higher than others, but for a liner I keep for a year I'd rather pay more for proven quality and eco-friendly BPA-free material.",already_chosen,price_suspicious|brand|look,price_suspicious|brand|few_reviews|look,few_reviews|material|brand,look|few_reviews|availability|brand,availability|few_reviews|size|brand,page2,page1,reviews,material,4,4,4,2,4,3,5,5,unavailable|no_price|low_rating|no_size|material_unclear|no_bullets,eva,semi,yes_somewhat,better_rating,4,4
B,"I want a liner that stays put against the tub and doesn't look cheap, and the jssablo has 3 magnets, a 3D cube texture that reads premium, and a solid 4.4 stars from nearly 1,900 reviewers. At $7.19 it's an easy, low-risk buy for a bathroom item I replace often.",price_too_high|availability,already_chosen,brand|few_reviews,few_reviews|material,look|availability,availability|few_reviews,page2,page1,price_value,magnet,4,4,4,2,4,5,4,4,unavailable|low_rating|no_size|material_unclear|blur_image,eva,semi,yes_somewhat,better_function,5,4
C,"It has the highest rating (4.6) with a solid review count (974), a waterproof EVA build with magnets and a tear-proof header, and at $7.09 it is the best value on the shelf. The Art-Deco blue wave look is a nice bonus for my bathroom.",price_too_high|look,rating,already_chosen,few_reviews|material,availability|look,availability|few_reviews,page2,page1,price_value,rating,4,4,4,2,4,5,5,4,unavailable|no_price|low_rating|few_reviews|no_size|material_unclear|blur_image,eva,semi,yes_somewhat,better_rating,5,4
B,"The jssablo Blue Cube has a nice 3D textured look I'd actually enjoy in my bathroom, it's EVA (odor-free and safer than PVC), and it has magnets at the bottom to keep it against the tub. At $7.19 with 1,872 reviews and 4.4 stars, it's a low-risk, good-value pick.",price_too_high|availability,already_chosen,look|brand,few_reviews|material,look|transparency,availability|few_reviews,page2,page1,price_value,appearance,4,5,4,2,4,5,4,4,unavailable|no_price|low_rating|no_size|material_unclear|blur_image,eva,semi,yes_somewhat,better_value,5,4
B,"I want a liner that looks intentional (not plain clear plastic) but stays cheap, and B hits that balance at $7.19 with a 4.4 rating from nearly 1,900 reviews. The 3D cube texture and gradient blue read as premium without paying AmazerBath prices, and it has the 12 metal grommets plus 3 magnets I care about.",price_too_high|transparency,already_chosen,brand|few_reviews|look,few_reviews|material|look,availability|few_reviews|look,availability|few_reviews|size,page2,page1,price_value,reviews,4,4,4,2,4,5,5,4,unavailable|no_price|low_rating|few_reviews|no_size|material_unclear|blur_image,eva,semi,yes_somewhat,better_rating,5,4
B,"It hits the sweet spot: a very low $7.19 price with a solid 4.4★ from 1,872 reviews, so it's well-proven. The 70% EVA material is odor-free and safer than PVC, and the 3 magnets plus weighted hem keep it against the tub. The 3D cube texture looks more premium than a plain liner at this price.",price_too_high|look,already_chosen,brand|price_suspicious,few_reviews|material,rating|availability|look,availability|few_reviews|size,page2,page1,price_value,reviews,4,4,4,2,3,5,5,4,unavailable|no_price|low_rating|no_size|material_unclear|blur_image,eva,semi,yes_somewhat,better_rating,5,4
C,"It has the highest rating (4.6) with a solid review count, a low price, and the features I actually care about: magnets at the bottom, weighted hem, waterproof, and odor-free EVA. The blue water-wave look is subtle enough for my bathroom.",price_too_high|transparency|availability,price_suspicious|look|few_reviews,already_chosen,few_reviews|material|pack,look|few_reviews|availability,availability|few_reviews|size,page2,page1,rating,price_value,4,4,4,2,4,5,5,4,unavailable|no_price|low_rating|few_reviews|no_size|material_unclear|blur_image,eva,semi,yes_somewhat,better_function,5,4
C,"I want a cheap, no-nonsense liner that stays put against the tub, and option C has the highest rating (4.6) with a solid review count at the lowest price ($7.09). The magnets at the bottom and the rust-proof grommets cover my main functional needs, and I don't mind a bit of wave texture.",price_too_high,look|rating,already_chosen,few_reviews|pack,look|availability,few_reviews,page2,page1,price_value,rating,3,4,4,2,4,5,4,3,unavailable|no_price|low_rating|few_reviews|no_size|material_unclear|blur_image,eva,semi,yes_somewhat,lower_price,5,4
C,"It has the best combination of a strong rating (4.6★, ~974 reviews), a low price ($7.09), EVA material, magnets, and a design I actually like. The Art-Deco wave pattern in blue fits my bathroom's modern look, and the reviews give me enough confidence in quality.",price_too_high,look|rating,already_chosen,few_reviews|material|look,look|transparency|few_reviews,availability|few_reviews,page2,page1,rating,price_value,4,5,4,2,4,5,5,4,unavailable|no_price|low_rating|no_size|material_unclear|blur_image,eva,semi,yes_somewhat,better_rating,5,4
C,"It has the highest rating (4.6) with a solid 974 reviews, it's the cheapest at $7.09, and it has the weighted magnets and rust-proof grommets I want. The blue wave look is fine for my bathroom and EVA is odor-free and easy to wipe clean.",price_too_high|look,rating|look,already_chosen,few_reviews|material,rating|transparency|availability,availability|few_reviews|size,page2,page1,price_value,reviews,4,4,3,2,4,5,5,4,unavailable|no_price|low_rating|few_reviews|no_size|material_unclear|blur_image,eva,semi,yes_somewhat,better_rating,5,4
B,"It hits the sweet spot for me: a very low price with a solid 4.4★ from nearly 1,900 reviews, so the evidence feels reliable. The 3D cube texture looks premium and modern, it has magnets and a weighted hem to keep it against the tub, and EVA is odor-free and safer than PVC.",price_too_high|look|transparency,already_chosen,brand|few_reviews|look,few_reviews|material|pack,look|availability|transparency,availability|few_reviews,page2,page1,price_value,reviews,4,5,4,2,4,5,5,4,unavailable|no_price|low_rating|few_reviews|no_size|material_unclear|blur_image,eva,semi,yes_somewhat,better_function,5,4
C,"It has the highest rating (4.6★) among the liners with a meaningful review base (974 reviews), it's the cheapest at $7.09, and it has the weighted magnets and rust-proof grommets I want. EVA is odor-free and the wave pattern is subtle enough for my bathroom.",price_too_high|look,price_suspicious|look|rating,already_chosen,few_reviews|material|pack,look|rating|few_reviews,availability|few_reviews,page2,page1,reviews,price_value,4,4,4,2,4,5,5,4,unavailable|no_price|low_rating|few_reviews|no_size|material_unclear|blur_image,eva,semi,yes_somewhat,better_rating,5,4
A,"I want a liner that is odor-free, BPA-free, and clearly well-made, and AmazerBath has the strongest track record here — 4.5 stars across 4,156 reviews. The brass grommets, reinforced header, and weighted bottom read as durable and low-hassle, and I'm happy to pay more for a liner I won't have to replace or fight with. The emerald semi-transparent look is a bonus I actually like.",already_chosen,price_suspicious|brand|look|material,price_suspicious|brand|few_reviews|look,few_reviews|material|look|rating,look|few_reviews|brand,few_reviews|size|transparency,page2,page1,reviews,material,4,4,4,2,4,3,5,5,unavailable|no_price|low_rating|few_reviews|no_size|material_unclear|blur_image,eva,semi,yes_somewhat,better_rating,4,4
C,"The LQFMEHOT water-wave liner has the highest rating (4.6★ with ~974 reviews), a low $7.09 price, odor-free EVA, 3 heavy magnets and a tear-proof header. The gradient blue wave look fits my modern bathroom, and it's in stock — best mix of proven quality, function and value for a practical liner.",price_too_high,look,already_chosen,few_reviews|material,look|few_reviews,availability|few_reviews,page2,page1,reviews,price_value,4,4,4,2,4,5,5,4,unavailable|no_price|low_rating|no_size|material_unclear|blur_image,eva,semi,yes_somewhat,better_rating,5,4
A,"I prefer a liner with a proven track record and safety assurances, and Option A has the strongest review base (4,156 reviews at 4.5 stars) plus BPA-free, odor-free EVA and brass grommets. The price is higher, but for something I'll look at every day and want to last, I'm willing to pay for quality and reliability.",already_chosen,price_suspicious|brand|look,price_suspicious|brand|look,few_reviews|brand|material,look|few_reviews|availability,availability|few_reviews,page2,page1,reviews,material,4,4,4,2,4,4,5,5,unavailable|no_price|low_rating|few_reviews|no_size|material_unclear|blur_image|no_bullets,eva,semi,yes_somewhat,better_rating,4,4
A,"I want a liner that actually lasts and doesn't smell like chemicals, and the AmazerBath has the strongest evidence behind it — 4.5 stars across 4,000+ reviews, BPA-free EVA, rustproof brass grommets and a weighted hem. The price is higher than the others, but for something I'll look at every day in a bright bathroom, the emerald semi-transparent look and build quality are worth it.",already_chosen,look|price_suspicious|brand,look|price_suspicious|brand,few_reviews|material|pack,look|transparency|availability,availability|few_reviews|material,page2,page1,reviews,material,4,5,4,2,4,4,5,4,unavailable|no_price|low_rating|no_size|material_unclear|blur_image,eva,semi,yes_somewhat,better_rating,4,4
A,"I'm buying for a family bathroom used daily, so I prioritize safety and reliability over saving a few dollars. Option A's 100% EVA BPA-free, odor-free material, rustproof brass grommets, reinforced header, and weighted hem, backed by 4.5 stars across 4,156 reviews, give me the confidence and durability I want. The $18.99 price is acceptable for a liner that should last and stay put.",already_chosen,brand|few_reviews|price_suspicious|look,brand|few_reviews|price_suspicious|look,few_reviews|material|pack,few_reviews|transparency|availability|brand,availability|few_reviews|brand,page2,page1,material,reviews,4,4,4,2,4,4,5,5,unavailable|no_price|low_rating|no_size|material_unclear|blur_image|no_bullets,eva,semi,yes_somewhat,better_rating,4,5
A,"I chose Option A because it has by far the most review evidence (4,156 reviews at 4.5 stars), which is the strongest reliability signal on this shelf. The EVA material is odor-free and BPA-free, and the 12 rustproof brass grommets, reinforced double-layered header and weighted bottom stones address the durability and fit concerns I care about most. The $18.99 price is higher than the others, but for a liner I want to trust and not replace in six months, the extra cost is acceptable.",already_chosen,price_suspicious|brand|few_reviews|look,price_suspicious|brand|few_reviews|look,few_reviews|material|brand|pack,few_reviews|brand|look|availability,availability|few_reviews|size,page2,page1,reviews,material,4,5,5,2,5,4,5,5,unavailable|no_price|low_rating|few_reviews|no_size|material_unclear|blur_image,eva,semi,yes_somewhat,better_rating,4,4
C,"C has the highest rating (4.6) with a solid review count (974) and the lowest price ($7.09), plus it checks every functional box I care about: EVA material, 3 heavy magnets at the hem, rust-proof grommets, and a tear-proof header. The blue water-wave gradient also looks clean without being gaudy.",price_too_high|look|availability,price_suspicious|rating|brand,already_chosen,few_reviews|material|pack,look|availability|rating,availability|few_reviews|size,page2,page1,reviews,price_value,4,5,4,2,4,5,5,4,unavailable|no_price|low_rating|few_reviews|no_size|material_unclear|blur_image,eva,semi,yes_somewhat,better_rating,5,4
C,"I want a liner with a magnetic weighted hem so it stays put against the tub, and this one has 3 heavy magnets plus a good 4.6-star rating. At $7.09 it's the cheapest option and still has nearly a thousand reviews, which feels like solid evidence for a simple bathroom item.",price_too_high|look,look|rating,already_chosen,few_reviews|pack,look|rating,availability|few_reviews,page2,page1,price_value,magnet,4,5,4,2,4,5,5,4,unavailable|no_price|low_rating|few_reviews|no_size|material_unclear|blur_image,eva,semi,yes_somewhat,better_function,5,4
B,"I need a liner that actually stays put against the tub with three kids splashing around, and B has magnets plus a weighted hem at $7.19. The 4.4 stars across 1,872 reviews gives me real evidence it holds up, unlike the listings with 10-16 reviews. The 3D cube texture hides water spots and soap scum better than a plain clear liner, which matters when I'm not scrubbing it daily.",price_too_high|availability,already_chosen,few_reviews|brand,few_reviews|material|pack,few_reviews|transparency,few_reviews|size,page2,page1,reviews,magnet,4,5,4,2,5,4,5,5,unavailable|no_price|few_reviews|no_size|material_unclear|blur_image|no_bullets,eva,semi,yes_somewhat,better_function,5,4
B,"I want a liner that looks nice but doesn't cost much, and B hits both — the gradient blue 3D cube texture looks premium, it has magnets to hold it against the tub, and 1,872 reviews at 4.4★ is enough evidence for me. At $7.19 it's a low-risk buy that I can replace without guilt if it wears out.",price_too_high|availability,already_chosen,look|brand,few_reviews|material|pack,look|few_reviews|availability,availability|few_reviews,page2,page1,price_value,reviews,4,5,4,2,4,5,5,4,unavailable|no_price|low_rating|few_reviews|no_size|material_unclear|blur_image,eva,semi,yes_somewhat,better_function,5,5
A,"I want a liner I can trust to last and stay put, and the AmazerBath has the strongest evidence behind it — a 4.5-star rating with over 4,000 reviews, plus brass grommets, a reinforced double-layered header and weighted stones. It's the priciest at $18.99, but for something I'll look at every day I'd rather pay more for proven quality and BPA-free, odor-free EVA.",already_chosen,price_suspicious|brand|look|rating,price_suspicious|brand|look,few_reviews|material|pack|brand,look|rating|few_reviews|availability,availability|few_reviews|size,page2,page1,reviews,material,4,5,4,2,5,4,5,5,unavailable|no_price|low_rating|few_reviews|no_size|material_unclear|blur_image,eva,semi,yes_somewhat,better_rating,4,4
C,"I want a lightweight EVA liner that's odor-free and easy to wipe down, and C hits that at the lowest price on the shelf. It has a strong 4.6★ rating from nearly 1,000 reviewers, 3 heavy magnets to keep it against the tub, and a rust-resistant header — the water-wave look is a nice bonus without being loud.",price_too_high|look,look|price_suspicious,already_chosen,few_reviews|material|pack,look|availability,availability|few_reviews|size,page2,page1,price_value,reviews,4,5,4,2,4,5,5,4,unavailable|no_price|low_rating|no_size|material_unclear|blur_image,eva,semi,yes_somewhat,better_rating,5,4
C,"I want a liner that looks nice without spending much, and C has the strongest rating (4.6) with a solid number of reviews at a very low price. The blue water-wave pattern feels elegant and the magnets plus weighted hem are exactly the functional features I look for.",price_too_high|transparency|availability,look|rating,already_chosen,few_reviews|material|pack,look|few_reviews|availability,availability|few_reviews|size,page2,page1,rating,price_value,4,5,4,2,4,4,5,4,unavailable|no_price|low_rating|few_reviews|material_unclear|blur_image,eva,semi,yes_somewhat,better_rating,5,4
C,"Best combination of price and evidence: at $7.09 it's the cheapest option but still has a strong 4.6★ rating with ~974 reviews, plus the functional features I want (3 heavy magnets, weighted hem, tear-proof header, anti-rust grommets). The Art-Deco blue wave look is attractive without being loud, and it's in stock and ready to ship.",price_too_high|availability,look|price_suspicious,already_chosen,few_reviews|material,look|availability,availability|few_reviews,page2,page1,price_value,reviews,4,4,4,2,4,5,5,4,unavailable|no_price|low_rating|few_reviews|no_size|material_unclear|blur_image,eva,semi,yes_somewhat,better_rating,5,4
A,"I'm brand-loyal and value quality and safety over saving a few dollars. The AmazerBath liner is EVA, BPA-free and odor-free with rustproof brass grommets and a weighted hem, and its 4.5★ rating across 4,156 reviews gives me real confidence. The emerald green semi-transparent look is attractive and fits my tidy, modern bathroom.",already_chosen,brand|price_suspicious|material,brand|price_suspicious|look,few_reviews|brand|material,few_reviews|look|availability,availability|few_reviews,page2,page1,material,reviews,4,4,4,2,4,3,5,5,unavailable|no_price|low_rating|few_reviews|no_size|material_unclear|blur_image,eva,semi,yes_somewhat,better_rating,4,4
B,"It's the best balance of what matters to me: a well-reviewed liner (4.4★, 1,872 reviews), in stock, at a genuinely low price. The 3D cube EVA texture looks nicer than a plain liner, and it has the 3 magnets at the hem I want so it stays against the tub. EVA is odor-free and safer than PVC, which fits my household's preferences.",price_too_high,already_chosen,brand|review_concern,few_reviews|material,look|availability|review_concern,availability|few_reviews|size,page2,page1,reviews,price_value,4,5,4,2,4,5,5,4,unavailable|no_price|low_rating|few_reviews|no_size|material_unclear|blur_image|no_bullets,eva,semi,yes_somewhat,better_rating,5,5
C,"It has the highest rating (4.6) with a solid 974 reviews, which makes it trustworthy, and at $7.09 it's the cheapest option on the shelf. The blue water-wave design is nice enough, it's odor-free EVA, and it has the 3 magnets and weighted hem I want to keep it against the tub.",price_too_high|availability,look|brand,already_chosen,few_reviews|material,look|rating,availability|few_reviews,page3,page2,price_value,rating,4,4,4,2,4,5,5,4,unavailable|no_price|low_rating|few_reviews|no_size|material_unclear|blur_image,eva,semi,yes_somewhat,better_rating,5,4
B,"It's the best mix of cheap price, solid 4.4-star rating with nearly 1,900 reviews, and a weighted magnetic hem that actually keeps the liner against the tub. EVA material with a BPA-free-ish story is fine for me, and the 3D cube texture looks nicer than a plain clear liner.",price_too_high|transparency|material,already_chosen,brand|info_incomplete,few_reviews|material|pack,look|rating|availability|review_concern,availability|few_reviews|size,page2,page1,price_value,reviews,4,4,4,2,4,5,5,4,unavailable|no_price|low_rating|few_reviews|no_size|material_unclear|blur_image,eva,semi,yes_somewhat,better_rating,5,4
A,"I'd buy the AmazerBath emerald EVA liner. It has by far the strongest evidence base — 4.5 stars across 4,156 reviews — plus a thick double-layered header, 12 brass grommets and a weighted hem, which is exactly the durability and 'stays put' stuff I care about. The soft-touch EVA is odor-free/BPA-free, and at $18.99 for a single liner I'm paying for something that won't need replacing in six months.",already_chosen,price_suspicious|brand|few_reviews|material,price_suspicious|brand|few_reviews|look,few_reviews|material|pack,review_concern|few_reviews|transparency|availability,availability|few_reviews,page2,page1,reviews,material,4,4,4,2,4,4,5,5,unavailable|no_price|low_rating|few_reviews|no_size|material_unclear|blur_image|no_bullets,eva,semi,unlikely,better_rating,4,4
C,"It's the best blend of price, evidence, and function for me. At $7.09 with a 4.6★ rating from nearly 1,000 reviewers, it has strong proof of quality, and the EVA material, magnets, and weighted hem are exactly the practical features I want.",price_too_high|look,look|price_suspicious,already_chosen,few_reviews|material,look|availability,availability|few_reviews|size,page2,page1,price_value,reviews,4,4,4,2,4,5,5,4,unavailable|no_price|low_rating|no_size|material_unclear|blur_image,eva,semi,yes_somewhat,better_rating,5,5
C,"It has the highest rating (4.6) with a solid review count (974), a low $7.09 price, and includes the weighted magnets and rust-proof grommets I want. The wave pattern is a bit decorative for my taste, but the combination of price, rating, and function is the best fit for a practical liner.",price_too_high|look,look|material,already_chosen,few_reviews|material,look|few_reviews,availability|few_reviews|size,page2,page1,rating,price_value,4,4,4,2,4,5,5,4,unavailable|no_price|low_rating|few_reviews|no_size|material_unclear|blur_image|no_bullets,eva,semi,yes_somewhat,better_rating,5,4
A,"I'll pay a bit more for the AmazerBath because of its strong review base (4,156 reviews at 4.5★) and its genuinely nicer look — the emerald EVA with brass grommets and a weighted hem reads as a quality upgrade rather than a throwaway plastic sheet. As a renter who cares about quality over quantity, the eco-friendly, odor-free EVA and rustproof hardware make it worth the $18.99.",already_chosen,price_suspicious|brand|look,price_suspicious|brand|look,few_reviews|material|look,look|few_reviews,availability|few_reviews|size,page2,page1,reviews,material,4,5,4,2,4,4,5,4,unavailable|no_price|low_rating|few_reviews|no_size|material_unclear|blur_image,eva,semi,yes_somewhat,better_rating,4,4
C,"I want a liner that stays put and looks nice without spending much — the LQFMEHOT has a 4.6★ rating with nearly 1,000 reviews, three heavy magnets, and a tear-proof header, all for $7.09. The Art-Deco blue wave look is a pleasant bonus for a grandparent's bathroom refresh.",price_too_high|availability,few_reviews|look,already_chosen,few_reviews|material|pack,look|few_reviews|availability,availability|few_reviews,page2,page1,price_value,reviews,4,5,4,2,4,5,5,4,unavailable|no_price|no_size|material_unclear|blur_image,eva,semi,yes_somewhat,better_function,5,5
B,"It's cheap at $7.19, has a solid 4.4★ with nearly 1,900 reviews, and the 3D cube texture gives it a premium look. Magnets at the bottom and a 70% EVA material that's healthier than PVC seal the deal.",price_too_high,already_chosen,price_suspicious|look,few_reviews|pack,look|availability,availability|few_reviews,page2,page1,price_value,reviews,4,4,3,2,3,5,5,4,unavailable|no_price|low_rating|few_reviews|no_size|material_unclear|blur_image,eva,semi,yes_somewhat,better_rating,5,4
C,"It has the highest rating on the shelf (4.6 with ~1,000 reviews), a low price, EVA material that's odor-free and safe, and three heavy magnets plus a weighted hem so it stays put. The Art-Deco wave design is subtle enough for my bathroom without being plain.",price_too_high|look,look|few_reviews,already_chosen,few_reviews|material,look|availability,availability|few_reviews,page2,page1,rating,reviews,4,5,4,2,5,4,5,4,unavailable|no_price|low_rating|few_reviews|no_size|material_unclear|blur_image,eva,semi,yes_somewhat,better_rating,5,5
C,"It's the best all-round value for me: under $8, a strong 4.6 rating, and it has the three things I actually care about — EVA material (odor-free, no PVC worries), a weighted magnetic hem so it stays put, and a rustproof/tear-proof header that should last. The blue wave texture is subtle and pretty without being loud, and it's in stock and ready to ship.",price_too_high|transparency,price_suspicious|look,already_chosen,few_reviews|material|pack,look|availability|few_reviews,availability|few_reviews,page2,page1,price_value,reviews,4,4,4,2,4,5,5,4,unavailable|no_price|no_size|material_unclear|low_rating|blur_image,eva,semi,yes_somewhat,better_rating,5,4
C,"The LQFMEHOT liner has the highest rating on the shelf (4.6★ with ~974 reviews), a low $7.09 price, and the features I actually care about: magnets at the bottom, a rust-proof header, and odor-free EVA. The blue water-wave texture looks nice without being too loud for my bathroom.",price_too_high|look,look|few_reviews,already_chosen,few_reviews|material,look|few_reviews,availability|few_reviews,page2,page1,price_value,reviews,4,4,4,2,4,5,5,4,unavailable|no_price|low_rating|few_reviews|no_size|material_unclear|blur_image|no_bullets,eva,semi,yes_somewhat,better_rating,5,5
C,"The LQFMEHOT liner has the highest rating (4.6★) with a solid 974 reviews, so I trust it more than the newer listings. At $7.09 it's the best value, and the EVA material with 3 magnets, weighted hem, and odor-free claim fits everything I need for a bathroom liner.",price_too_high|transparency,look|price_suspicious,already_chosen,few_reviews|material,look|availability,availability|few_reviews,page2,page1,price_value,reviews,4,4,4,2,4,5,5,4,unavailable|no_price|low_rating|few_reviews|no_size|material_unclear|blur_image,eva,semi,yes_somewhat,better_rating,5,4
C,"It's $7.09, has magnets and a weighted hem so it stays put, and 4.6 stars from nearly a thousand reviews is the best evidence on this shelf. Cheap enough that if it dies in a year I don't care, and it's actually in stock.",price_too_high,look,already_chosen,few_reviews|pack,look|availability,availability|few_reviews,page1,page1,price_value,rating,4,4,3,1,4,5,4,3,unavailable|no_price|low_rating|no_size|material_unclear|blur_image,eva,semi,unlikely,lower_price,5,4
A,"I want a soft-touch, odor-free EVA liner with a weighted hem, and the AmazerBath has by far the strongest review base (4.5★, 4,156 reviews) plus reinforced brass grommets and weighted stones. I'm willing to pay more for the emerald-green look, which suits my bathroom, and the soft-touch EVA feels like the most durable, safe option here.",already_chosen,few_reviews|look|material,few_reviews|look|material,few_reviews|material|pack,look|transparency|few_reviews,availability|few_reviews|size,page2,page1,reviews,material,4,5,4,2,4,4,5,4,unavailable|no_size|material_unclear|blur_image,eva,semi,yes_somewhat,better_rating,4,4
C,"It has the highest rating (4.6) with a solid ~974 reviews, costs the least at $7.09, and has the features I want: EVA material, magnets at the hem, and a rust-proof header. The wave pattern is a bit decorative for my taste, but at that price and rating it's the safest practical pick.",price_too_high|availability|transparency,look|price_suspicious|brand,already_chosen,few_reviews|material|pack,look|availability|brand,availability|few_reviews,page2,page1,rating,price_value,4,4,4,2,4,5,5,4,unavailable|no_price|low_rating|few_reviews|no_size|material_unclear|blur_image,eva,semi,yes_somewhat,better_rating,5,4
C,"I want a cheap, simple, waterproof EVA liner with magnets at the bottom and a good track record, and this one has the highest rating (4.6) with a solid 974 reviews plus the lowest price. I'm 65 and I've bought enough of these to know the fancy stuff is wasted on me — I just want it to hang straight, stay put, and not stink up the bathroom.",price_too_high,look|few_reviews,already_chosen,few_reviews|material,look|availability,availability|few_reviews,page2,page1,rating,price_value,4,4,4,1,5,4,5,4,unavailable|no_price|low_rating|few_reviews|no_size|material_unclear|blur_image,eva,semi,yes_somewhat,better_rating,5,4
C,"It's cheap at $7.09, has the highest rating on the shelf (4.6 with ~974 reviews so it's actually trustworthy), and it has the weighted magnets I want plus a look I don't mind. For a liner that just gets gross and replaced anyway, I'm not spending $19.",price_too_high,look,already_chosen,few_reviews|material,look|few_reviews,availability|few_reviews,page2,page1,price_value,rating,4,4,3,1,3,5,4,3,unavailable|no_price|low_rating|no_size|material_unclear|blur_image,eva,semi,yes_somewhat,lower_price,5,4
C,"It has the best combination of a high rating (4.6★) with a solid review base (974 reviews), a very low price of $7.09, and the features I care about most: odor-free EVA, waterproof surface, anti-rust grommets, and 3 heavy magnets at the hem to keep it against the tub. The Art-Deco wave look is understated enough for my bathroom, and it's in stock.",price_too_high|transparency,look|few_reviews|review_concern,already_chosen,few_reviews|material|pack,look|rating|few_reviews,availability|few_reviews,page2,page1,price_value,reviews,4,4,4,2,4,5,5,4,unavailable|no_price|low_rating|few_reviews|no_size|material_unclear|blur_image,eva,semi,yes_somewhat,better_function,5,5
A,"I've spent decades in textiles and fashion design, so I know a well-made product when I see one, and the AmazerBath liner's reinforced double-layered header and 12 rustproof brass grommets tell me it will hold up. The thousands of reviews give me confidence, and the soft-touch emerald EVA with weighted stones is the kind of quality detail I appreciate.",already_chosen,price_suspicious|look,price_suspicious|brand|look,few_reviews|material|pack,look|few_reviews,availability|few_reviews|material,page2,page1,material,reviews,4,5,4,2,4,4,5,5,unavailable|no_price|low_rating|few_reviews|no_size|material_unclear|blur_image,eva,semi,yes_somewhat,better_rating,4,4
C,"I want a low-cost liner with strong evidence it won't stick to me in the shower, and C has the best rating on the shelf (4.6) with a healthy review count (974) plus the weighted magnets I care about. At $7.09 it's the cheapest option but the reviews make it feel like a safe value, and the blue wave pattern is subtle enough for my bathroom.",price_too_high|availability,look|price_suspicious,already_chosen,few_reviews,availability|look,availability|few_reviews|pack,page2,page1,rating,price_value,4,4,4,2,4,4,5,4,unavailable|no_price|low_rating|few_reviews|material_unclear|blur_image,eva,semi,yes_somewhat,better_rating,5,4
C,"The LQFMEHOT has the best combination of what I care about: a 4.6-star rating with nearly 1,000 reviews, EVA material (odor-free and safer than PVC), magnets plus a weighted hem, and a reasonable $7.09 price. The blue wave texture looks nice without being loud, and it's actually in stock.",price_too_high|availability|transparency,look|brand,already_chosen,few_reviews|material,look|transparency,availability|few_reviews|size,page2,page1,reviews,price_value,4,4,4,2,4,4,5,4,unavailable|low_rating|no_size|material_unclear|blur_image,eva,semi,yes_somewhat,better_rating,5,4
C,"It has the highest rating (4.6) with a solid review count (974), the lowest price ($7.09), and the features I care about — magnets at the hem, anti-rust grommets, odor-free EVA, and a light-filtering semi-transparent look.",price_too_high|transparency,look|rating,already_chosen,few_reviews|material,look|transparency|availability,availability|few_reviews,page2,page1,price_value,rating,4,4,4,2,5,5,5,4,unavailable|no_price|low_rating|no_size|material_unclear|blur_image,eva,semi,yes_somewhat,better_rating,5,4
C,"It has the highest rating (4.6) with a solid review count, a low price, and all the functional features I want — magnets, weighted hem, tear-proof header, and odor-free EVA. The Art-Deco wave look is a bonus, and it's in stock.",price_too_high,rating|few_reviews,already_chosen,few_reviews|material,look|few_reviews,availability|few_reviews,page2,page1,reviews,price_value,4,5,4,2,4,4,5,4,unavailable|no_price|material_unclear|blur_image|no_size,eva,semi,yes_somewhat,better_rating,5,4
C,"It's the cheapest option with the strongest evidence behind it — 4.6 stars across 974 reviews, which is a lot more reliable than the 2-packs and unknowns. EVA with a weighted hem and magnets, tear-proof header, and odor-free covers everything I actually need in a liner; I don't care that it's the least expensive, the review base tells me it holds up.",price_too_high|transparency,look|price_suspicious|brand,already_chosen,few_reviews|material|pack,look|few_reviews|availability,few_reviews|size,page2,page1,reviews,price_value,4,4,4,2,4,4,5,4,unavailable|no_price|low_rating|few_reviews|material_unclear|blur_image,eva,semi,yes_somewhat,better_rating,5,5
B,"The jssablo Blue Cube liner hits the sweet spot for me — it's only $7.19, has a solid 4.4 stars from nearly 1,900 reviewers, and it's actually in stock. I like that it has magnets to hold it against the tub and the 3D cube texture looks nicer than a plain clear liner, so it doesn't feel like a cheap throwaway.",price_too_high|availability,already_chosen,price_suspicious|look,few_reviews|material|pack,look|availability|rating,availability|few_reviews|missing_magnet,page2,page1,price_value,reviews,4,4,4,2,4,5,5,4,unavailable|no_price|low_rating|material_unclear|blur_image,eva,semi,yes_somewhat,better_rating,5,4
A,"I'm retired and I've bought enough cheap vinyl liners over the years to know that a $7 liner is a false economy — they stiffen up, smell like a chemical plant for a week, and the grommets tear out by month four. The AmazerBath is the only one on this shelf with a real review base behind it (4,156 reviews at 4.5 stars), BPA-free and odor-free EVA, brass grommets instead of pot metal, and a reinforced double-layered header, which is exactly where liners fail. At $18.99 it's the most expensive option here, but I'd rather pay once than re-buy twice a year.",already_chosen,price_suspicious|brand|rating|look,price_suspicious|brand|look|material,few_reviews|material|brand|pack,look|rating|brand|availability,availability|few_reviews|size,page2,page1,reviews,material,4,4,4,2,5,4,5,5,unavailable|no_price|low_rating|no_size|material_unclear|blur_image|no_bullets,eva,semi,unlikely,nothing,4,4
A,"I've had cheap thin liners before and they tear or get moldy fast. The AmazerBath has over 4,000 reviews at 4.5 stars, is BPA-free with brass grommets and a weighted hem, and the emerald green adds a nice touch to my bathroom. At my age I'd rather pay a bit more once and have it last.",already_chosen,price_suspicious|brand|few_reviews|material,price_suspicious|brand|few_reviews|look,few_reviews|material|pack|brand,look|availability|few_reviews,few_reviews|size,page2,page1,reviews,material,4,4,4,2,4,3,5,5,unavailable|no_price|low_rating|few_reviews|no_size|material_unclear|blur_image,eva,semi,yes_somewhat,nothing,4,4
C,"It's the cheapest at $7.09 but still has a solid 4.6 rating with nearly 1,000 reviews, which is way more evidence than the other budget picks. I like that it's odor-free EVA with magnets at the hem and a tear-proof header — for a liner that's basically everything I need, and the blue wave texture looks nice enough that I won't mind looking at it every day.",price_too_high,look,already_chosen,few_reviews|pack,look|rating|few_reviews,availability|few_reviews,page2,page1,price_value,reviews,4,5,4,2,4,5,5,4,unavailable|no_price|low_rating|few_reviews|no_size|material_unclear|blur_image|no_bullets,eva,semi,yes_somewhat,better_rating,5,4
A,"I chose the AmazerBath liner because it has the strongest evidence of quality: a 4.5-star rating from over 4,100 reviews, eco-friendly BPA-free EVA with no odor, brass rustproof grommets, and a weighted hem. The semi-transparent emerald look also fits my modern bathroom, and I'm willing to pay more for a liner that will actually last and be safe.",already_chosen,price_suspicious|brand|few_reviews|material,price_suspicious|brand|look|material,few_reviews|material|pack,look|rating|availability,availability|few_reviews,page2,page1,reviews,material,4,4,4,2,4,4,5,5,unavailable|no_price|low_rating|no_size|material_unclear|blur_image,eva,semi,yes_somewhat,better_rating,4,4
C,"It has the highest rating (4.6) with a solid review count, is the cheapest at $7.09, and includes the weighted magnets and waterproof EVA I want. The Art-Deco wave look is a nice bonus that fits a modern bathroom.",price_too_high|availability,look,already_chosen,few_reviews|material,look|few_reviews,availability|few_reviews,page2,page1,reviews,price_value,4,4,4,2,4,4,5,4,unavailable|no_price|no_size|material_unclear|blur_image,eva,semi,yes_somewhat,better_rating,5,4
B,"The jssablo Blue Cube liner offers the best balance of price, quality, and reliability for me. At $7.19 with a solid 4.4-star rating from 1,872 reviews, it's well-vetted and affordable, plus the 3D cube texture and magnets at the bottom add functional and aesthetic value. I'm cautious about very cheap or very expensive options, so this middle-ground pick feels secure.",price_too_high,already_chosen,price_suspicious,few_reviews|material,few_reviews|look,availability|few_reviews,page2,page1,reviews,price_value,4,5,4,2,5,4,5,5,unavailable|no_price|low_rating|few_reviews|no_size|material_unclear|blur_image,eva,semi,yes_somewhat,better_rating,5,5
E,"I want a simple, plain liner that just does its job and doesn't draw attention — a solid black one hides soap scum and hard-water stains better than any clear or patterned liner. At $9.99 with magnets at the bottom and a decent 4.3 rating, it fits what I'm willing to spend on something I replace every year or so.",price_too_high|look,price_suspicious|look|brand,price_suspicious|look|brand|few_reviews,few_reviews|material|pack,already_chosen,availability|few_reviews|transparency,page1,page1,price_value,reviews,4,4,3,1,4,5,4,4,unavailable|no_price|low_rating|few_reviews|no_size|material_unclear|blur_image,eva,blackout,yes_somewhat,lower_price,5,4
C,"The LQFMEHOT liner has the highest rating on the shelf (4.6 with ~974 reviews), which gives me real confidence, and at $7.09 it's a low-risk purchase. It has the features I care about — EVA material, magnets at the hem, and a tear-proof header — and the blue wave texture looks nicer than a plain clear liner.",price_too_high|look,look,already_chosen,few_reviews|pack,few_reviews|look|availability,availability|few_reviews,page2,page1,rating,price_value,4,5,4,2,4,4,5,4,unavailable|no_price|few_reviews|no_size|material_unclear|blur_image|no_bullets,eva,semi,yes_somewhat,better_rating,5,5
A,"I want a liner that's genuinely odor-free and safe for a humid bathroom, and the EVA plus BPA-free claim with 12 brass grommets and a weighted hem covers everything I care about. The 4.5 stars across 4,000+ reviews gives me real evidence it holds up, and I'd rather pay $18.99 once for something that lasts than replace a flimsy cheap liner every few months.",already_chosen,price_suspicious|brand|review_concern,price_suspicious|brand|look,few_reviews|material|pack,availability|look|rating,few_reviews,page2,page1,material,reviews,4,5,4,2,5,4,5,5,unavailable|no_price|low_rating|few_reviews|no_size|material_unclear|blur_image|no_bullets,eva,semi,unlikely,better_function,4,4
C,"It has the highest rating (4.6) among the well-reviewed options at just $7.09, plus a weighted hem with 3 magnets and odor-free EVA. The Art-Deco wave look is a nice modern touch for my bathroom.",price_too_high,look,already_chosen,few_reviews|material,look|availability,already_chosen,page2,page1,rating,price_value,4,5,4,3,4,5,5,4,unavailable|no_price|low_rating|no_size|material_unclear|blur_image,eva,semi,yes_somewhat,better_value,5,5
B,"It's the best balance of price, material, and function for me. 70% EVA is a healthier material than PEVA/PVC, it has the 3 magnets at the bottom to keep it against the tub, and at $7.19 with 1,872 reviews at 4.4 stars I have enough evidence it actually works. The blue cube texture looks decent without being flashy.",price_too_high|transparency,already_chosen,few_reviews|brand,few_reviews|material|look,look|transparency|availability,availability|few_reviews|size,page2,page1,magnet,price_value,4,4,4,2,5,5,5,4,unavailable|no_price|low_rating|few_reviews|no_size|material_unclear|blur_image,eva,semi,yes_somewhat,better_function,5,5
C,"Cheapest option at $7.09 with the highest rating on the shelf (4.6 stars, ~974 reviews). EVA, magnets at the bottom, and rustproof grommets cover everything I actually need in a liner.",price_too_high|availability,look|rating,already_chosen,few_reviews|material,look|few_reviews,availability,page2,page1,price_value,reviews,4,4,3,1,4,5,5,4,unavailable|no_price|low_rating|few_reviews|no_size|material_unclear|blur_image,eva,semi,yes_somewhat,lower_price,5,4
B,"The jssablo Blue Cube liner hits my sweet spot: at $7.19 it's cheap enough that replacing liners regularly isn't a budget issue, and it's 70% EVA which I prefer for odor-free, safer material. With 1,872 reviews at 4.4 stars, the evidence is strong enough that I trust it, and the 3 bottom magnets plus metal grommets are exactly the functional features I want.",price_too_high|transparency,already_chosen,brand|price_suspicious,few_reviews|material,look|availability,availability|few_reviews,page2,page1,price_value,reviews,4,4,4,2,4,5,5,4,unavailable|no_price|no_size|material_unclear|blur_image,eva,semi,yes_somewhat,better_rating,5,4
C,"It has the best combination of a solid 4.6-star rating with nearly a thousand reviews, a low $7.09 price, and the features I actually care about — EVA material, 3 heavy magnets at the hem, and a tear-proof rustproof header. I'm not paying $18.99 for a liner, and the cheaper options with more reviews beat the thin 2-pack with only 16 reviews.",price_too_high|look,look|few_reviews,already_chosen,few_reviews|material,look|few_reviews,availability|few_reviews,page2,page1,rating,reviews,4,4,3,2,4,4,5,4,unavailable|no_price|low_rating|few_reviews|no_size|material_unclear,eva,semi,yes_somewhat,better_rating,5,5
C,"It has the highest rating (4.6 with ~974 reviews, enough to be reliable), the lowest price, magnets plus weighted hem, and an odor-free EVA material. The blue water-wave look is pleasant without being too bold, and it's in stock at 72x72.",price_too_high|look,look|few_reviews,already_chosen,few_reviews|pack|material,look|availability|few_reviews,availability|few_reviews|size,page2,page1,price_value,rating,4,4,4,2,4,5,5,4,unavailable|no_price|low_rating|few_reviews|no_size|material_unclear|blur_image,eva,semi,yes_somewhat,better_rating,5,4
C,"I always stick with familiar-feeling, well-reviewed picks, and the LQFMEHOT has the highest rating (4.6 with ~974 reviews) at the lowest price ($7.09). It's EVA, odor-free, has 3 magnets and a weighted hem, and the blue water-wave look is nice without being loud.",price_too_high|availability,look,already_chosen,few_reviews|material,look|few_reviews,availability|few_reviews,page2,page1,reviews,price_value,4,5,4,2,4,5,5,4,unavailable|no_price|low_rating|few_reviews|no_size|material_unclear|blur_image,eva,semi,yes_somewhat,better_rating,5,4
C,"It's the cheapest single liner with the strongest review signal — 4.6 stars across 974 reviews, which is real evidence at this price point. It has the features I actually need (magnets, weighted hem, rustproof grommets, odor-free EVA) and I don't have to gamble on a brand-new listing or pay $19 for a liner.",price_too_high|availability,look|review_concern,already_chosen,few_reviews|material,look|availability,availability|few_reviews,page3,page2,reviews,price_value,4,4,4,2,4,5,5,4,unavailable|no_price|low_rating|few_reviews|no_size|material_unclear|blur_image|no_bullets,eva,semi,yes_somewhat,better_rating,5,4
C,"It's cheap at $7.09, has the best rating on the shelf (4.6★ with ~974 reviews, which is solid evidence), and it has the magnets and weighted hem I want so it stays put against the tub. Blue wave look is fine and the EVA material is odor-free and wipe-clean, which is all I need from a liner.",price_too_high,review_concern|look,already_chosen,few_reviews|pack,look|rating,availability|few_reviews,page2,page1,price_value,reviews,4,4,3,2,4,5,5,4,unavailable|no_price|low_rating|no_size|material_unclear|blur_image,eva,semi,yes_somewhat,better_value,5,4
C,"I want a budget-friendly EVA liner with strong functional features, and C hits that best: 4.6 stars from ~974 reviews, magnets at the hem, waterproof quick-dry surface, and only $7.09. The Art-Deco wave look is a nice bonus without paying the $18.99 luxury price.",price_too_high|transparency,look|rating,already_chosen,few_reviews|material,look|few_reviews|availability,availability|few_reviews|size,page2,page1,price_value,reviews,4,4,4,2,4,5,5,4,unavailable|no_price|low_rating|few_reviews|no_size|material_unclear|blur_image,eva,semi,yes_somewhat,better_rating,5,4
B,"The jssablo Blue Cube liner offers the best balance of a strong 4.4 rating with nearly 1,900 reviews, a magnet-weighted hem I want, and a reasonable $7.19 price. The 3D cube texture looks a bit more refined than plain liners, and EVA material is odor-free and safe.",price_too_high|availability,already_chosen,brand|few_reviews,few_reviews|material,look|few_reviews|availability,availability|few_reviews|size,page2,page1,price_value,reviews,4,4,3,2,4,5,5,4,unavailable|no_price|low_rating|few_reviews|no_size|material_unclear|blur_image,eva,semi,yes_somewhat,better_rating,5,5
C,"It's cheap, has a solid 4.6 rating with nearly 1,000 reviews, and EVA is odor-free and safe. The magnets at the bottom plus tear-proof header hit the functional stuff I actually care about, and the blue water-wave look is nicer than plain clear.",price_too_high,rating,already_chosen,few_reviews,look|few_reviews,availability|few_reviews,page2,page1,price_value,reviews,4,4,4,2,4,5,5,4,unavailable|no_price|low_rating|few_reviews|no_size|material_unclear|blur_image,eva,semi,yes_somewhat,better_value,5,4
C,"At $7.09 it's the best value with a strong 4.6★ from nearly a thousand reviewers, so I trust it. EVA, odor-free, magnets at the hem and a tear-proof header are exactly what I want in a liner, and the blue water-wave texture will look pretty against my white tile.",price_too_high|transparency,price_suspicious|brand|look,already_chosen,few_reviews|material,look|few_reviews|availability,availability|few_reviews|size,page2,page1,price_value,reviews,4,4,4,2,5,5,5,4,unavailable|no_price|low_rating|few_reviews|no_size|material_unclear|blur_image,eva,semi,neutral,better_rating,5,5
C,"It's the best balance of price, evidence, and function for me — $7.09 with a 4.6★ rating and nearly 1,000 reviews, so I trust it more than the cheap unknowns. It has the weighted magnets, rust-proof grommets, and odor-free EVA I want, and the blue water-wave look is clean without being plain.",price_too_high|transparency,price_suspicious|look|few_reviews,already_chosen,few_reviews|material|pack,look|availability,availability|few_reviews|size,page2,page1,price_value,reviews,4,4,4,2,4,5,5,4,unavailable|no_price|low_rating|few_reviews|no_size|material_unclear|blur_image,eva,semi,yes_somewhat,better_rating,5,4
A,"I'm a detail-oriented shopper and I'd rather pay a bit more for a liner I won't have to replace next season. The AmazerBath has the strongest evidence behind it — 4.5 stars across 4,156 reviews — plus a reinforced double-layered header, 12 brass grommets, weighted bottom, and BPA-free odor-free EVA. The emerald-green semi-transparent look suits my bathroom and the wipe-clean care is a plus.",already_chosen,price_suspicious|brand|material,price_suspicious|brand|few_reviews,few_reviews|material|look,look|transparency|availability,availability|few_reviews,page2,page1,reviews,material,5,4,4,2,5,4,5,5,unavailable|no_price|no_size|material_unclear|blur_image|no_bullets,eva,semi,yes_somewhat,nothing,4,4
A,"I want a liner I can trust, not the cheapest gamble. The AmazerBath has over 4,100 reviews at 4.5 stars, EVA material that's BPA-free and odor-free, weighted stones, and 12 brass grommets, so it should hold up and not smell like plastic. At $18.99 it's more than the others, but I'd rather pay once for something reliable.",already_chosen,price_suspicious|look|brand|few_reviews,price_suspicious|look|brand|few_reviews,few_reviews|material|look,look|transparency|few_reviews|brand,availability|few_reviews|size,page2,page1,reviews,material,4,5,4,2,4,4,5,5,unavailable|no_price|low_rating|few_reviews|material_unclear|blur_image,eva,semi,yes_somewhat,better_rating,4,5
B,"It has a strong rating and a healthy review count, uses EVA (which I prefer over PVC), and at $7.19 it's a genuine value for a single liner with magnets. The 3D cube texture is a bit showy for my taste, but the function and price make it the most sensible pick on this shelf.",price_too_high|look,already_chosen,price_suspicious|look,few_reviews|pack,availability|look,availability|few_reviews,page2,page1,price_value,reviews,4,4,4,2,4,5,5,4,unavailable|no_price|no_size|material_unclear|blur_image,eva,semi,yes_somewhat,lower_price,5,4
C,"It's the cheapest option at $7.09, has the highest rating (4.6) with a solid 974 reviews, and includes the magnets and weighted hem I want. The blue wave design looks nice too.",price_too_high,rating|price_suspicious,already_chosen,few_reviews,look|availability,availability|few_reviews,page2,page1,price_value,rating,4,4,3,2,3,5,5,4,unavailable|no_price|low_rating|few_reviews|material_unclear,eva,semi,yes_somewhat,better_value,5,4
C,"The LQFMEHOT liner has the highest rating (4.6) with a solid review count (974), a low $7.09 price, EVA material with odor-free claims, and the weighted magnets I want to keep it against the tub. The Art-Deco wave pattern is subtle and clean, fitting my bathroom without being loud.",price_too_high|look,look|few_reviews|brand,already_chosen,few_reviews|material|pack,look|few_reviews|availability,availability|few_reviews,page2,page1,rating,price_value,4,4,4,2,4,4,5,4,unavailable|no_price|low_rating|few_reviews|no_size|material_unclear|blur_image,eva,semi,yes_somewhat,better_rating,5,4
B,"I want a liner that looks good but doesn't cost much, and the jssablo Blue Cube at $7.19 has a strong 4.4 rating from nearly 1,900 reviews, so it feels like the safest blend of value and proven quality. The 3D cube texture and gradient blue look more premium than a plain liner, and the three magnets plus weighted hem are exactly the functional details I want.",price_too_high,already_chosen,price_suspicious|brand,few_reviews|material,look|transparency,availability|few_reviews,page2,page1,price_value,reviews,4,5,4,2,4,5,5,4,unavailable|no_price|low_rating|few_reviews|material_unclear,eva,semi,yes_somewhat,better_rating,5,5
C,"It has the best combination of a strong 4.6 rating with nearly 1,000 reviews, a very low $7.09 price, and the features I actually care about — 3 heavy magnets, weighted hem, anti-rust grommets, and odor-free EVA. The blue water-wave look is pleasant without being garish, and it's in stock so I can order it now.",price_too_high|availability,look,already_chosen,few_reviews|material,look|rating|availability,availability|few_reviews|transparency,page2,page1,price_value,reviews,4,5,4,2,4,5,5,4,unavailable|no_price|low_rating|few_reviews|no_size|material_unclear|blur_image,eva,semi,yes_somewhat,better_rating,5,5
B,"It's the best balance of value and function for me: only $7.19 with 1,872 reviews at 4.4 stars, so there's enough evidence it's decent. The 3D cube texture looks nicer than a plain liner, and the 3 magnets plus weighted hem are exactly what I want so it doesn't stick to me in the shower.",price_too_high|look,already_chosen,look|brand,few_reviews|material|pack,look|rating|availability,availability|few_reviews,page2,page1,price_value,magnet,4,4,4,2,3,5,4,3,unavailable|no_price|low_rating|material_unclear|blur_image,eva,semi,yes_somewhat,lower_price,5,4
C,"I want a liner with strong reviews but a reasonable price, and Option C has the highest rating (4.6★) with a solid review count (974) and a low $7.09 price. It also has the features I care about: EVA material, magnets, rust-resistant grommets, and an easy-clean surface.",price_too_high,rating,already_chosen,few_reviews|material,look,availability|few_reviews,page2,page1,price_value,rating,4,4,4,2,4,5,5,4,unavailable|no_price|no_size|material_unclear|blur_image,eva,semi,yes_somewhat,better_rating,5,5
C,"I want a fresh, clean-looking liner with a weighted hem and magnets, and the LQFMEHOT has the highest rating on the shelf (4.6) with a solid review count, plus a nice blue wave pattern. At $7.09 it's a great value and it's in stock, so I can actually buy it today.",price_too_high|availability|transparency,look|review_concern,already_chosen,few_reviews|material|pack,look|few_reviews|availability,availability|few_reviews,page2,page1,rating,price_value,4,4,4,2,4,5,5,4,unavailable|no_price|no_size|material_unclear|blur_image,eva,semi,yes_somewhat,better_rating,5,5
C,"It's the cheapest single liner at $7.09 but still has the highest rating (4.6★) with a solid ~974 reviews, plus magnets, a weighted hem, and odor-free EVA. As a student on a budget, that combination of price, evidence, and function beats the pricier options.",price_too_high|availability,look|rating,already_chosen,few_reviews|material,look|transparency|availability,availability|few_reviews|size,page2,page1,price_value,rating,4,4,4,2,4,5,5,4,unavailable|no_price|no_size|material_unclear|blur_image|low_rating,eva,semi,yes_somewhat,lower_price,5,4
C,"I want an affordable EVA liner that looks nice and stays against the tub. Option C has the highest rating among the low-price options (4.6★ with ~1,000 reviews), a water-wave design I like, and 3 heavy magnets at the bottom, so it feels like the best balance of value, looks, and function.",price_too_high,look,already_chosen,few_reviews|material,look|availability,availability|few_reviews,page2,page1,price_value,rating,4,5,4,2,4,5,5,4,unavailable|no_price|low_rating|no_size|material_unclear|blur_image,eva,semi,yes_somewhat,better_rating,5,4
C,"I'm a bargain hunter and this one has the best rating on the shelf (4.6) at the lowest price ($7.09), with close to a thousand reviews so I trust it. It has the magnets and weighted hem I want so it stays put against the tub, and the blue wave look is nice without being too flashy.",price_too_high|transparency,look|rating,already_chosen,few_reviews|material,look|few_reviews,availability|few_reviews,page2,page1,price_value,reviews,4,4,4,2,4,5,5,4,unavailable|no_price|low_rating|few_reviews|no_size|material_unclear|blur_image,eva,semi,yes_somewhat,lower_price,5,5
C,"It's the cheapest option at $7.09 but still has the highest rating on the shelf (4.6 stars) with a solid ~974 reviews, so I'm not gambling on a no-name listing. It has the features I actually care about — waterproof EVA, odor-free, 3 heavy magnets at the hem, and rust-proof metal grommets — and the blue water-wave look is fine for my bathroom.",price_too_high|transparency,look|price_suspicious,already_chosen,few_reviews|material,look|transparency|availability,availability|few_reviews|size,page2,page1,price_value,reviews,4,4,4,2,4,5,5,4,unavailable|no_price|low_rating|few_reviews|no_size|material_unclear|blur_image|no_bullets,eva,semi,yes_somewhat,better_rating,5,4
C,"It's the best value on the shelf at $7.09 with the highest rating (4.6★) and a solid 974 reviews, so I trust it. It has the features I actually care about — EVA material, 3 heavy magnets at the hem, rust-proof metal grommets, tear-proof header, and wipe-clean care — in a clean blue wave look I like.",price_too_high|transparency,few_reviews|look|price_suspicious,already_chosen,few_reviews|pack,look|transparency|few_reviews,availability|few_reviews|size,page2,page1,price_value,reviews,4,4,4,2,4,5,5,4,unavailable|no_price|low_rating|no_size|material_unclear|blur_image,eva,semi,yes_somewhat,better_value,5,4
C,"It has the highest rating among the in-stock options (4.6★ with ~974 reviews), which gives me solid evidence it actually works. At $7.09 it's a great value, and the Art-Deco wave texture plus the gradient blue look is more attractive than a plain clear or black liner — I care about how things look, even in a bathroom.",price_too_high|availability,few_reviews|look,already_chosen,few_reviews|pack,look|few_reviews,availability|few_reviews|transparency,page2,page1,reviews,price_value,4,5,4,2,4,4,5,4,unavailable|low_rating|material_unclear|no_size|blur_image|few_reviews,eva,semi,yes_somewhat,nothing,5,5
C,"I want a good value liner that actually stays put against the tub, and this one gives me both — three heavy magnets, a tear-proof header, and it's only $7.09. The 4.6-star rating with nearly a thousand reviews tells me it's been tested by real people, and the blue water-wave look is pretty without being flashy. At that price I can replace it whenever it starts looking dingy and not think twice.",price_too_high|availability,look|material,already_chosen,few_reviews|material,look|availability,availability|few_reviews,page2,page1,price_value,magnet,4,5,4,2,4,5,5,4,unavailable|no_price|no_size|material_unclear|blur_image,eva,semi,yes_somewhat,better_function,5,4
C,"It's the cheapest at $7.09 but still has a 4.6-star rating with nearly a thousand reviews, so it's not just cheap junk. EVA material with magnets at the hem and a wipe-clean surface is exactly what I need with three kids and a dog tracking through the bathroom — I don't need fancy, I need it to work and not fall apart.",price_too_high|look,few_reviews|brand,already_chosen,few_reviews|material,look|availability,availability|few_reviews,page2,page1,price_value,reviews,4,5,4,2,4,5,5,4,unavailable|low_rating|few_reviews|no_size|material_unclear|blur_image,eva,semi,yes_somewhat,better_rating,5,4
C,"It's the cheapest single liner with the strongest evidence behind it — 4.6 stars across nearly a thousand reviews, which is more trustworthy than anything else on this shelf. EVA, odor-free, magnets at the hem and a rust-proof header are exactly the functional basics I need, and the wave texture gives it a bit of character without being loud.",price_too_high|transparency|look,price_suspicious|look,already_chosen,few_reviews|material|pack,look|transparency|availability,availability|few_reviews|size|material,page2,page1,reviews,price_value,4,4,4,2,4,4,5,4,unavailable|no_price|low_rating|few_reviews|no_size|material_unclear|blur_image,eva,semi,yes_somewhat,better_rating,5,4
B,"Option B gives me the best combo of price and evidence: at $7.19 it's basically the cheapest single liner here, but it still has 1,872 reviews at 4.4 stars, so I actually trust it. I love the 3D cube texture look, it's EVA (healthier than PVC/PEVA), and the magnets at the bottom mean it won't billow into me mid-shower. Cheap, cute, and proven — easy yes.",price_too_high,already_chosen,brand|review_concern,few_reviews|rating,look|availability,availability|few_reviews,page2,page1,price_value,reviews,4,5,4,2,4,5,5,4,unavailable|no_price|no_size|material_unclear|blur_image|few_reviews,eva,semi,yes_somewhat,better_value,5,4
A,"I'll pay a bit more for the liner with by far the most evidence behind it — 4.5 stars across 4,156 reviews is a track record I can trust. The BPA-free, odor-free EVA with reinforced double-layered header, rustproof brass grommets and a weighted hem covers everything I actually need, and the emerald semi-transparent look is fine for a guest bath.",already_chosen,brand|few_reviews|look,brand|few_reviews|look,few_reviews|material|pack,few_reviews|transparency|availability,availability|few_reviews|size,page2,page1,reviews,material,4,4,4,2,5,3,5,4,unavailable|no_price|no_size|material_unclear|blur_image,eva,semi,yes_somewhat,better_rating,4,4
B,"It's the best balance of low price, decent 4.4★ rating with a solid 1,872 reviews, and the features I actually care about — magnets at the bottom, metal grommets, and a waterproof EVA liner. I like that it's in stock and not a brand-new listing with almost no track record.",price_too_high|availability,already_chosen,brand|few_reviews,few_reviews|material,look|availability,availability|few_reviews,page2,page1,price_value,reviews,4,4,4,2,4,5,5,4,unavailable|no_price|low_rating|few_reviews|no_size|material_unclear|blur_image,eva,semi,yes_somewhat,better_rating,5,4
C,"It has the best combination of a high rating (4.6) with a solid review count (974), a low price of $7.09, and every functional feature I want — magnets at the hem, rust-proof grommets, tear-proof header, and odor-free EVA. The blue water-wave look is appealing without being loud.",price_too_high|availability,rating|brand,already_chosen,few_reviews|material,look|few_reviews,availability|few_reviews,page2,page1,reviews,price_value,4,4,4,2,3,5,5,4,unavailable|no_price|few_reviews|material_unclear|blur_image,eva,semi,yes_somewhat,better_rating,5,4
B,"I want a single liner at a fair price with strong evidence it holds up, and B has both a solid 4.4 rating with 1,872 reviews and the 3 magnets at the hem that keep it against the tub. The 3D cube texture in blue is a bit decorative for my taste, but at $7.19 with that review base and EVA material, it's the best balance of value and reliability. C was tempting at $7.09 with a 4.6 rating, but under 1,000 reviews is thinner evidence than I like for a no-name brand.",price_too_high|look|brand,already_chosen,price_suspicious|brand|few_reviews,few_reviews|material|pack,look|availability|rating,availability|few_reviews,page2,page1,reviews,price_value,4,4,4,2,4,5,5,4,unavailable|no_price|no_size|material_unclear|blur_image|few_reviews,eva,semi,yes_somewhat,better_rating,5,4
A,"I'll pay a bit more for the AmazerBath: 4.5 stars across 4,000+ reviews is the strongest evidence on the shelf, and the brass grommets, reinforced double-layered header, weighted bottom and BPA-free odor-free EVA address the durability and smell problems that made me replace my last liner. The emerald semi-transparent look suits my bathroom and it's the option I'd trust to still be fine in a year.",already_chosen,brand|few_reviews|look|price_suspicious,brand|few_reviews|look|price_suspicious,few_reviews|material|brand|pack,look|transparency|few_reviews|availability,availability|few_reviews|transparency,page2,page1,reviews,material,4,4,4,2,4,3,5,5,unavailable|no_price|low_rating|no_size|material_unclear|blur_image|no_bullets|brand_unfamiliar,eva,semi,yes_somewhat,better_rating,4,4
C,"It's the cheapest single liner at $7.09, has the highest rating on the shelf (4.6 with ~974 reviews — enough evidence to trust it), and it has the weighted magnets I want so it stays against the tub. The blue water-wave look is a nice bonus without paying extra.",price_too_high|look,price_suspicious|look,already_chosen,few_reviews|material,look|rating|few_reviews,availability|few_reviews,page2,page1,price_value,reviews,4,4,3,2,5,5,5,4,unavailable|no_price|low_rating|few_reviews|no_size|material_unclear|blur_image,eva,semi,unlikely,better_rating,5,5
C,"It has the highest rating (4.6) with a solid review count (974), a reasonable $7.09 price, and it ticks the functional boxes I care about: waterproof EVA, three heavy magnets, tear-proof header, and easy rinse-and-wipe care. The Art-Deco blue wave look is a nice bonus that fits a modern bathroom.",price_too_high|transparency,look,already_chosen,few_reviews|material,transparency|availability,availability|few_reviews,page2,page1,price_value,reviews,4,4,4,2,4,5,5,4,unavailable|no_price|no_size|material_unclear|blur_image,eva,semi,yes_somewhat,better_rating,5,4
A,"I want a liner that will actually last and not smell like chemicals, and the AmazerBath's 4.5 stars across 4,156 reviews is by far the strongest evidence on this shelf. The brass grommets, reinforced header and weighted stones read as genuinely better build quality, and the BPA-free eco-friendly EVA matters to me since I manage a chronic condition and care about what's in my bathroom. The emerald semi-transparent look also fits my bathroom better than the loud gradient blues.",already_chosen,price_suspicious|brand|look|few_reviews,brand|look|price_suspicious|few_reviews,few_reviews|material|look|pack,few_reviews|look|brand,availability|few_reviews|brand,page2,page1,reviews,material,4,4,4,2,4,4,5,5,unavailable|no_price|low_rating|few_reviews|no_size|material_unclear|blur_image,eva,semi,yes_somewhat,better_rating,4,4
B,"It's the best combination of a real price ($7.19), solid 4.4 stars from 1,872 reviews, and the features I actually care about — EVA material, 12 metal grommets, and 3 magnets at the hem to keep it against the tub. I've got three kids and a busy bathroom, so a cheap liner that stays put and wipes clean beats a fancy one. The 3D cube texture is a bonus, not a dealbreaker.",price_too_high|transparency,already_chosen,price_suspicious|brand|few_reviews,few_reviews|material|look,look|rating|availability,few_reviews,page2,page1,price_value,reviews,4,4,3,2,4,5,5,4,unavailable|no_price|low_rating|no_size|material_unclear|blur_image,eva,semi,yes_somewhat,better_function,5,4
C,"Best combination of a high rating (4.6 with ~1,000 reviews, enough to trust) and the lowest price at $7.09. It has the features I actually need — magnets at the hem to keep it against the tub, rust-proof grommets, odor-free EVA, and a semi-transparent look that still lets light in.",price_too_high,price_suspicious|look,already_chosen,few_reviews|material,look|rating,availability|few_reviews|size,page2,page1,price_value,reviews,4,4,4,1,4,5,5,4,unavailable|no_price|low_rating|few_reviews|no_size|material_unclear|blur_image,eva,semi,yes_somewhat,better_rating,5,5
A,"I'm 65+ with corrected vision and I prefer a liner that is genuinely clear and lets light through — the emerald EVA with brass grommets and weighted bottom stones reads as the sturdiest, best-reviewed option (4,156 reviews, 4.5★). I'm cautious about thin cheap liners that tear or cling, and the reinforced double-layered header plus weighted hem tells me it will hold up and stay put. The $18.99 price is more than I'd like, but for something I use daily I'd rather pay once for quality than replace a flimsy one every few months.",already_chosen,price_suspicious|brand|material,price_suspicious|brand|look,few_reviews|material|pack,look|availability|rating,availability|few_reviews|size,page2,page1,reviews,material,4,5,4,2,4,4,5,5,unavailable|no_price|low_rating|few_reviews|no_size|material_unclear|blur_image,eva,fully_transparent,yes_somewhat,better_rating,4,4
C,"The LQFMEHOT wave liner hits the sweet spot for me: it's the cheapest option at $7.09, has the highest rating on the shelf (4.6 with ~974 reviews), and the gradient blue water-wave texture is genuinely pretty, which matters since I care about aesthetics. It checks my functional boxes too — magnets, weighted hem, anti-rust grommets, odor-free EVA — so it's a value pick that still looks designed.",price_too_high|availability,look,already_chosen,few_reviews|pack|material,look|few_reviews,availability|few_reviews,page2,page1,price_value,appearance,4,5,4,2,4,5,5,4,unavailable|no_price|low_rating|few_reviews|no_size|material_unclear|blur_image,eva,semi,yes_somewhat,better_look,5,4
B,"The jssablo Blue Cube liner hits my sweet spot: it's EVA (which I prefer for being odor-free and safer than PVC), has the 3 bottom magnets and weighted hem I want so it stays against the tub, and at $7.19 it's a great value with a solid 4.4★ / 1,872 reviews backing it up. The 3D cube texture also looks more premium than a plain liner, which fits my taste without paying the $18.99 premium of option A.",price_too_high,already_chosen,price_suspicious|brand,few_reviews|material,look|review_concern,availability|few_reviews|size,page2,page1,price_value,magnet,4,4,4,2,4,5,5,4,unavailable|no_price|low_rating|few_reviews|no_size|material_unclear|blur_image,eva,semi,yes_somewhat,better_value,5,5
C,"It's cheap, has the highest rating on the shelf at 4.6 with a solid review count, and the EVA material is odor-free and waterproof. The magnets and weighted hem mean it'll actually stay put against the tub, which is the thing that annoys me most about cheap liners.",price_too_high|look,price_suspicious|look|rating,already_chosen,few_reviews|pack|material,look|availability|rating,availability|few_reviews|size,page2,page1,reviews,price_value,4,4,4,2,4,5,5,4,unavailable|no_price|low_rating|no_size|material_unclear|blur_image,eva,semi,yes_somewhat,better_function,5,4
B,"It's cheap enough to replace without thinking, has a strong 4.4★ with 1,872 reviews so I trust it, and the 3D cube texture plus bottom magnets means it stays put and doesn't look like a cheap dollar-store liner. The 70% EVA material is a plus since I want odor-free and safer for the kids' bathroom.",price_too_high|availability,already_chosen,brand|price_suspicious,few_reviews|material,look|availability,availability|few_reviews|info_incomplete,page2,page1,price_value,reviews,4,4,4,2,4,5,5,4,unavailable|no_price|low_rating|few_reviews|no_size|material_unclear|blur_image|no_bullets,eva,semi,yes_somewhat,better_function,5,4
C,"Option C has the best combination of a high rating (4.6★) with a solid review count (974), a very low price ($7.09), and the functional features I care about most — 3 heavy magnets, weighted hem, anti-rust grommets, and odor-free EVA. The Art-Deco blue wave look is attractive and light-filtering, which suits my bathroom. It is in stock and clearly described, so it feels like the safest value pick.",price_too_high|availability,look|rating,already_chosen,few_reviews|pack,look|availability,availability|few_reviews|size,page2,page1,price_value,rating,4,5,4,2,4,5,5,4,unavailable|no_price|low_rating|few_reviews|no_size|material_unclear|blur_image,eva,semi,yes_somewhat,better_rating,5,4
A,"I want a liner that's odor-free and BPA-free, and this one is 100% EVA with brass grommets and a weighted bottom that actually stays put. The 4.5 stars across 4,000+ reviews gives me real confidence it holds up, and the emerald green looks nice in my bathroom.",already_chosen,brand|price_suspicious|look,brand|price_suspicious|look,few_reviews|material|pack,look|few_reviews|availability,availability|few_reviews,page2,page1,material,reviews,4,4,4,2,4,4,5,5,unavailable|no_price|no_size|material_unclear|blur_image|few_reviews,eva,semi,yes_somewhat,better_rating,4,4
B,"Cheapest liner with a real track record — 4.4 stars on nearly 1,900 reviews at $7.19 is hard to argue with. It's EVA, has 12 metal grommets and 3 bottom magnets, and it's in stock. The 3D cube look isn't my taste but it's a liner, not a centerpiece.",price_too_high,already_chosen,brand|look,few_reviews|material,few_reviews|availability,availability|few_reviews,page1,page1,price_value,reviews,4,3,4,1,4,5,5,4,unavailable|no_price|low_rating|few_reviews|no_size|material_unclear|blur_image,eva,semi,unlikely,better_rating,5,4
A,"I'm a practical buyer who wants a liner to last and not smell like plastic, and AmazerBath's 4,156 reviews at 4.5 stars give me real confidence. The eco-friendly BPA-free EVA with rustproof brass grommets and a weighted bottom checks every box for me, and at $18.99 it's still reasonable for something I'll use daily.",already_chosen,price_suspicious|brand|look,price_suspicious|brand|few_reviews,few_reviews|material|brand,look|few_reviews|availability,availability|few_reviews,page2,page1,reviews,material,4,4,3,2,4,4,5,5,unavailable|no_price|low_rating|few_reviews|material_unclear|blur_image,eva,semi,yes_somewhat,nothing,4,4
B,"I want a liner that stays put against the tub, and B has magnets plus 12 metal grommets at a very reasonable $7.19. With 1,872 reviews at 4.4 stars, there's enough evidence it holds up, and the blue 3D cube look is attractive without being plain.",price_too_high|availability,already_chosen,brand|few_reviews,few_reviews|pack|material,look|transparency|few_reviews,availability|few_reviews,page2,page1,magnet,reviews,4,4,4,2,5,4,5,4,unavailable|no_price|no_size|material_unclear|blur_image,eva,semi,yes_somewhat,better_rating,5,4
B,"I want a reliable, good-looking liner that stays put without paying a premium. The jssablo Blue Cube has strong ratings (4.4★, 1,872 reviews), a 3D texture that looks more expensive than it is, magnets at the hem, and it's in stock at a very fair $7.19.",price_too_high,already_chosen,brand|few_reviews,few_reviews|material,look|transparency,availability|few_reviews,page2,page1,price_value,reviews,4,5,4,2,4,5,5,4,unavailable|no_price|low_rating|few_reviews|no_size|material_unclear|blur_image,eva,semi,yes_somewhat,better_value,5,5
A,"At this stage of life I'd rather pay a bit more once for something that feels substantial and lasts — the soft-touch EVA with brass grommets and weighted bottom reads as quality, and it's BPA-free and odor-free. The 4.5★ rating across 4,156 reviews gives me the confidence that it holds up, which matters more to me than saving eight dollars.",already_chosen,price_suspicious|look|brand,price_suspicious|look|brand,few_reviews|material|look,look|few_reviews|availability,availability|few_reviews|size,page2,page1,reviews,material,4,4,4,2,4,3,5,5,unavailable|no_price|low_rating|few_reviews|no_size|material_unclear|blur_image|no_bullets|brand_unfamiliar,eva,semi,yes_somewhat,better_rating,4,4
C,"Best combo of price, rating, and features. 4.6 stars with nearly 1,000 reviews at $7.09 is the strongest evidence-to-price ratio here, and it has the magnets and weighted hem I want so it stays against the tub. The blue wave look is a bonus.",price_too_high|availability,look|few_reviews,already_chosen,few_reviews|material,look|transparency|availability,availability|few_reviews|size,page2,page1,reviews,price_value,4,4,3,2,4,5,5,4,unavailable|no_price|no_size|material_unclear|blur_image,eva,semi,yes_somewhat,better_rating,5,4
C,"Best combo of price and evidence: $7.09, 4.6 stars with ~974 reviews, EVA material, 3 magnets at the hem, and a waterproof wipe-clean surface. The blue wave pattern is subtle enough to look intentional without being loud, and it's actually in stock.",price_too_high|availability,price_suspicious|look,already_chosen,few_reviews|material,look|rating,availability|few_reviews,page2,page1,price_value,reviews,4,5,4,2,4,5,5,4,unavailable|no_price|low_rating|few_reviews|no_size|material_unclear|blur_image,eva,semi,yes_somewhat,better_rating,5,4
B,"It's the best balance of price and evidence: $7.19 with 4.4 stars from nearly 1,900 reviews, and it has the features I actually care about — magnets at the bottom to keep it against the tub, a weighted hem, and a waterproof EVA that wipes clean. The 3D cube texture is a bit busy for my taste, but at that price I'd rather have proven reviews than a prettier liner I can't trust.",price_too_high|availability,already_chosen,brand|few_reviews|look,few_reviews|material|pack,look|rating|review_concern,few_reviews,page2,page1,price_value,reviews,4,4,3,2,4,5,5,4,unavailable|no_price|no_size|material_unclear|blur_image,eva,semi,unlikely,better_rating,5,4
A,"I manage a chronic condition and I'm cautious about what's in my bathroom, so the BPA-free, odor-free EVA with rustproof brass grommets and a weighted hem is worth the extra money. It also has by far the strongest review base (4.5 stars, 4,156 reviews), which matters more to me than saving a few dollars.",already_chosen,few_reviews|brand|rating|price_suspicious,few_reviews|brand|price_suspicious|look,few_reviews|material|pack,look|transparency|few_reviews|availability,few_reviews,page2,page1,material,reviews,4,4,4,2,5,4,5,5,unavailable|no_price|few_reviews|no_size|material_unclear|blur_image,eva,semi,unlikely,better_function,4,4
C,"It's cheap at $7.09, has the highest rating on the shelf (4.6★ with ~974 reviews, enough to trust), and the gradient blue water-wave look is attractive without being boring. It has the weighted magnets and waterproof EVA I want, so it covers the essentials without overspending.",price_too_high,look,already_chosen,few_reviews|pack,look|few_reviews,availability|few_reviews,page2,page1,price_value,reviews,4,4,3,2,4,5,5,4,unavailable|no_price|low_rating|few_reviews|no_size|material_unclear|blur_image,eva,semi,yes_somewhat,better_value,5,4
C,"It's the cheapest option with the strongest review evidence — 4.6 stars across nearly a thousand reviews — and it has the features I actually care about: EVA material, odor-free, waterproof, and 3 heavy magnets at the hem to keep it against the tub. The Art-Deco wave texture is a nice bonus over a plain clear liner.",price_too_high|few_reviews,price_suspicious|look,already_chosen,few_reviews|material,look|few_reviews,availability|few_reviews,page2,page1,reviews,price_value,4,4,4,2,4,4,5,4,unavailable|no_price|low_rating|few_reviews|no_size|material_unclear|blur_image,eva,semi,yes_somewhat,better_rating,5,4
C,"I want an affordable EVA liner with magnets and a nice look. The LQFMEHOT water-wave liner is only $7.09, has 4.6 stars from 974 reviews, and includes 3 heavy magnets plus a weighted hem.",price_too_high|look|availability,look|rating,already_chosen,few_reviews|pack,look|few_reviews|availability,availability|few_reviews,page2,page1,price_value,reviews,4,4,4,2,4,5,4,4,unavailable|no_price|low_rating|few_reviews|no_size|material_unclear|blur_image,eva,semi,yes_somewhat,better_value,5,5
B,"It has a strong 4.4 rating across nearly 1,900 reviews, which gives me confidence in real-world quality. The magnets at the bottom are a must for keeping the liner against the tub, and the 3D cube texture looks nicer than a plain liner. At $7.19 it's an excellent value without going with a no-name product with almost no reviews.",price_too_high|look,already_chosen,brand|few_reviews,few_reviews|material|pack,look|availability,few_reviews|material,page2,page1,reviews,price_value,4,4,3,2,4,4,5,4,unavailable|low_rating|material_unclear|blur_image,eva,semi,yes_somewhat,better_rating,5,4
B,"I'm retired and on a fixed income, so value matters, but I won't gamble on junk. The jssablo liner is only $7.19 yet has 4.4 stars across nearly 1,900 reviews, which gives me the evidence I need that it actually holds up. It has the weighted magnets I want to keep it against the tub, and it's in stock and ready to ship — no waiting around or ordering hassle.",price_too_high,already_chosen,brand|few_reviews,few_reviews|material,look|few_reviews,availability|few_reviews,page2,page1,price_value,reviews,4,4,3,2,4,5,5,4,unavailable|no_price|low_rating|few_reviews|no_size|material_unclear|blur_image,eva,semi,yes_somewhat,better_rating,5,4
A,"No persona-specific answer was produced, so a neutral answer was used.",already_chosen,already_chosen,already_chosen,already_chosen,already_chosen,already_chosen,page1,page1,price_value,price_value,3,3,3,3,3,3,3,3,unavailable,eva,fully_transparent,yes_strongly,lower_price,3,3
C,"It's the cheapest option at $7.09, has the highest rating (4.6) with a solid review count (974), and the gradient blue wave look fits my bathroom vibe. EVA material with magnets at the hem checks all my boxes without overpaying.",price_too_high,look,already_chosen,few_reviews|material,few_reviews|look,availability|few_reviews,page2,page1,price_value,rating,4,5,4,2,4,5,5,4,unavailable|no_price|low_rating|few_reviews|no_size|material_unclear|blur_image,eva,semi,yes_somewhat,better_rating,5,4
A,"I'm cautious about bathroom products, so the highest review count by far (4,156 at 4.5★) gives me real evidence this liner holds up over time. The odor-free, BPA-free EVA with 12 rustproof brass grommets and a weighted hem also matches what I actually want functionally, and $18.99 is a reasonable one-time price for something I'll use daily for years.",already_chosen,price_suspicious|brand|material,brand|few_reviews|price_suspicious,few_reviews|material|pack,look|few_reviews|availability,availability|few_reviews|size,page2,page1,reviews,material,4,5,4,2,5,4,5,5,unavailable|no_price|low_rating|no_size|material_unclear|blur_image|no_bullets,eva,semi,yes_somewhat,better_rating,4,4
C,"I'm a value-driven researcher on a budget, and C offers the best combination of a strong 4.6★ rating with a solid review count (974) at the lowest price ($7.09). It has all the functional features I care about—EVA material, 3 heavy magnets, weighted hem, rust-proof grommets—plus an attractive Art-Deco wave look that fits my eye for aesthetics.",price_too_high,look,already_chosen,few_reviews|material,look|rating,availability|few_reviews,page2,page1,price_value,rating,4,5,4,2,4,5,5,4,unavailable|no_price|low_rating|few_reviews|no_size|material_unclear,eva,semi,yes_somewhat,nothing,5,5
C,"I'm looking for a budget-friendly liner that still has good evidence behind it. Option C has the highest rating (4.6) with a solid review count (974), includes the weighted magnets I want to keep it against the tub, and is the cheapest at $7.09. The Art-Deco wave look is a nice bonus for a bathroom liner.",price_too_high|availability,look,already_chosen,few_reviews|material,look|few_reviews,availability|few_reviews,page2,page1,price_value,reviews,4,4,4,2,4,5,5,4,unavailable|no_price|low_rating|few_reviews|no_size|material_unclear|blur_image,eva,semi,yes_somewhat,better_rating,5,4
C,"It's the cheapest option at $7.09 with the strongest review evidence on this shelf (4.6 stars, 974 reviews), and it has the features I care about: magnets at the hem, a tear-proof header, and odor-free EVA. As a frugal buyer replacing a liner that just gets grimy, I don't see why I'd pay more than double for the AmazerBath.",price_too_high,look,already_chosen,few_reviews|pack,look|transparency,availability|few_reviews,page2,page1,price_value,reviews,4,4,4,2,4,5,5,4,unavailable|no_size|material_unclear|blur_image,eva,semi,yes_somewhat,lower_price,5,4
A,"For a liner I touch and stand behind every day, I want the safest material and real evidence it holds up — the AmazerBath is 100% EVA, BPA-free and odor-free, and 4,156 reviews at 4.5★ is the only option here with enough proof to trust. It also has 12 brass grommets and a weighted bottom, and the emerald-green semi-transparent look is actually pleasant rather than cheap-looking.",already_chosen,price_suspicious|brand|material|transparency|look,price_suspicious|brand|material|few_reviews|look,few_reviews|material|pack|look,transparency|look|few_reviews|availability,availability|few_reviews|material|size,page2,page1,material,reviews,4,4,4,2,4,4,5,5,unavailable|no_price|low_rating|few_reviews|no_size|material_unclear|blur_image|no_bullets,eva,semi,unlikely,better_function,4,4
C,"It's the best combination of price, rating, and features for me: under $8, 4.6 stars with a solid review count, EVA material, magnets at the hem, and a subtle blue wave texture I actually like. I want a light-filtering liner that stays put and wipes clean without spending a lot.",price_too_high,price_suspicious|look,already_chosen,few_reviews|pack,look|transparency,availability|few_reviews,page2,page1,price_value,reviews,4,5,4,2,4,5,5,4,unavailable|no_price|low_rating|no_size|material_unclear|blur_image,eva,semi,yes_somewhat,better_rating,5,4
C,"It has the highest rating (4.6 with ~974 reviews) at the lowest price ($7.09), so it's the best value. I like the blue water-wave Art-Deco look and it has the magnets and weighted hem I want, plus it's in stock.",price_too_high|transparency,few_reviews|look,already_chosen,few_reviews|material,look|availability,availability|few_reviews|size,page2,page1,price_value,reviews,4,5,4,2,4,5,5,4,unavailable|no_price|low_rating|few_reviews|no_size|material_unclear|blur_image,eva,semi,yes_somewhat,better_rating,5,4
C,"It has the strongest combination of a high rating (4.6★) with a solid review base (974), a calm Art-Deco water-wave look that suits my aesthetic sense, and magnets plus a weighted hem so it stays put. At $7.09 it's excellent value for a liner I only need to function well and look tidy.",price_too_high|look,look|rating,already_chosen,few_reviews|pack|look,look|availability|rating,availability|few_reviews|size,page2,page1,reviews,appearance,4,5,4,2,4,4,5,5,unavailable|no_price|low_rating|few_reviews|no_size|material_unclear|blur_image,eva,semi,yes_somewhat,better_rating,5,4
A,"I want a liner that looks beautiful in my bathroom and the emerald-green EVA with brass grommets and weighted stones feels like a real design piece, not just a plastic sheet. The 4.5 stars across 4,000+ reviews gives me confidence it will hold up, and at $18.99 it's still reasonable for something that elevates the room.",already_chosen,price_suspicious|look|brand,price_suspicious|look|brand,few_reviews|material|pack,look|rating|brand,availability|few_reviews|look,page2,page1,appearance,reviews,4,5,4,3,4,4,5,4,unavailable|no_price|low_rating|blur_image|material_unclear,eva,semi,yes_somewhat,better_look,4,4
C,"I want an odor-free EVA liner with magnets and a weighted hem, and C has the strongest rating (4.6) among the affordable options with a decent review base. The Art-Deco blue wave look fits my bathroom better than a plain or pebble texture, and at $7.09 it's an easy, low-risk purchase.",price_too_high|availability,look|price_suspicious,already_chosen,few_reviews|material|pack,look|few_reviews,few_reviews|size,page2,page1,rating,magnet,4,5,4,2,4,4,5,4,unavailable|no_size|material_unclear|blur_image,eva,semi,yes_somewhat,better_rating,5,4
A,"I want a liner I can trust to stay put and last, and the AmazerBath has by far the strongest evidence with 4,156 reviews at 4.5 stars, plus brass grommets and a weighted bottom hem. The soft-touch EVA is BPA-free and odor-free, which matters to me for a bathroom item. The emerald-green semi-transparent look is also more attractive than the plain or gradient options, and $18.99 is a reasonable one-time price for something that will hang for years.",already_chosen,price_suspicious|brand|look,price_suspicious|brand|look|few_reviews,few_reviews|material|pack,look|few_reviews|availability,availability|few_reviews|size|material,page2,page1,reviews,material,4,5,4,2,5,4,5,4,unavailable|no_price|low_rating|no_size|material_unclear|blur_image,eva,semi,yes_somewhat,better_rating,5,4
C,"It has the highest rating among the well-reviewed options (4.6★, 974 reviews) at the lowest price ($7.09), and it's a single EVA liner with the magnets and weighted hem I want — no wasted 2-pack and no availability issues.",price_too_high|availability,few_reviews|look,already_chosen,few_reviews|pack|material,look|few_reviews|availability,availability|few_reviews,page3,page2,price_value,reviews,4,4,3,2,4,5,5,4,unavailable|no_price|low_rating|few_reviews|material_unclear|blur_image,eva,semi,yes_somewhat,lower_price,5,4
C,"It's the cheapest option at $7.09 but still has a strong 4.6★ rating and nearly 1,000 reviews, plus the magnets and weighted hem I want. The EVA material is odor-free and the Art-Deco wave look is fine for a liner.",price_too_high|availability,price_suspicious,already_chosen,few_reviews|material,look|availability|few_reviews,availability|few_reviews,page2,page1,price_value,reviews,4,4,4,2,4,5,5,4,unavailable|low_rating|few_reviews|no_size|material_unclear|blur_image,eva,semi,yes_somewhat,better_rating,5,4
C,"I'm analytical and value evidence, and option C has the highest rating (4.6★) with a solid 974 reviews, so I trust it more than the cheaper alternatives with thin review counts. At $7.09 it's an excellent value, it's odor-free EVA which matters for my health concerns, and it has the weighted magnets I want to keep it against the tub.",price_too_high,rating|few_reviews,already_chosen,few_reviews|material,look|few_reviews,availability|few_reviews,page2,page1,reviews,price_value,4,5,4,2,4,4,5,4,unavailable|low_rating|few_reviews|no_size|material_unclear,eva,semi,neutral,better_rating,5,4
C,"It's the cheapest option at $7.09 and still has a solid 4.6★ with nearly 1,000 reviews, plus the weighted magnets and tear-proof header I want. The blue water-wave look is nicer than a plain black liner and the EVA material being odor-free matters to me.",price_too_high,already_chosen,already_chosen,few_reviews,transparency,availability|few_reviews,page2,page1,price_value,reviews,4,4,4,2,4,5,5,4,unavailable|no_price|no_size|material_unclear|blur_image,eva,semi,yes_somewhat,better_rating,5,4
B,"I want a liner that stays put, cleans easily, and looks decent without spending much. The jssablo Blue Cube is cheap at $7.19, has a solid 4.4★ from nearly 1,900 reviews, three bottom magnets, and an EVA material that's odor-free — that's everything I need for a bathroom liner I'll just wipe down and forget about.",price_too_high|look,already_chosen,brand|few_reviews,few_reviews|material|pack,look|availability,availability|few_reviews,page2,page1,price_value,reviews,4,4,4,2,4,5,5,4,unavailable|no_price|no_size|material_unclear|blur_image,eva,semi,yes_somewhat,better_rating,5,4
C,"It has the highest rating (4.6) with a solid ~974 reviews, a low $7.09 price, and all the features I want — magnets at the hem, waterproof EVA, and a nice blue wave look. It feels like the best value with enough review evidence to trust it.",price_too_high|look,rating|review_concern,already_chosen,few_reviews|material,look|availability,availability|few_reviews|size,page2,page1,rating,price_value,4,5,4,2,4,5,5,4,unavailable|no_price|low_rating|few_reviews|material_unclear|blur_image,eva,semi,yes_somewhat,better_rating,5,4
C,"It has the highest rating among the well-reviewed options (4.6★, 974 reviews), which gives me confidence it's actually reliable. At $7.09 it's the cheapest too, it's EVA (odor-free, which matters to me), and it has the weighted magnets and rust-proof grommets I want. The blue water-wave look is a nice bonus without being too busy.",price_too_high,price_suspicious|look,already_chosen,few_reviews|pack,look|availability,availability|few_reviews|transparency,page2,page1,reviews,price_value,4,5,4,2,4,4,5,4,unavailable|no_price|low_rating|few_reviews|no_size|material_unclear|blur_image|no_bullets,eva,semi,yes_somewhat,better_rating,5,4
C,"I want a cheap, waterproof EVA liner with magnets to hold it against the tub, and C has the best rating (4.6★) with a solid review count at the lowest price ($7.09). The gradient blue wave look is nice enough for a guest bathroom and it's in stock.",price_too_high,look,already_chosen,few_reviews|pack,look|availability,availability|few_reviews,page2,page1,price_value,magnet,4,4,3,2,4,5,4,3,unavailable|no_price|low_rating|few_reviews|no_size|material_unclear|blur_image|no_bullets,eva,semi,yes_somewhat,lower_price,5,4
C,"It's the cheapest option at $7.09 with the highest rating on the shelf (4.6★) and a solid review count (974), plus it has the three heavy magnets and weighted hem I want so the liner stays against the tub. The blue water-wave texture is pleasant without being loud, and the specs (EVA, 72x72, odor-free) are all clearly stated.",price_too_high,look,already_chosen,few_reviews|pack,look|rating,availability|few_reviews,page2,page1,price_value,rating,4,4,4,2,4,5,5,4,unavailable|no_price|low_rating|few_reviews|no_size|material_unclear|blur_image,eva,semi,yes_somewhat,better_value,5,4
C,"It is the best-value liner with the highest rating (4.6) and a solid review count (974), plus the magnets, weighted hem, and tear-proof header cover the practical features I care about. The Art-Deco wave look is attractive without being loud, and at $7.09 it is a low-risk purchase for a bathroom essential.",price_too_high|look,price_suspicious|look,already_chosen,few_reviews|material,look|few_reviews,availability|few_reviews|size,page2,page1,price_value,reviews,4,4,4,2,4,5,5,4,unavailable|no_price|no_size|material_unclear|blur_image,eva,semi,yes_somewhat,better_value,5,5
C,"It has the highest rating (4.6) with a solid 974 reviews, a low $7.09 price, EVA material that's odor-free, and 3 heavy magnets at the hem which is exactly what I want so the liner stays put against the tub. The blue water-wave pattern is pretty without being fussy, and it's in stock.",price_too_high|look,price_suspicious|look,already_chosen,few_reviews|pack|material,look|availability,availability|few_reviews|transparency,page2,page1,rating,price_value,4,5,4,2,4,4,5,5,unavailable|no_price|low_rating|few_reviews|no_size|material_unclear|blur_image,eva,semi,yes_somewhat,better_rating,5,4
C,"It's the cheapest option at $7.09, has the highest rating on the shelf (4.6★) with a solid ~974 reviews, and includes the weighted magnets and rust-proof grommets I'd want. I like the blue wave texture too, and it's EVA which is odor-free and a material I trust.",price_too_high|availability,look|few_reviews,already_chosen,few_reviews|material,look|rating|few_reviews,availability|few_reviews,page2,page1,price_value,reviews,4,4,4,2,4,5,5,4,unavailable|no_price|low_rating|few_reviews|no_size|material_unclear|blur_image,eva,semi,yes_somewhat,better_rating,5,4
C,"I want an odor-free EVA liner with magnets and a weighted hem, and this one has the highest rating (4.6) among the affordable options with a solid review count. The Art-Deco wave look is understated and pleasant, and at $7.09 it's an easy, low-risk purchase.",price_too_high|availability|transparency,price_suspicious|look,already_chosen,few_reviews|material|pack,look|few_reviews|availability,availability|few_reviews,page2,page1,rating,magnet,4,4,4,2,4,4,5,4,unavailable|no_price|low_rating|few_reviews|no_size|material_unclear|blur_image,eva,semi,yes_somewhat,better_rating,5,4
C,"It has the highest rating (4.6) among the well-reviewed options, a low $7.09 price, and a nice Art-Deco blue wave look with magnets and a weighted hem for staying in place. The 974 reviews give me enough confidence without paying a premium.",price_too_high|look,look|rating,already_chosen,few_reviews|pack|material,look|few_reviews|availability,availability|few_reviews|size,page2,page1,rating,price_value,4,5,4,2,4,4,5,4,unavailable|no_price|low_rating|few_reviews|no_size|material_unclear|blur_image,eva,semi,yes_somewhat,better_rating,5,4
C,"It has the highest rating (4.6) among the liners with a meaningful number of reviews (974), so I trust it more than the cheap low-review options. At $7.09 it's the lowest price too, and it still has the weighted magnets and tear-proof header I want in a liner.",price_too_high|availability,brand|few_reviews,already_chosen,few_reviews|material,look|few_reviews,availability|few_reviews,page2,page1,reviews,price_value,4,4,4,2,4,4,5,5,unavailable|low_rating|few_reviews|material_unclear|blur_image,eva,semi,yes_somewhat,better_rating,5,4
C,"It has the strongest combination of a high rating (4.6 with ~974 reviews, enough to trust), a very low price of $7.09, and the features I care about most: EVA material, magnets at the bottom, tear-proof header, and odor-free. The blue wave pattern is tasteful and semi-transparent, which fits my bright bathroom, and unlike the cheap 2-pack or the no-review options, the review base is solid enough to feel like a safe buy.",price_too_high|brand,price_suspicious|look,already_chosen,few_reviews|material|pack,look|transparency|few_reviews,availability|few_reviews|size,page2,page1,price_value,reviews,4,5,4,2,5,5,5,4,unavailable|no_price|low_rating|no_size|material_unclear|blur_image,eva,semi,yes_somewhat,better_rating,5,4
B,"I want a liner that stays put and doesn't feel flimsy, and B gives me a weighted magnetic hem plus a thicker EVA (70%, billed as healthier) at a low-risk $7.19. The 3D cube texture looks a bit more premium than a plain clear liner, and 1,872 reviews at 4.4★ is enough evidence for me to trust it.",price_too_high|availability,already_chosen,price_suspicious|brand,few_reviews|material,look|transparency,availability|few_reviews,page2,page1,price_value,magnet,4,5,4,2,4,5,4,4,unavailable|no_price|low_rating|few_reviews|no_size|material_unclear|blur_image,eva,semi,yes_somewhat,better_function,5,5
B,"I want a liner that stays put and looks decent without spending much — the jssablo has magnets at the hem, a 4.4 rating on nearly 1,900 reviews, and it's only $7.19. The 3D cube texture reads more premium than a plain sheet, and EVA with no PVC worry is fine for my bathroom.",price_too_high|transparency,already_chosen,brand|few_reviews,few_reviews|pack|material,transparency|availability,availability|few_reviews|size,page2,page1,price_value,magnet,4,5,4,2,4,5,5,4,unavailable|no_price|low_rating|few_reviews|no_size|material_unclear|blur_image,eva,semi,yes_somewhat,better_function,5,4
B,"I want a liner that stays put and is easy to clean, and this one has 3 bottom magnets plus a weighted hem, which matters most to me. It has a solid 4.4 stars across nearly 1,900 reviews, is in stock, and at $7.19 it's a low-risk buy if I end up replacing it. The 3D cube texture is subtle enough that it won't clash with my bathroom.",price_too_high|availability,already_chosen,brand|review_concern,few_reviews|material,look|availability,few_reviews,page2,page1,magnet,reviews,4,4,4,2,5,4,5,4,unavailable|no_price|low_rating|few_reviews|no_size|material_unclear|blur_image|no_bullets,eva,semi,yes_somewhat,better_rating,5,4
C,"Best combination of a high rating (4.6 with nearly 1,000 reviews) and a low price ($7.09). It has the weighted magnets I want so the liner stays against the tub, plus EVA material that's odor-free and easy to wipe clean.",price_too_high|availability,look,already_chosen,few_reviews|material,few_reviews|look,availability|few_reviews,page2,page1,price_value,reviews,4,4,3,2,4,5,5,4,unavailable|no_price|no_size|material_unclear|low_rating|few_reviews,eva,semi,yes_somewhat,better_rating,5,4
A,"I want a liner that will last and not smell, and the AmazerBath EVA with brass grommets, weighted hem, and 4,156 reviews at 4.5 stars gives me the most confidence in build quality. I'm cautious about cheap plastic liners off-gassing or tearing, so I'll pay more for the soft-touch BPA-free EVA. The emerald green semi-transparent look also fits my bathroom better than a plain black or a loud 3D pattern.",already_chosen,price_suspicious|brand|look,price_suspicious|brand|look,few_reviews|material|rating,look|rating|brand,availability|few_reviews|size,page2,page1,reviews,material,4,4,4,2,4,4,5,5,unavailable|no_size|material_unclear|low_rating|few_reviews,eva,semi,yes_somewhat,better_rating,4,4
A,"I picked the AmazerBath emerald EVA liner because it has by far the strongest evidence behind it — 4.5 stars across 4,156 reviews — plus the features I actually care about: odor-free BPA-free EVA, 12 rustproof brass grommets, a reinforced double-layered header, and a weighted bottom. Yes, $18.99 is more than the $7 liners, but I'd rather pay once for something that won't tear, smell, or mildew in a few months.",already_chosen,brand|few_reviews|price_suspicious|look,brand|price_suspicious|look|material,few_reviews|material|brand|pack,look|few_reviews|rating|transparency,availability|few_reviews|size,page2,page1,reviews,material,4,5,4,2,4,3,5,5,unavailable|no_price|low_rating|few_reviews|no_size|material_unclear|blur_image,eva,semi,yes_somewhat,better_rating,4,4
C,"I want a liner that's clearly waterproof, easy to wipe down, and stays put against the tub with magnets, and this one has all three plus a solid 4.6 rating from nearly a thousand buyers. The Art-Deco blue wave pattern is pretty without being busy, and at $7.09 it's an easy price to swallow for something I'll replace in a year or two anyway. EVA and odor-free matters to me too, since I don't want that plasticky smell in a small bathroom.",price_too_high|look,price_suspicious|look,already_chosen,few_reviews|material,look|few_reviews,availability|few_reviews,page2,page1,reviews,price_value,4,5,4,2,4,4,5,4,unavailable|no_price|low_rating|few_reviews|material_unclear|blur_image,eva,semi,yes_somewhat,better_rating,5,4
C,"It's the best balance of price and evidence: 4.6 stars with nearly 1,000 reviews at just $7.09. EVA is odor-free and the magnets plus weighted hem mean it will actually stay against the tub, and I like the blue wave look.",price_too_high,price_suspicious,already_chosen,few_reviews|material,look|few_reviews|availability,availability|few_reviews,page2,page1,reviews,price_value,4,4,4,2,4,5,5,4,unavailable|no_price|low_rating|few_reviews|no_size|material_unclear|blur_image,eva,semi,yes_somewhat,better_rating,5,4
C,"It's the lowest price with the highest rating and a solid review count (4.6 stars, 974 reviews), and EVA is what I want — odor-free and PVC-free. The magnets and weighted hem are things I actually need so the liner stays put, and I don't mind the blue wave look.",price_too_high|availability,price_suspicious|look,already_chosen,few_reviews|material,look|few_reviews,availability|few_reviews|size,page2,page1,price_value,reviews,4,4,4,2,4,5,5,4,unavailable|no_price|low_rating|few_reviews|no_size|material_unclear|blur_image,eva,semi,yes_somewhat,better_rating,5,5
A,"I want a liner that's odor-free and safe (BPA-free EVA) with a weighted hem so it actually stays put, and this one has 4,000+ reviews backing it up. The $18.99 price is more than I'd normally pay for a liner, but for something I'll look at every day and won't have to replace soon, the brass grommets and double-layered header make it worth it.",already_chosen,price_suspicious|brand|few_reviews,price_suspicious|brand|few_reviews,few_reviews|material|pack,look|availability|rating,availability|few_reviews|material,page2,page1,reviews,material,4,4,4,2,5,4,5,4,unavailable|no_price|no_size|material_unclear|blur_image,eva,semi,yes_somewhat,better_value,4,4
B,"I want a cheap, functional liner that looks decent and has solid evidence behind it. The jssablo Blue Cube is only $7.19, has a strong 4.4★ from nearly 1,900 reviews, is in stock, and includes the three bottom magnets I want so it stays against the tub.",price_too_high,already_chosen,price_suspicious|brand|few_reviews,few_reviews|material|pack,look|transparency|few_reviews,availability|few_reviews,page2,page1,price_value,reviews,4,4,4,2,4,5,5,4,unavailable|no_price|low_rating|few_reviews|no_size|material_unclear|blur_image,eva,semi,yes_somewhat,better_function,5,4
C,"The LQFMEHOT liner hits my budget with the highest rating on the shelf (4.6★, ~974 reviews), and the blue wave texture with magnets at the hem gives me the practical function and look I want. The EVA material is odor-free and easy to wipe down, which matters for a bathroom I keep clean.",price_too_high,look,already_chosen,few_reviews,transparency|availability,availability|few_reviews,page2,page1,rating,price_value,4,4,4,2,4,4,5,4,unavailable|no_price|low_rating|few_reviews|no_size|material_unclear|blur_image,eva,semi,yes_somewhat,better_rating,5,5
C,"It has the highest rating (4.6) of any liner I can actually buy, plenty of reviews at 974, and at $7.09 it's the cheapest option on the shelf. The weighted magnets, anti-rust grommets, and odor-free EVA give me the function and safety I want without paying a premium.",price_too_high|look,look|few_reviews,already_chosen,few_reviews|material,look|few_reviews|availability,availability|few_reviews,page2,page1,price_value,reviews,4,5,4,2,4,5,5,4,unavailable|no_price|low_rating|few_reviews|no_size|material_unclear|blur_image,eva,semi,yes_somewhat,better_function,5,5
C,"It has the highest rating (4.6) among the affordable options, a solid review count (974), and a clean Art-Deco wave look I like. The price of $7.09 is excellent value for a waterproof EVA liner with magnets and a weighted hem.",price_too_high,look,already_chosen,few_reviews|material,look|transparency,availability|few_reviews,page2,page1,rating,price_value,4,4,4,2,4,5,5,4,unavailable|no_price|low_rating|few_reviews|no_size|material_unclear|blur_image,eva,semi,yes_somewhat,better_rating,5,5
C,"I want a semi-transparent liner that still lets some light through, and this one has the highest rating (4.6) with a solid 974 reviews and a low $7.09 price. The magnets at the hem and easy wipe-clean EVA are exactly the practical features I need for my bathroom.",price_too_high|transparency|availability,look|few_reviews,already_chosen,few_reviews|material|pack,look|transparency|availability,availability|few_reviews|size,page2,page1,price_value,rating,4,4,4,2,4,5,5,4,unavailable|no_price|low_rating|few_reviews|no_size|material_unclear|blur_image,eva,semi,yes_somewhat,better_value,5,4
C,"I want an odor-free EVA liner with magnets and a weighted hem, and the water-wave gradient blue design fits my modern bathroom without being boring. It has a strong 4.6 rating with nearly 1,000 reviews and the lowest price on the shelf, so it feels like the best balance of looks, function, and value.",price_too_high|look,look,already_chosen,few_reviews|material|pack,look|availability,availability|few_reviews|look,page2,page1,price_value,appearance,4,5,4,2,4,5,5,4,unavailable|low_rating|no_size|material_unclear|blur_image|no_bullets,eva,semi,yes_somewhat,better_rating,5,4
B,"The jssablo Blue Cube liner hits my sweet spot: it's cheap enough to replace without guilt, has a solid 4.4 rating with nearly 1,900 reviews so I trust it, and the EVA material plus bottom magnets are exactly what I want for a liner that stays put and wipes clean. The 3D cube texture also looks nicer than a plain clear liner.",price_too_high|look,already_chosen,brand|few_reviews,few_reviews|material|pack,look|few_reviews,availability|few_reviews,page2,page1,price_value,reviews,4,4,4,2,4,5,5,4,unavailable|no_price|low_rating|few_reviews|no_size|material_unclear|blur_image,eva,semi,yes_somewhat,better_function,5,4
B,"The jssablo Blue Cube has a strong 4.4★ rating across nearly 1,900 reviews, which gives me real confidence in the quality. It's priced very low at $7.19, has the 3 magnets I want to keep it against the tub, and the 3D cube texture gives it a more premium look than a plain clear liner. EVA is also the material I'd prefer for being odor-free and safer than PVC.",price_too_high|look,already_chosen,brand|few_reviews,few_reviews|material,look|few_reviews,availability|few_reviews,page2,page1,reviews,price_value,4,5,4,2,4,5,5,4,unavailable|no_price|low_rating|few_reviews|no_size|material_unclear|blur_image|no_bullets,eva,semi,yes_somewhat,better_rating,5,4
C,"It's the cheapest option at $7.09 with the strongest evidence behind it — 4.6 stars from 974 reviews, the highest rating on the shelf. The water-wave texture looks clean and modern, and it has the functional features I care about (3 heavy magnets, anti-rust grommets, odor-free EVA) at a price where I won't feel bad replacing it in a year.",price_too_high,look,already_chosen,few_reviews|material,look|few_reviews,availability|few_reviews,page2,page1,price_value,reviews,4,4,4,2,3,5,5,4,unavailable|no_price|low_rating|few_reviews|blur_image,eva,semi,yes_somewhat,better_value,5,4
E,"I want a plain, solid liner that blocks the look of the tub area and won't show water spots or soap scum. The black EVA is PVC-free, has weighted magnets, and the 4.3 rating with 116 reviews is enough evidence for a basic purchase. Price is reasonable and it's in stock.",price_too_high|look|transparency,look|transparency|brand,look|transparency|brand,few_reviews|look|pack,already_chosen,availability|few_reviews|transparency,page2,page1,price_value,reviews,4,4,4,2,4,5,4,4,unavailable|no_price|few_reviews|material_unclear|blur_image,eva,blackout,yes_somewhat,lower_price,5,4
B,"Good price, solid 4.4 stars with plenty of reviews, and the magnets at the bottom keep it against the tub. EVA material is fine and it's in stock for immediate delivery.",price_too_high|availability,already_chosen,price_suspicious,few_reviews,look,availability|few_reviews,page1,page1,price_value,reviews,4,4,3,1,3,5,5,4,unavailable|no_size|material_unclear|blur_image,eva,semi,yes_somewhat,better_rating,5,4
B,"I want a cheap single liner that actually stays put against the tub, and the jssablo has 3 magnets plus a weighted hem at $7.19. It also has a solid review base (4.4 stars, 1,872 reviews) so I'm not gambling on an unknown listing, and the EVA material is a step up from PVC.",price_too_high|availability,already_chosen,price_suspicious|look,few_reviews|pack|look,look|availability,few_reviews,page2,page1,price_value,magnet,4,4,4,2,4,5,4,4,unavailable|no_price|low_rating|few_reviews|no_size|material_unclear|blur_image,eva,semi,yes_somewhat,lower_price,5,4
C,"It has the highest rating (4.6) with a solid 974 reviews, and it has the features I care about most: EVA material, magnets at the hem, and a waterproof wipe-clean surface. At $7.09 it's a great value without feeling like a no-name gamble, and it's in stock.",price_too_high,look,already_chosen,few_reviews|pack,look|few_reviews,availability|few_reviews,page2,page1,rating,price_value,4,4,4,2,4,4,5,4,unavailable|no_price|no_size|material_unclear|blur_image,eva,semi,yes_somewhat,better_rating,5,4
C,"It's cheap, has a strong 4.6 rating with a decent review count, and the water-wave look is subtle enough to keep the bathroom feeling bright. EVA material and the magnets at the bottom cover the practical stuff I actually care about.",price_too_high|availability,look|price_suspicious,already_chosen,few_reviews|pack|material,look|few_reviews,availability|few_reviews,page2,page1,price_value,reviews,4,4,3,2,4,5,5,4,unavailable|no_price|low_rating|few_reviews|no_size|material_unclear|blur_image,eva,semi,yes_somewhat,better_value,5,4
C,"It's the cheapest option at $7.09, has the highest rating on the shelf (4.6 stars), and nearly a thousand reviews so I can trust it. It has the weighted magnets and rust-proof grommets I want, and the blue water-wave design will look fine in my bathroom.",price_too_high|transparency|brand,price_suspicious|brand|look,already_chosen,few_reviews|material|pack,look|few_reviews|availability,few_reviews,page2,page1,price_value,rating,4,4,4,2,4,5,4,4,unavailable|no_price|low_rating|few_reviews|no_size|material_unclear|blur_image,eva,semi,yes_somewhat,better_rating,5,4
C,"I want a liner that looks good, stays put, and doesn't cost much. The LQFMEHOT has the best rating of the shelf (4.6 with ~974 reviews), a nice Art-Deco wave look, magnets at the hem, and it's the cheapest at $7.09 — best combination of evidence, function, and value.",price_too_high|availability,look,already_chosen,few_reviews|material,look|rating,availability|few_reviews,page2,page1,price_value,reviews,4,4,4,2,4,5,5,4,unavailable|no_price|low_rating|no_size|material_unclear|blur_image,eva,semi,yes_somewhat,better_rating,5,4
C,"I want a nice-looking liner at a fair price, and this one has the best rating on the shelf (4.6★ with nearly 1,000 reviews) so I feel confident it's reliable. The blue water-wave pattern will look pretty in my bathroom, and it has the magnets and weighted hem I want so it stays put against the tub.",price_too_high|look,look|rating|price_suspicious,already_chosen,few_reviews|material|pack,look|few_reviews|brand,availability|few_reviews|transparency,page2,page1,rating,price_value,4,5,4,2,4,4,5,4,unavailable|no_size|material_unclear|blur_image,eva,semi,yes_somewhat,better_rating,5,4
B,"I want a liner that stays put against the tub, and this one has 3 magnets at the hem plus a 4.4★ rating from nearly 1,900 reviews — enough evidence for me to trust it. At $7.19 with 70% EVA (a material I consider safer than PVC), it's a sensible, low-risk buy for a basic bathroom item.",price_too_high|look,already_chosen,already_chosen,few_reviews|material|pack,look|availability|brand,availability|few_reviews,page2,page1,magnet,reviews,4,3,4,2,4,4,5,4,unavailable|no_price|few_reviews|no_size|material_unclear|blur_image,eva,semi,neutral,better_function,5,4
A,"No persona-specific answer was produced, so a neutral answer was used.",already_chosen,already_chosen,already_chosen,already_chosen,already_chosen,already_chosen,page1,page1,price_value,price_value,3,3,3,3,3,3,3,3,unavailable,eva,fully_transparent,yes_strongly,lower_price,3,3
C,"Highest rating on the shelf (4.6★) with a solid ~974 reviews, most reliable evidence among the affordable options. It has the features I actually care about — EVA material, 3 heavy magnets at the hem, anti-rust grommets, waterproof quick-dry surface — at $7.09, which is a bargain. The Art-Deco wave look is a nice bonus without costing more.",price_too_high,look|rating,already_chosen,few_reviews|material,look|transparency|availability,availability|few_reviews,page2,page1,reviews,price_value,4,4,4,2,4,5,5,4,unavailable|no_price|low_rating|few_reviews|no_size|material_unclear|blur_image,eva,semi,yes_somewhat,better_rating,5,4
C,"It has the highest rating (4.6) with a solid review count (974), a low $7.09 price, EVA material that's odor-free, and it has the weighted magnets I want plus a nice subtle wave pattern. The listing is complete and in stock, so it feels like the safest, best-value pick.",price_too_high|look,price_suspicious|look,already_chosen,few_reviews|material,look|few_reviews,availability|few_reviews|size,page2,page1,price_value,reviews,4,4,4,2,4,5,5,4,unavailable|no_price|low_rating|no_size|material_unclear|blur_image,eva,semi,yes_somewhat,better_rating,5,4
B,"The jssablo Blue Cube liner hits the best balance for me: it's cheap at $7.19, has a strong 4.4★ from 1,872 reviews, uses 70% EVA (healthier than PEVA/PVC), and includes the 3 magnets at the hem that keep it against the tub. I like the 3D cube texture as a subtle upgrade over a plain liner, and it's in stock.",price_too_high|look|availability,already_chosen,brand|review_concern,few_reviews|material|pack,look|few_reviews|availability,availability|few_reviews|size,page2,page1,price_value,reviews,4,4,4,2,4,5,5,4,unavailable|no_price|low_rating|no_size|material_unclear|blur_image,eva,semi,yes_somewhat,better_function,5,4
C,"I want a low-cost single liner that is clearly waterproof, has a weighted magnetic hem, and comes in a plain semi-transparent blue that lets light through. Option C has the best combination of a strong 4.6 rating, nearly 1,000 reviews, and a very low $7.09 price, so it feels like the safest value buy.",price_too_high,look|rating,already_chosen,few_reviews|material,look|availability|rating,availability|few_reviews|size,page2,page1,price_value,reviews,4,4,4,2,4,5,5,4,unavailable|no_price|low_rating|few_reviews|no_size|material_unclear|blur_image|no_bullets,eva,semi,yes_somewhat,lower_price,5,5
A,"I'm a knitter who spends real time in the bathroom with my hands busy, so I want a liner that feels nice and stays put. The AmazerBath has the strongest evidence behind it — 4.5 stars from over 4,000 reviews — plus a weighted hem, rustproof brass grommets, and odor-free EVA that won't off-gas. At $18.99 it's the priciest, but for something I touch every day I'd rather pay once for a quality liner than replace a cheap one twice.",already_chosen,price_suspicious|look|brand|material,price_suspicious|look|brand|material,few_reviews|material|pack|look,look|few_reviews|availability|brand,availability|few_reviews|look,page2,page1,reviews,material,4,4,4,2,4,4,5,5,unavailable|no_price|low_rating|few_reviews|material_unclear|blur_image,eva,semi,yes_somewhat,better_rating,4,4
B,"It's inexpensive, has plenty of reviews at a solid 4.4 stars, and the magnets plus metal grommets cover the practical stuff I care about. The blue gradient look is fine and it's actually in stock and ready to ship.",price_too_high|transparency,already_chosen,brand|price_suspicious,few_reviews|material|pack,look|transparency,availability|few_reviews,page2,page1,price_value,reviews,4,4,3,2,4,5,4,3,unavailable|no_price|low_rating|few_reviews|no_size|material_unclear|blur_image,eva,semi,unlikely,lower_price,5,4
C,"At $7.09 it's the cheapest option but still has a solid 4.6-star rating with nearly 1,000 reviews, which gives me confidence it's reliable. It has the features I care about — EVA material, three heavy magnets at the bottom, anti-rust grommets, and a waterproof wipe-clean surface — and I like the blue wave design for my bathroom.",price_too_high|availability,look,already_chosen,few_reviews|material,look|rating,availability|few_reviews|size,page2,page1,price_value,reviews,4,5,4,2,4,5,5,4,unavailable|no_price|low_rating|no_size|material_unclear|blur_image,eva,semi,yes_somewhat,nothing,5,4
C,"The LQFMEHOT has the highest rating (4.6) with a solid review count (974), which makes me trust it. It's cheap at $7.09, has magnets to stay against the tub, and the blue water-wave look is pretty without being boring.",price_too_high|availability,look|rating,already_chosen,few_reviews|material,look|few_reviews,availability|few_reviews,page2,page1,rating,price_value,4,5,4,2,4,4,5,4,unavailable|no_price|low_rating|few_reviews|no_size|material_unclear|blur_image,eva,semi,yes_somewhat,better_rating,5,4
C,"I want a liner that stays put and looks nice without spending a lot, and the LQFMEHOT has the highest rating (4.6) with a solid 974 reviews, 3 heavy magnets, a tear-proof header, and an odor-free EVA material at just $7.09. The blue water-wave pattern is pretty and light-filtering, which suits my bathroom, and the price means I can replace it without guilt.",price_too_high|look|transparency,price_suspicious|brand|look,already_chosen,few_reviews|material|look,look|transparency|availability,availability|few_reviews|size,page2,page1,reviews,price_value,4,5,4,2,4,4,5,4,unavailable|no_price|low_rating|few_reviews|material_unclear|blur_image,eva,semi,yes_somewhat,better_rating,5,5
C,"Best combo of price and evidence: $7.09 with a 4.6★ rating and ~974 reviews, so it's cheap without being a total unknown. EVA is odor-free and the 3 magnets plus weighted hem keep it against the tub, which is what actually matters day to day.",price_too_high|transparency,look|price_suspicious,already_chosen,few_reviews|material,look|rating|availability,availability,page2,page1,price_value,reviews,4,4,3,2,4,5,5,4,unavailable|no_price|no_size|material_unclear|blur_image|few_reviews,eva,semi,yes_somewhat,better_rating,5,4
C,"It hits the sweet spot: the best rating on the shelf (4.6★ with ~974 reviews, enough to trust), the lowest price ($7.09), and it still has the features I care about — EVA material, 3 heavy magnets, tear-proof header and anti-rust grommets, plus a water-wave texture I actually like for a modern bathroom. I don't need a luxury liner, so paying $18.99 for option A isn't worth it to me.",price_too_high,price_suspicious|look,already_chosen,few_reviews|material|look,look|rating|availability,availability|few_reviews,page2,page1,price_value,rating,4,5,4,2,4,5,5,4,unavailable|low_rating|few_reviews|no_size|material_unclear|blur_image,eva,semi,yes_somewhat,better_rating,5,4
C,"It's the best combination of a genuinely good rating with a real review base (4.6★, 974 reviews) and a low price of $7.09. I like the gradient blue wave look, and it has the magnets and weighted hem I want plus the 72x72 fit. Cheapest option that still feels evidence-backed.",price_too_high|look,price_suspicious,already_chosen,few_reviews|pack,look|transparency,availability|few_reviews|material,page2,page1,price_value,reviews,4,5,4,2,4,5,5,4,unavailable|no_size|material_unclear|blur_image,eva,semi,yes_somewhat,better_rating,5,4
A,"I value quality, design, and materials over chasing the lowest price, and the AmazerBath liner is the only one that reads as genuinely premium: soft-touch BPA-free EVA, brass grommets, weighted hem, and an emerald-green look that actually adds something to the bathroom. With 4,156 reviews at 4.5 stars it has by far the strongest evidence base, so I feel confident paying $18.99 for something I'll look at every day.",already_chosen,price_suspicious|brand|look,price_suspicious|brand|look,few_reviews|material|pack,look|rating,availability|few_reviews,page2,page1,reviews,appearance,4,5,4,2,4,3,5,4,unavailable|no_price|no_size|material_unclear|blur_image|few_reviews,eva,semi,yes_somewhat,nothing,4,4
C,"I'm drawn to the Art-Deco water-wave look — it's the most beautiful and design-forward liner here, and it fits my taste as someone who follows trends. It's also the cheapest at $7.09, has a strong 4.6 star rating from nearly 1,000 reviews, includes the three bottom magnets I want, and is in stock. Good looks, solid evidence, and real value all in one.",price_too_high,look,already_chosen,few_reviews|pack,look|availability,availability|few_reviews,page2,page1,appearance,price_value,4,5,4,2,4,4,5,4,unavailable|no_price|no_size|material_unclear|blur_image,eva,semi,yes_somewhat,better_look,5,5
C,"The LQFMEHOT liner has the highest rating (4.6★) with a solid review count, a low $7.09 price, and all the functional features I care about — EVA material, 3 heavy magnets, weighted hem, rust-proof grommets and easy wipe-clean care. The Art-Deco blue wave look is attractive without being gaudy, and it's in stock, so it's the best balance of value, quality evidence and function.",price_too_high|transparency,look|rating,already_chosen,few_reviews|pack,look|review_concern,availability|few_reviews,page2,page1,price_value,reviews,4,4,4,2,4,5,5,4,unavailable|no_price|low_rating|no_size|material_unclear|blur_image,eva,semi,yes_somewhat,better_value,5,4
A,"I chose the AmazerBath liner because it has by far the strongest evidence base — 4.5 stars across 4,156 reviews — plus a reinforced double-layered header, 12 rustproof brass grommets, and a weighted bottom hem. It's BPA-free, odor-free EVA, which matters to me with kids in the house, and the emerald semi-transparent look works with my bathroom.",already_chosen,price_suspicious|brand|few_reviews,brand|few_reviews|price_suspicious,few_reviews|brand|material,look|availability|few_reviews,availability|few_reviews|size,page2,page1,reviews,material,4,5,4,2,4,4,5,4,unavailable|no_price|low_rating|no_size|material_unclear|blur_image|few_reviews,eva,semi,yes_somewhat,better_rating,4,4
C,"It has the highest rating (4.6) with a solid review count (974) and the lowest price ($7.09), which is strong value for a basic liner. It includes the weighted magnets and rust-proof grommets I want, and the EVA material is odor-free and waterproof.",price_too_high,rating|few_reviews,already_chosen,few_reviews|material,look|few_reviews|availability,availability|few_reviews,page2,page1,rating,price_value,4,4,4,2,5,4,5,5,unavailable|no_price|low_rating|few_reviews|no_size|material_unclear|blur_image,eva,semi,yes_somewhat,better_rating,5,4
A,"I'm going to be looking at this liner every single day, so I want one that actually looks nice and doesn't feel like cheap plastic. The AmazerBath has the strongest review base by far (4,156 reviews at 4.5 stars), it's BPA-free and odor-free EVA with brass grommets and a weighted hem, and I'd rather pay $18.99 once for something that holds up than replace a flimsy $7 liner in six months.",already_chosen,price_suspicious|look|brand|rating,price_suspicious|brand|few_reviews|look,few_reviews|material|brand|pack,look|transparency|rating|availability,availability|few_reviews|material,page2,page1,reviews,material,5,5,5,2,4,4,5,5,unavailable|no_price|low_rating|no_size|material_unclear|blur_image|no_bullets,eva,semi,yes_somewhat,better_rating,5,4
C,"At $7.09 it's the cheapest option but still has a strong 4.6★ from ~974 reviews, so I'm not gambling on quality. It has the magnets and weighted hem I want, plus a waterproof EVA surface that rinses clean — good value without feeling like junk.",price_too_high|availability,look,already_chosen,few_reviews|material,look|few_reviews|availability,few_reviews,page2,page1,price_value,reviews,4,4,4,2,4,5,5,4,unavailable|no_price|low_rating|no_size|material_unclear|blur_image,eva,semi,yes_somewhat,better_function,5,5
C,"The LQFMEHOT liner has the highest rating (4.6★) with a solid ~974 reviews, which gives me confidence, and at $7.09 it's the best value. It has the weighted magnets I want, an odor-free EVA material, and a pretty blue water-wave design that will look nice in my bathroom.",price_too_high,rating|few_reviews,already_chosen,few_reviews,look|rating,availability|few_reviews,page2,page1,rating,price_value,4,5,4,3,4,5,5,4,unavailable|no_price|low_rating|few_reviews|material_unclear|blur_image,eva,semi,yes_somewhat,better_rating,5,5
C,"It's the best blend of price, proven quality, and features I actually want. At $7.09 with a 4.6-star rating from nearly 1,000 reviews, it has the strongest evidence of reliability on the shelf, plus magnets and a weighted hem to keep it against the tub. The Art-Deco wave look is a nice touch without being flashy.",price_too_high|look,price_suspicious|look,already_chosen,few_reviews|material,transparency|availability,availability|few_reviews,page2,page1,reviews,price_value,4,5,4,2,4,4,5,4,unavailable|no_price|low_rating|no_size|material_unclear|blur_image|no_bullets,eva,semi,yes_somewhat,nothing,5,5
A,"I want a liner that feels nice and holds up, and the AmazerBath has by far the strongest track record with 4,156 reviews at 4.5 stars. The soft-touch EVA, brass grommets, and weighted hem are exactly the quality details I care about, and at $18.99 it's still reasonable for something I'll keep for years. The emerald semi-transparent look also fits my bright bathroom better than the bolder blue patterns.",already_chosen,price_suspicious|look|brand,price_suspicious|look|brand,few_reviews|material|look,look|few_reviews|availability,few_reviews|size,page2,page1,reviews,material,4,5,4,2,4,4,5,5,unavailable|no_price|low_rating|few_reviews|no_size|material_unclear|blur_image,eva,semi,yes_somewhat,nothing,4,4
A,"After losing my mom, I've become more intentional about buying fewer, better things that feel calm and well-made, and this liner's soft-touch eco-friendly EVA, brass grommets and weighted hem match that. The 4.5 stars across 4,000+ reviews gives me the confidence that it will actually hold up and be odor-free.",already_chosen,price_suspicious|material|few_reviews|availability,price_suspicious|material|few_reviews,few_reviews|material|pack,look|few_reviews|availability,availability|few_reviews,page2,page1,material,reviews,4,5,4,2,4,4,5,4,unavailable|no_price|low_rating|few_reviews|no_size|material_unclear|blur_image,eva,semi,yes_somewhat,better_rating,4,4
B,"I want a liner that is affordable, well-reviewed, and actually in stock, and the jssablo Blue Cube checks all three. With 4.4 stars across nearly 1,900 reviews at just $7.19, it feels like the safest low-risk pick, and the 3D cube texture plus magnets at the hem give it the functional and visual appeal I want. The blue gradient also fits the calm, light-filtering look I'd want in a bathroom.",price_too_high|look,already_chosen,price_suspicious|brand|look,few_reviews|material|pack,look|rating|availability,few_reviews,page2,page1,reviews,price_value,4,5,4,2,4,5,5,4,unavailable|no_price|few_reviews|no_size|material_unclear|blur_image,eva,semi,yes_somewhat,better_rating,5,4
C,"It's the cheapest option at $7.09 but still has a strong 4.6 rating with ~974 reviews, so the quality evidence is there. EVA material, magnets at the bottom, and a nice wave pattern hit everything I need in a liner without overspending.",price_too_high,price_suspicious|rating,already_chosen,few_reviews|material,look|rating,availability|few_reviews,page2,page1,price_value,reviews,4,4,3,2,4,5,5,4,unavailable|no_price|low_rating|no_size|material_unclear|blur_image,eva,semi,yes_somewhat,nothing,5,4
A,"I want a liner that feels substantial and looks nice in my bathroom, and AmazerBath's emerald EVA with brass grommets and a weighted bottom fits that. The 4.5 stars across 4,000+ reviews gives me confidence it will hold up, and $18.99 is fine for a liner I'll keep for a couple of years.",already_chosen,price_suspicious|look|brand,price_suspicious|look|brand,few_reviews|material|pack,look|transparency|availability,availability|few_reviews|material,page2,page1,reviews,material,4,5,4,2,4,3,5,5,unavailable|no_price|low_rating|few_reviews|no_size|material_unclear|blur_image,eva,semi,yes_somewhat,better_rating,4,4
C,"Highest rating on the shelf (4.6 with ~1,000 reviews) at the lowest price, and it has the three heavy magnets plus anti-rust grommets I actually want in a liner. The EVA is odor-free and the wave texture looks decent without being a gimmick.",price_too_high|transparency,few_reviews|look,already_chosen,few_reviews|material,look|availability,availability|few_reviews,page2,page1,price_value,reviews,4,4,3,2,4,5,5,4,unavailable|no_price|no_size|material_unclear|blur_image|few_reviews,eva,semi,yes_somewhat,better_rating,5,4
A,"No persona-specific answer was produced, so a neutral answer was used.",already_chosen,already_chosen,already_chosen,already_chosen,already_chosen,already_chosen,page1,page1,price_value,price_value,3,3,3,3,3,3,3,3,unavailable,eva,fully_transparent,yes_strongly,lower_price,3,3
C,"It has the highest rating (4.6) among the options with a solid review count, at the lowest price of $7.09. It has the weighted magnets and rust-proof grommets I want, and the blue water-wave look is attractive without being too dark.",price_too_high,rating,already_chosen,few_reviews|material,look|transparency,availability|few_reviews,page2,page1,rating,price_value,4,5,4,2,4,5,5,4,unavailable|no_price|low_rating|blur_image|material_unclear,eva,semi,yes_somewhat,better_function,5,4
C,"It has the highest rating (4.6) with a solid review count (974), a low price of $7.09, and all the functional features I want: magnets, weighted hem, odor-free EVA, and a waterproof wipe-clean surface. The Art-Deco blue wave look is attractive without being overpriced like option A.",price_too_high,look|rating,already_chosen,few_reviews|material,look|few_reviews,availability|few_reviews|size,page2,page1,price_value,reviews,4,5,4,2,4,5,5,4,unavailable|no_price|low_rating|no_size|material_unclear|blur_image,eva,semi,yes_somewhat,better_value,5,4
B,"I rarely buy liners, so I want cheap but not sketchy. The jssablo is $7.19, has a solid 4.4★ with nearly 1,900 reviews, has magnets at the hem, and the 3D cube texture looks way better than a plain clear sheet.",price_too_high,already_chosen,brand|look,few_reviews|pack,transparency|few_reviews,availability|few_reviews,page2,page1,price_value,reviews,3,4,3,2,3,5,4,3,unavailable|low_rating|material_unclear|blur_image,eva,semi,yes_somewhat,lower_price,5,4
A,"I chose the AmazerBath liner because it has by far the most reviews (4,156) at a solid 4.5 stars, so I trust it more than the newer listings. It's BPA-free and odor-free EVA with brass grommets and a weighted bottom, which matters since I want something that stays put and doesn't smell. The price is higher, but for a bathroom item my family uses daily, I'd rather pay a bit more for the proven quality.",already_chosen,price_suspicious|few_reviews|brand,price_suspicious|few_reviews|brand,few_reviews|material,look|few_reviews,availability|few_reviews,page2,page1,reviews,material,4,5,4,2,4,4,5,5,unavailable|no_price|low_rating|few_reviews|no_size|material_unclear|blur_image,eva,semi,yes_somewhat,better_rating,4,4
E,"I want a plain, opaque liner with no pattern or tint, and black fits my bathroom's modern look. EVA is PVC-free and odor-free, it has the weighted magnets I want to keep it against the tub, and the price is reasonable. The rating is 4.3★ with 116 reviews, which is enough evidence for a simple low-risk purchase.",price_too_high|transparency|look,look|transparency|price_suspicious,look|transparency|price_suspicious,few_reviews|look|pack,already_chosen,availability|few_reviews|size|transparency,page2,page1,appearance,reviews,4,4,3,2,4,4,5,4,unavailable|no_price|low_rating|few_reviews|no_size|material_unclear|blur_image|no_bullets,eva,blackout,yes_somewhat,better_rating,4,4
C,"It has the highest rating in the set (4.6★) with a solid ~974 reviews, and at $7.09 it's the cheapest option while still offering the features I care about: magnets at the hem, rust-proof metal grommets, and odor-free EVA. The Art-Deco water-wave design in gradient blue also looks nicer than a plain solid liner.",price_too_high|look,look,already_chosen,few_reviews|material,look|few_reviews|availability,availability|few_reviews,page2,page1,price_value,reviews,4,5,4,2,4,5,5,4,unavailable|no_price|low_rating|few_reviews|no_size|material_unclear|blur_image,eva,semi,yes_somewhat,better_function,5,4
A,"I'll pay a bit more for the one with real review volume behind it — 4,156 reviews at 4.5 stars is actual proof, not a guess. The weighted bottom, brass grommets and no-odor EVA matter in a humid bathroom, and emerald green looks good without being busy.",already_chosen,price_suspicious|look|brand,price_suspicious|look|brand|few_reviews,few_reviews|material|pack,look|few_reviews|availability,availability|few_reviews|size,page2,page1,reviews,magnet,4,5,4,2,4,4,5,5,unavailable|no_price|no_size|material_unclear|blur_image|few_reviews,eva,semi,yes_somewhat,better_rating,4,4
A,"I want a liner that feels well-made and won't smell like chemicals, and this one is BPA-free, odor-free EVA with brass grommets and a weighted hem. It has over 4,000 reviews at 4.5 stars, so I trust it more than the cheap no-name options. The price is higher, but I'd rather pay more once for something that lasts.",already_chosen,price_suspicious|brand|look,price_suspicious|brand|look,few_reviews|material|look,look|rating|brand,availability|few_reviews|size,page2,page1,material,reviews,4,4,4,2,4,3,5,4,unavailable|no_price|low_rating|few_reviews|no_size|material_unclear,eva,semi,yes_somewhat,better_rating,4,4
B,"With three young kids, I need a liner that's cheap enough to replace when it gets gross, and the jssablo Blue Cube is only $7.19 with a solid 4.4 stars from 1,872 reviews. It has the weighted magnets and metal grommets I want, and the blue 3D texture looks nice without being fussy.",price_too_high,already_chosen,brand|rating,few_reviews|material,look|availability,availability|few_reviews,page2,page1,price_value,reviews,4,4,4,2,4,5,5,4,unavailable|no_price|low_rating|few_reviews|no_size|material_unclear|blur_image,eva,semi,yes_somewhat,better_rating,5,4
C,"I've bought liners before and I know a $7 liner can be perfectly fine — I don't need to spend $19 on something that hangs in a wet tub. The LQFMEHOT has the best rating on the shelf (4.6 with nearly 1,000 reviews), EVA material, magnets at the bottom so it doesn't billow, and a soft blue wave look that will go nicely with my bathroom tile. Good value, no fuss.",price_too_high|transparency,look|few_reviews,already_chosen,few_reviews|pack|material,look|availability|few_reviews,availability|few_reviews|size,page2,page1,rating,price_value,4,4,3,2,4,5,5,4,unavailable|no_price|low_rating|few_reviews|no_size|material_unclear|blur_image,eva,semi,yes_somewhat,better_rating,5,4
C,"It hits the sweet spot for me: the highest rating on the shelf (4.6 with nearly 1,000 reviews, so I trust the evidence), a genuinely low $7.09 price, EVA material that's odor-free, and it still has the 3 heavy magnets and weighted hem I need to keep it against the tub. The Art-Deco blue water-wave look is a nice bonus over a plain liner, and it's in stock and ready to ship.",price_too_high|look,price_suspicious|brand|look,already_chosen,few_reviews|material|pack,look|availability|brand,availability|few_reviews|size,page2,page1,reviews,price_value,4,4,4,2,5,5,5,4,unavailable|no_price|low_rating|few_reviews|no_size|material_unclear|blur_image,eva,semi,yes_somewhat,better_rating,5,5
C,"It has the highest rating (4.6★) with a solid review count (974), which gives me confidence, and at $7.09 it's the best value on the shelf. It also has the functional features I care about — 3 heavy magnets, tear-proof header, anti-rust grommets — and the Art-Deco wave look is attractive without being gaudy.",price_too_high,rating,already_chosen,few_reviews|material,look|few_reviews|availability,availability|few_reviews,page2,page1,rating,price_value,4,4,4,2,4,5,5,4,unavailable|no_price|low_rating|material_unclear|blur_image,eva,semi,yes_somewhat,better_function,5,4
B,"It's cheap enough that I won't feel bad replacing it, it's EVA (no PVC smell, which matters to me with my health issues), and the magnets plus 1,872 reviews at 4.4 stars give me confidence it'll actually stay put and hold up. The blue cube texture is pretty enough to look nice in my bathroom.",price_too_high,already_chosen,brand|look,few_reviews|material,look|transparency,availability|few_reviews|size,page2,page1,price_value,reviews,3,4,4,2,4,5,5,4,unavailable|no_price|low_rating|no_size|material_unclear,eva,semi,yes_somewhat,better_rating,5,4
C,"It's the best combination of a strong 4.6★ rating with a solid ~974 reviews and a low $7.09 price. It has the features I actually need — magnets at the hem, waterproof EVA, odor-free — and a subtle wave texture I don't mind. The listing is complete and it's in stock.",price_too_high|transparency|availability,look|rating,already_chosen,few_reviews|material|pack,look|availability|few_reviews,availability|few_reviews,page2,page1,reviews,price_value,4,4,4,2,4,5,5,4,unavailable|low_rating|few_reviews|material_unclear|blur_image,eva,semi,yes_somewhat,better_rating,5,4
B,"With 5+ people in the house and shift work, I need a liner that's cheap enough to replace often but still has real evidence behind it. The jssablo has 1,872 reviews at 4.4 stars, magnets to hold it against the tub, and it's only $7.19 — the best balance of price, proof, and function on the shelf.",price_too_high,already_chosen,brand|price_suspicious,few_reviews|material,transparency|availability,availability|few_reviews,page2,page1,price_value,reviews,4,4,4,2,4,5,5,4,unavailable|no_price|low_rating|few_reviews|no_size|material_unclear|blur_image,eva,semi,yes_somewhat,better_rating,5,4
C,"It's the best balance of price, solid reviews (4.6 stars, nearly 1,000 ratings), and the features I actually care about — magnets, weighted hem, waterproof EVA, and a size that fits my tub. I'm not paying $19 for a liner, and I'm not gambling on listings with barely any reviews.",price_too_high,brand|few_reviews,already_chosen,few_reviews|material,brand|availability,availability|few_reviews,page2,page1,reviews,price_value,4,4,4,2,5,4,5,5,unavailable|no_price|no_size|material_unclear|blur_image,eva,semi,yes_somewhat,better_rating,5,4
A,"I want a liner I won't have to think about for a long time. The AmazerBath has 4,000+ reviews at 4.5 stars, a reinforced double-layered header, rustproof brass grommets and weighted bottom stones — that's the build quality I trust in a humid bathroom. It costs more, but I'd rather pay $18.99 once than replace a flimsy $7 liner twice.",already_chosen,price_suspicious|brand|few_reviews,price_suspicious|brand|look,few_reviews|material|look,look|few_reviews|availability,availability|few_reviews|size,page2,page1,reviews,material,4,4,4,2,5,4,5,4,unavailable|no_price|low_rating|no_size|material_unclear|blur_image,eva,semi,yes_somewhat,better_function,4,4
C,"It's the cheapest option at $7.09 and has the highest rating (4.6★) with a solid 974 reviews, so I feel confident it's reliable. The Art-Deco blue wave look is nice enough and it has the magnets and weighted hem I want, plus it's in stock.",price_too_high|look,look|price_suspicious,already_chosen,few_reviews|pack,look|availability,availability|few_reviews,page2,page1,price_value,rating,4,4,3,2,4,5,4,4,unavailable|no_price|no_size|material_unclear|blur_image,eva,semi,yes_somewhat,better_rating,5,4
B,"It has a strong rating (4.4) with a large review base (1,872), the 3D cube texture looks premium, and it has the magnets and weighted hem I want for staying against the tub. At $7.19 it's excellent value without the reliability worries of the newer listings.",price_too_high|availability,already_chosen,price_suspicious|brand,few_reviews|material,look|few_reviews,availability|few_reviews,page2,page1,reviews,price_value,4,5,4,2,4,4,5,5,unavailable|no_price|low_rating|few_reviews|material_unclear|blur_image,eva,semi,yes_somewhat,better_rating,5,4
C,"I need a reliable liner with strong evidence behind it, and C has the highest rating (4.6) with a solid review count (974), plus magnets, a weighted hem, and a tear-proof header at only $7.09. The Art-Deco blue wave looks nice in my bathroom, and it's odor-free EVA, which matters to me since I'm cautious about material safety. It's in stock and the price is easy to justify for a liner.",price_too_high|availability,few_reviews|look,already_chosen,few_reviews|material,look|few_reviews,availability|few_reviews,page2,page1,rating,price_value,4,4,4,2,4,4,5,5,unavailable|no_price|low_rating|few_reviews|no_size|material_unclear|blur_image|no_bullets,eva,semi,yes_somewhat,better_rating,5,5
B,"I want a liner that stays put against the tub and looks a bit nicer than a plain clear sheet, and the 3D blue cube texture does that. At $7.19 with 4.4 stars and nearly 1,900 reviews, it's a low-risk price with real evidence behind it, and EVA is odor-free and safe for my bathroom.",price_too_high|availability,already_chosen,brand|look,few_reviews|material|pack,look|rating,few_reviews|size,page2,page1,price_value,reviews,4,5,4,2,4,5,5,4,unavailable|low_rating|no_size|material_unclear|blur_image,eva,semi,yes_somewhat,better_function,5,4
C,"The LQFMEHOT liner hits the sweet spot for me: at $7.09 it's the cheapest option, yet it has the highest rating on the shelf (4.6 stars) with a solid 974 reviews, so I trust it. It has the features I care about — waterproof EVA, 3 heavy magnets at the hem, a rustproof header, and a clean Art-Deco wave look that suits my bathroom without being flashy.",price_too_high|look,look|rating,already_chosen,few_reviews|look,look|availability,availability|few_reviews|size,page2,page1,price_value,rating,4,4,4,2,4,5,5,4,unavailable|no_price|low_rating|no_size|material_unclear|blur_image,eva,semi,yes_somewhat,better_rating,5,4
C,"It's cheap at $7.09, has the highest rating on the shelf at 4.6 with a solid 974 reviews, and it has the magnets and weighted hem I want. The blue wave look is fine and it's EVA, so it should hold up.",price_too_high|look,rating|few_reviews,already_chosen,few_reviews|material,look|few_reviews,availability|few_reviews,page2,page1,price_value,rating,4,4,3,1,4,5,4,3,unavailable|no_price|no_size|material_unclear|blur_image,eva,semi,neutral,lower_price,5,4
C,"It has the highest rating (4.6) with a solid 974 reviews, costs only $7.09, and includes the weighted magnets and odor-free EVA I want. The blue water-wave look is attractive without being too loud, and it's in stock.",price_too_high|availability,look|rating,already_chosen,few_reviews|material,look|availability|rating,availability|few_reviews,page2,page1,price_value,rating,4,5,4,2,4,5,5,4,unavailable|no_price|low_rating|no_size|material_unclear|blur_image,eva,semi,yes_somewhat,better_rating,5,4
B,"It's the best combination of low price, solid review evidence (1,872 reviews at 4.4 stars), and the functional features I actually want — magnets at the hem, metal grommets, waterproof EVA, and a 72x72 fit. The blue 3D cube look is fine for a liner and the EVA material is odor-free and safer than PVC. At $7.19 it's a low-risk purchase I can replace without thinking about it.",price_too_high|look,already_chosen,brand|few_reviews,few_reviews|material,look|availability|rating,availability|few_reviews,page2,page1,price_value,reviews,4,4,4,2,4,5,5,4,unavailable|no_price|low_rating|few_reviews|no_size|material_unclear|blur_image|no_bullets,eva,semi,unlikely,nothing,5,5
C,"I want a liner that is odor-free EVA, has magnets at the hem to keep it against the tub, and a reinforced anti-rust header — the LQFMEHOT has all three at a very reasonable $7.09, plus a strong 4.6★ from nearly a thousand reviewers. The Art-Deco water-wave gradient is a nice understated look for my bathroom, and the listing gives me enough detail to feel confident without overspending.",price_too_high|transparency,look|few_reviews,already_chosen,few_reviews|pack|material,look|transparency|availability,availability|few_reviews|size|transparency,page2,page1,price_value,reviews,4,5,4,2,4,5,5,4,unavailable|no_price|low_rating|no_size|material_unclear|blur_image,eva,semi,yes_somewhat,better_rating,5,4
B,"It's cheap, has a strong 4.4 rating with nearly 1,900 reviews, and the 3D blue cube texture looks nicer than a plain liner. Magnets at the bottom and metal grommets cover the practical features I need.",price_too_high|look,already_chosen,brand|look,few_reviews|pack,look|few_reviews,availability,page2,page1,price_value,reviews,4,4,3,2,4,5,4,4,unavailable|no_price|material_unclear|no_size,eva,semi,yes_somewhat,better_rating,5,4
B,"The jssablo Blue Cube 3D liner gives me the most confidence for the money: a solid 4.4★ across 1,872 reviews, EVA material, 12 metal grommets, and 3 magnets to hold it against the tub. At $7.19 it's cheap enough that I can replace it without thinking, but the review volume means I'm not gambling on an unknown listing.",price_too_high|availability,already_chosen,brand|few_reviews,few_reviews|material,look|availability,availability|few_reviews,page2,page1,reviews,price_value,4,4,4,2,4,5,5,5,unavailable|no_price|low_rating|few_reviews|no_size|material_unclear|blur_image,eva,semi,yes_somewhat,better_rating,5,4
A,"No persona-specific answer was produced, so a neutral answer was used.",already_chosen,already_chosen,already_chosen,already_chosen,already_chosen,already_chosen,page1,page1,price_value,price_value,3,3,3,3,3,3,3,3,unavailable,eva,fully_transparent,yes_strongly,lower_price,3,3
E,"I want a simple, opaque, low-maintenance liner that hides soap scum and fits a standard tub. Option E is PVC-free EVA, has 3 weighted magnets, reinforced metal grommets, and a solid black look I prefer, at a reasonable $9.99. Its 4.3★/116 reviews are not huge but enough to trust, and it is in stock.",price_too_high|look,look|price_suspicious,look|price_suspicious,few_reviews|pack|look,already_chosen,availability|transparency|few_reviews,page2,page1,appearance,price_value,4,5,4,2,4,5,4,4,unavailable|no_price|no_size|material_unclear|blur_image,eva,blackout,yes_somewhat,better_function,5,4
B,"It's the best combination of low price, solid 4.4-star rating with nearly 1,900 reviews, and the functional features I care about — 12 metal grommets plus 3 magnets at the hem to keep it against the tub. EVA material is odor-free and PVC-free, which matters to me for a bathroom product.",price_too_high,already_chosen,brand|price_suspicious,few_reviews|brand,look|availability|rating,few_reviews|size,page2,page1,price_value,reviews,4,4,4,2,4,5,5,4,unavailable|no_price|low_rating|few_reviews|no_size|material_unclear|blur_image,eva,semi,yes_somewhat,better_rating,5,4
C,"I want a simple, cheap liner that stays put, and this one has the best rating of the bunch at 4.6 stars with nearly a thousand reviews. The magnets at the bottom and the anti-rust buttons are exactly the features I care about, and at $7.09 it's easy to replace when it gets grungy.",price_too_high|look,look,already_chosen,few_reviews|material,review_concern|availability|look,few_reviews,page2,page1,price_value,reviews,4,4,3,1,4,5,5,4,unavailable|low_rating|few_reviews|no_size|material_unclear|blur_image,eva,semi,yes_somewhat,better_rating,5,5
C,"I want a liner that's affordable but still has real evidence behind it, and C has the highest rating on the shelf (4.6) with a solid 974 reviews. It has the weighted magnets and rustproof grommets I care about, plus that blue water-wave look is pretty without being too busy.",price_too_high|transparency,look|few_reviews,already_chosen,few_reviews|material|pack,look|few_reviews|availability,availability|few_reviews|size,page2,page1,rating,price_value,4,5,4,2,4,4,5,4,unavailable|no_price|low_rating|no_size|material_unclear|blur_image,eva,semi,yes_somewhat,better_rating,5,4
C,"It has the highest rating (4.6) among the liners with a solid number of reviews, a low price of $7.09, and the weighted magnets plus tear-proof header I want. The Art-Deco blue wave look is pretty, and the EVA material is odor-free and wipe-clean, which fits my routine.",price_too_high|look,look|rating,already_chosen,few_reviews|pack|material,look|rating,availability|few_reviews|size,page2,page1,rating,price_value,4,4,3,2,4,4,5,4,unavailable|no_price|no_size|material_unclear|blur_image,eva,semi,yes_somewhat,better_rating,5,4
C,"It has the best combination of a high rating (4.6★) with a solid review count (974) at the lowest price ($7.09). EVA material, magnets at the bottom, and a tear-proof header cover my functional needs, and it's in stock.",price_too_high|availability|transparency,look|few_reviews,already_chosen,few_reviews|material|pack,look|availability|few_reviews,availability|few_reviews|size,page2,page1,price_value,reviews,4,4,3,2,4,5,5,4,unavailable|no_price|low_rating|few_reviews|no_size|material_unclear|blur_image,eva,semi,yes_somewhat,better_rating,5,4
C,"It has the highest rating (4.6) with a solid review count (974), costs the least at $7.09, and includes the features I actually care about — magnets, weighted hem, rustproof grommets, and odor-free EVA. The blue water-wave texture is attractive and would look nice in my bathroom.",price_too_high,price_suspicious|few_reviews,already_chosen,few_reviews|material,look|availability,availability|few_reviews,page2,page1,price_value,rating,4,5,4,2,4,5,5,4,unavailable|no_price|low_rating|few_reviews|no_size|material_unclear|blur_image,eva,semi,yes_somewhat,better_function,5,5
C,"It's the best combination of a strong 4.6-star rating with a meaningful review count, a low price, and the features I actually care about (magnets at the hem, rust-proof grommets, odor-free EVA). The Art-Deco wave look is attractive without being busy, and it's in stock.",price_too_high|look,look|price_suspicious,already_chosen,few_reviews|material|pack,look|few_reviews,availability|few_reviews,page2,page1,price_value,reviews,4,5,4,2,4,5,5,4,unavailable|no_price|low_rating|few_reviews|no_size|material_unclear|blur_image,eva,semi,yes_somewhat,better_rating,5,4
B,"The jssablo Blue Cube liner gives me the best balance of value, reliability, and function. At $7.19 with a solid 4.4 stars across 1,872 reviews, it's cheap enough to try but has enough review history that I trust it. The 3 magnets at the bottom and EVA material are exactly what I want in a liner.",price_too_high|availability,already_chosen,price_suspicious|brand|few_reviews,few_reviews|material|pack,look|few_reviews|availability,availability|few_reviews|size,page2,page1,price_value,reviews,4,4,4,2,4,5,4,4,unavailable|no_price|low_rating|no_size|material_unclear|blur_image,eva,semi,yes_somewhat,better_function,5,4
E,"I want a plain, solid liner with no pattern, and black is a practical, tidy look that hides water spots and discoloration. It's EVA and PVC-free, has the weighted magnets I want, and 116 reviews at 4.3 stars gives me enough evidence without paying a premium.",price_too_high|transparency|availability,price_suspicious|look|brand|few_reviews,price_suspicious|look|brand|few_reviews,few_reviews|material|pack,already_chosen,availability|few_reviews|size|transparency,page2,page1,reviews,material,4,4,4,2,4,4,5,5,unavailable|no_price|low_rating|few_reviews|no_size|material_unclear|blur_image|no_bullets,eva,blackout,yes_somewhat,better_rating,5,4
A,"I'm a researcher and brand-loyal shopper, so the AmazerBath liner's 4.5 stars across 4,156 reviews gives me real confidence. I also prefer the softer, semi-transparent emerald EVA with brass grommets and weighted corners over the cheaper, less-proven options. The $18.99 price is higher, but for something I use daily I'd rather pay once for quality.",already_chosen,price_suspicious|brand|look,price_suspicious|brand|look,few_reviews|material|brand,look|transparency|few_reviews,availability|few_reviews|size,page2,page1,reviews,material,4,5,4,2,4,3,5,4,unavailable|no_price|low_rating|no_size|material_unclear|blur_image,eva,semi,yes_somewhat,better_rating,4,4
C,"It's the cheapest single liner at $7.09, has the highest rating on the shelf (4.6★ with a decent ~974 reviews), and includes the weighted magnets I want so it stays against the tub. EVA material and odor-free claim seal it for me.",price_too_high|look,look,already_chosen,few_reviews|material,look|availability,few_reviews,page2,page1,price_value,rating,4,4,3,2,4,5,4,4,unavailable|no_price|low_rating|no_size|material_unclear,eva,semi,yes_somewhat,better_rating,5,4
C,"I wanted a liner that looks pretty in my bathroom without breaking the bank, and the LQFMEHOT water-wave Art Deco design is honestly gorgeous — that gradient blue looks like something from a design magazine! At $7.09 with a 4.6-star rating and nearly a thousand reviews, it's the best combination of looks, price, and proven quality on this shelf. Plus it has magnets at the bottom and odor-free EVA, which are the two functional things I actually care about.",price_too_high|transparency|availability,look|rating,already_chosen,few_reviews|material|look,look|few_reviews,availability|few_reviews|size,page3,page2,appearance,price_value,4,5,4,2,4,5,5,4,unavailable|no_price|low_rating|no_size|material_unclear|blur_image,eva,semi,yes_somewhat,better_rating,5,5
C,"The LQFMEHOT liner is a good balance for me: at $7.09 it's affordable, and it has a strong 4.6-star rating with nearly 1,000 reviews, which makes it feel reliable. It has the weighted magnets and waterproof EVA material I need, and the blue water-wave look is clean and modern for my bathroom.",price_too_high,look|rating,already_chosen,few_reviews|material,look|rating,availability|few_reviews,page2,page1,price_value,reviews,4,4,3,2,4,5,5,4,unavailable|no_price|low_rating|few_reviews|no_size|material_unclear|blur_image|no_bullets,eva,semi,yes_somewhat,better_rating,5,4
C,"It has the highest rating of the affordable options (4.6★ with ~974 reviews), which feels reliable, and at $7.09 it's a great value for a waterproof EVA liner with magnets and a weighted hem. The blue water-wave design is pretty and would look nice in my bathroom without being too busy.",price_too_high,look,already_chosen,few_reviews,look,availability|few_reviews,page2,page1,price_value,reviews,4,5,4,2,4,5,5,4,unavailable|no_price|low_rating|few_reviews|no_size|material_unclear|blur_image,eva,semi,yes_somewhat,better_rating,5,4
A,"I want a liner that will actually last and not stink up the bathroom, and the AmazerBath is the only one with a real evidence base behind it — 4.5 stars across 4,156 reviews is a track record, not a guess. The weighted bottom, reinforced double-layer header, and brass grommets address the exact failure points that kill cheap liners (tearing at the top, curling in, rust stains), and BPA-free odor-free EVA is the material I trust near daily hot water. The $18.99 is more than I'd ideally pay for a liner, but I'd rather spend it once than replace a $7 liner twice a year.",already_chosen,price_suspicious|brand|material|look,price_suspicious|brand|look|few_reviews,few_reviews|material|pack|brand,look|few_reviews|brand|material,few_reviews|size,page2,page1,reviews,material,4,4,4,2,5,4,5,5,unavailable|no_price|low_rating|few_reviews|no_size|material_unclear|blur_image|no_bullets,eva,semi,unlikely,better_rating,4,4
C,"It has the highest rating on the shelf (4.6★) with a solid ~974 reviews, a very low $7.09 price, and all the features I actually care about: EVA material, 3 heavy magnets, rust-proof grommets, and a nice blue water-wave look. I need a liner that stays put and looks decent without paying luxury prices.",price_too_high|availability,rating|look,already_chosen,few_reviews|material,look|few_reviews,availability|few_reviews,page2,page1,price_value,rating,4,4,4,2,3,5,5,4,unavailable|no_price|low_rating|few_reviews|material_unclear|blur_image,eva,semi,yes_somewhat,better_rating,5,4
C,"It's cheap at $7.09 but still has a strong 4.6 rating with nearly 1,000 reviews, plus the magnets and weighted hem I want so it stays against the tub. The Art-Deco wave look is a nice bonus without paying extra.",price_too_high|look,look|rating,already_chosen,few_reviews|pack,look|rating,availability|few_reviews,page2,page1,price_value,magnet,4,4,4,2,4,5,5,4,unavailable|no_price|low_rating|few_reviews|no_size|material_unclear|blur_image,eva,semi,yes_somewhat,better_function,5,4
A,"I'm accuracy-first and cautious, and this one has by far the strongest evidence base (4.5 stars, 4,156 reviews) plus the features I actually care about: rustproof brass grommets, reinforced double-layered header, and a weighted bottom that stays put. The EVA is BPA-free and odor-free, and the semi-transparent emerald look suits a bright bathroom. At $18.99 it's the priciest, but for something I'll see daily for years I'd rather pay once than replace a cheap liner.",already_chosen,price_suspicious|brand|review_concern,price_suspicious|brand|look,few_reviews|material|pack,look|transparency|few_reviews,availability|few_reviews|missing_magnet,page2,page1,reviews,material,4,4,4,2,4,3,5,4,unavailable|no_price|low_rating|no_size|material_unclear|blur_image,eva,semi,yes_somewhat,better_rating,4,4
C,"Best balance of price, evidence, and function: 4.6 stars across ~974 reviews at $7.09, with the weighted magnets, rust-proof grommets and odor-free EVA I actually care about. The Art-Deco wave look is more interesting to me than another plain clear liner, and it's in stock at a price I'd pay without deliberating.",price_too_high|availability,look|price_suspicious,already_chosen,few_reviews|material,look|availability,availability|few_reviews,page2,page1,reviews,price_value,4,4,4,2,4,4,5,4,unavailable|no_price|no_size|material_unclear|blur_image,eva,semi,yes_somewhat,better_rating,5,4
C,"It has the best combination of a strong rating (4.6 stars) with a reasonable review base (974) and a low $7.09 price. As a cautious, analytical buyer, I want evidence of quality without overspending, and the EVA material is odor-free and waterproof with magnets to hold it in place.",price_too_high|availability,few_reviews|brand,already_chosen,few_reviews|material,look|few_reviews|availability,availability|few_reviews|info_incomplete,page2,page1,rating,reviews,4,4,4,2,4,4,5,4,unavailable|low_rating|few_reviews|no_size|material_unclear|blur_image,eva,semi,yes_somewhat,better_rating,5,4
A,"No persona-specific answer was produced, so a neutral answer was used.",already_chosen,already_chosen,already_chosen,already_chosen,already_chosen,already_chosen,page1,page1,price_value,price_value,3,3,3,3,3,3,3,3,unavailable,eva,fully_transparent,yes_strongly,lower_price,3,3
C,"It combines the strongest review evidence on the shelf (4.6★, 974 reviews) with the lowest price ($7.09) and the features I actually care about — odor-free EVA, waterproof, anti-rust grommets, and 3 heavy magnets at the hem. The Art-Deco blue wave look is also the most attractive to me and fits my bathroom.",price_too_high|transparency,look|price_suspicious,already_chosen,few_reviews|pack|look,transparency|few_reviews|availability,availability|few_reviews,page2,page1,price_value,reviews,4,5,4,2,4,5,5,4,unavailable|no_price|low_rating|few_reviews|no_size|material_unclear|blur_image,eva,semi,yes_somewhat,better_rating,5,4
B,"It has a strong 4.4★ rating backed by 1,872 reviews, is in stock and buyable today, and at $7.19 it's a low-risk price for a liner with the features I want: 12 metal grommets, 3 bottom magnets, and odor-free EVA. The 3D cube texture is a look I can live with, and the evidence base is solid enough for me to commit.",price_too_high|availability|transparency|look,already_chosen,brand|review_concern|look,few_reviews|material|pack,look|availability|few_reviews,few_reviews|size|transparency,page2,page1,price_value,reviews,4,4,4,2,4,5,5,4,unavailable|no_price|low_rating|few_reviews|no_size|material_unclear|blur_image,eva,semi,yes_somewhat,better_function,5,4
C,"I want a cheap, well-reviewed liner with magnets, and C has the highest rating (4.6) with a solid ~974 reviews at the lowest price. The EVA material is odor-free and the wave texture looks clean and modern without being garish.",price_too_high|availability,rating|few_reviews,already_chosen,few_reviews|material,look|rating|few_reviews,availability|few_reviews|size,page2,page1,reviews,price_value,4,4,4,2,4,5,5,4,unavailable|no_price|low_rating|no_size|material_unclear|blur_image,eva,semi,yes_somewhat,better_rating,5,4
C,"It's the cheapest option at $7.09 and still has EVA material, 3 magnets, a weighted hem, and a strong 4.6★ rating with a solid review count. The blue water-wave look is subtle and pleasant, and it fits the standard 72x72 size I need.",price_too_high|look,look|price_suspicious,already_chosen,few_reviews|pack|material,look|few_reviews,availability|few_reviews|size,page2,page1,price_value,rating,4,4,3,1,4,5,4,3,unavailable|no_price|no_size|material_unclear|blur_image,eva,semi,neutral,lower_price,5,4
A,"I want a liner I can trust around my young child, so the BPA-free, odor-free EVA with a strong review base (4.5 stars, 4,000+ reviews) matters more to me than saving a few dollars. The weighted bottom and rustproof brass grommets also mean it will actually stay put and last, which is worth the higher price.",already_chosen,price_suspicious|brand|look|material,price_suspicious|brand|look,few_reviews|material|pack,look|rating|availability,availability|few_reviews|size,page2,page1,material,reviews,4,4,4,2,4,3,5,5,unavailable|no_price|low_rating|few_reviews|no_size|material_unclear|blur_image,eva,semi,yes_somewhat,better_rating,4,4
C,"I want a simple, inexpensive liner that does the job and stays put, and this one has the best rating of the bunch at 4.6 stars with nearly a thousand reviews. The magnets at the bottom and the odor-free EVA matter to me since I'm in and out of that bathroom helping my husband, and at $7.09 I can replace it without thinking twice.",price_too_high|transparency,look|few_reviews,already_chosen,few_reviews|pack,look|transparency,availability|few_reviews,page2,page1,reviews,price_value,4,4,3,1,4,4,5,4,unavailable|no_price|no_size|material_unclear|blur_image|few_reviews,eva,semi,yes_somewhat,better_rating,5,4
C,"It's the cheapest single liner at $7.09, has the highest rating on the shelf (4.6 stars) with a solid 974 reviews, and it's actually in stock. I get the magnets and weighted hem I want without paying $19 for a liner I'm literally going to hang in a wet box and replace in a year.",price_too_high|availability,look|rating,already_chosen,few_reviews|pack,look|availability,availability|few_reviews,page2,page1,price_value,reviews,4,4,4,2,4,5,5,4,unavailable|no_price|low_rating|few_reviews|no_size|material_unclear|blur_image,eva,semi,yes_somewhat,better_rating,5,4
C,"It's the best combination of a strong rating (4.6★) and a genuinely low price ($7.09), and it has the features I care about — weighted magnets, rust-proof grommets, odor-free EVA, and a semi-transparent look that still lets light through. The Art-Deco wave texture is subtle enough that it won't clash with my bathroom, and it's in stock.",price_too_high|availability,look,already_chosen,few_reviews|pack,look|availability,availability|few_reviews,page2,page1,price_value,rating,4,4,3,2,4,5,5,4,unavailable|no_price|few_reviews|no_size|material_unclear,eva,semi,yes_somewhat,better_rating,5,4
C,"It's the best blend of low price, strong rating (4.6 with nearly 1,000 reviews), and the features I actually care about: EVA material, magnets at the hem, and a waterproof wipe-clean surface. The Art-Deco wave look is a bit much for my taste, but at $7.09 with that review base it's the safe, sensible buy.",price_too_high|transparency|availability,look|brand,already_chosen,few_reviews|material,look|availability|few_reviews,availability|few_reviews,page2,page1,reviews,price_value,4,4,4,2,5,4,5,5,unavailable|no_price|low_rating|few_reviews|no_size|material_unclear|blur_image|no_bullets,eva,semi,yes_somewhat,better_rating,5,4
C,"It has the highest rating (4.6★) among the options with a solid review base (974), costs only $7.09, and the Art-Deco blue wave look with a weighted magnetic hem and odor-free EVA hits exactly what I want in a liner.",price_too_high|look,look|rating,already_chosen,few_reviews|material,look|availability,availability|few_reviews,page2,page1,price_value,rating,4,5,4,2,4,5,5,4,unavailable|few_reviews|no_size|material_unclear|blur_image,eva,semi,yes_somewhat,better_rating,5,4
C,"It has the highest rating (4.6 stars) among options with a meaningful review base, at the lowest price ($7.09). EVA material with magnets, weighted hem, and rust-resistant grommets covers all the functional needs I care about.",price_too_high|look,look,already_chosen,few_reviews|material,look|availability,availability|few_reviews,page2,page1,rating,price_value,4,4,4,2,4,4,5,4,unavailable|no_price|no_size|material_unclear|blur_image,eva,semi,yes_somewhat,better_rating,5,4
A,"I want a liner I can trust in my own bathroom, and the AmazerBath has the strongest evidence behind it: 4.5 stars across 4,156 reviews, a reinforced double-layered header, 12 rustproof brass grommets and a weighted bottom that actually stays put. The EVA is BPA-free and odor-free, which matters to me at this stage of life, and the emerald-green semi-transparent look is attractive without being flashy. At $18.99 it costs more than the others, but a liner I replace rarely is worth paying a bit more for reliability.",already_chosen,price_suspicious|brand|look,price_suspicious|brand|look,few_reviews|material|pack,look|few_reviews|availability,availability|few_reviews|size,page2,page1,reviews,material,4,4,4,2,4,3,5,5,unavailable|no_price|low_rating|few_reviews|no_size|material_unclear|blur_image|no_bullets,eva,semi,yes_somewhat,better_rating,4,4
C,"It has the highest rating on the shelf (4.6) with a solid review count (974), it's the cheapest at $7.09, and it has the features I care about — magnets, weighted hem, anti-rust grommets, odor-free EVA. The water-wave gradient look is pretty and fits my bathroom's style.",price_too_high|look,price_suspicious|look,already_chosen,few_reviews|pack|material,look|few_reviews|availability,availability|few_reviews|size,page2,page1,rating,price_value,4,5,4,2,4,5,5,4,unavailable|no_price|material_unclear|no_size|blur_image|few_reviews,eva,semi,yes_somewhat,better_rating,5,4
B,"The jssablo Blue Cube liner hits the sweet spot for me: a strong 4.4★ across nearly 1,900 reviews is real evidence, it has the 3 magnets at the hem I want so it stays against the tub, and at $7.19 it's cheap enough that I can replace it without thinking twice. The 3D cube texture also looks nicer than a plain clear liner, which matters since our guest bath is visible.",price_too_high|availability,already_chosen,brand|price_suspicious,few_reviews|material,look|few_reviews,availability|few_reviews,page2,page1,reviews,price_value,4,5,4,2,4,5,5,4,unavailable|no_price|low_rating|few_reviews|no_size|material_unclear|blur_image,eva,semi,yes_somewhat,better_rating,5,4
C,"It has the highest rating (4.6★) with a solid review base (~974) and the lowest price ($7.09), plus the features I actually care about: magnets at the hem, rust-proof grommets, odor-free EVA, and easy wipe-clean care. The Art-Deco blue wave look is also the most appealing to me among the options.",price_too_high,rating|look,already_chosen,few_reviews|material,look|few_reviews|availability,availability|few_reviews,page2,page1,price_value,reviews,4,5,4,2,4,5,5,4,unavailable|no_price|low_rating|few_reviews|no_size|material_unclear|blur_image,eva,semi,yes_somewhat,better_rating,5,4
C,"I want a light-filtering liner that lets daylight through, and C is semi-transparent with a soft blue wave pattern I find calming. It's inexpensive, has a solid 4.6 rating with plenty of reviews, and the weighted magnets keep it against the tub.",price_too_high|look,look|price_suspicious,already_chosen,few_reviews|look,look|transparency,availability|few_reviews|size,page2,page1,price_value,transparency,4,5,4,2,4,5,4,4,unavailable|no_price|material_unclear|blur_image|no_size,eva,semi,yes_somewhat,better_rating,5,4
C,"It's cheap at $7.09 but still has a solid 4.6 rating with nearly a thousand reviews, so I'm not gambling on an unknown. It has the magnets and weighted hem I want, is odor-free EVA, and the blue wave texture looks decent without being loud.",price_too_high|transparency,look,already_chosen,few_reviews|pack,look|availability,availability|few_reviews,page2,page1,price_value,reviews,4,4,4,2,4,5,5,4,unavailable|no_price|low_rating|few_reviews|material_unclear|blur_image,eva,semi,yes_somewhat,better_rating,5,4
A,"I'm willing to pay more for a liner I trust. The AmazerBath has by far the strongest evidence base at 4.5 stars across 4,156 reviews, plus it's BPA-free, odor-free EVA with 12 rustproof brass grommets, a reinforced double-layer header, and a weighted hem — the durability and safety details I actually care about. The emerald semi-transparent look is also the most appealing to me.",already_chosen,price_suspicious|brand|look|transparency,price_suspicious|brand|look|few_reviews,few_reviews|material|pack|brand,look|transparency|few_reviews|availability,availability|few_reviews|material,page2,page1,reviews,material,5,5,4,2,5,4,5,5,unavailable|no_price|no_size|material_unclear|blur_image|no_bullets,eva,semi,yes_somewhat,nothing,4,4
C,"It's cheap, has a high 4.6 rating with a solid ~1,000 reviews, and includes the 3 magnets and weighted hem I want so it stays against the tub. The blue water-wave look is subtle enough to not clash with my bathroom.",price_too_high|availability|transparency,look|rating|price_suspicious,already_chosen,few_reviews|material|pack,look|rating|availability,availability|few_reviews,page2,page1,price_value,reviews,4,4,4,2,4,5,5,4,unavailable|no_price|low_rating|few_reviews|no_size|material_unclear|blur_image,eva,semi,yes_somewhat,better_value,5,4
B,"It's a low-risk pick for me: EVA material (I avoid PVC and worry about smells and safety), a solid 4.4 stars with nearly 1,900 reviews, and it's actually in stock and cheap at $7.19. The magnets and weighted hem matter because I have mobility and health issues and don't want to fuss with a liner that billows or clings.",price_too_high|availability|transparency,already_chosen,brand|few_reviews|look,few_reviews|material|pack,look|few_reviews|availability,availability|few_reviews,page2,page1,price_value,material,4,4,4,2,4,5,5,5,unavailable|no_price|low_rating|few_reviews|no_size|material_unclear|blur_image,eva,semi,yes_somewhat,lower_price,5,4
C,"I want a liner that's odor-free EVA, has magnets to keep it against the tub, and is well-reviewed without paying luxury prices. Option C at $7.09 has the highest rating on the shelf (4.6) with nearly 1,000 reviews, plus 3 heavy magnets and a tear-proof header — that combination of proven quality and low price is exactly what I look for.",price_too_high|transparency,look,already_chosen,few_reviews|material,look|few_reviews,availability|few_reviews,page2,page1,reviews,price_value,4,5,4,2,4,4,5,4,unavailable|no_price|low_rating|few_reviews|no_size|material_unclear|blur_image|no_bullets,eva,semi,yes_somewhat,better_function,5,5
B,"It's cheap, in stock, has a real review base (1,872 reviews at 4.4 stars), and the EVA material with magnets and a weighted hem is exactly what I want in a liner. The 3D cube texture is a bit flashy for my taste but it's a liner, not a centerpiece.",price_too_high|availability,already_chosen,brand|price_suspicious,few_reviews|material,review_concern|availability,few_reviews|size,page2,page1,price_value,reviews,4,4,4,2,4,5,5,4,unavailable|no_price|no_size|material_unclear|blur_image,eva,semi,yes_somewhat,better_value,5,4
C,"It's the lowest price on the shelf at $7.09 while still having the strongest review evidence among the affordable options (4.6 stars, ~974 reviews) and EVA material that's odor-free and waterproof. It also has the weighted magnets and rust-proof grommets I want, plus a subtle blue wave look that suits my bathroom without being loud.",price_too_high,rating|few_reviews,already_chosen,few_reviews|rating|pack,look|transparency|few_reviews,availability|few_reviews|rating,page2,page1,price_value,reviews,4,4,4,2,4,5,5,4,unavailable|no_price|low_rating|few_reviews|no_size|material_unclear|blur_image,eva,semi,yes_somewhat,better_value,5,5
C,"It has the highest rating (4.6) with a solid ~974 reviews, so it feels reliable, and at $7.09 it's the best value. It has the weighted hem and magnets I want, plus EVA material that's odor-free and easy to wipe clean.",price_too_high,look,already_chosen,few_reviews|material,look|few_reviews,availability|few_reviews,page2,page1,rating,price_value,4,5,4,2,4,4,5,4,unavailable|no_price|low_rating|few_reviews|no_size|material_unclear|blur_image,eva,semi,yes_somewhat,better_rating,5,4
B,"I want a practical, cheap liner that stays put and looks decent. The jssablo Blue Cube is the best balance of a low price ($7.19), solid 4.4★ rating with 1,872 reviews I can trust, a nice 3D cube design, and 3 magnets plus a weighted hem to keep it against the tub.",price_too_high|availability,already_chosen,brand|price_suspicious|few_reviews,few_reviews|material,look|availability,availability|few_reviews|size,page2,page1,price_value,reviews,4,4,4,2,4,5,5,4,unavailable|no_price|low_rating|few_reviews|no_size|material_unclear|blur_image,eva,semi,yes_somewhat,better_rating,5,5
C,"It's cheap at $7.09, has the highest rating on the shelf (4.6 with ~974 reviews, so I trust it), and the blue water-wave design is the kind of thing I'd actually want in my bathroom. The magnets, rust-proof buttons and odor-free EVA cover all the practical stuff I care about.",price_too_high|look,look,already_chosen,few_reviews|pack,look|availability,availability|few_reviews,page2,page1,rating,price_value,4,5,4,2,4,5,5,4,unavailable|no_price|low_rating|few_reviews|no_size|material_unclear|blur_image,eva,semi,yes_somewhat,better_rating,5,4
E,"I went with the Dependable Industries black liner because it's the only one that's plain, opaque, and PVC-free at a price I can actually swallow. I don't want a see-through liner or some gradient wave pattern — I want something that just disappears against the tile and does its job. The catch is the 'only 10 left' pressure and the thin review count, so honestly it's the least-bad option on this shelf rather than a slam dunk.",price_too_high|look|availability,look|price_suspicious|brand,look|price_suspicious|brand,few_reviews|material|pack,already_chosen,few_reviews|transparency,page2,page1,price_value,appearance,4,5,4,2,4,5,5,4,unavailable|no_price|low_rating|no_size|material_unclear|blur_image,eva,blackout,yes_somewhat,better_rating,4,3
C,"It has the highest rating (4.6) with nearly 1,000 reviews, which gives me confidence, and at $7.09 it's a great value. It has the weighted magnets and rustproof grommets I want, and the blue water-wave design looks nice in a bathroom.",price_too_high|availability,look,already_chosen,few_reviews|material,look|availability,availability|few_reviews,page2,page1,rating,price_value,4,5,4,2,4,4,5,4,unavailable|no_price|low_rating|few_reviews|material_unclear|blur_image,eva,semi,yes_somewhat,better_rating,5,4
B,"I want a liner that actually stays put and looks decent without spending a lot. The jssablo has magnets at the bottom, a 4.4★ rating with ~1,900 reviews, and it's only $7.19 — cheap enough to replace without thinking about it.",price_too_high|availability,already_chosen,brand|price_suspicious,few_reviews|material,look|availability,availability|few_reviews,page2,page1,price_value,reviews,4,5,4,2,4,5,4,3,unavailable|no_price|low_rating|no_size|material_unclear|blur_image,eva,semi,yes_somewhat,better_function,5,4
B,"It's the best balance of price and proven reliability: about $7 with a solid 4.4 stars across nearly 1,900 reviews, which is far more evidence than the cheaper C or the thin, barely-reviewed D. EVA is odor-free and BPA-conscious, the 3D cube texture looks more premium than a plain liner, and the three bottom magnets plus weighted hem are exactly the functional features I want.",price_too_high,already_chosen,few_reviews|brand,few_reviews|material,look|availability,availability|few_reviews,page2,page1,price_value,reviews,4,4,4,2,4,5,4,4,unavailable|no_price|low_rating|no_size|material_unclear|blur_image,eva,semi,yes_somewhat,better_rating,5,4
C,"I want a low-cost, odor-free EVA liner with magnets to hold it against the tub, and C has the best rating (4.6) with a solid review count near 1,000. The Art-Deco wave pattern is an attractive look without being too busy, and the price of $7.09 is a great value.",price_too_high|transparency,look,already_chosen,few_reviews|material,transparency|look,availability|few_reviews|size,page2,page1,price_value,rating,4,4,4,2,4,5,4,3,unavailable|no_price|low_rating|few_reviews|no_size|material_unclear|blur_image,eva,semi,yes_somewhat,better_rating,5,4
B,"It's the best combination of a low price and a proven track record — 4.4 stars across nearly 1,900 reviews is real evidence, and it has the 3 magnets and weighted hem I want so it stays against the tub. The 3D cube texture in gradient blue looks nicer than a plain clear liner, and the EVA material being advertised as healthier than PEVA/PVC works for me.",price_too_high|look,already_chosen,price_suspicious|brand|few_reviews,few_reviews|material|pack,look|few_reviews|availability,availability|few_reviews|size,page2,page1,price_value,reviews,4,4,4,2,4,5,5,4,unavailable|no_price|low_rating|few_reviews|no_size|material_unclear|blur_image|no_bullets,eva,semi,yes_somewhat,better_rating,5,4
A,"I want a liner that will hold up and not smell like chemicals, and the AmazerBath has the most reviews by far with a strong 4.5 rating. The brass grommets, reinforced header, and weighted bottom tell me it's built to last, and the emerald EVA looks clean in a bright bathroom. At $18.99 it's more than the others, but I'd rather pay once for something that lasts.",already_chosen,price_suspicious|brand|look,price_suspicious|brand|look,few_reviews|material|brand,look|transparency|few_reviews,availability|few_reviews|size,page2,page1,reviews,material,4,4,4,2,4,4,5,5,unavailable|no_size|material_unclear|blur_image|low_rating|few_reviews,eva,semi,yes_somewhat,nothing,4,4
C,"It's the cheapest option at $7.09 and has the highest rating (4.6 stars) with a solid 974 reviews, so I trust it. The blue water-wave look is modern and it has the magnets and rust-proof grommets I want.",price_too_high|look,look|rating,already_chosen,few_reviews|pack|material,look|availability,availability|few_reviews,page2,page1,price_value,rating,4,5,4,2,3,5,5,4,unavailable|no_price|low_rating|few_reviews|material_unclear|blur_image,eva,semi,yes_somewhat,better_function,5,5
C,"It has the highest rating (4.6★) with a solid 974 reviews, costs the least at $7.09, and includes the features I care about most — 3 heavy magnets at the hem, tear-proof header with anti-rust grommets, and odor-free EVA. The Art-Deco blue wave look is appealing and it's in stock, so it's the best combination of value, evidence, and function.",price_too_high,few_reviews|rating|look,already_chosen,few_reviews|material|pack,look|few_reviews,availability|few_reviews|size,page2,page1,price_value,reviews,4,4,4,2,4,5,5,4,unavailable|no_price|low_rating|few_reviews|no_size|material_unclear|blur_image,eva,semi,yes_somewhat,better_value,5,4
C,"It's the cheapest option at $7.09, has the highest rating (4.6 stars) with a solid 974 reviews, and includes the weighted magnets and waterproof features I actually care about. The Art-Deco wave look is a nice bonus without paying a premium.",price_too_high|brand,look|rating,already_chosen,few_reviews|material,look|availability,availability|few_reviews|size,page2,page1,price_value,reviews,4,4,3,2,4,5,5,4,unavailable|no_price|low_rating|no_size|material_unclear|blur_image,eva,semi,yes_somewhat,better_value,5,4
B,"I want a liner that looks intentional and a bit fun without spending much, and the blue 3D cube texture has real personality for only $7.19. The 4.4★ with 1,872 reviews gives me solid evidence it holds up, and the magnets plus weighted hem mean it will actually stay against the tub.",price_too_high|transparency,already_chosen,price_suspicious|brand|look,few_reviews|material|pack,look|transparency|rating,availability|few_reviews,page2,page1,price_value,appearance,4,5,4,2,4,5,5,4,unavailable|no_price|low_rating|few_reviews|no_size|material_unclear|blur_image,eva,semi,yes_somewhat,better_value,5,4
C,"It's the best combination of a strong 4.6 rating with a solid 974 reviews, a low $7.09 price, and features I actually want — magnets at the bottom, anti-rust grommets, and an odor-free EVA material. The blue water-wave look is pretty and light-filtering, which suits my bathroom.",price_too_high|look,price_suspicious|few_reviews,already_chosen,few_reviews|material|pack,look|transparency|few_reviews,availability|few_reviews|transparency,page2,page1,price_value,reviews,4,4,4,2,4,5,5,4,unavailable|no_price|low_rating|no_size|material_unclear|blur_image,eva,semi,yes_somewhat,better_rating,5,4
C,"I want a light-filtering blue liner that stays put, and C pairs a 4.6★ rating with 974 reviews at just $7.09. The three heavy magnets and anti-rust metal grommets cover the function I care about, and the Art-Deco wave look is nicer than a plain liner.",price_too_high,look,already_chosen,few_reviews|material,look|few_reviews|availability,availability|few_reviews,page2,page1,price_value,magnet,4,5,4,2,4,5,5,4,unavailable|no_price|low_rating|few_reviews|no_size|material_unclear|blur_image,eva,semi,yes_somewhat,better_rating,5,4
C,"It has the highest rating (4.6★) among the in-stock, well-reviewed options, costs the least at $7.09, and includes the weighted magnets and rustproof grommets I care about. The water-wave Art Deco look is a nice bonus and the EVA material is odor-free and easy to wipe clean.",price_too_high,rating|price_suspicious,already_chosen,few_reviews|material,rating|look,availability|few_reviews,page2,page1,rating,price_value,4,4,4,2,4,4,5,4,unavailable|no_price|low_rating|few_reviews|no_size|material_unclear|blur_image,eva,semi,yes_somewhat,better_rating,5,4
C,"It's the cheapest single liner at $7.09 but has the strongest review base on the shelf — 4.6 stars across 974 reviews — plus the magnets, weighted hem, rust-proof grommets and odor-free EVA I want. The blue water-wave gradient is subtle enough for my bathroom and I don't need a two-pack or a premium $19 liner.",price_too_high|transparency,look|few_reviews,already_chosen,few_reviews|pack|material,look|rating|availability,availability|few_reviews,page2,page1,reviews,price_value,4,4,4,2,4,5,5,4,unavailable|no_price|low_rating|few_reviews|material_unclear|blur_image,eva,semi,yes_somewhat,better_rating,5,4
A,"I want a liner I can trust to last, and the AmazerBath has by far the strongest evidence behind it: 4.5 stars across 4,156 reviews, plus 100% EVA with brass grommets, a reinforced double-layered header, and a weighted bottom. The $18.99 price is higher than the others but still reasonable for a liner I'll use every day, and the emerald-green semi-transparent look fits my bathroom fine.",already_chosen,price_suspicious|brand|few_reviews,price_suspicious|brand|few_reviews,few_reviews|material|pack,look|transparency|availability,availability|few_reviews,page2,page1,reviews,material,4,4,4,2,4,4,5,5,unavailable|no_price|low_rating|few_reviews|no_size|material_unclear|blur_image,eva,semi,yes_somewhat,better_rating,4,4
C,"It has the highest rating (4.6★) among options with a solid review base (974 reviews), the lowest price at $7.09, and it checks my functional must-haves: EVA material, 3 heavy magnets at the hem, waterproof, and odor-free. The Art-Deco blue wave look is attractive without being loud, and it's in stock.",price_too_high|availability,look,already_chosen,few_reviews|material|pack,look|availability|rating,availability|few_reviews,page2,page1,price_value,reviews,4,5,4,2,4,5,5,4,unavailable|no_price|no_size|material_unclear|blur_image,eva,semi,yes_somewhat,better_function,5,4
B,"It balances price and evidence: at $7.19 with a 4.4 rating and nearly 1,900 reviews, it has enough track record to trust, while the 3D cube texture and magnets add function and a bit of style without overspending on a liner.",price_too_high,already_chosen,review_concern,few_reviews|material,look|few_reviews,availability|few_reviews,page2,page1,price_value,reviews,4,4,4,2,4,5,5,4,unavailable|no_price|low_rating|few_reviews|no_size|material_unclear|blur_image|no_bullets,eva,semi,yes_somewhat,lower_price,5,4
C,"It's the cheapest single liner at $7.09, has the highest rating on the shelf (4.6★ with a solid ~974 reviews), and includes the weighted magnets I want plus odor-free EVA. The Art-Deco wave pattern is a look I don't mind, and it's in stock.",price_too_high|look,look|few_reviews,already_chosen,few_reviews|material,look|availability,availability|few_reviews,page3,page2,price_value,rating,4,4,3,2,4,5,5,3,unavailable|no_price|low_rating|few_reviews|no_size|material_unclear|blur_image,eva,semi,yes_somewhat,better_rating,5,4
A,"No persona-specific answer was produced, so a neutral answer was used.",already_chosen,already_chosen,already_chosen,already_chosen,already_chosen,already_chosen,page1,page1,price_value,price_value,3,3,3,3,3,3,3,3,unavailable,eva,fully_transparent,yes_strongly,lower_price,3,3
B,"The jssablo Blue Cube liner hits the sweet spot for me: a genuinely low price ($7.19), a solid 4.4★ from nearly 1,900 reviews, and the 3D cube texture gives it a premium look I'd actually want in my bathroom. It has the magnets and weighted hem I need to keep it against the tub, and with that many reviews I feel confident it won't be a dud.",price_too_high|look,already_chosen,price_suspicious|brand|look,few_reviews|material|look,look|rating|few_reviews|availability,availability|few_reviews,page2,page1,price_value,reviews,3,5,4,2,4,5,5,4,unavailable|no_price|low_rating|few_reviews|blur_image,eva,semi,yes_somewhat,better_rating,5,5
C,"The LQFMEHOT liner has the highest rating on the shelf (4.6★) with a solid review count (974), a low $7.09 price, and EVA material that is odor-free and waterproof. It includes the weighted magnets I want and a look I find appealing, so it gives the best balance of value, evidence, and function.",price_too_high,rating,already_chosen,few_reviews|pack,look|availability,availability|few_reviews,page2,page1,rating,price_value,4,4,4,2,4,5,5,4,unavailable|low_rating|few_reviews|no_size|material_unclear,eva,semi,yes_somewhat,better_rating,5,4
C,"It's the cheapest option at $7.09, has the highest rating (4.6★) with a solid 974 reviews, and it's in stock. I like the blue wave look and it has the magnets plus weighted hem I want, so it ticks every box without spending much.",price_too_high|availability,look|rating,already_chosen,few_reviews|material,review_concern|availability,availability|few_reviews,page2,page1,price_value,reviews,4,4,4,2,4,5,5,4,unavailable|no_price|few_reviews|no_size|material_unclear|blur_image,eva,semi,yes_somewhat,better_function,5,4
C,"It's the cheapest option at $7.09, has the highest rating on the shelf (4.6 stars) with a solid 974 reviews, and EVA with a weighted magnetic hem is exactly what I want in a liner. The wave texture looks clean and modern without being flashy.",price_too_high|availability,look|rating,already_chosen,few_reviews|material,look|few_reviews|availability,availability|few_reviews|transparency,page2,page1,price_value,reviews,4,4,3,2,4,5,5,4,unavailable|no_price|material_unclear|blur_image,eva,semi,yes_somewhat,better_rating,5,5
B,"I want a liner that stays put against the tub and looks a bit more designed than a plain sheet of plastic, and B has both magnets and a nice 3D cube texture. At $7.19 with 4.4 stars and ~1,900 reviews, it feels like a safe, well-evidenced buy. EVA material also matches my preference for odor-free, PVC-free plastic.",price_too_high|look|transparency,already_chosen,brand|material|review_concern,few_reviews|material|pack,look|transparency|availability,availability|few_reviews|size,page2,page1,magnet,price_value,4,5,4,2,4,4,5,4,unavailable|no_price|low_rating|few_reviews|no_size|material_unclear|blur_image,eva,semi,yes_somewhat,better_function,5,4
C,"It has the best combination of a high 4.6★ rating with a solid 974 reviews, a very low $7.09 price, and all the functional features I care about (3 heavy magnets, weighted hem, tear-proof header, odor-free EVA). The Art-Deco wave look is a nice bonus without being loud.",price_too_high|look|transparency,look|price_suspicious|few_reviews,already_chosen,few_reviews|material|pack,look|few_reviews|availability,availability|few_reviews|size,page2,page1,rating,price_value,4,5,4,2,5,4,5,4,unavailable|no_price|low_rating|few_reviews|no_size|material_unclear|blur_image,eva,semi,yes_somewhat,better_rating,5,5
A,"I want a liner that's odor-free and safe (BPA-free EVA) with a weighted hem, and A is the only option with a large, credible review base (4,156 reviews at 4.5★) plus rustproof brass grommets and reinforced header. The $18.99 price is higher than the others, but for something I'll look at daily and that touches my family's bathroom, I'd rather pay for verified quality than gamble on a $7 liner with a thin review history.",already_chosen,brand|price_suspicious|look,brand|price_suspicious|look,few_reviews|material|pack,look|few_reviews|availability,availability|few_reviews|transparency,page2,page1,reviews,material,4,4,4,2,5,4,5,5,unavailable|no_price|low_rating|few_reviews|material_unclear|blur_image,eva,semi,yes_somewhat,better_rating,4,4
C,"I chose the LQFMEHOT water-wave liner because it has the strongest combination of a high 4.6-star rating with a solid review count (974), a very reasonable $7.09 price, and the features I care about — EVA material, 3 heavy magnets, anti-rust grommets, and an odor-free waterproof surface. The Art-Deco blue wave look is attractive without being see-through enough to feel flimsy.",price_too_high|look,look|brand,already_chosen,few_reviews|material,look|rating,availability|few_reviews,page2,page1,price_value,reviews,4,5,4,2,4,5,5,4,unavailable|no_size|material_unclear|blur_image|few_reviews,eva,semi,yes_somewhat,nothing,5,4
C,"It has the highest rating on the shelf (4.6 stars) with a solid ~974 reviews, costs the least at $7.09, and still includes the three magnets and weighted hem I care about. The Art-Deco blue water-wave look also appeals to me more than a plain or clear liner.",price_too_high|look,price_suspicious|look,already_chosen,few_reviews|pack,look|few_reviews,availability|few_reviews,page2,page1,reviews,price_value,4,5,4,2,4,5,5,4,unavailable|no_price|low_rating|few_reviews|no_size|material_unclear|blur_image,eva,semi,yes_somewhat,better_rating,5,4
C,"It has the highest rating (4.6) with a solid ~974 reviews, is dirt cheap at $7.09, and has the functional stuff I actually care about: 3 heavy magnets at the hem, tear-proof header, and anti-rust grommets. The Art-Deco wave look is fine and it's odor-free EVA, so I get function and a reasonable price without gambling on an unknown listing.",price_too_high|availability,look|brand,already_chosen,few_reviews|material,look|rating,availability|few_reviews|size,page2,page1,rating,price_value,4,5,4,2,5,4,5,4,unavailable|no_size|material_unclear|blur_image|low_rating,eva,semi,yes_somewhat,better_function,5,4
C,"I want a liner that is genuinely waterproof, odor-free EVA, has magnets to stay put against the tub, and won't cost much since it's a utilitarian item that gets replaced. Option C has the highest rating on the shelf (4.6 with nearly 1,000 reviews), a reasonable $7.09 price, Art-Deco wave design that still looks clean, and rust-proof metal grommets plus heavy magnets. The review volume gives me enough confidence that it's not a flimsy one-off.",price_too_high|transparency,price_suspicious|look,already_chosen,few_reviews|material,look|availability,availability|few_reviews,page2,page1,rating,price_value,4,4,4,2,4,5,5,4,unavailable|no_price|low_rating|few_reviews|no_size|material_unclear|blur_image,eva,semi,yes_somewhat,better_rating,5,4
B,"It's the cheapest option with a solid, well-reviewed track record (4.4★, ~1,872 reviews) and it actually has the features I care about — magnets at the bottom to keep it against the tub and a weighted hem. The 3D cube texture looks nicer than a plain liner and 70% EVA is a material I'm comfortable with.",price_too_high|availability,already_chosen,brand|review_concern,few_reviews|material,look|few_reviews,availability|size|few_reviews,page2,page1,price_value,magnet,4,4,3,2,4,5,5,4,unavailable|no_size|material_unclear|blur_image|low_rating,eva,semi,yes_somewhat,better_function,5,5
C,"It's the cheapest option at $7.09 and still has a strong 4.6★ rating with nearly 1,000 reviews, which is enough evidence for me. It has the features I actually need — waterproof EVA, magnets at the bottom, and rust-proof grommets. The wave pattern is a bit decorative for my taste, but for a liner that's a minor trade-off at this price.",price_too_high|look,look|brand,already_chosen,few_reviews|material,look|rating,availability|few_reviews|size,page2,page1,price_value,reviews,4,4,4,2,4,5,5,4,unavailable|no_price|low_rating|few_reviews|no_size|material_unclear|blur_image|no_bullets,eva,semi,yes_somewhat,better_rating,5,4
C,"It's cheap, has a solid 4.6 rating with nearly a thousand reviews, and the magnets plus weighted hem mean it'll stay put against the tub. The blue wave pattern looks decent without being flashy.",price_too_high|transparency,look|price_suspicious,already_chosen,few_reviews|pack,look|few_reviews,availability|few_reviews,page2,page1,price_value,magnet,4,4,3,2,4,5,4,4,unavailable|no_price|low_rating|few_reviews|no_size|material_unclear|blur_image,eva,semi,yes_somewhat,better_function,5,4
C,"I want a good-looking liner that doesn't cost much, and the LQFMEHOT wave pattern in blue is pretty and modern. It has the highest rating on the shelf (4.6 with nearly 1,000 reviews), magnets to keep it against the tub, and it's odor-free EVA at just $7.09, so it feels like the best value here.",price_too_high|brand|transparency,look|few_reviews|price_suspicious,already_chosen,few_reviews|material|pack,look|few_reviews|availability,availability|few_reviews,page2,page1,price_value,reviews,4,5,4,2,4,5,5,4,unavailable|no_price|low_rating|few_reviews|no_size|material_unclear|blur_image,eva,semi,yes_somewhat,nothing,5,4
B,"I want a liner that's safe, odor-free and stays put against the tub. Option B is EVA, has magnets at the bottom, a solid 4.4 rating from nearly 1,900 reviews, and at $7.19 it's an easy price to justify.",price_too_high,already_chosen,brand|rating,few_reviews|material|pack,look|few_reviews|availability,availability|few_reviews|size,page2,page1,magnet,rating,4,4,4,2,4,5,5,4,unavailable|no_price|low_rating|material_unclear|blur_image|no_size,eva,semi,yes_somewhat,better_function,5,4
C,"It's the cheapest option but still has the strongest evidence on the shelf — a 4.6 rating with nearly 1,000 reviews — plus the features I actually care about: EVA material, magnets at the hem, anti-rust grommets, and a reinforced header. The Art-Deco wave pattern in blue is subtle enough to look fine in my bathroom without being flashy.",price_too_high|look,price_suspicious|brand|rating,already_chosen,few_reviews|material|pack,look|transparency|few_reviews,availability|few_reviews,page2,page1,price_value,reviews,4,4,4,2,4,5,5,4,unavailable|no_price|no_size|material_unclear|blur_image,eva,semi,yes_somewhat,nothing,5,4
C,"I want a liner that actually looks like something, not just a clear sheet, and the Art-Deco wave texture in gradient blue fits my bathroom's vibe without being loud. It's cheap enough to replace without guilt, has real magnets and a tear-proof header, and 974 reviews at 4.6 stars is enough evidence for me. The emerald AmazerBath is prettier but at $18.99 for a liner I'd rather spend the difference on a nice outer curtain.",price_too_high|availability,look|price_suspicious,already_chosen,few_reviews|material,look|transparency,availability|few_reviews,page2,page1,appearance,price_value,4,5,4,2,4,4,5,4,unavailable|no_price|low_rating|few_reviews|material_unclear|blur_image,eva,semi,yes_somewhat,better_look,5,4
C,"It's the cheapest option at $7.09 and still has a strong 4.6★ rating with nearly 1,000 reviews, so I trust it. The blue water-wave look is pretty, it has magnets at the bottom to stay put, and EVA is odor-free and easy to wipe clean.",price_too_high|look,look|few_reviews,already_chosen,few_reviews|material,look|few_reviews|availability,availability|few_reviews,page2,page1,price_value,reviews,4,5,4,2,4,5,5,4,unavailable|no_price|low_rating|few_reviews|no_size|material_unclear|blur_image,eva,semi,yes_somewhat,better_rating,5,4
C,"I want a clean, modern look with strong functional basics at a low price. Option C has a 4.6 rating from nearly 1,000 reviews, EVA material, three heavy magnets, and a tear-proof header — the best evidence-to-price balance on the shelf.",price_too_high|availability,look|brand,already_chosen,few_reviews|material,look|few_reviews|availability,availability|few_reviews,page2,page1,reviews,price_value,4,4,4,2,4,5,5,4,unavailable|no_price|low_rating|few_reviews|no_size|material_unclear|blur_image,eva,semi,yes_somewhat,better_rating,5,4
C,"I want an inexpensive, odor-free EVA liner that stays put, and Option C has the highest rating on the shelf (4.6★ with ~974 reviews) at the lowest price ($7.09) with magnets, a weighted hem, and a rust-resistant header. It balances value, reliability, and function better than the others.",price_too_high|transparency,look|rating,already_chosen,few_reviews|material,look|availability,availability|few_reviews,page3,page2,price_value,rating,4,4,4,2,4,5,5,4,unavailable|no_price|low_rating|few_reviews|no_size|material_unclear|blur_image,eva,semi,yes_somewhat,better_rating,5,5
C,"I want an odor-free EVA liner that stays put, and this one has 3 heavy magnets, a tear-proof header, and a 4.6-star rating from nearly 1,000 buyers — the strongest evidence on the shelf. At $7.09 it's also the cheapest, which makes it an easy value pick.",price_too_high|availability,look|price_suspicious,already_chosen,few_reviews|material|pack,look|few_reviews,availability|few_reviews,page2,page1,price_value,reviews,4,4,4,2,4,5,5,4,unavailable|no_price|low_rating|few_reviews|no_size|material_unclear|blur_image|no_bullets,eva,semi,yes_somewhat,better_rating,5,4
B,"It's cheap but not suspiciously so, has a solid 4.4 with nearly 1,900 reviews, and the 3D cube texture in blue looks nicer than a plain liner. It has the magnets and rustproof grommets I want, and it's actually in stock.",price_too_high|availability,already_chosen,brand|few_reviews|look,few_reviews|material|pack,look|rating|availability,few_reviews,page2,page1,price_value,reviews,4,4,4,2,3,5,5,4,unavailable|no_price|few_reviews|material_unclear|blur_image|no_size,eva,semi,yes_somewhat,better_function,5,4
C,"It's the best balance of price and evidence for me — just $7.09 with a 4.6-star rating and nearly 1,000 reviews, so I trust it more than the cheaper-but-thin listings. I also like the blue water-wave look and the magnets plus weighted hem, which are the features I actually care about.",price_too_high,look,already_chosen,few_reviews,look|availability,availability|few_reviews,page2,page1,price_value,reviews,4,4,3,2,4,5,5,4,unavailable|no_price|low_rating|few_reviews|no_size|material_unclear|blur_image,eva,semi,yes_somewhat,better_value,5,4
C,"I choose C because it has the strongest combination of a high rating (4.6★) with a substantial review base (974 reviews) at the lowest price ($7.09). It includes the weighted magnets and rust-resistant metal grommets I want, and the water-wave Art Deco look is attractive without being too bold. The listing is in stock and the EVA material is odor-free and easy to clean, which matches my preference for a practical, well-reviewed liner.",price_too_high,price_suspicious|look,already_chosen,few_reviews|material,look|few_reviews,availability|few_reviews,page2,page1,reviews,price_value,4,4,4,2,4,4,5,4,unavailable|no_price|low_rating|few_reviews|no_size|material_unclear|blur_image,eva,semi,yes_somewhat,better_rating,5,4
C,"It's the cheapest single liner at $7.09 but still has the highest rating on the shelf (4.6★) with a solid 974 reviews, plus the magnets, weighted hem, rust-proof grommets and odor-free EVA I want. The water-wave gradient is subtle enough to look nice without being loud, and it's actually in stock.",price_too_high|availability,look|rating|few_reviews,already_chosen,few_reviews|material|pack,look|transparency|rating,availability|few_reviews,page2,page1,price_value,reviews,4,5,4,2,4,5,5,4,unavailable|no_price|low_rating|few_reviews|no_size|material_unclear|blur_image,eva,semi,yes_somewhat,nothing,5,4
C,"It has the highest rating (4.6★) with a solid 974 reviews, it's the cheapest at $7.09, and it has the features I actually care about — magnets at the bottom, anti-rust grommets, and odor-free EVA. The blue wave texture looks nice without being loud, and it's in stock and ready to ship.",price_too_high|look,look,already_chosen,few_reviews|material|pack,look|availability,availability|few_reviews|size,page2,page1,rating,price_value,4,5,4,2,4,4,5,4,unavailable|no_price|low_rating|few_reviews|no_size|material_unclear|blur_image,eva,semi,yes_somewhat,better_rating,5,5
C,"It's the cheapest single liner at $7.09 but still has the highest rating on the shelf (4.6 with ~974 reviews), which is plenty of evidence for me. EVA material, magnets at the bottom, and a rust-proof header check every box I care about for a liner.",price_too_high|look,look,already_chosen,few_reviews|material,look|transparency,availability|few_reviews,page2,page1,rating,price_value,4,5,4,2,4,4,5,4,unavailable|no_price|low_rating|few_reviews|no_size|material_unclear|blur_image,eva,semi,yes_somewhat,better_rating,5,4
A,"I want a liner that's actually odor-free and safe, and AmazerBath is the only one with a big review base (4,156) confirming it holds up. It has weighted bottom stones, reinforced header, and brass grommets. I'll pay more for something I don't have to replace in six months.",already_chosen,price_suspicious|few_reviews|brand|material,price_suspicious|few_reviews|brand|look,few_reviews|material|brand|pack,look|few_reviews|availability|brand,availability|few_reviews|brand|transparency,page2,page1,reviews,material,4,5,4,2,4,4,5,5,unavailable|no_price|few_reviews|material_unclear|blur_image|low_rating,eva,semi,yes_somewhat,better_rating,4,4
A,"I value security and stability, and option A has the strongest evidence base with 4.5 stars across 4,156 reviews plus safety assurances like BPA-free and odor-free EVA. The weighted hem and reinforced brass grommets mean it will stay put and last, and I'm willing to pay more for that peace of mind.",already_chosen,price_suspicious|look|material|brand|few_reviews,price_suspicious|look|brand|few_reviews,few_reviews|material|pack|brand,look|few_reviews|brand|availability,few_reviews|brand,page2,page1,reviews,material,4,4,4,2,4,4,5,5,unavailable|no_price|low_rating|few_reviews|no_size|material_unclear|blur_image|no_bullets,eva,semi,yes_somewhat,better_value,4,4
A,"I keep things simple and I'd rather pay a bit more for a liner with a solid track record. Option A has over 4,000 reviews at 4.5 stars, is odor-free BPA-free EVA, and the weighted bottom with brass grommets should hold up well in my bathroom.",already_chosen,brand|price_suspicious|look,brand|price_suspicious|look,few_reviews|pack|material,transparency|rating,availability|few_reviews,page2,page1,reviews,material,4,4,4,2,4,3,5,4,unavailable|no_price|low_rating|few_reviews|no_size|material_unclear|blur_image,eva,semi,yes_somewhat,better_rating,4,5
A,"I want a liner that actually feels like a quality upgrade, and the AmazerBath has the strongest evidence behind it: 4.5 stars across 4,000+ reviews, thick soft-touch EVA, brass grommets, and a weighted hem. The $18.99 price is more than the cheap ones, but for something I'll look at every day I'd rather pay once for the one with a proven track record.",already_chosen,brand|price_suspicious|look,brand|price_suspicious|look,few_reviews|material|pack,look|availability|rating,availability|few_reviews|transparency,page2,page1,reviews,material,4,4,4,2,4,4,5,4,unavailable|no_price|low_rating|few_reviews|no_size|material_unclear|blur_image,eva,semi,yes_somewhat,better_rating,4,4
C,"It's the cheapest option at $7.09 but still has a solid 4.6 rating with nearly 1,000 reviews, so I'm not gambling on an unknown. It has the weighted magnets, tear-proof header, and odor-free EVA I want, and the blue water-wave look is nicer than a plain clear liner.",price_too_high|availability,look|few_reviews,already_chosen,few_reviews|material,look|rating,availability|few_reviews,page2,page1,price_value,reviews,4,4,4,2,4,5,5,4,unavailable|no_price|low_rating|no_size|material_unclear|blur_image,eva,semi,yes_somewhat,better_value,5,4
A,"I want a durable, odor-free EVA liner with a weighted hem and strong review history, and AmazerBath has 4.5 stars across 4,156 reviews plus rustproof brass grommets and eco-friendly BPA-free material. The emerald-green semi-transparent look fits my bathroom better than the blue or black options, and I'm willing to pay more for the proven quality and soft-touch feel.",already_chosen,price_suspicious|look|material|brand,price_suspicious|look|brand|material,few_reviews|material|brand|look,look|rating|few_reviews|availability,availability|few_reviews|size|material,page2,page1,reviews,material,4,5,4,2,4,4,5,4,unavailable|no_price|low_rating|few_reviews|no_size|material_unclear|blur_image|no_bullets,eva,semi,yes_somewhat,better_rating,4,4
A,"I'm a Boomer who lost a partner, and I don't take chances on cheap things that might off-gas or fall apart — the AmazerBath has over 4,000 reviews, a 4.5 rating, brass grommets that won't rust, and weighted stones to keep it in place. The price is higher, but for something I'll look at every day in my own home, I'd rather pay for the one that's proven and safe.",already_chosen,price_suspicious|brand|few_reviews,price_suspicious|brand|look,few_reviews|material,look|rating,availability|few_reviews|size,page2,page1,reviews,material,4,4,4,2,5,4,5,5,unavailable|no_price|low_rating|few_reviews|no_size|material_unclear|blur_image|no_bullets,eva,semi,yes_somewhat,better_rating,4,4
B,"It's the best balance of price and evidence — $7.19 with 1,872 reviews at 4.4★ is a lot of real-world validation for very little money. EVA at 70% is a material I'm comfortable with, it has the magnets and weighted hem I want, and it's actually in stock. The blue cube texture is a bit gimmicky but I can live with it.",price_too_high|look,already_chosen,look|brand|price_suspicious,few_reviews|material|look,look|transparency|rating,few_reviews|size|missing_magnet,page2,page1,reviews,price_value,4,4,4,2,4,5,5,4,unavailable|no_price|low_rating|few_reviews|no_size|material_unclear|blur_image,eva,semi,yes_somewhat,better_rating,5,4
C,"It has the best combination of a strong 4.6★ rating, a real review base of nearly 1,000, and the lowest price at $7.09. As someone who brews coffee at home and watches value, I like that it's EVA (odor-free), has 3 heavy magnets to hold it against the tub, and includes a weighted hem — the functional features I actually care about.",price_too_high,look|price_suspicious,already_chosen,few_reviews|material,look|availability,availability|few_reviews|size,page2,page1,rating,price_value,4,4,4,2,4,5,5,4,unavailable|no_price|low_rating|few_reviews|no_size|material_unclear|blur_image,eva,semi,unlikely,better_rating,5,4
B,"It's the best all-round value: EVA material (healthier, odor-free), a 3D cube texture that looks nicer than a plain liner, magnets at the bottom to keep it against the tub, and a solid 4.4 stars from nearly 1,900 reviews. At $7.19 it's cheap enough that I don't feel bad replacing it when it gets grimy, and it's actually in stock.",price_too_high|transparency,already_chosen,price_suspicious|brand,few_reviews|pack|material,look|availability,few_reviews,page2,page1,price_value,magnet,4,4,4,2,4,5,4,4,unavailable|no_price|low_rating|few_reviews|no_size|material_unclear|blur_image,eva,semi,yes_somewhat,better_function,5,4
B,"I want a liner that stays against the tub and is easy to keep clean, and B has 3 bottom magnets plus a weighted hem at a low price. It also has a solid review base (4.4★, 1,872 reviews) and is in stock, so I can actually buy it. The 3D cube look is a bit flashy for me, but the function and evidence outweigh that.",price_too_high|availability,already_chosen,look|brand|few_reviews,few_reviews|material|pack,look|availability|few_reviews,availability|few_reviews|size|look,page2,page1,magnet,reviews,4,4,4,2,4,4,5,4,unavailable|no_price|low_rating|few_reviews|no_size|material_unclear|blur_image,eva,semi,neutral,better_function,5,4
A,"No persona-specific answer was produced, so a neutral answer was used.",already_chosen,already_chosen,already_chosen,already_chosen,already_chosen,already_chosen,page1,page1,price_value,price_value,3,3,3,3,3,3,3,3,unavailable,eva,fully_transparent,yes_strongly,lower_price,3,3
E,"I'm a careful buyer and I want a liner that stays put and won't need replacing soon, so the weighted magnets and reinforced metal grommets matter to me. The solid black EVA is PVC-free, plain, and doesn't show mildew stains the way clear liners do, and at $9.99 it's a fair price for something that fits a standard 72x72 tub. The only hesitation is the low stock notice, so I'd order it right away.",price_too_high|availability|transparency,price_suspicious|look|brand,price_suspicious|look|brand,few_reviews|material|pack,already_chosen,few_reviews|size,page2,page1,magnet,material,4,4,4,2,5,5,5,5,unavailable|no_price|low_rating|few_reviews|no_size|material_unclear|blur_image,eva,blackout,yes_somewhat,better_rating,4,4
B,"I've got three kids and a shared hall bath, so liners get gross fast and I end up replacing them constantly — no way I'm paying $19 for one. The jssablo at $7.19 has 1,872 reviews at 4.4 stars, which is plenty of evidence it holds up, and the magnets on the bottom mean it actually stays against the tub instead of billowing in on you. The 3D cube texture in blue looks a little nicer than a plain clear liner too.",price_too_high|availability,already_chosen,brand|few_reviews|price_suspicious,few_reviews|material,look|availability,few_reviews,page2,page1,reviews,price_value,4,4,4,2,3,5,5,4,unavailable|no_price|low_rating|few_reviews|material_unclear|blur_image,eva,semi,yes_somewhat,better_rating,5,4
C,"It has the best combination of a strong 4.6 rating with a solid 974 reviews, a low $7.09 price, EVA material that's odor-free, and the weighted magnets I want so it stays against the tub. The Art Deco wave look is a bit fancy for me but I can live with it since the value and reviews are the best on the shelf.",price_too_high|availability,look|price_suspicious,already_chosen,few_reviews|material,look|availability,availability|few_reviews,page2,page1,reviews,price_value,4,5,4,2,4,5,5,4,unavailable|no_price|few_reviews|no_size|material_unclear|blur_image|no_bullets,eva,semi,yes_somewhat,better_rating,5,4
B,"It's cheap at $7.19 but still has real evidence behind it — 4.4 stars from nearly 1,900 reviews. EVA material, magnets at the bottom, and metal grommets cover everything I actually need in a liner.",price_too_high|availability,already_chosen,brand|look,few_reviews|material,look|rating,few_reviews,page2,page1,price_value,reviews,4,4,4,2,5,5,5,4,unavailable|no_price|low_rating|few_reviews|no_size|material_unclear|blur_image|no_bullets,eva,semi,yes_somewhat,better_rating,5,4
B,"I want an EVA liner that's odor-free and safe for a family bathroom, and B gives me that at a great price with a strong 4.4 stars across 1,872 reviews. The 3D cube texture looks nicer than a plain clear liner, and the magnets at the bottom keep it stuck to the tub so it doesn't billow. It's in stock and cheap enough that I can replace it without thinking twice.",price_too_high|look,already_chosen,price_suspicious|brand|few_reviews,few_reviews|material|pack,look|availability|rating,availability|few_reviews,page2,page1,reviews,price_value,4,5,4,2,4,5,5,4,unavailable|no_price|low_rating|few_reviews|material_unclear|blur_image,eva,semi,yes_somewhat,better_rating,5,5
B,"I want a liner that stays put and looks decent without paying a lot. The jssablo has 12 metal grommets, 3 bottom magnets, a waterproof EVA material I trust, and a solid 4.4★ with nearly 1,900 reviews at just $7.19 — best mix of value and evidence on the shelf.",price_too_high|availability,already_chosen,brand|price_suspicious,few_reviews|material,look|availability|few_reviews,availability|few_reviews,page2,page1,magnet,price_value,4,4,4,2,4,5,5,4,unavailable|no_price|low_rating|few_reviews|no_size|material_unclear|blur_image,eva,semi,yes_somewhat,better_function,5,4
C,"I want a low-cost liner with strong evidence behind it, and C has the best rating (4.6) with a solid review count. It's in stock at $7.09, has magnets and a weighted hem so it stays put, and the blue wave texture is a look I actually like.",price_too_high|transparency,look|rating,already_chosen,few_reviews|pack,look|few_reviews,availability|few_reviews,page2,page1,price_value,rating,4,5,4,2,4,5,5,4,unavailable|no_price|low_rating|few_reviews|no_size|material_unclear|blur_image,eva,semi,yes_somewhat,better_rating,5,4
C,"It's the best combination of a price I'm comfortable paying ($7.09), a strong 4.6★ rating from nearly 1,000 reviewers, and the features I actually want: EVA material, magnets at the hem, and a waterproof wipe-clean surface. The Art-Deco blue wave look is attractive without being gimmicky, and it's in stock.",price_too_high|availability,already_chosen,already_chosen,few_reviews|material,look|availability,availability|few_reviews,page2,page1,reviews,price_value,4,5,4,2,4,4,5,4,unavailable|no_price|low_rating|few_reviews|no_size|material_unclear|blur_image,eva,semi,yes_somewhat,better_rating,5,5
A,"I want a liner I can trust, and Option A has the strongest evidence base: 4,156 reviews at 4.5★, BPA-free odor-free EVA, rustproof brass grommets, and a weighted hem. At $18.99 it costs more than the others, but for something that hangs in my bathroom daily and touches my skin/hands, I'd rather pay for verified quality and safety than gamble on a 10- or 16-review listing.",already_chosen,brand|few_reviews|look,brand|few_reviews|look,few_reviews|material|pack,look|few_reviews|availability,availability|few_reviews|size,page2,page1,reviews,material,4,4,5,2,5,4,5,5,unavailable|no_price|low_rating|few_reviews|no_size|material_unclear|blur_image,eva,semi,yes_somewhat,better_rating,4,4
A,"At 60 with a strong sense of prudence and a dislike of cutting corners on things that sit in a wet environment every day, I want a liner I can trust. The AmazerBath has the deepest evidence base on the shelf — 4.5 stars across 4,156 reviews — plus BPA-free EVA, 12 rustproof brass grommets, a reinforced double-layered header and weighted stones. The $18.99 price is higher than the others, but for a single item I'll keep for years, reliability and safety beat saving ten dollars.",already_chosen,price_suspicious|brand|look|info_incomplete,price_suspicious|brand|look|few_reviews,few_reviews|material|pack,look|few_reviews|availability,few_reviews|size,page2,page1,reviews,material,4,4,4,2,5,3,5,5,unavailable|no_price|few_reviews|no_size|material_unclear|blur_image,eva,semi,yes_somewhat,better_rating,4,4
A,"I want a liner I can trust, and AmazerBath has the strongest evidence on the shelf: 4.5 stars across 4,156 reviews and a soft-touch EVA that's BPA-free and odor-free. The brass grommets, double-layered header and weighted bottom suggest it will hold up better than the cheap no-name options, so the higher price feels justified for something I'll use daily.",already_chosen,price_suspicious|brand|look,price_suspicious|brand|look|few_reviews,few_reviews|material|look,material|look|few_reviews|availability,availability|few_reviews|size,page2,page1,reviews,material,4,4,4,2,4,4,5,5,unavailable|no_price|low_rating|no_size|material_unclear|blur_image,eva,semi,yes_somewhat,better_rating,5,4
A,"I want a liner that will actually hold up and not smell like chemicals, and the AmazerBath has the strongest review base on the shelf (4.5 stars, 4,156 reviews) plus brass grommets, a reinforced double-layer header and weighted stones. I'm a cautious buyer and an electrician by trade, so I'd rather pay a bit more for rustproof hardware and a BPA-free EVA liner than gamble on a cheap one. The $18.99 price is fine for something I'll leave up for a year or more.",already_chosen,price_suspicious|brand|look,price_suspicious|brand|look|few_reviews,few_reviews|material|look|brand,few_reviews|look|availability,availability|few_reviews,page2,page1,reviews,material,4,4,4,2,4,3,5,5,unavailable|no_price|low_rating|no_size|material_unclear|blur_image,eva,semi,unlikely,better_rating,4,4
C,"It's the cheapest at $7.09 but still has a solid 4.6 stars across nearly a thousand reviews, which tells me it's proven. I like that it has three magnets at the bottom to keep it against the tub and the EVA is odor-free — I've had cheap liners that stunk up the whole bathroom. The blue wave look is pretty enough without being fussy.",price_too_high|availability|look,look|brand|review_concern,already_chosen,few_reviews|material|pack,look|few_reviews|availability,availability|few_reviews|size,page2,page1,price_value,reviews,4,4,4,2,4,5,5,4,unavailable|no_price|low_rating|few_reviews|no_size|material_unclear|blur_image,eva,semi,yes_somewhat,better_rating,5,4
A,"I'll go with the AmazerBath emerald EVA liner. It has the strongest evidence of quality with 4.5 stars across 4,156 reviews, plus the luxury soft-touch EVA, BPA-free/odor-free material, brass grommets and weighted bottom all match what I want. The $18.99 price is fine for a liner that will actually last and look good in my bathroom.",already_chosen,price_suspicious|brand|material,price_suspicious|brand|look,few_reviews|material|look,few_reviews|look|availability,availability|few_reviews,page2,page1,reviews,material,4,5,4,3,4,4,5,5,unavailable|no_price|low_rating|few_reviews|blur_image,eva,semi,yes_somewhat,better_rating,5,5
C,"At $7.09 it's the cheapest single liner with a solid 4.6-star rating and nearly a thousand reviews, so I'm not gambling on an unknown. It has the weighted magnets and rustproof grommets I want, and the EVA is odor-free, which matters to me.",price_too_high|transparency,price_suspicious|look,already_chosen,few_reviews|material,look|availability,availability|few_reviews,page2,page1,price_value,reviews,4,4,3,2,4,5,5,4,unavailable|low_rating|few_reviews|no_size|material_unclear|blur_image,eva,semi,yes_somewhat,lower_price,5,4
C,"I want a good-looking, functional liner at a fair price, and C hits all three: a 4.6-star rating with nearly 1,000 reviews, a nice Art Deco wave look, magnets and a weighted hem, and only $7.09. The EVA material being odor-free and wipe-clean matters to me as someone who works around food and cares about what's in my home.",price_too_high|availability,look|brand|few_reviews,already_chosen,few_reviews|material|pack,look|rating|few_reviews,availability|few_reviews|size,page2,page1,price_value,reviews,4,4,4,2,4,5,5,4,unavailable|no_price|low_rating|no_size|material_unclear|blur_image,eva,semi,yes_somewhat,better_function,5,5
A,"The AmazerBath liner has by far the strongest evidence base — 4.5 stars across 4,156 reviews — which matters most to me since I can't inspect the product in person. It's fully EVA (BPA-free, odor-free), has 12 rustproof brass grommets, a weighted hem, and a reinforced double-layer header, so the higher price buys durability and safety rather than just looks. The emerald semi-transparent look also suits my bathroom better than a bright blue gradient.",already_chosen,price_suspicious|brand|material|rating,price_suspicious|brand|few_reviews|rating,few_reviews|brand|material,look|few_reviews|rating|availability,availability|few_reviews|transparency,page2,page1,reviews,material,4,4,4,2,4,4,5,5,unavailable|no_price|low_rating|no_size|material_unclear|blur_image|no_bullets,eva,semi,yes_somewhat,better_rating,4,4
E,"I want a plain, dark liner that hides soap scum and mildew stains between cleanings, and EVA that's PVC-free keeps me comfortable with the material. The 4.3 stars over 116 reviews is enough evidence for me, and $9.99 for a single liner at a standard 72x72 with magnets and metal grommets hits the value-and-function balance I look for.",price_too_high|transparency|look,look|price_suspicious|brand,look|price_suspicious|brand,few_reviews|material|look,already_chosen,availability|few_reviews|transparency,page2,page1,price_value,material,5,4,4,2,5,5,5,4,unavailable|no_price|low_rating|few_reviews|no_size|material_unclear|blur_image,eva,blackout,yes_somewhat,better_function,4,4
C,"It has the best combination of a strong 4.6★ rating with a solid 974 reviews, a very low $7.09 price, and the features I care about most (magnets at the hem, waterproof EVA, odor-free). The Art-Deco wave look is pleasant and light-filtering in a small bathroom, and it's in stock.",price_too_high,price_suspicious|look|rating,already_chosen,few_reviews|material,look|transparency|few_reviews,availability|few_reviews,page2,page1,price_value,reviews,4,4,4,2,3,5,5,4,unavailable|no_price|low_rating|few_reviews|no_size|material_unclear|blur_image,eva,semi,yes_somewhat,better_rating,5,4
B,"I want a liner that stays put against the tub and doesn't cost a fortune. Option B has the magnets I need, a huge review base at 4.4 stars, and it's only $7.19 — hard to beat that value. The 3D cube texture is a nice bonus over a plain clear liner.",price_too_high|transparency,already_chosen,brand|few_reviews,few_reviews|material|pack,look|few_reviews,availability|few_reviews|size,page2,page1,price_value,reviews,4,4,4,2,4,5,5,4,unavailable|no_price|low_rating|few_reviews|material_unclear|blur_image,eva,semi,yes_somewhat,better_function,5,4
B,"I want a liner that stays put against the tub, and B has the 3 magnets and weighted hem I need at a very reasonable $7.19. With 1,872 reviews at 4.4 stars and in-stock availability, it feels like the safest, best-value pick that I can actually buy today.",price_too_high|brand|availability,already_chosen,brand|few_reviews|look,few_reviews|material|pack,look|rating|availability,few_reviews,page2,page1,magnet,price_value,4,5,4,2,5,5,5,5,unavailable|no_price|low_rating|few_reviews|no_size|material_unclear|blur_image,eva,semi,yes_somewhat,better_function,5,5
A,"I have a chronic illness and low trust in cheap no-name liners offgassing in a small bathroom, so I'll pay more for the BPA-free, odor-free EVA with 4,156 reviews behind it. The emerald semi-transparent look and weighted hem also fit what I actually want, and 4.5 stars across that many buyers is the only evidence here I consider real.",already_chosen,price_suspicious|brand|look,price_suspicious|brand|look,few_reviews|material|pack,look|availability|brand,availability|few_reviews|info_incomplete,page2,page1,material,reviews,4,5,4,2,5,3,5,5,unavailable|no_price|low_rating|few_reviews|no_size|material_unclear,eva,semi,unlikely,better_function,4,4
A,"I want a liner I can trust, and the AmazerBath has by far the strongest evidence base — 4.5 stars across more than 4,100 reviews — plus BPA-free, odor-free EVA and a reinforced double-layered header with weighted bottom. The emerald-green semi-transparent look is attractive and light-filtering without being stark, and after 20+ years of buying liners I've learned that paying a bit more up front for a durable, well-reviewed product beats replacing a cheap one every year.",already_chosen,price_suspicious|brand|few_reviews|look,price_suspicious|brand|few_reviews|look,few_reviews|brand|material|pack,look|transparency|few_reviews|availability,availability|few_reviews|brand,page2,page1,reviews,material,4,5,4,2,4,4,5,5,unavailable|no_price|low_rating|few_reviews|no_size|material_unclear|blur_image,eva,semi,yes_somewhat,better_rating,4,4
C,"It has the best combination of a strong 4.6★ rating with a solid review base (974), a low $7.09 price, and all the functional features I care about—weighted magnets, tear-proof header, and odor-free EVA. The Art-Deco blue wave look is attractive and fits a bright, modern bathroom without being flashy.",price_too_high|transparency|availability,few_reviews|look,already_chosen,few_reviews|material|pack,look|few_reviews,availability|few_reviews,page2,page1,reviews,price_value,4,5,4,2,4,4,5,4,unavailable|no_price|low_rating|few_reviews|no_size|material_unclear|blur_image,eva,semi,yes_somewhat,better_rating,5,4
A,"I picked the AmazerBath because it's the only option with a large, reliable review base (4.5★, 4,156 reviews) that I can trust, and it's BPA-free, odor-free EVA which matters to me with a new baby in the house. The weighted bottom and rustproof brass grommets mean it'll actually stay put and last, so the higher price is worth it for something I use every day.",already_chosen,price_suspicious|brand|look,price_suspicious|brand|look,few_reviews|rating|look,look|few_reviews|availability,availability|few_reviews|size,page2,page1,reviews,material,4,4,4,2,4,4,5,5,unavailable|no_price|low_rating|few_reviews|no_size|material_unclear|blur_image|brand_unfamiliar,eva,semi,yes_somewhat,better_rating,4,4
A,"I value quality and peace of mind over saving a few dollars, and Option A's 100% EVA material is BPA-free and odor-free with a huge, reliable review base (4.5★, 4,156 reviews). The weighted bottom and reinforced double-layer header mean it will actually stay put and last, and the semi-transparent emerald look feels calm and pleasant in a bathroom.",already_chosen,price_suspicious|material|look,price_suspicious|brand|look,few_reviews|material|pack,look|transparency|few_reviews,availability|few_reviews,page2,page1,material,reviews,4,4,4,2,4,3,5,5,unavailable|no_price|low_rating|few_reviews|no_size|material_unclear|blur_image|no_bullets,eva,semi,yes_somewhat,nothing,4,4
C,"Best combination of price and evidence — $7.09 with a 4.6★ rating and nearly a thousand reviews, plus magnets, weighted hem and odor-free EVA. The blue wave look is fine for my bathroom and I don't need to pay $19 for a liner.",price_too_high,look|price_suspicious,already_chosen,few_reviews,look|few_reviews,availability|few_reviews,page2,page1,price_value,reviews,4,4,4,2,4,5,5,4,unavailable|no_price|low_rating|no_size|material_unclear|blur_image,eva,semi,yes_somewhat,better_rating,5,4
C,"It has the best combination of a high rating (4.6) with a solid review base (974), a very low price ($7.09), and the functional features I care about — 3 heavy magnets, tear-proof reinforced header, anti-rust metal grommets, odor-free EVA. The Art-Deco blue wave look is attractive without being loud, and it's in stock, so I can actually buy it.",price_too_high,look|rating,already_chosen,few_reviews|material|pack,look|rating|availability,availability|few_reviews|size,page2,page1,price_value,reviews,4,4,4,2,4,5,5,4,unavailable|no_price|low_rating|no_size|material_unclear|blur_image,eva,semi,yes_somewhat,better_rating,5,4
C,"I want a straightforward, odor-free EVA liner that stays put and is easy to wipe down, and this one has the best rating (4.6) with a solid review count (974) at the lowest price ($7.09). It has the magnets and weighted hem I want, and it's in stock. At this price I can replace it whenever it gets grimy.",price_too_high|availability,look|price_suspicious|few_reviews,already_chosen,few_reviews|material|pack,look|rating|availability,availability|few_reviews,page2,page1,price_value,rating,4,4,4,2,4,5,5,4,unavailable|no_price|low_rating|no_size|material_unclear|blur_image,eva,semi,yes_somewhat,better_rating,5,4
B,"The jssablo liner hits the best balance for me: a solid 4.4 stars across nearly 1,900 reviews gives me real evidence it holds up, and the 70% EVA material is the safer, odor-free formulation I want. At $7.19 it's cheap enough to replace without agonizing, and the 3 bottom magnets plus weighted hem mean it'll actually stay put against the tub.",price_too_high,already_chosen,brand|few_reviews,few_reviews|material|pack,look|transparency|brand,availability|few_reviews,page2,page1,reviews,price_value,4,5,4,2,4,4,5,5,unavailable|no_price|no_size|material_unclear|blur_image|few_reviews,eva,semi,yes_somewhat,better_rating,5,4
C,"It has the best combination of a high rating (4.6) with a solid review base (974) at the lowest price ($7.09). EVA material with magnets at the hem and a reinforced header covers the functional basics I need, and it's in stock.",price_too_high|availability,look|rating,already_chosen,few_reviews|material,look|rating|availability,availability|few_reviews|size,page2,page1,price_value,reviews,4,4,4,2,5,5,5,4,unavailable|no_price|low_rating|no_size|material_unclear|blur_image,eva,semi,yes_somewhat,better_rating,5,4
C,"It has the highest rating among in-stock options (4.6 stars with a solid ~974 reviews), is the cheapest at $7.09, and has all the features I want: magnets at the bottom, rust-proof grommets, a tear-proof header, and an odor-free EVA material. The blue water-wave design looks nice and the gradient lets light through without being fully clear.",price_too_high|availability,look|rating|few_reviews,already_chosen,few_reviews|material,look|few_reviews|availability,availability|few_reviews,page2,page1,price_value,reviews,4,5,4,2,4,5,5,4,unavailable|no_price|low_rating|few_reviews|no_size|material_unclear|blur_image,eva,semi,yes_somewhat,better_rating,5,4
C,"I want a low-cost, odor-free EVA liner that stays put against the tub, and this one has a strong 4.6★ rating with nearly 1,000 reviews. The blue water-wave design looks nice in a modern bathroom and the magnets plus weighted hem are exactly the practical features I need with reduced hand dexterity.",price_too_high|look,look|price_suspicious,already_chosen,few_reviews|material,look|availability,availability|few_reviews|size,page2,page1,price_value,magnet,4,4,3,2,4,5,5,4,unavailable|no_price|low_rating|few_reviews|no_size|material_unclear|blur_image,eva,semi,yes_somewhat,better_rating,5,4
A,"No persona-specific answer was produced, so a neutral answer was used.",already_chosen,already_chosen,already_chosen,already_chosen,already_chosen,already_chosen,page1,page1,price_value,price_value,3,3,3,3,3,3,3,3,unavailable,eva,fully_transparent,yes_strongly,lower_price,3,3
A,"I want a liner I can trust for the long haul, and AmazerBath has by far the most reviews (4,156) at a solid 4.5 stars, plus eco-friendly BPA-free EVA and 12 rustproof brass grommets. The $18.99 price is higher than the others, but for something I'll leave up for months in a wet bathroom, the proven reliability and rustproof hardware are worth the premium. The emerald-green semi-transparent look is also a nicer fit for my bathroom than a bright blue gradient.",already_chosen,brand|price_suspicious|transparency|look,brand|price_suspicious|look|transparency,few_reviews|material|pack|look,look|transparency|rating|availability,availability|few_reviews|size,page2,page1,reviews,material,4,4,4,2,4,3,5,4,unavailable|no_price|low_rating|no_size|material_unclear|blur_image,eva,semi,yes_somewhat,better_rating,4,4
B,"I want a simple, no-nonsense liner that stays put and won't break the bank. The jssablo is in stock, has a solid 4.4 stars with nearly 1,900 reviews, has magnets at the bottom to hold it against the tub, and at $7.19 it's an easy price to swallow for something I'll replace every year or so.",price_too_high,already_chosen,brand|look,few_reviews|pack|material,transparency|availability,availability|few_reviews,page2,page1,rating,price_value,4,4,3,1,4,5,5,4,unavailable|no_price|no_size|material_unclear|low_rating,eva,semi,yes_somewhat,better_rating,5,4
C,"It's the best combination of a strong rating (4.6 with nearly a thousand reviews), a low price, and the features I care about — magnets at the hem, rustproof grommets, and odor-free EVA. The wave texture looks tidy and won't clash with my bathroom, and at $7.09 I can replace it without thinking twice.",price_too_high|look,price_suspicious|look,already_chosen,few_reviews|material,look|availability,availability|few_reviews,page2,page1,rating,price_value,4,4,4,2,4,4,5,4,unavailable|no_price|low_rating|few_reviews|material_unclear|blur_image,eva,semi,yes_somewhat,better_rating,5,4
A,"I want a liner that lasts and looks nice, and the AmazerBath has by far the most reviews (4,156) at a solid 4.5 stars, so I trust it. The emerald-green EVA with brass grommets and weighted stones suits my bathroom, and it's BPA-free and odor-free, which matters to me at my age. At $18.99 it's the priciest here, but a liner I replace rarely is worth paying a bit more for.",already_chosen,look|price_suspicious|brand|few_reviews,look|price_suspicious|brand|few_reviews,few_reviews|pack|look,look|few_reviews|availability,few_reviews|look,page2,page1,reviews,material,4,4,4,2,4,3,5,5,unavailable|no_price|low_rating|no_size|material_unclear|blur_image|no_bullets,eva,semi,yes_somewhat,better_rating,4,4
C,"It has the strongest combination for me: a 4.6 rating with a decent 974 reviews, a low $7.09 price, EVA material that's odor-free, 3 heavy magnets and a weighted hem to keep it against the tub, and a blue water-wave look I actually like. It's in stock and the listing info is complete enough to feel confident buying.",price_too_high|availability,look|rating|few_reviews,already_chosen,few_reviews|material,look|rating|availability,availability|few_reviews|size,page2,page1,rating,price_value,4,5,4,2,4,5,5,4,unavailable|no_price|low_rating|few_reviews|no_size|material_unclear|blur_image,eva,semi,yes_somewhat,better_rating,5,4
B,"I want a liner that is affordable but still has real function — magnets to hold it against the tub, a waterproof quick-dry surface, and enough reviews that I can trust it. The jssablo has 1,872 reviews at 4.4 stars, is in stock, and at $7.19 it's an easy, low-risk buy. The blue 3D cube look is a bit much for me, but it's a liner, not decor, so I'll take function and value.",price_too_high|availability,already_chosen,brand|few_reviews|price_suspicious,few_reviews|material|pack,look|few_reviews|availability,availability|few_reviews|size,page2,page1,price_value,reviews,4,3,4,1,4,5,4,4,unavailable|no_price|low_rating|few_reviews|material_unclear|no_size|blur_image,eva,semi,yes_somewhat,better_rating,5,4
C,"It has the highest rating (4.6) among in-stock options with a solid review count (974), at the lowest price ($7.09). It also has the functional features I care about — 3 heavy magnets, anti-rust grommets, and a tear-proof header — with a look I actually like.",price_too_high,look,already_chosen,few_reviews,transparency,availability|few_reviews,page2,page1,price_value,rating,4,4,4,2,4,5,5,4,unavailable|no_price|low_rating|few_reviews|no_size|material_unclear|blur_image,eva,semi,yes_somewhat,better_rating,5,4
C,"I want an odor-free EVA liner with magnets and a weighted hem that stays against the tub, and the LQFMEHOT has the highest rating on the shelf (4.6 with ~974 reviews) at the lowest price ($7.09). The blue water-wave texture is a look I'd actually enjoy, and the tear-proof header plus rustproof metal grommets suggest it will hold up. It offers the best combination of proven quality, features, and value.",price_too_high|look|transparency,review_concern|look,already_chosen,few_reviews|material,transparency|look|availability,availability|few_reviews|size,page2,page1,reviews,price_value,4,5,4,2,5,4,5,5,unavailable|low_rating|no_size|material_unclear|blur_image,eva,semi,yes_somewhat,better_rating,5,4
B,"It's cheap ($7.19), has a ton of reviews (1,872) at 4.4 stars so I trust it, and the 3D blue cube texture actually looks cute. It has magnets at the bottom so it won't stick to me in the shower, which is the main thing I care about.",price_too_high|look,already_chosen,brand|look,few_reviews|material,look|few_reviews,availability|few_reviews,page2,page1,price_value,reviews,4,5,3,2,4,5,5,4,unavailable|no_price|low_rating|blur_image|material_unclear,eva,semi,yes_somewhat,better_value,5,4
A,"I want a liner that feels high-end and lasts, and AmazerBath's soft-touch EVA with brass grommets and weighted hem checks every box for me. The 4.5 stars across 4,000+ reviews gives me confidence it actually holds up, and the emerald-green semi-transparent look brightens my bathroom. The higher price is worth it for something I'll use every day.",already_chosen,price_suspicious|brand|material|look,price_suspicious|brand|look|material,few_reviews|material|look,look|availability|brand,availability|few_reviews|material,page2,page1,material,reviews,4,5,4,3,4,4,5,4,unavailable|no_price|low_rating|no_size|material_unclear|blur_image,eva,semi,yes_somewhat,better_value,5,4
C,"Cheapest option at $7.09 with the highest rating on the shelf (4.6) and a solid 974 reviews, so the evidence is decent and the risk is low. It has the weighted magnets and rustproof grommets I want, and the EVA is described as odor-free. I don't care about fancy looks for a liner, so this hits price, rating, and function.",price_too_high|availability,price_suspicious|look|rating,already_chosen,few_reviews|material,rating|look|availability,availability|few_reviews|size,page2,page1,price_value,rating,4,4,4,1,5,5,5,4,unavailable|no_price|low_rating|few_reviews|no_size|material_unclear|blur_image|no_bullets,eva,semi,neutral,better_rating,5,4
C,"It has the highest rating (4.6) among in-stock options with a solid review count (974), and at $7.09 it's the cheapest. It has the magnets and weighted hem I want, plus the blue water-wave look is subtle and pleasant for my bathroom.",price_too_high,look|rating,already_chosen,few_reviews|look,look|few_reviews,availability|few_reviews,page2,page1,price_value,rating,4,4,3,2,4,5,4,4,unavailable|no_price|low_rating|few_reviews|no_size|material_unclear|blur_image,eva,semi,yes_somewhat,better_rating,5,4
C,"It's the cheapest at $7.09 but still has a strong 4.6-star rating with nearly 1,000 reviews, which feels like solid evidence for the money. It has the weighted magnets and anti-rust grommets I care about, and the blue water-wave look is nicer than a plain black liner without costing more.",price_too_high|look,look|review_concern,already_chosen,few_reviews|material,few_reviews|look|availability,availability|few_reviews,page2,page1,price_value,reviews,4,4,3,2,4,5,5,4,unavailable|no_price|low_rating|few_reviews|no_size|material_unclear|blur_image,eva,semi,yes_somewhat,better_function,5,4
C,"It has the highest rating (4.6) with a solid review count (974), a low $7.09 price, EVA material that's odor-free, three heavy magnets at the bottom, and a waterproof easy-clean surface. The Art-Deco blue wave look is attractive without being plain, and it's in stock.",price_too_high|availability,rating,already_chosen,few_reviews|material,look|availability,availability|few_reviews,page2,page1,price_value,rating,4,4,4,2,4,5,4,4,unavailable|no_price|low_rating|no_size|material_unclear|blur_image,eva,semi,yes_somewhat,better_rating,5,4
A,"No persona-specific answer was produced, so a neutral answer was used.",already_chosen,already_chosen,already_chosen,already_chosen,already_chosen,already_chosen,page1,page1,price_value,price_value,3,3,3,3,3,3,3,3,unavailable,eva,fully_transparent,yes_strongly,lower_price,3,3
C,"I want a liner that's affordable but still has real evidence behind it, and option C has the highest rating (4.6) with nearly a thousand reviews plus the magnets and weighted hem I need. The Art-Deco wave pattern is pretty without being flashy, and at $7.09 it's an easy, low-risk buy for something I'll replace in a year or two.",price_too_high,look|brand,already_chosen,few_reviews|pack,look|rating,availability|few_reviews,page2,page1,rating,price_value,4,5,4,2,4,5,5,4,unavailable|no_price|low_rating|few_reviews|no_size|material_unclear|blur_image,eva,semi,yes_somewhat,better_rating,5,4
C,"Option C hits the sweet spot for me: 4.6 stars with ~974 reviews is solid evidence, it's the cheapest at $7.09, and the EVA material with 3 heavy magnets and a weighted hem covers the function I care about. The Art-Deco wave look is a nice bonus and it's in stock.",price_too_high,look|rating,already_chosen,few_reviews|material,look|availability,availability|few_reviews,page2,page1,rating,price_value,4,4,3,2,4,4,5,4,unavailable|no_price|low_rating|few_reviews|no_size|material_unclear|blur_image,eva,semi,yes_somewhat,better_rating,5,4
C,"I want a liner that's affordable but still has real evidence behind it, and C has the highest rating (4.6) with a solid review base (974 reviews) at the lowest price ($7.09). It also has the functional features I care about — magnets at the bottom, waterproof, odor-free EVA, and 72x72 fit — so it feels like the best value without gambling on an unknown listing.",price_too_high,brand|look,already_chosen,few_reviews|material,look|few_reviews|availability,availability|few_reviews,page2,page1,price_value,reviews,4,5,4,2,4,5,5,4,unavailable|no_price|low_rating|few_reviews|no_size|material_unclear|blur_image,eva,semi,unlikely,better_rating,5,4
B,"The jssablo Blue Cube liner hits the best balance for me: it's EVA (which I prefer for being odor-free and safer than PVC), has a weighted hem plus 3 magnets so it stays put against the tub, and at $7.19 it's a low-risk purchase. The 1,872 reviews at 4.4 stars give me enough evidence that it actually holds up, and the 3D cube texture looks nicer than a plain clear liner.",price_too_high|transparency,already_chosen,brand|review_concern,few_reviews|material,transparency|look,availability|few_reviews,page2,page1,price_value,magnet,4,4,4,2,4,5,5,4,unavailable|no_price|no_size|material_unclear|blur_image,eva,semi,yes_somewhat,better_function,5,5
C,"It has the best combination of a high rating (4.6) with a decent review count (974), plus magnets and a weighted hem, for the lowest price at $7.09. The Art-Deco wave look is appealing and EVA is odor-free and waterproof, which matches what I want. I'm cautious and analytical, so a strong track record at a low price wins over the flashier but pricier options.",price_too_high,look,already_chosen,few_reviews,look|rating|few_reviews,availability|few_reviews,page2,page1,price_value,reviews,4,4,3,2,4,5,5,4,unavailable|no_price|low_rating|few_reviews|no_size|material_unclear|blur_image,eva,semi,yes_somewhat,better_rating,5,4
C,"I want a liner that stays put and is easy to keep clean without spending much. The LQFMEHOT has the highest rating on the shelf (4.6 stars with nearly a thousand reviews), magnets at the bottom, and a low price, so it gives me the most confidence for the least money.",price_too_high|transparency,price_suspicious|few_reviews,already_chosen,few_reviews|pack|material,look|few_reviews|availability,few_reviews|size,page2,page1,rating,price_value,4,4,4,2,5,4,5,4,unavailable|no_price|low_rating|few_reviews|no_size|material_unclear|blur_image,eva,semi,yes_somewhat,better_rating,5,4
C,"It has the highest rating on the shelf (4.6) with a solid 974 reviews, and at $7.09 it is the cheapest option. It also has the practical features I want: magnets at the hem, rust-proof grommets, and odor-free EVA.",price_too_high|transparency,look|rating,already_chosen,few_reviews|pack|material,look|rating,availability|few_reviews|size,page2,page1,rating,price_value,4,4,4,2,4,5,5,4,unavailable|no_price|low_rating|few_reviews|no_size|material_unclear|blur_image,eva,semi,yes_somewhat,better_rating,5,4
C,"I want a simple, affordable liner that stays put and doesn't smell like plastic. The LQFMEHOT has the highest rating on the shelf (4.6 with close to 1,000 reviews), a low $7.09 price, magnets at the bottom, and an odor-free EVA material — that combination is exactly what I need without overthinking it.",price_too_high|transparency,look|price_suspicious,already_chosen,few_reviews|material,look|few_reviews,availability|few_reviews,page2,page1,rating,price_value,4,4,3,2,4,5,5,4,unavailable|no_price|low_rating|few_reviews|no_size|material_unclear,eva,semi,yes_somewhat,better_function,5,4
B,"The jssablo Blue Cube liner hits the sweet spot: a genuinely low $7.19 price, a solid 4.4★ across nearly 1,900 reviews (enough evidence to trust it), and the 3D cube texture plus gradient blue looks sharp and modern. It has the 3 magnets I want at the hem, 12 metal grommets, and it's EVA rather than PVC, so it's odor-free and safe.",price_too_high|look,already_chosen,brand|look,few_reviews|material,look|few_reviews,availability|few_reviews,page2,page1,price_value,reviews,4,5,4,2,4,5,5,4,unavailable|no_price|low_rating|few_reviews|material_unclear|blur_image,eva,semi,yes_somewhat,better_value,5,4
A,"I want a liner that looks intentional and holds up, and the AmazerBath has by far the strongest evidence base — 4.5 stars across 4,156 reviews — plus a soft-touch, odor-free, BPA-free EVA with brass grommets and a weighted hem. At $18.99 it's more than the cheap options, but for something I look at every day I'd rather pay once for a liner that won't smell like plastic or rip at the header.",already_chosen,price_suspicious|look|brand|material,price_suspicious|look|brand|material,few_reviews|material|pack|transparency,look|few_reviews|availability,availability|few_reviews|size|transparency,page2,page1,reviews,material,4,5,4,2,4,4,5,5,unavailable|no_price|low_rating|few_reviews|no_size|material_unclear|blur_image,eva,semi,yes_somewhat,nothing,4,4
B,"I'm on a deadline and need something cheap but proven. The jssablo Blue Cube is $7.19 with 4.4 stars and nearly 1,900 reviews, has magnets to hold it against the tub, and 70% EVA is the safer material compared to PVC. It's in stock and cheap enough that replacing it later isn't a big deal.",price_too_high|availability,already_chosen,brand|price_suspicious,few_reviews|material,look|availability|rating,availability|few_reviews|size,page2,page1,price_value,reviews,3,4,3,1,4,5,5,4,unavailable|no_price|no_size|material_unclear|blur_image|low_rating,eva,semi,unlikely,better_rating,5,4
B,"I've been burned by flimsy liners that balloon inward and stick to me, so the 3 bottom magnets and weighted hem are the deciding feature for me. At $7.19 with a solid 4.4 stars across nearly 1,900 reviews, it's a proven product at a price I'm happy to pay, and the gradient blue 3D cube look is more interesting than a plain clear liner.",price_too_high|look,already_chosen,brand|few_reviews,few_reviews|material,look|availability,availability|few_reviews,page2,page1,magnet,price_value,4,5,4,2,4,4,5,4,unavailable|no_price|low_rating|few_reviews|material_unclear|blur_image|no_size,eva,semi,yes_somewhat,better_function,5,5
C,"It has the strongest combination of a high rating (4.6) with a meaningful review base (974), and it includes the functional features I care about: 3 heavy magnets, tear-proof header, anti-rust grommets, and odor-free EVA. At $7.09 it's the best value without the reliability risk of the very-low-review options.",price_too_high|availability,price_suspicious|look,already_chosen,few_reviews|material,look|availability,availability|few_reviews,page2,page1,reviews,magnet,4,5,4,2,5,4,5,4,unavailable|no_price|few_reviews|no_size|material_unclear|blur_image,eva,semi,unlikely,better_rating,5,4
B,"I've bought liners for years and I know a good deal when I see one. The jssablo is only $7.19, has a solid 4.4 stars with nearly 1,900 reviews, and it's actually in stock with magnets at the bottom to keep it against the tub — that's everything I need without paying luxury prices.",price_too_high|availability,already_chosen,brand|few_reviews,few_reviews|material,look|few_reviews,availability|few_reviews|size,page2,page1,price_value,reviews,4,4,3,2,4,5,5,4,unavailable|no_price|low_rating|no_size|material_unclear|blur_image,eva,semi,yes_somewhat,lower_price,5,5
C,"It's the best combination of a high rating with a solid review count, a price under $8, and a waterproof EVA liner with magnets and a weighted hem. The wave pattern looks clean and modern without being too loud, and it's in stock so I can actually buy it.",price_too_high|transparency,price_suspicious|look,already_chosen,few_reviews|material,look|few_reviews,availability|few_reviews,page2,page1,price_value,rating,4,4,4,2,5,5,5,4,unavailable|no_price|no_size|material_unclear|blur_image,eva,semi,yes_somewhat,better_rating,5,5
C,"The LQFMEHOT liner hits the sweet spot: it's the cheapest option at $7.09 yet has the highest rating on the shelf (4.6★ with nearly 1,000 reviews), so I'm not gambling on an unknown. It has the features I actually care about — EVA material, 3 heavy magnets at the hem, rust-proof metal grommets, and odor-free, easy rinse-and-wipe care. The Art-Deco blue wave look is a nice bonus over a plain black or clear liner.",price_too_high|availability,price_suspicious|rating,already_chosen,few_reviews|material,look|availability,availability|few_reviews|size,page2,page1,price_value,reviews,4,4,4,2,4,5,5,4,unavailable|no_price|low_rating|no_size|material_unclear|blur_image,eva,semi,yes_somewhat,better_value,5,4
C,"I'm a frugal saver, so at $7.09 the LQFMEHOT is the lowest price on the shelf and still has the best rating here (4.6 stars) with a solid 974 reviews behind it. It has the three weighted magnets I want so it stays against the tub, plus a tear-proof header and anti-rust grommets, and the blue water-wave pattern is subtle enough for my bathroom. Nothing else on this shelf gives me that combination of low price, strong reviews, and the features I actually use.",price_too_high,look|price_suspicious,already_chosen,few_reviews|pack|material,look|transparency,availability|few_reviews|size,page2,page1,price_value,reviews,4,4,4,2,4,5,5,4,unavailable|no_price|low_rating|few_reviews|no_size|material_unclear|blur_image,eva,semi,yes_somewhat,lower_price,5,4
A,"I'm brand loyal and I trust the higher price point here — $18.99 with 4,156 reviews at 4.5 stars tells me this is a proven product. The emerald-green semi-transparent EVA with brass grommets and weighted stones looks premium and the BPA-free, odor-free selling points matter to me.",already_chosen,price_suspicious|brand|look,price_suspicious|brand|look,few_reviews|material|look,few_reviews|look|rating,availability|few_reviews,page2,page1,reviews,rating,4,5,4,2,4,3,5,5,unavailable|no_price|low_rating|few_reviews|no_size|material_unclear|blur_image,eva,semi,yes_somewhat,better_rating,5,4
C,"The LQFMEHOT has the highest rating on the shelf (4.6 stars) with a solid review count near 1,000, so I trust it more than the cheaper listings with thin evidence. It has the weighted magnets and rustproof grommets I want, and at $7.09 it's the best value here. The blue wave look is fine for a liner, which is mostly a functional item for me.",price_too_high|look,few_reviews|look,already_chosen,few_reviews|material,few_reviews|look|availability,few_reviews,page2,page1,rating,reviews,4,4,4,2,4,4,5,4,unavailable|no_price|few_reviews|material_unclear|blur_image,eva,semi,yes_somewhat,better_rating,5,4
C,"It has the highest rating (4.6★) with a solid ~974 reviews, is the cheapest at $7.09, and includes the functional features I care about: EVA material, 3 heavy magnets at the hem, rust-resistant metal grommets, and a waterproof wipe-clean surface. The Art-Deco wave look in gradient blue also fits a modern bathroom without being plain.",price_too_high,rating|look,already_chosen,few_reviews|material,look|few_reviews,availability|few_reviews|size,page2,page1,rating,price_value,4,4,4,2,4,5,5,4,unavailable|no_price|low_rating|few_reviews|no_size|material_unclear|blur_image,eva,semi,yes_somewhat,better_rating,5,5
B,"I want a liner that stays put against the tub, and B has three bottom magnets plus a weighted hem at a very low price. The 3D cube texture looks a bit more premium than a plain sheet, and 1,872 reviews at 4.4★ is enough evidence for me to trust it.",price_too_high|transparency,already_chosen,look|brand,few_reviews|material,transparency|availability,availability|few_reviews|missing_magnet,page2,page1,magnet,price_value,4,5,4,2,4,4,5,4,unavailable|no_price|low_rating|few_reviews|no_size|material_unclear|blur_image|no_bullets,eva,semi,yes_somewhat,better_function,5,4
A,"No persona-specific answer was produced, so a neutral answer was used.",already_chosen,already_chosen,already_chosen,already_chosen,already_chosen,already_chosen,page1,page1,price_value,price_value,3,3,3,3,3,3,3,3,unavailable,eva,fully_transparent,yes_strongly,lower_price,3,3
C,"It's the best balance of price ($7.09), rating (4.6★) and solid review count (974), and it has the features I care about: EVA material, odor-free, magnets at the hem, and a waterproof wipe-clean surface. The blue water-wave look is a nice bonus without paying extra.",price_too_high|availability,look,already_chosen,few_reviews|material|pack,look|availability,availability|few_reviews,page2,page1,price_value,rating,4,4,4,2,4,5,5,4,unavailable|no_price|low_rating|few_reviews|no_size|material_unclear|blur_image,eva,semi,yes_somewhat,better_rating,5,4
C,"It has the highest rating on the shelf (4.6 with nearly 1,000 reviews), the lowest price, and the features I actually care about — magnets at the hem, rust-proof grommets, odor-free EVA, and a standard 72x72 fit. I'd rather have a plain, well-reviewed liner than pay $19 for a decorative one.",price_too_high|look,look|few_reviews,already_chosen,few_reviews|material,look|few_reviews,availability|few_reviews,page2,page1,rating,price_value,4,4,4,2,5,4,5,4,unavailable|no_price|low_rating|few_reviews|no_size|material_unclear|blur_image,eva,semi,yes_somewhat,better_rating,5,4
C,"The LQFMEHOT liner is the best balance for me: $7.09 is a fair price for a liner I'll replace in a year or two, it has a strong 4.6 rating with close to a thousand reviews (enough evidence to trust it), and it checks my must-haves — EVA material, odor-free, 3 heavy magnets at the hem, and a tear-proof header. The blue water-wave pattern is subtle enough to look decent in my bathroom without being loud.",price_too_high|transparency|pack,look|price_suspicious|brand,already_chosen,few_reviews|material|look,availability|look|rating,availability|few_reviews,page2,page1,price_value,reviews,4,5,4,2,5,5,5,4,unavailable|no_price|low_rating|few_reviews|no_size|material_unclear|blur_image,eva,semi,yes_somewhat,better_rating,5,4
C,"It has the highest rating of the shelf (4.6) with a solid 974 reviews, so there's decent evidence it holds up. At $7.09 with magnets, a weighted hem, tear-proof header and odor-free EVA, it covers everything I actually need without paying the $18.99 luxury markup.",price_too_high|look|transparency,price_suspicious|brand|look,already_chosen,few_reviews|material|pack,look|few_reviews,availability|few_reviews|size,page2,page1,rating,price_value,4,4,4,2,5,4,5,4,unavailable|no_price|low_rating|no_size|material_unclear|blur_image|no_bullets,eva,semi,yes_somewhat,better_rating,5,4
C,"It has the highest rating (4.6★) with a solid review count, the lowest price at $7.09, and all the function I want — magnets at the bottom, waterproof EVA, and a pretty blue wave design. I love a good deal and this one gives me both value and a look I'd enjoy in my bathroom.",price_too_high|transparency,look,already_chosen,few_reviews|material|pack,look|few_reviews,availability|few_reviews|size,page2,page1,price_value,rating,4,5,4,2,4,5,5,4,unavailable|no_price|low_rating|few_reviews|no_size|material_unclear|blur_image,eva,semi,yes_somewhat,better_rating,5,4
C,"At $7.09 it's the cheapest option and still has a strong 4.6★ rating with nearly 1,000 reviews, so it's well-evidenced rather than a gamble. It has the features I actually care about — EVA material, magnets at the hem, rust-proof grommets, and a semi-transparent light-filtering look I like. The Art-Deco wave texture also looks nicer than a plain clear liner.",price_too_high|transparency,look|price_suspicious,already_chosen,few_reviews|pack|material,look|transparency|availability,availability|few_reviews,page2,page1,price_value,reviews,4,4,4,2,4,5,5,4,unavailable|no_price|low_rating|few_reviews|no_size|material_unclear|blur_image,eva,semi,yes_somewhat,better_function,5,4
A,"I've had cheap thin EVA liners before and they tear at the grommets and go milky within a year, so this time I'd rather pay more once. The AmazerBath has 4,100+ reviews at 4.5 stars, brass grommets, a reinforced header and weighted stones — and the emerald green is a nice change from plain clear. The delivery notice bothers me a little, but I'd order it and wait.",already_chosen,price_suspicious|look|brand,price_suspicious|look|brand,few_reviews|look|pack|material,look|availability|brand,availability|few_reviews|size,page2,page1,reviews,material,4,5,4,2,4,4,5,5,unavailable|no_price|low_rating|few_reviews|no_size|material_unclear|blur_image,eva,semi,yes_somewhat,better_rating,4,4
A,"I have a cat and reduced dexterity, so I want a liner that hangs with a natural drape, has a reinforced double-layered header with brass grommets that won't tear when I pull it, and a weighted bottom that stays put. The AmazerBath has 4,156 reviews at 4.5 stars, is BPA-free and odor-free EVA, and wipe-clean care is realistic for me. The $18.99 price is higher than the others, but for a liner I'll live with daily, the evidence and build quality justify it.",already_chosen,price_suspicious|brand|look,brand|look|few_reviews,few_reviews|material|pack,look|few_reviews|availability,availability|few_reviews,page2,page1,reviews,material,4,4,4,2,4,3,5,4,unavailable|no_price|no_size|material_unclear|blur_image|few_reviews,eva,semi,yes_somewhat,better_rating,4,4
C,"Highest rating on the shelf (4.6) with a solid ~974 reviews, so there's real evidence behind it, and at $7.09 it's the best value. It has the features I care about: EVA material, waterproof, anti-rust grommets, and 3 heavy magnets at the weighted hem to keep it against the tub.",price_too_high|look,look|price_suspicious,already_chosen,few_reviews|pack,look|few_reviews,availability|few_reviews|size,page2,page1,reviews,price_value,4,4,4,2,5,4,5,4,unavailable|no_price|low_rating|no_size|material_unclear|blur_image,eva,semi,yes_somewhat,better_rating,5,4
C,"I want a well-reviewed, odor-free EVA liner with magnets at a low price. Option C has the highest rating (4.6★) with a solid review count, has the weighted magnets I need, and at $7.09 it's the best value here.",price_too_high|availability,look,already_chosen,few_reviews|pack,look|availability,availability|few_reviews,page2,page1,price_value,reviews,4,4,4,2,4,5,4,4,unavailable|no_price|no_size|material_unclear|blur_image,eva,semi,yes_somewhat,better_value,5,4
C,"It's the cheapest option at $7.09 and still has the highest rating on the shelf (4.6★) with a solid 974 reviews, so I'm not gambling on an unknown. It has the magnets and weighted hem I want, plus a waterproof wipe-clean EVA surface, so it covers the basics without paying $19 for a liner.",price_too_high,look,already_chosen,few_reviews|material,look|few_reviews,availability|few_reviews,page2,page1,price_value,rating,4,4,4,2,4,5,5,4,unavailable|no_size|material_unclear|blur_image|low_rating,eva,semi,neutral,better_function,5,4
C,"It's the cheapest single liner at $7.09 with the highest rating on the shelf (4.6★) and nearly a thousand reviews, so I feel like I'm getting real evidence, not a gamble. It has the weighted magnets, anti-rust grommets and odor-free EVA I want, and the blue water-wave look is way nicer than a boring clear liner.",price_too_high|transparency,look|price_suspicious,already_chosen,few_reviews|pack,availability|look,availability|few_reviews|size,page2,page1,price_value,reviews,3,4,4,2,4,5,5,4,unavailable|no_price|low_rating|few_reviews|no_size|material_unclear|blur_image|no_bullets,eva,semi,yes_somewhat,better_value,5,4
E,"I want a plain, opaque liner and I distrust gimmicky patterns; this one is PVC-free EVA, has the three weighted magnets and reinforced grommets I look for, and the 4.3-star rating on 116 reviews is enough for a low-cost, low-risk item. The $9.99 price is fair for a single liner and it is a standard 72x72 fit.",price_too_high|look|transparency,look|price_suspicious|transparency,look|price_suspicious|brand,few_reviews|look|material,already_chosen,availability|few_reviews|transparency,page2,page1,appearance,magnet,4,4,4,2,4,4,5,4,unavailable|no_price|low_rating|few_reviews|no_size|material_unclear|blur_image,eva,blackout,neutral,nothing,4,3
B,"It has a solid 4.4 rating with 1,872 reviews, magnets at the bottom, and a rust-resistant header, all for $7.19. The EVA material is odor-free and safer than PVC, and the blue 3D cube texture looks modern without being flashy.",price_too_high|transparency|availability,already_chosen,price_suspicious|brand|few_reviews,few_reviews|material|pack,look|availability|few_reviews,availability|few_reviews,page2,page1,reviews,price_value,4,5,4,2,4,5,5,4,unavailable|no_price|low_rating|few_reviews|no_size|material_unclear|blur_image|no_bullets,eva,semi,neutral,better_rating,5,4
A,"I want a liner that feels substantial and stays put, and the AmazerBath has 4,156 reviews at 4.5 stars plus brass grommets and a weighted bottom. The soft-touch EVA and reinforced double-layered header suggest it will last, and I don't mind paying more for something I'll use every day.",already_chosen,price_suspicious|brand|look,price_suspicious|brand|look,few_reviews|material|pack,look|availability|brand,availability|few_reviews|material,page2,page1,reviews,material,4,5,4,2,4,3,5,4,unavailable|no_price|low_rating|few_reviews|no_size|material_unclear|blur_image,eva,semi,yes_somewhat,better_function,4,4
C,"It has the highest rating (4.6) with a solid review count (974), is in stock, and the low $7.09 price is a great value. It also has the magnets and weighted hem I want, plus a clean wave design that fits my bathroom.",price_too_high|availability,price_suspicious|look,already_chosen,few_reviews|pack,look|availability|few_reviews,availability|few_reviews,page2,page1,price_value,rating,4,4,3,2,4,5,5,3,unavailable|no_price|low_rating|no_size|material_unclear|blur_image,eva,semi,yes_somewhat,better_rating,5,4
C,"It has the strongest rating (4.6★) with a solid review count (974), the lowest price at $7.09, and EVA material with magnets at the hem plus a rust-proof header. As a value-driven shopper who wants a reliable, odor-free liner that stays put, this hits every practical need without overspending.",price_too_high|availability,look|rating|few_reviews,already_chosen,few_reviews|material,few_reviews|transparency|look,availability|few_reviews,page2,page1,rating,price_value,4,4,4,2,4,5,5,4,unavailable|no_price|low_rating|few_reviews|no_size|material_unclear|blur_image,eva,semi,yes_somewhat,lower_price,5,4
C,"It has the highest rating on the shelf (4.6 with nearly 1,000 reviews), which tells me real people have used it and been happy. At $7.09 it's the cheapest option, and it still has the features I want — EVA material, magnets at the bottom, and a rust-proof header. I don't need anything fancy for a liner; I need it to work and not cost a fortune.",price_too_high|look|transparency,look|rating,already_chosen,few_reviews|material|pack,look|few_reviews,availability|few_reviews,page2,page1,reviews,price_value,4,4,3,2,4,5,5,4,unavailable|no_price|low_rating|few_reviews|material_unclear|blur_image,eva,semi,yes_somewhat,better_rating,5,4
C,"It has the highest rating (4.6) among the affordable options, a strong review count (974), and I love the Art-Deco water-wave look. It has the magnets and weighted hem I want, plus it's odor-free EVA at a very reasonable $7.09.",price_too_high|availability,look|rating,already_chosen,few_reviews|material,look|few_reviews|availability,availability|few_reviews|transparency,page2,page2,price_value,rating,4,5,4,2,4,5,5,4,unavailable|no_price|low_rating|few_reviews|no_size|material_unclear|blur_image,eva,semi,yes_somewhat,better_value,5,4
C,"It's the cheapest option with a strong 4.6 rating and nearly 1,000 reviews, so I get proven quality without overspending. The magnets and weighted hem are exactly what I want to keep the liner against the tub, and the odor-free EVA material addresses my safety concerns.",price_too_high|transparency,look|price_suspicious,already_chosen,few_reviews|pack,look|availability,availability|few_reviews,page2,page1,price_value,reviews,4,4,4,2,4,5,4,4,unavailable|no_price|no_size|material_unclear|blur_image,eva,semi,yes_somewhat,lower_price,5,4
B,"I want a cheap, good-looking liner that actually stays put, and the jssablo Blue Cube hits all three: $7.19, a 4.4★ rating with 1,872 reviews, and 3 magnets at the hem. EVA material with a premium 3D texture looks way nicer than a plain liner, and it's in stock so I can order it today.",price_too_high|look,already_chosen,price_suspicious|brand|few_reviews,few_reviews|material|pack,look|few_reviews|availability,availability|few_reviews,page2,page2,price_value,rating,4,4,4,2,4,5,5,4,unavailable|no_price|no_size|material_unclear|blur_image|few_reviews,eva,semi,yes_somewhat,better_function,5,5
C,"It's the cheapest liner on the shelf at $7.09, but it still has the highest rating (4.6) and a solid 974 reviews, plus the three magnets and weighted hem I want so it stays against the tub. I'm a frugal saver on a budget, so getting a well-reviewed, functional liner at the lowest price is exactly what I'm after.",price_too_high,look|rating,already_chosen,few_reviews|material,look|few_reviews,availability|few_reviews,page2,page1,price_value,reviews,4,4,3,2,4,5,4,4,unavailable|no_price|low_rating|few_reviews|material_unclear|blur_image,eva,semi,yes_somewhat,lower_price,5,5
B,"It's the best mix of low price ($7.19) and solid evidence — 4.4 stars with 1,872 reviews, so I trust it more than the cheaper options with fewer reviews. EVA material, 3 magnets, and a 3D cube texture that looks nicer than a plain clear liner, and it's in stock.",price_too_high|brand,already_chosen,brand|few_reviews,few_reviews|material,look|few_reviews|availability,availability|few_reviews,page2,page1,rating,price_value,4,5,4,2,4,4,5,4,unavailable|no_price|low_rating|few_reviews|no_size|material_unclear|blur_image,eva,semi,yes_somewhat,better_rating,5,4
A,"I want a liner I don't have to think about: the AmazerBath has 4,156 reviews at 4.5 stars, a reinforced double-layered header, 12 rustproof brass grommets and weighted bottom stones, so it should last and stay put. The $18.99 price is more than the budget liners, but with my chronic condition I'm not interested in re-buying a flimsy liner every few months, and the EVA is odor-free and BPA-free.",already_chosen,brand|few_reviews|look,brand|few_reviews|price_suspicious,few_reviews|material|pack,few_reviews|availability|look,few_reviews,page2,page1,reviews,material,4,4,4,2,4,3,5,5,unavailable|no_price|no_size|material_unclear|blur_image|few_reviews,eva,semi,yes_somewhat,better_rating,4,4
C,"It's the best-balanced pick for me: a solid 4.6 rating with nearly 1,000 reviews, EVA material that's odor-free and waterproof, magnets at the hem to keep it against the tub, and a $7.09 price that's totally reasonable for a liner. The wave texture looks nicer than a plain clear sheet without being loud.",price_too_high,look,already_chosen,few_reviews|material,look|availability,availability|few_reviews,page2,page1,price_value,reviews,4,4,4,2,4,5,5,4,unavailable|no_price|low_rating|few_reviews|no_size|material_unclear|blur_image,eva,semi,yes_somewhat,better_value,5,4
C,"It's the best combination of a low price, a solid 4.6-star rating with a decent number of reviews, and the features I want (magnets, weighted hem, EVA). The wave pattern is subtle enough that it won't clash with my bathroom.",price_too_high|availability,look|price_suspicious,already_chosen,few_reviews|material,look|transparency,availability|few_reviews,page2,page1,price_value,rating,4,4,3,2,4,5,4,4,unavailable|no_size|material_unclear|blur_image|low_rating,eva,semi,yes_somewhat,better_rating,5,4
C,"It's the cheapest liner here at $7.09, and it still has a strong 4.6★ rating with nearly a thousand reviews, so the low price doesn't feel risky. EVA material, magnets at the hem, and rust-proof grommets cover everything I actually need in a liner.",price_too_high|transparency,look|rating,already_chosen,few_reviews|pack,look|availability,few_reviews|size,page2,page1,price_value,rating,4,4,3,1,4,5,4,4,unavailable|no_price|few_reviews|no_size|material_unclear|blur_image,eva,semi,yes_somewhat,lower_price,5,4
A,"I'm cautious about what touches my kids and our bathroom, so the BPA-free, odor-free EVA with brass grommets and a weighted hem is worth paying more for. The 4.5 stars across 4,156 reviews gives me the evidence I need that it actually holds up and doesn't smell. The emerald color also looks nicer than the cheap blue gradients.",already_chosen,price_suspicious|brand|look|material,price_suspicious|brand|look,few_reviews|material|look,look|few_reviews|availability,availability|few_reviews|size,page2,page1,material,reviews,4,5,4,2,5,4,5,5,unavailable|no_price|low_rating|few_reviews|no_size|material_unclear|blur_image,eva,semi,yes_somewhat,better_rating,4,4
C,"Best balance of price, rating, and evidence for me. At $7.09 it's the cheapest option with a strong 4.6-star rating and a decent 974 reviews, and it still has the functional features I want: EVA material, 3 heavy magnets, weighted hem, and a waterproof wipe-clean surface. The Art-Deco blue wave look is a nice bonus for a semi-transparent liner without paying the $18.99 premium.",price_too_high|brand|availability,look|price_suspicious|rating,already_chosen,few_reviews|material|pack,look|availability,few_reviews|size|price_too_high,page2,page1,price_value,rating,4,5,4,2,4,5,5,4,unavailable|no_price|low_rating|few_reviews|no_size|material_unclear|blur_image|no_bullets,eva,semi,yes_somewhat,better_value,5,4
C,"It's the cheapest liner on the shelf at $7.09 and still has the highest rating here (4.6★) with a solid 974 reviews, so I'm not gambling on an unknown. EVA, magnets at the hem, rust-proof grommets, odor-free — that's basically every box I care about for something I'm going to wipe down and replace in a year anyway. The Art Deco wave thing is a little much for my taste, but I'll take a slightly busy pattern over paying $18.99.",price_too_high|look,look|few_reviews,already_chosen,few_reviews|material|pack,look|few_reviews|availability,availability|few_reviews,page2,page1,price_value,reviews,4,5,4,2,5,5,5,4,unavailable|no_price|no_size|material_unclear|blur_image|few_reviews,eva,semi,yes_somewhat,better_rating,5,5
C,"It has the highest rating (4.6) with a solid review count near 1,000, so I trust it more than the cheap listings with barely any reviews. At $7.09 it's a great value, it's EVA and odor-free, and the weighted magnets plus tear-proof header are exactly the practical features I want.",price_too_high|transparency,look,already_chosen,few_reviews|material,look|few_reviews,availability|few_reviews|size,page2,page1,rating,price_value,4,4,4,2,4,4,5,4,unavailable|no_price|low_rating|few_reviews|no_size|material_unclear|blur_image,eva,semi,yes_somewhat,better_rating,5,4
C,"Best combination of price, rating, and features: $7.09, 4.6 stars with ~974 reviews, EVA odor-free material, 3 heavy magnets at the hem, and a reinforced anti-rust header. At this price a liner is a disposable item, so I want cheap, proven, and functional over fancy.",price_too_high|look,look|rating,already_chosen,few_reviews|material,look|rating,few_reviews,page2,page1,price_value,reviews,4,4,4,2,4,5,5,4,unavailable|no_price|no_size|material_unclear|blur_image|few_reviews,eva,semi,unlikely,better_function,5,5
C,"I want a functional liner that stays put and looks nice without spending much, and C has the highest rating (4.6★) with a solid review base (~974), magnets at the hem, and a pretty Art-Deco wave look at only $7.09. It fits my 72x72 tub, is odor-free EVA, and is in stock — best combination of price, evidence, and design.",price_too_high|look,look|rating,already_chosen,few_reviews|material,look,availability|few_reviews|size,page2,page1,price_value,rating,4,5,4,2,4,5,5,4,unavailable|no_price|low_rating|few_reviews|no_size|material_unclear|blur_image,eva,semi,yes_somewhat,better_function,5,4
C,"I want a clean, light-filtering liner that still reads as designed rather than plain, and option C's blue water-wave Art Deco pattern is exactly the aesthetic I'd want in a bathroom I've been redoing. It's also the cheapest of the six, has the highest rating (4.6★) with a solid ~974 reviews, and includes the 3 magnets and weighted hem I need, so it wins on both look and function.",price_too_high|look|transparency,look|price_suspicious,already_chosen,few_reviews|material|pack,look|transparency|availability,availability|few_reviews|size,page2,page1,appearance,price_value,4,5,4,2,4,4,5,4,unavailable|no_price|low_rating|no_size|material_unclear|blur_image|no_bullets,eva,semi,yes_somewhat,better_look,5,4
C,"It has the highest rating on the shelf (4.6 stars) with a solid review count, and it's the lowest price at $7.09. It has the weighted magnets, waterproof EVA, and anti-rust grommets I want, and the listing gives me complete specs.",price_too_high,rating,already_chosen,few_reviews|material,transparency|few_reviews,availability|few_reviews,page1,page1,price_value,rating,4,4,4,2,4,5,5,4,unavailable|no_price|low_rating|no_size|material_unclear|blur_image|no_bullets,eva,semi,yes_somewhat,better_rating,5,4
C,"I want an affordable liner that still looks nice and has proven reliability. Option C has the highest rating (4.6) with a solid review count, includes the weighted magnets I need, and at $7.09 it's a low-risk buy.",price_too_high,price_suspicious|look,already_chosen,few_reviews|material,look|few_reviews,availability|few_reviews,page2,page1,price_value,reviews,4,4,3,2,4,5,4,4,unavailable|no_price|low_rating|few_reviews|no_size|material_unclear,eva,semi,yes_somewhat,better_value,5,4
A,"I want a liner that is odor-free, BPA-free and soft-touch rather than a thin cheap plastic sheet, and the AmazerBath's 4.5★/4,156-review track record plus 12 brass grommets and a weighted hem give me confidence it will last and hang nicely. The semi-transparent emerald green also looks considered rather than purely utilitarian, and at $18.99 the price is fine for something I'll use every day.",already_chosen,price_suspicious|brand|look,price_suspicious|brand|review_concern,few_reviews|pack|material,look|availability|brand,availability|few_reviews|transparency,page2,page1,reviews,material,4,5,4,2,4,4,5,5,unavailable|no_size|material_unclear|blur_image,eva,semi,yes_somewhat,better_rating,4,4
A,"I'll pay a bit more for the AmazerBath because it has 4,000+ reviews at 4.5 stars, an eco-friendly BPA-free EVA material, and a reinforced double-layered header with brass grommets — that's the kind of build quality I trust for something that lives in a wet bathroom. The weighted bottom and wipe-clean surface also suit a low-maintenance retiree's routine.",already_chosen,brand|price_suspicious|look,brand|price_suspicious|look,few_reviews|material|pack,look|rating|availability,availability|few_reviews|size,page2,page1,reviews,material,4,4,4,2,4,3,5,5,unavailable|no_price|no_size|material_unclear|blur_image|low_rating,eva,semi,yes_somewhat,better_rating,4,4
B,"I want a liner that stays put and doesn't feel flimsy, and B has magnets at the hem plus a real review base (1,872 reviews at 4.4★) at a low price. The 3D cube texture reads as more substantial than a plain sheet, and it's in stock so I can actually buy it today. I've had cheap liners that balloon and stick to me — magnets matter more to me than saving two dollars.",price_too_high|availability,already_chosen,brand|few_reviews,few_reviews|material,look|transparency|availability,availability|few_reviews|size,page2,page1,magnet,reviews,4,5,4,2,4,4,5,4,unavailable|no_price|no_size|material_unclear|blur_image,eva,semi,yes_somewhat,better_function,5,4
B,"I want a cheap-but-decent liner with a real magnet hem, and B gives me that at $7.19 with 1,872 reviews backing it up. The 3D cube texture looks more premium than a plain clear liner, and the 70% EVA claim plus 12 metal grommets checks my material and durability boxes. C is basically the same price, but B has nearly double the review count, so I trust it more.",price_too_high|look,already_chosen,brand|few_reviews,few_reviews|material|pack,look|few_reviews|availability,few_reviews|size,page2,page1,price_value,reviews,4,4,4,2,5,5,5,4,unavailable|no_price|few_reviews|no_size|material_unclear|blur_image,eva,semi,yes_somewhat,better_rating,5,4
C,"It has a high rating (4.6) with a solid number of reviews, is in stock, and the price is very reasonable at $7.09. It has the features I want — magnets at the bottom, waterproof, easy wipe-clean — plus a nice blue wave look I like.",price_too_high,look,already_chosen,few_reviews|material,look|few_reviews,availability|few_reviews,page2,page1,rating,price_value,4,5,4,2,4,4,5,4,unavailable|no_size|material_unclear|blur_image,eva,semi,yes_somewhat,better_rating,5,4
C,"It's the cheapest single liner but still has a 4.6★ rating with nearly 1,000 reviews, so I'm not gambling on quality. The blue water-wave gradient looks clean and modern, and it still has the magnets and weighted hem I want.",price_too_high,look|price_suspicious,already_chosen,few_reviews|pack,look|rating,availability|few_reviews,page2,page1,price_value,reviews,4,4,4,2,4,5,5,4,unavailable|no_price|low_rating|no_size|material_unclear|blur_image|no_bullets,eva,semi,yes_somewhat,better_rating,5,4
C,"It has the highest rating (4.6) with a solid review count of 974, plus the features I care about — magnets at the bottom, rustproof grommets, and odor-free EVA — at the lowest price on the shelf ($7.09). The Art Deco wave look is a nice bonus for a bathroom I want to keep bright and clean.",price_too_high|look,look|few_reviews,already_chosen,few_reviews|material,look|availability,few_reviews,page2,page1,price_value,reviews,4,4,4,2,4,5,5,4,unavailable|no_price|low_rating|few_reviews|no_size|material_unclear|blur_image,eva,semi,yes_somewhat,nothing,5,5
C,"The LQFMEHOT liner has the highest rating (4.6) with a solid review base (974), costs the least at $7.09, and includes the weighted magnets and rustproof grommets I care about. As someone with a chronic illness, I want a low-cost, low-risk replacement that's easy to rinse and wipe, and this checks every box without the unknowns of the lesser-reviewed options.",price_too_high|transparency|brand,look|price_suspicious,already_chosen,few_reviews|material|pack,look|few_reviews|availability,availability|few_reviews,page2,page1,reviews,price_value,4,4,4,2,4,5,5,4,unavailable|no_price|few_reviews|material_unclear|blur_image,eva,semi,yes_somewhat,better_rating,5,4
A,"At 61 I want a liner that is genuinely odor-free, well made, and won't need replacing every few months. The AmazerBath has the strongest evidence behind it — 4.5 stars across 4,156 reviews — plus a reinforced double-layer header, 12 brass grommets and weighted stones. The $18.99 is more than the others, but a liner I buy once and trust beats a cheap one I second-guess.",already_chosen,brand|price_suspicious|look,brand|price_suspicious|look,few_reviews|material|pack,look|few_reviews|availability,availability|few_reviews,page2,page1,reviews,material,4,4,4,2,5,4,5,5,unavailable|no_price|low_rating|few_reviews|no_size|material_unclear|blur_image,eva,semi,yes_somewhat,better_rating,4,4
A,"I have a chronic health condition and spend a lot of time in my bathroom, so I want a liner that feels nice and won't off-gas chemical smells. The AmazerBath is BPA-free, odor-free EVA with brass grommets, a reinforced header and weighted stones, and 4,156 reviews at 4.5 stars give me confidence it will hold up. It costs more, but a liner I only replace once a year is worth $19 to me.",already_chosen,price_suspicious|brand|material,price_suspicious|brand|look,few_reviews|material|pack,look|rating|few_reviews,availability|few_reviews,page2,page1,material,reviews,4,5,4,2,4,3,5,5,unavailable|no_price|low_rating|few_reviews|no_size|material_unclear|blur_image,eva,semi,yes_somewhat,better_rating,4,4
A,"I want a liner that looks intentional in a designed bathroom, and the emerald EVA with brass grommets and weighted bottom is the only one that reads as a real design piece rather than a utilitarian sheet. Its 4.5 stars across 4,156 reviews gives me the evidence I need that the soft-touch EVA and weighted hem actually hold up, and at $18.99 it is still a reasonable one-time purchase for something I see every day.",already_chosen,look|price_suspicious|brand,look|price_suspicious|transparency,few_reviews|material|look,look|availability,availability|few_reviews|size,page2,page1,appearance,reviews,4,5,4,2,4,3,5,4,unavailable|no_price|no_size|material_unclear|blur_image,eva,semi,yes_somewhat,better_look,4,4
C,"It has the highest rating (4.6) among the options with a meaningful review base, at the lowest price ($7.09), and includes the functional features I care about: EVA material, magnets at the hem, and a tear-proof rust-resistant header. The Art-Deco wave look is a bonus I actually like.",price_too_high|look,look|rating,already_chosen,few_reviews|pack,few_reviews|transparency,availability|few_reviews,page2,page1,price_value,reviews,4,4,4,2,4,5,5,4,unavailable|no_price|low_rating|few_reviews|no_size|material_unclear,eva,semi,yes_somewhat,better_function,5,4
C,"I want a liner that stays put and looks intentional without spending a lot, and this one has the best combination of a high rating (4.6 with nearly a thousand reviews), a real weighted hem with three magnets, and a tear-proof header with anti-rust buttons. The Art-Deco wave texture in gradient blue reads as a deliberate design choice rather than a plain clear sheet, and at $7.09 it's the cheapest option on the shelf. I'd rather buy the one with both the strongest review base and the lowest price than pay $18.99 for a liner.",price_too_high,look,already_chosen,few_reviews|material,look|few_reviews,availability|few_reviews,page2,page1,price_value,reviews,4,5,4,2,4,5,5,4,unavailable|no_price|low_rating|few_reviews|no_size|material_unclear|blur_image,eva,semi,yes_somewhat,better_rating,5,5
C,"It's the cheapest option at $7.09 but still has the highest rating on the shelf (4.6 with ~974 reviews), so it's not just cheap — it's well-vetted. EVA material, magnets at the hem, anti-rust grommets and a wave texture give me everything I actually need in a liner without paying $19 for one.",price_too_high,look|price_suspicious,already_chosen,few_reviews|pack,look|rating,availability|few_reviews|info_incomplete,page3,page2,price_value,rating,4,5,4,2,5,5,5,3,unavailable|no_price|low_rating|few_reviews|no_size|material_unclear|blur_image|no_bullets,eva,semi,unlikely,better_rating,5,4
B,"The jssablo Blue Cube liner hits my sweet spot: it's cheap at $7.19, has a solid 4.4★ from nearly 1,900 reviews so I trust it, and it has the 3 magnets at the bottom I want to keep it against the tub. The 3D cube look is nicer than a plain clear liner and EVA is odor-free and safer than PVC.",price_too_high,already_chosen,brand|review_concern,few_reviews|material,look|availability,availability|few_reviews|size,page2,page1,price_value,reviews,4,4,3,2,4,5,5,4,unavailable|no_price|low_rating|no_size|material_unclear|blur_image,eva,semi,yes_somewhat,better_rating,5,4
A,"I want a liner with a large, established review base and clear safety claims, and Option A is the only one with 4,000+ reviews at a strong 4.5 stars. The BPA-free, odor-free EVA with rustproof brass grommets and a weighted bottom hem covers the functional details I care about. At $18.99 it is more than the budget liners, but for something I use daily I would rather pay for a proven, well-reviewed product than gamble on a $7 liner with a thin track record.",already_chosen,price_suspicious|brand|few_reviews|material,price_suspicious|brand|few_reviews|material,few_reviews|brand|material|price_suspicious,few_reviews|look|availability|brand,availability|few_reviews|transparency,page2,page1,reviews,material,4,4,4,2,5,4,5,4,unavailable|no_price|low_rating|few_reviews|no_size|material_unclear|blur_image|no_bullets,eva,semi,yes_somewhat,better_rating,4,4
C,"It's the best combination of a low price, a solid 4.6-star rating with nearly a thousand reviews, and the features I care about — three heavy magnets, anti-rust grommets, odor-free EVA, and a tear-proof header. The wave pattern looks clean and modern without being flashy, and at $7.09 it's an easy, low-risk buy.",price_too_high|transparency|availability,price_suspicious|brand,already_chosen,few_reviews|material|pack,look|rating|brand,availability|few_reviews|size,page2,page1,price_value,reviews,4,5,4,2,5,5,5,4,unavailable|no_price|no_size|material_unclear|blur_image,eva,semi,yes_somewhat,better_function,5,4
B,"I want a budget-friendly liner with strong reviews, and B hits the sweet spot: 4.4★ across 1,872 reviews at $7.19, plus magnets to keep it against the tub. The 3D blue cube look is a nice upgrade over a plain clear liner, and it's in stock so I can actually buy it.",price_too_high|availability,already_chosen,brand|few_reviews,few_reviews|material,look|few_reviews|availability,availability|few_reviews|size,page2,page1,price_value,reviews,5,4,4,2,4,5,5,4,unavailable|no_price|low_rating|few_reviews|no_size|material_unclear|blur_image,eva,semi,yes_somewhat,better_value,5,4
B,"I want a liner that stays put and looks tidy without spending much. The jssablo Blue Cube has 4.4 stars across nearly 1,900 reviews, three magnets at the hem, and a premium-looking 3D texture for just $7.19 — that's the best blend of evidence, function, and value on this shelf.",price_too_high|availability|transparency,already_chosen,brand|review_concern,few_reviews|material|transparency,look|few_reviews|availability,few_reviews|size,page2,page1,reviews,price_value,4,5,4,2,5,4,5,5,unavailable|no_price|low_rating|few_reviews|no_size|material_unclear,eva,semi,yes_somewhat,better_rating,5,4
A,"I'm willing to pay a bit more for a liner that feels nicer and is backed by thousands of reviews. The AmazerBath's soft-touch EVA, BPA-free claim, reinforced header and weighted hem all suggest it will hang well and last, and the emerald-green semi-transparent look fits my bathroom.",already_chosen,price_suspicious|look|brand,price_suspicious|brand|few_reviews,few_reviews|material|pack,look|few_reviews|availability,availability|few_reviews|size,page2,page1,reviews,material,4,5,4,2,4,4,5,4,unavailable|few_reviews|blur_image|material_unclear,eva,semi,yes_somewhat,better_rating,4,4
C,"It has the highest rating (4.6) with a solid ~974 reviews, and at $7.09 it's the cheapest option while still offering the features I care about: magnets at the hem, anti-rust grommets, and odor-free EVA. The Art-Deco blue wave look is pleasant without being loud, and it's in stock.",price_too_high|transparency,look|price_suspicious,already_chosen,few_reviews|pack|material,look|few_reviews|availability,few_reviews,page2,page1,price_value,rating,4,4,4,2,4,5,5,4,unavailable|no_price|low_rating|few_reviews|no_size|material_unclear|blur_image,eva,semi,yes_somewhat,better_rating,5,4
A,"I chose the AmazerBath emerald EVA liner because it has the strongest evidence of quality on this shelf: a 4.5 rating from over 4,100 reviews, BPA-free and odor-free EVA, rustproof brass grommets, and a weighted hem. At $18.99 it costs more, but I value security and durability over saving a few dollars, and the semi-transparent emerald green is a look I would be happy with.",already_chosen,price_suspicious|brand|look,price_suspicious|brand|look,few_reviews|material|pack,look|rating|availability,availability|few_reviews,page2,page1,reviews,material,4,5,4,2,5,3,5,5,unavailable|no_price|low_rating|few_reviews|no_size|material_unclear|blur_image,eva,semi,yes_somewhat,better_rating,4,4
C,"The LQFMEHOT liner hits the sweet spot: a strong 4.6★ rating with nearly a thousand reviews, an attractive gradient blue water-wave design I'd actually want in my bathroom, and all the functional details I care about (3 heavy magnets, rustproof grommets, odor-free EVA) at just $7.09. It's in stock and the listing is complete enough to trust.",price_too_high|look,look|rating|few_reviews,already_chosen,few_reviews|look|material,look|few_reviews|availability,availability|few_reviews|transparency,page2,page1,price_value,reviews,4,5,4,2,4,5,5,4,unavailable|no_price|low_rating|no_size|material_unclear|blur_image,eva,semi,yes_somewhat,nothing,5,5
C,"It's the cheapest option and still has a strong 4.6 rating with close to 1,000 reviews, so I trust it. EVA material is odor-free and the magnets plus weighted hem keep it from clinging, which is what I actually care about as a student on a budget.",price_too_high,look|price_suspicious,already_chosen,few_reviews,look|availability,availability|few_reviews,page2,page1,price_value,reviews,4,4,4,2,4,5,5,3,unavailable|no_price|low_rating|few_reviews|material_unclear|blur_image,eva,semi,yes_somewhat,lower_price,5,4
B,"It's the best combo of cheap price, a fun 3D cube look, and solid proof of quality with 1,872 reviews at 4.4 stars. Magnets at the bottom and metal grommets are exactly the features I want, and at $7.19 I can replace it without thinking twice.",price_too_high|look,already_chosen,brand|few_reviews,few_reviews|material,look|availability,availability,page2,page1,price_value,reviews,3,5,4,2,4,5,5,4,unavailable|no_price|no_size|material_unclear|blur_image,eva,semi,yes_somewhat,better_rating,5,4
C,"It has the highest rating (4.6) with a solid near-1,000 review count, so I trust it more than the cheaper-but-thinner options. At $7.09 it's the best value, it's odor-free EVA with magnets and a weighted hem, and the blue water-wave gradient will look calm and spa-like in my bathroom.",price_too_high,look,already_chosen,few_reviews,look|transparency,availability|few_reviews,page2,page1,price_value,reviews,4,4,4,2,4,5,5,4,unavailable|no_price|no_size|material_unclear|blur_image|low_rating,eva,semi,yes_somewhat,better_function,5,5
C,"It's the best combination of price and evidence for me: $7.09, 4.6 stars with nearly 1,000 reviews, EVA material, weighted magnets, and a rust-proof header. I like the blue water-wave look, and it's actually in stock, so I can buy it today.",price_too_high|few_reviews|availability,look|rating,already_chosen,few_reviews|material|pack,look|rating|few_reviews,availability|few_reviews|size,page2,page1,price_value,reviews,4,4,4,2,4,5,5,4,unavailable|no_price|low_rating|few_reviews|no_size|material_unclear|blur_image|no_bullets,eva,semi,yes_somewhat,better_rating,5,5
A,"I want a liner that will actually hold up and stay clean, and the AmazerBath has the strongest evidence behind it: 4.5 stars across 4,156 reviews, BPA-free odor-free EVA, rustproof brass grommets, and a weighted hem. At $18.99 it costs more than the others, but for something I keep for years, proven reliability and a look that fits a bright modern bathroom matter more than saving ten dollars.",already_chosen,price_suspicious|look|brand|material,price_suspicious|look|brand|few_reviews,few_reviews|material|brand|pack,look|few_reviews|brand|availability,availability|few_reviews|brand,page2,page1,reviews,material,4,4,4,2,4,4,5,5,unavailable|no_price|few_reviews|no_size|material_unclear|blur_image,eva,semi,yes_somewhat,better_rating,4,4
A,"I'll pay a bit more for the option with by far the most review evidence (4,156 reviews at 4.5★) since I'm cautious and want a proven, low-risk purchase. The 100% EVA, BPA-free, odor-free material and reinforced double-layered header with weighted bottom address my safety and durability concerns, and the semi-transparent emerald look works in our bathroom.",already_chosen,price_suspicious|brand|few_reviews,price_suspicious|brand|few_reviews|look,few_reviews|material|brand,look|few_reviews|availability,availability|few_reviews,page2,page1,reviews,material,4,4,4,2,5,3,5,5,unavailable|no_price|low_rating|few_reviews|no_size|material_unclear|blur_image,eva,semi,yes_somewhat,better_rating,4,5
C,"I want a liner that stays put against the tub and is easy to keep clean, and this one has 3 heavy magnets plus a weighted hem. It's the cheapest option at $7.09 with the best rating on the shelf (4.6 stars, ~974 reviews), so it's a low-risk buy.",price_too_high|look,look,already_chosen,few_reviews|material,look|few_reviews,availability|size|few_reviews,page2,page1,price_value,reviews,4,4,4,2,4,5,5,3,unavailable|no_price|low_rating|few_reviews|no_size|material_unclear|blur_image,eva,semi,yes_somewhat,better_function,5,5
C,"It has the highest rating (4.6) with a solid review count (974), which gives me confidence in quality. At $7.09 it's the best value, and the EVA material, magnets, and weighted hem are exactly the features I want.",price_too_high,rating|few_reviews,already_chosen,few_reviews,look|few_reviews,availability|few_reviews,page2,page1,price_value,reviews,4,4,4,2,4,5,5,4,unavailable|no_size|material_unclear|blur_image,eva,semi,yes_somewhat,better_rating,5,4
C,"It's cheap, has a high 4.6 rating with nearly a thousand reviews, and it has the magnets and weighted hem I want so it stays put against the tub. The blue wave look is nice too and it's EVA, so no weird plastic smell.",price_too_high|availability,look|rating,already_chosen,few_reviews|material,look|few_reviews,availability|few_reviews,page2,page1,reviews,magnet,4,5,4,2,4,4,5,4,unavailable|no_price|low_rating|few_reviews|no_size|material_unclear|blur_image,eva,semi,yes_somewhat,better_rating,5,4
A,"I want a liner that feels like a quality purchase, not a disposable one, and the AmazerBath's brass grommets, reinforced header, weighted hem and eco-friendly odor-free EVA justify the higher price. The 4.5 stars across 4,156 reviews gives me the evidence I need that it holds up in daily use. The emerald-green semi-transparent look also suits my bathroom better than the bright blues and cubes.",already_chosen,look|brand|price_suspicious,look|brand|price_suspicious,few_reviews|material|pack,look|transparency|few_reviews,availability|few_reviews|size,page2,page1,reviews,material,4,5,4,2,4,3,5,4,unavailable|no_price|low_rating|no_size|material_unclear|blur_image,eva,semi,yes_somewhat,nothing,4,4
C,"The LQFMEHOT liner hits my sweet spot: it's the cheapest at $7.09 yet has the highest rating on the shelf (4.6★) with a solid ~974 reviews to back it up, so it isn't a blind gamble. It has the weighted magnets and rustproof grommets I want, plus an odor-free EVA material and a blue wave look that's light-filtering rather than fully clear or blackout. Availability is confirmed in stock, so I can actually buy it today.",price_too_high|transparency|availability,rating|look|material,already_chosen,few_reviews|material|pack,transparency|few_reviews|availability,availability|few_reviews|size,page2,page1,price_value,reviews,4,5,4,2,5,5,5,4,unavailable|no_price|low_rating|few_reviews|no_size|material_unclear|blur_image|no_bullets,eva,semi,yes_somewhat,better_rating,5,4
C,"I want a well-reviewed liner that's affordable and functional. Option C has the highest rating (4.6) among the practical picks, magnets to hold it against the tub, and a price I'm happy with for a basic bathroom item.",price_too_high|look,look|rating,already_chosen,few_reviews|look,look|availability,availability|few_reviews,page2,page1,rating,price_value,4,4,4,2,4,4,5,4,unavailable|no_price|low_rating|no_size|material_unclear|blur_image,eva,semi,yes_somewhat,better_rating,5,4
A,"I want a liner that's odor-free, well-made and reliable, and the AmazerBath has by far the strongest track record with 4,156 reviews at 4.5 stars plus a reinforced header and weighted hem. The price is higher, but for something I look at every day and want to last, I'd rather buy the proven one than gamble on a no-name bargain. The soft-touch emerald EVA also looks nicer than a plain frosted liner.",already_chosen,brand|few_reviews|look,brand|few_reviews|look,few_reviews|brand|material,look|review_concern|availability,availability|few_reviews,page2,page1,reviews,material,4,5,4,2,4,4,5,5,unavailable|no_price|low_rating|few_reviews|no_size|material_unclear|blur_image,eva,semi,yes_somewhat,better_rating,4,4
A,"I know it costs more than the others at $18.99, but I've learned the hard way that you get what you pay for with these liners. It has over 4,000 reviews at 4.5 stars, it's BPA-free and odor-free, has 12 brass grommets that won't rust, and a weighted bottom so it actually stays put — that's exactly the kind of proven, no-surprises purchase I want.",already_chosen,price_suspicious|brand|look,price_suspicious|brand|few_reviews,few_reviews|material|pack,look|few_reviews|availability,availability|few_reviews,page2,page1,reviews,material,4,5,4,2,5,4,5,5,unavailable|no_price|low_rating|few_reviews|no_size|material_unclear|blur_image,eva,semi,yes_somewhat,better_rating,4,4
C,"The LQFMEHOT at $7.09 has the best combination of a high 4.6★ rating and a solid 974 reviews, plus magnets at the hem, rust-resistant grommets, and a waterproof EVA surface that's odor-free. It's cheap enough that I'm not paying a premium for a liner, but the review base is big enough that I trust it won't fall apart in a month.",price_too_high|look,look|few_reviews,already_chosen,few_reviews|pack,look|transparency,availability|few_reviews,page2,page1,rating,price_value,4,4,4,2,4,5,5,4,unavailable|no_price|low_rating|few_reviews|no_size|material_unclear|blur_image,eva,semi,yes_somewhat,better_rating,5,5
C,"I want a reliable, well-reviewed liner at a low price, and C has the best combination: 4.6★ with ~974 reviews, full 72x72 fit, EVA material, and 3 heavy magnets at the weighted hem. At $7.09 it's the best value on the shelf without the thin-material or thin-review risks of the cheaper-looking alternatives.",price_too_high|availability,price_suspicious|look,already_chosen,few_reviews|material,look|rating,availability|few_reviews,page3,page2,price_value,reviews,4,4,4,2,4,5,5,4,unavailable|no_price|low_rating|few_reviews|no_size|material_unclear|blur_image|no_bullets,eva,semi,yes_somewhat,better_rating,5,4
B,"It has the best combination of a strong rating with a solid review count (4.4★, 1,872 reviews), a low $7.19 price that fits my frugal budget, and the features I care about — magnets at the bottom, metal grommets, and a waterproof EVA material. The blue 3D cube texture looks modern and not cheap, and it's in stock so I can actually buy it.",price_too_high|transparency|availability,already_chosen,brand|review_concern,few_reviews|material|pack,look|rating|availability,availability|few_reviews,page2,page1,price_value,reviews,4,5,4,2,4,5,5,4,unavailable|no_price|low_rating|no_size|material_unclear|blur_image|no_bullets,eva,semi,yes_somewhat,better_value,5,4
C,"It's the cheapest option at $7.09 and still has a strong 4.6★ rating with nearly 1,000 reviews, so the quality evidence is solid. The blue water-wave design with magnets and a weighted hem fits my bathroom and covers the functions I care about.",price_too_high|transparency,rating|look,already_chosen,few_reviews,look|few_reviews,availability|few_reviews,page2,page2,price_value,reviews,4,5,4,2,4,5,4,4,unavailable|no_price|no_size|material_unclear|blur_image,eva,semi,yes_somewhat,lower_price,5,4
C,"It's the best combination of price, reviews, and features for what I need. At $7.09 with 4.6 stars from nearly 1,000 reviews, it's cheap enough to replace without worry but has enough of a track record to trust. The magnets and weighted hem are exactly what I want to keep it against the tub, and the EVA material being odor-free matters since my bathroom is small.",price_too_high|look|transparency,look|transparency,already_chosen,few_reviews|material|pack,look|transparency|availability,availability|few_reviews,page2,page1,price_value,reviews,4,4,4,2,3,5,4,3,unavailable|no_price|low_rating|no_size|material_unclear|blur_image,eva,semi,yes_somewhat,better_rating,5,4
C,"I want a low-cost, well-reviewed EVA liner that stays put, and Option C has the highest rating (4.6) with a solid review base (974), a magnet-weighted hem, and a waterproof odor-free design at just $7.09.",price_too_high|availability,look|rating,already_chosen,few_reviews|material,look|few_reviews|availability,availability|few_reviews,page2,page1,rating,price_value,4,4,4,2,4,5,5,4,unavailable|no_price|low_rating|few_reviews|no_size|material_unclear|blur_image,eva,semi,yes_somewhat,better_function,5,4
C,"The LQFMEHOT liner hits the best balance for me: at $7.09 it's the lowest price on the shelf, yet it has the highest rating (4.6 stars with 974 reviews, a solid evidence base) and includes the weighted magnets and rust-proof grommets I want. The blue water-wave texture is subtle and clean, and it's in stock so I can actually order it today.",price_too_high|look|transparency,look|few_reviews|price_suspicious,already_chosen,few_reviews|material|pack,look|availability|rating,availability|few_reviews,page2,page1,price_value,reviews,4,5,4,2,4,5,5,4,unavailable|no_price|low_rating|few_reviews|no_size|material_unclear|blur_image,eva,semi,yes_somewhat,better_rating,5,4
A,"I'm choosing the AmazerBath emerald EVA liner because it has by far the strongest evidence base (4.5★ across 4,156 reviews) and a safety profile I trust — 100% EVA, BPA-free and odor-free, which matters to me as someone with a managed health condition and sensitivity to chemical smells. The reinforced double-layered header, 12 rustproof brass grommets and weighted bottom stones address the durability and 'stays put' problems that make cheap liners a false economy, so the $18.99 feels like justified value rather than overspending.",already_chosen,material|review_concern|brand,brand|material|few_reviews,few_reviews|material|pack,review_concern|transparency|availability,availability|few_reviews,page2,page1,rating,material,4,4,4,2,5,4,5,5,unavailable|no_price|low_rating|few_reviews|no_size|material_unclear|blur_image,eva,semi,yes_somewhat,better_value,4,4
C,"It's the cheapest at $7.09, has the highest rating on the shelf at 4.6 with a solid 974 reviews, and it has the weighted magnets I want. The wave pattern is subtle enough that I won't hate looking at it every morning.",price_too_high|availability,look|brand,already_chosen,few_reviews|material|pack,look|few_reviews|availability,availability|few_reviews,page2,page1,rating,price_value,4,4,4,2,5,4,5,4,unavailable|no_price|low_rating|few_reviews|no_size|material_unclear|blur_image|no_bullets,eva,semi,yes_somewhat,better_rating,5,4
C,"For a liner I care most about price, staying put against the tub, and not being an eyesore. The LQFMEHOT is the cheapest option at $7.09, has the highest rating on the shelf (4.6★) with a solid ~974 reviews, includes 3 heavy magnets and a weighted hem, and the blue water-wave look fits my bathroom better than a plain black or a 3D cube pattern.",price_too_high|transparency,price_suspicious|look|rating,already_chosen,few_reviews|pack|material,look|rating|availability,availability|few_reviews,page2,page1,price_value,magnet,4,5,4,2,4,5,4,4,unavailable|no_price|low_rating|few_reviews|no_size|material_unclear|blur_image|no_bullets,eva,semi,yes_somewhat,lower_price,5,4
B,"I want a cheap liner that still has magnets at the bottom and a decent review history behind it. The jssablo has 1,872 reviews at 4.4 stars, is in stock, and at $7.19 it's basically disposable — if it gets gross I toss it without guilt. The 3D cube look is a bit much, but for a liner nobody really looks at, function and price win.",price_too_high,already_chosen,price_suspicious|brand|few_reviews,few_reviews|material|pack,look|few_reviews|availability,availability|few_reviews,page2,page1,price_value,reviews,3,4,3,1,4,5,5,4,unavailable|no_price|low_rating|few_reviews|no_size|material_unclear|blur_image,eva,semi,unlikely,better_function,5,4
C,"It's the cheapest option at $7.09 but still has a strong 4.6★ rating with nearly 1,000 reviews, plus the magnets and weighted hem I want. The blue wave look is nice enough and EVA is odor-free and easy to maintain.",price_too_high|look,look,already_chosen,few_reviews|look,look|availability,availability|few_reviews,page2,page1,reviews,price_value,4,4,3,2,4,5,5,4,unavailable|no_price|low_rating|few_reviews|no_size|material_unclear|blur_image,eva,semi,yes_somewhat,better_rating,5,4
A,"I want a liner that feels nice and lasts, and the AmazerBath has the most reviews by far (4,156 at 4.5 stars) plus BPA-free EVA, brass grommets and a weighted hem. The emerald-green semi-transparent look suits my bathroom and I'd rather pay a bit more for something proven.",already_chosen,price_suspicious|look|few_reviews,price_suspicious|look|brand,few_reviews|material,look|few_reviews|availability,availability|few_reviews|size,page2,page1,reviews,material,4,4,4,2,4,3,5,4,unavailable|no_price|low_rating|few_reviews|no_size|material_unclear|blur_image,eva,semi,yes_somewhat,nothing,4,4
C,"It's the best combination of price and evidence: $7.09 with a 4.6★ rating across 974 reviews, so I'm not gambling on a brand-new listing. It has the features I actually need — weighted magnets at the hem, rust-resistant grommets, odor-free EVA, and it's in stock.",price_too_high,look|price_suspicious,already_chosen,few_reviews|pack,look|transparency|availability,availability|few_reviews,page2,page1,price_value,reviews,4,5,4,2,4,5,5,4,unavailable|no_price|low_rating|few_reviews|no_size|material_unclear|blur_image,eva,semi,yes_somewhat,better_function,5,4
C,"I'm not fussy about liner design, but C gives me the best combination of a high rating (4.6★) with a solid review count (974) at the lowest price on the shelf. It's EVA, odor-free, has magnets and a weighted hem, and is in stock — everything I actually need in a liner.",price_too_high|look,look|price_suspicious,already_chosen,few_reviews|material,look|availability,availability|few_reviews,page2,page1,price_value,reviews,4,4,4,2,4,5,4,4,unavailable|no_price|low_rating|few_reviews|no_size|material_unclear|blur_image,eva,semi,yes_somewhat,lower_price,5,4
B,"I want a cheap but decent liner, and jssablo at $7.19 has a solid 4.4★ with 1,872 reviews plus the magnets and metal grommets I care about. The 3D blue cube look is a nice bonus for a bathroom refresh without spending $19 on a liner.",price_too_high,already_chosen,price_suspicious|brand,few_reviews|material,look|few_reviews,availability,page2,page1,price_value,reviews,4,5,4,2,4,5,5,3,unavailable|no_price|blur_image|no_size,eva,semi,yes_somewhat,better_rating,5,4
C,"It has the highest rating (4.6★) with a solid review base (974), the lowest price at $7.09, and it checks the boxes I care about: EVA material that's odor-free, a weighted hem with 3 magnets, and waterproof easy-rinse care. The Art-Deco blue wave look is a nice bonus and the listing is complete with clear specs.",price_too_high|look,look|few_reviews,already_chosen,few_reviews|pack|material,look|few_reviews,availability|few_reviews,page2,page1,price_value,rating,4,5,4,2,5,5,5,4,unavailable|no_price|low_rating|few_reviews|no_size|material_unclear|blur_image,eva,semi,neutral,better_rating,5,4
C,"It balances a strong 4.6 rating with a very low $7.09 price, and the EVA material plus 3 magnets at the hem match what I look for in a liner. The Art-Deco wave look is subtle enough for my bathroom, and the listing states size, material, magnets, and care clearly.",price_too_high|availability,look|price_suspicious,already_chosen,few_reviews|material,look|few_reviews,availability|few_reviews,page2,page1,price_value,magnet,4,4,4,2,4,5,4,4,unavailable|no_price|low_rating|few_reviews|no_size|material_unclear|blur_image,eva,semi,neutral,better_rating,5,4
C,"I want a simple, good-looking liner that keeps itself against the tub, and this one has the best rating on the shelf (4.6 stars with nearly a thousand reviews) at the lowest price. The Art-Deco wave pattern in blue looks classy without being flashy, and the magnets plus weighted hem mean it won't billow. At seven bucks, if it only lasts a year or two I'm still ahead.",price_too_high|transparency,look|rating,already_chosen,few_reviews|material|pack,look|rating,availability|few_reviews,page2,page1,rating,price_value,4,4,4,2,4,4,5,4,unavailable|no_price|low_rating|few_reviews|no_size|material_unclear|blur_image,eva,semi,yes_somewhat,better_function,5,4
C,"The LQFMEHOT liner is the best combination of low price and strong evidence: at $7.09 it's the cheapest option and still has the highest rating on the shelf (4.6★ with ~974 reviews), plus the magnets, rust-proof grommets and odor-free EVA I care about. The blue water-wave design also fits a modern bathroom without being too flashy.",price_too_high,look,already_chosen,few_reviews|material,look|rating,availability|few_reviews,page2,page1,price_value,reviews,4,4,4,2,4,5,5,4,unavailable|no_price|few_reviews|material_unclear|no_size,eva,semi,yes_somewhat,lower_price,5,4
A,"I'm a heavy researcher and coffee-fueled multitasker who'd rather spend a bit more for something that actually lasts. The AmazerBath has 4,156 reviews at 4.5 stars, BPA-free odor-free EVA, 12 brass grommets and a weighted hem — that's the evidence and quality I want. The emerald green also looks nicer than the cheap blue gradients.",already_chosen,price_suspicious|brand|look,price_suspicious|brand|few_reviews,few_reviews|material|pack,look|transparency,availability|few_reviews,page2,page1,reviews,material,4,5,4,2,4,4,5,4,unavailable|no_price|low_rating|few_reviews|no_size|material_unclear|blur_image,eva,semi,yes_somewhat,better_rating,4,4
A,"I want a liner I can trust in my family's bathroom, and Option A is the only one with a serious track record — 4.5 stars across more than 4,000 reviews, brass grommets that won't rust, a reinforced header, weighted stones, and BPA-free odor-free EVA. It costs more, but I'd rather pay $18.99 once for something that holds up and doesn't smell like plastic than replace a cheap liner twice a year.",already_chosen,brand|few_reviews|price_suspicious|look,brand|few_reviews|price_suspicious|look,few_reviews|material|look,few_reviews|look|availability,few_reviews|size,page2,page1,reviews,material,4,4,4,2,5,4,5,5,unavailable|no_price|low_rating|few_reviews|no_size|material_unclear|blur_image|no_bullets,eva,semi,yes_somewhat,better_rating,4,4
C,"It has the best combination of a high rating (4.6) with a solid review base (974), a very low price of $7.09, and the features I actually care about — magnets at the bottom, a tear-proof header, and odor-free EVA. The blue water-wave gradient looks nicer than a plain liner without being gimmicky.",price_too_high|look,price_suspicious|look,already_chosen,few_reviews|material,look|few_reviews,availability|few_reviews|size,page3,page2,price_value,reviews,4,5,4,2,4,5,5,4,unavailable|no_price|low_rating|no_size|material_unclear|blur_image,eva,semi,yes_somewhat,better_function,5,4
C,"I want a waterproof EVA liner with magnets that stays put, and C has the highest rating (4.6) with a healthy ~974 reviews proving it's reliable. At $7.09 it's the best combination of price, proven quality, and the features I need.",price_too_high|look,look|few_reviews,already_chosen,few_reviews|material|pack,look|few_reviews|availability,availability|few_reviews,page2,page1,price_value,reviews,4,4,4,2,4,5,4,4,unavailable|no_price|low_rating|few_reviews|material_unclear|blur_image,eva,semi,yes_somewhat,better_rating,5,5
C,"It has the highest rating (4.6★) on this shelf with a solid ~974 reviews, so I trust it more than the cheap listings with few reviews. At $7.09 it's the best price here and still has the features I want — magnets at the bottom, a weighted hem, rust-proof grommets, and odor-free EVA. The blue water-wave look is subtle and pretty without being loud.",price_too_high|transparency,look|price_suspicious,already_chosen,few_reviews|material|pack,look|availability|few_reviews,availability|few_reviews,page2,page1,rating,price_value,4,4,4,2,4,5,5,4,unavailable|no_price|low_rating|few_reviews|no_size|material_unclear|blur_image|no_bullets,eva,semi,yes_somewhat,better_rating,5,4
A,"I picked the AmazerBath emerald EVA liner at $18.99 because it's the only option on this shelf with a review base I actually trust — 4,156 reviews at 4.5 stars versus a few hundred or a few dozen on everything else. The brass grommets, reinforced double-layered header, weighted bottom stones and BPA-free odor-free EVA claim all match what I want in a liner: something that hangs straight, doesn't rip at the holes, doesn't stink up the bathroom, and stays put against the tub. Yeah, it costs more than double the cheap ones, but I've bought the $7 liner before and it turned yellow and tore within a season, so I'd rather pay once for the one with a proven track record.",already_chosen,price_suspicious|brand|look|review_concern,price_suspicious|brand|look|few_reviews,few_reviews|material|rating|look,look|few_reviews|brand|availability,few_reviews|size,page2,page1,reviews,material,4,5,4,2,5,4,5,5,unavailable|no_price|low_rating|few_reviews|no_size|material_unclear|blur_image|no_bullets,eva,semi,unlikely,better_rating,4,4
C,"It's the cheapest option but still carries the highest rating (4.6) with a solid ~1,000 reviews, plus the magnets and weighted hem I want. The blue wave look is fine and it's EVA, which I prefer over PVC.",price_too_high|transparency,rating|look,already_chosen,few_reviews|pack,look|rating,availability|few_reviews,page2,page1,price_value,reviews,4,4,4,2,4,5,5,4,unavailable|no_price|low_rating|few_reviews|no_size|material_unclear|blur_image,eva,semi,unlikely,better_value,5,4
A,"The AmazerBath liner is the only option with a large, reliable review base (4,156 reviews at 4.5 stars) and a full set of features I actually care about: BPA-free odor-free EVA, 12 rustproof brass grommets, reinforced double-layered header, and a weighted bottom that keeps it in place. The emerald semi-transparent look fits my bathroom and the soft-touch EVA is a real quality step up from the thin 3.2-gauge liners. At $18.99 it costs more than the others, but for something I handle weekly, the proven durability and safety are worth it.",already_chosen,price_suspicious|brand|look,price_suspicious|brand|few_reviews,few_reviews|material|pack,few_reviews|look|availability,few_reviews|size,page2,page1,reviews,material,4,4,4,2,4,3,5,5,unavailable|no_price|low_rating|few_reviews|no_size|material_unclear|blur_image,eva,semi,yes_somewhat,better_rating,4,5
B,"It's the best mix of value and evidence: a real 4.4 rating with nearly 1,900 reviews, EVA material I trust more than PVC, and magnets at the hem to keep it against the tub. At $7.19 I'm not paying a premium for a liner, and the 3D cube texture looks better than a plain sheet.",price_too_high|availability,already_chosen,brand|few_reviews|price_suspicious,few_reviews|material|pack,look|few_reviews|availability,availability|few_reviews|size,page2,page1,price_value,reviews,4,4,4,2,4,5,5,4,unavailable|no_price|low_rating|no_size|material_unclear|blur_image,eva,semi,yes_somewhat,nothing,5,4
C,"At $7.09 it's the cheapest option with a solid 4.6-star rating and nearly a thousand reviews, so I have real evidence it works. It has the weighted magnets and rustproof grommets I want, and the blue wave pattern looks nicer than a plain clear liner.",price_too_high|look,price_suspicious|look,already_chosen,few_reviews|material,look|few_reviews,availability|few_reviews|price_suspicious,page2,page1,price_value,reviews,4,4,4,2,4,5,5,4,unavailable|no_price|low_rating|few_reviews|no_size|material_unclear|blur_image,eva,semi,yes_somewhat,lower_price,5,4
C,"It has the highest rating (4.6) of the shelf with a solid review count near 1,000, so I have real evidence it performs. At $7.09 it's the cheapest option and still includes the weighted magnets, waterproof EVA, and rust-proof grommets I want, so it's the best value without gambling on an unproven listing.",price_too_high|look,price_suspicious|look,already_chosen,few_reviews|pack,look|availability,availability|few_reviews,page2,page1,rating,price_value,4,4,4,2,5,5,5,4,unavailable|no_price|low_rating|few_reviews|no_size|material_unclear|blur_image,eva,semi,yes_somewhat,better_rating,5,4
A,"I've been burned by cheap EVA liners that smell like a chemistry lab for weeks, so I'll pay a bit more for the BPA-free, odor-free soft-touch EVA and the weighted bottom that actually keeps the liner in the tub. The 4.5 stars across 4,156 reviews is real evidence, and the emerald semi-transparent look is pretty without being busy.",already_chosen,price_suspicious|brand|look,price_suspicious|brand|look,few_reviews|material|pack,look|few_reviews|availability,availability|few_reviews|size,page2,page1,reviews,material,4,4,4,2,4,3,5,5,unavailable|no_price|low_rating|few_reviews|no_size|material_unclear|blur_image,eva,semi,yes_somewhat,better_rating,4,4
C,"I want a well-reviewed liner at a low price with magnets to hold it against the tub. The LQFMEHOT has the highest rating (4.6★) with a solid review count, costs only $7.09, and includes 3 heavy magnets plus a tear-proof header — everything I need at a price that's easy to justify.",price_too_high|availability,price_suspicious|look,already_chosen,few_reviews|material|pack,look|few_reviews|availability,availability|few_reviews,page2,page1,price_value,rating,4,4,4,2,4,5,5,4,unavailable|no_price|low_rating|no_size|material_unclear|blur_image,eva,semi,yes_somewhat,better_rating,5,4
E,"I want a plain, opaque liner that hides the tub mess and matches my bathroom without any color gimmick. The Dependable Industries EVA liner is PVC-free, has the weighted magnets I need, and at $9.99 sits in my comfortable price band with a rating above 4.0 from a real (if modest) review base. The only knock is the low stock, but it's still purchasable now.",price_too_high|look|transparency,price_suspicious|look|transparency,price_suspicious|look|transparency,few_reviews|material|look|pack,already_chosen,availability|few_reviews|size|transparency,page2,page1,price_value,material,4,4,4,2,5,5,4,4,unavailable|no_price|low_rating|few_reviews|no_size|material_unclear,eva,blackout,yes_somewhat,lower_price,4,4
C,"It has the highest rating (4.6) with a solid review count (974), a low price of $7.09, and EVA material with magnets and a weighted hem. The Art-Deco wave look appeals to me as a visual-arts person, and it's in stock.",price_too_high|transparency,look|price_suspicious,already_chosen,few_reviews|material,transparency|availability,availability|few_reviews,page2,page1,reviews,price_value,4,5,4,2,4,5,5,4,unavailable|no_price|low_rating|few_reviews|material_unclear|blur_image|no_size,eva,semi,yes_somewhat,better_function,5,5
C,"Best combination of price, evidence, and features for me. At $7.09 it's the cheapest option, has a strong 4.6★ from nearly 1,000 reviews, and includes the weighted magnets and rust-proof hardware I want. The blue wave design is a nice bonus since I'd rather have something with a bit of visual interest than a plain liner.",price_too_high|availability,rating|look,already_chosen,few_reviews|material,look|availability,availability|few_reviews,page2,page1,price_value,reviews,4,4,3,2,4,5,5,4,unavailable|no_price|material_unclear|no_size|blur_image,eva,semi,yes_somewhat,better_rating,5,4
C,"It has the best combination of a strong 4.6-star rating with a solid review count (974), a very low $7.09 price, and all the functional features I want — EVA material, 3 heavy magnets, tear-proof header, and easy wipe-clean care. The Art-Deco blue wave look is pleasant without being loud, and it's in stock so I can actually order it.",price_too_high|look|availability,look|price_suspicious|brand,already_chosen,few_reviews|material|pack,look|availability|few_reviews,availability|few_reviews|size,page2,page1,price_value,reviews,4,4,4,2,4,5,5,4,unavailable|low_rating|few_reviews|material_unclear|no_size,eva,semi,yes_somewhat,better_rating,5,4
B,"The jssablo Blue Cube liner hits the sweet spot for me: cheap at $7.19, a solid 4.4 stars with nearly 1,900 reviews so I trust it, and it's actually in stock. It's got the magnets at the bottom that keep it stuck to the tub, and the 3D cube look is nicer than a plain clear liner.",price_too_high|look,already_chosen,brand|look,few_reviews|material,look|transparency,availability|few_reviews,page2,page1,price_value,reviews,3,4,3,1,4,5,5,4,unavailable|no_price|low_rating|no_size|material_unclear|blur_image,eva,semi,yes_somewhat,lower_price,5,4
A,"I'm cautious about cheap liners that smell or tear, and A has the strongest evidence base with 4,156 reviews at 4.5 stars, a BPA-free odor-free EVA material, brass grommets and a weighted hem. The $18.99 price is higher than the rest, but for something I'll live with daily in a humid bathroom, I'd rather pay once for a liner that stays put and wipes clean.",already_chosen,price_suspicious|brand|material|review_concern,price_suspicious|brand|look|review_concern,few_reviews|material|brand|pack,look|few_reviews|availability|brand,availability|few_reviews|size,page2,page1,reviews,material,4,5,4,2,5,4,5,5,unavailable|no_price|low_rating|few_reviews|no_size|material_unclear|blur_image,eva,semi,yes_somewhat,better_rating,4,4
C,"It's the cheapest option on the shelf at $7.09 but still carries the highest rating here (4.6 stars with a solid 974 reviews), so I'm not gambling on an unknown. It ticks my must-haves: EVA material (odor-free, no PVC worries), three heavy magnets at the hem to keep it off my legs, waterproof wipe-clean surface, and a 72x72 fit. The Art-Deco wave look is honestly a bonus I didn't expect at this price.",price_too_high|look,look|rating,already_chosen,few_reviews|material|pack,look|availability|few_reviews,availability|few_reviews|size,page2,page1,price_value,reviews,4,5,4,2,4,5,5,4,unavailable|no_price|low_rating|few_reviews|no_size|material_unclear|blur_image,eva,semi,yes_somewhat,better_rating,5,5
C,"It has the highest rating (4.6) with a solid review base (974), a low price of $7.09, and the features I care about most — EVA material, magnets at the bottom, waterproof, and easy care. The Art-Deco wave look is a nice bonus without costing more.",price_too_high,rating,already_chosen,few_reviews,look|rating,availability|few_reviews,page2,page1,reviews,price_value,4,4,3,2,4,5,5,4,unavailable|no_price|low_rating|few_reviews|no_size|material_unclear|blur_image,eva,semi,yes_somewhat,nothing,5,4
C,"It's the cheapest at $7.09, has the highest rating on the shelf (4.6 with nearly a thousand reviews), and it's in stock. I just need a liner that keeps water off the floor and doesn't smell like chemicals — this one checks those boxes without me overpaying.",price_too_high|transparency|look,brand|look|rating,already_chosen,few_reviews|material|pack,look|rating,availability|few_reviews,page2,page1,price_value,reviews,4,4,3,2,4,5,4,4,unavailable|no_price|low_rating|few_reviews|no_size|material_unclear|blur_image,eva,semi,yes_somewhat,lower_price,5,4
C,"It has the highest rating among the affordable options (4.6 stars with a solid 974 reviews), a nice Art-Deco wave look that fits my bathroom, and it includes the weighted magnets I want. At $7.09 it's an easy, low-risk pick.",price_too_high|look,look,already_chosen,few_reviews|material,look|availability,availability|few_reviews,page2,page1,rating,price_value,4,5,4,2,4,4,5,4,unavailable|no_size|material_unclear,eva,semi,yes_somewhat,better_rating,5,4
C,"It's the highest-rated option (4.6★) with a solid review count near a thousand, so I trust it more than the cheap unknowns. EVA material, weighted magnets, and rust-proof grommets cover everything I actually need, and at $7.09 it's a no-brainer price. The wave pattern looks nice without being fussy.",price_too_high|availability,price_suspicious|look,already_chosen,few_reviews|material,look|availability,availability|few_reviews,page2,page1,rating,price_value,4,4,4,2,4,4,5,5,unavailable|no_price|low_rating|few_reviews|no_size|material_unclear|blur_image,eva,semi,yes_somewhat,better_rating,5,4
C,"It's the cheapest option at $7.09 but still has the highest rating on the shelf (4.6 stars) with nearly 1,000 reviews, so it feels like a safe, well-validated buy. It has the features I actually care about — waterproof EVA, magnets at the bottom, anti-rust grommets — and I like the blue gradient wave look for my bathroom.",price_too_high|look,price_suspicious|look,already_chosen,few_reviews|material|pack,look|availability|few_reviews,availability|few_reviews|transparency,page2,page1,rating,price_value,4,4,4,2,4,5,5,4,unavailable|no_price|low_rating|few_reviews|no_size|material_unclear|blur_image,eva,semi,yes_somewhat,better_rating,5,4
B,"It has a strong 4.4-star rating with 1,872 reviews, which gives me confidence as a cautious buyer, and the gradient blue 3D cube look is attractive without being too bold. At $7.19 it's a great value, and the magnets plus weighted hem mean it'll actually stay against the tub.",price_too_high|availability,already_chosen,brand|few_reviews,few_reviews|material,look|few_reviews,availability|few_reviews,page2,page1,reviews,price_value,4,5,4,2,4,5,5,4,unavailable|no_price|low_rating|few_reviews|no_size|material_unclear|blur_image,eva,semi,yes_somewhat,better_rating,5,4
C,"Best balance of price, rating, and function for me: odor-free EVA, 4.6 stars with a solid review count, and 3 heavy magnets at the hem. The blue wave gradient also fits my practical-but-clean bathroom look, and at $7.09 it's low-risk.",price_too_high|transparency|availability,price_suspicious|look,already_chosen,few_reviews,look|transparency,availability|few_reviews,page2,page1,price_value,rating,4,4,4,2,4,5,5,4,unavailable|no_price|low_rating|no_size|material_unclear|blur_image,eva,semi,yes_somewhat,better_rating,5,4
C,"It has the highest rating (4.6★) among the reasonably priced options, plus the weighted magnets and tear-proof header I want. The Art-Deco blue wave look suits my interest in interior design, and at $7.09 it's an easy value buy.",price_too_high|transparency|availability,price_suspicious|look,already_chosen,few_reviews|material|pack,look|few_reviews|availability,availability|few_reviews|size,page2,page1,rating,price_value,4,5,4,2,4,5,5,4,unavailable|no_price|low_rating|few_reviews|no_size|material_unclear|blur_image,eva,semi,yes_somewhat,better_rating,5,4
B,"It has a strong 4.4 rating with nearly 1,900 reviews, magnets at the bottom to keep it against the tub, and a premium-looking 3D cube texture — all for only $7.19, which is great value. EVA material is odor-free and safer than PVC, and it's in stock and ready to ship.",price_too_high|availability,already_chosen,brand|look,few_reviews|material,look|availability,availability|few_reviews,page2,page1,price_value,reviews,4,5,4,2,4,5,5,4,unavailable|no_price|low_rating|no_size|material_unclear|blur_image,eva,semi,yes_somewhat,better_rating,5,5
C,"Best balance of price, rating and features — 4.6 stars with ~974 reviews is solid evidence, and at $7.09 it has the magnets, weighted hem and tear-proof header I want. The Art-Deco wave look is a nice bonus without paying extra.",price_too_high,rating|review_concern,already_chosen,few_reviews|material,look|few_reviews,availability|few_reviews,page2,page1,price_value,reviews,3,4,4,2,4,5,5,4,unavailable|no_price|no_size|material_unclear|blur_image,eva,semi,yes_somewhat,better_function,5,4
C,"It has the highest rating (4.6) with a solid nearly-1,000 review count, so I trust it more than the thin listings. The Art-Deco blue wave look fits my bathroom, and at $7.09 it's the best value with magnets and a weighted hem.",price_too_high|transparency,look|review_concern,already_chosen,few_reviews|material|pack,look|availability,availability|few_reviews|size,page2,page1,price_value,reviews,4,5,4,2,4,5,5,4,unavailable|no_price|low_rating|few_reviews|no_size|material_unclear|blur_image|no_bullets,eva,semi,yes_somewhat,better_function,5,4
C,"I want a decent-looking liner that stays put without paying a premium. Option C has the highest rating (4.6★) among the affordable options, a strong review count near 1,000, and the magnets plus weighted hem I care about, all for just $7.09.",price_too_high|transparency,look|rating,already_chosen,few_reviews|material,look|few_reviews,availability|few_reviews|size,page2,page1,rating,price_value,4,4,3,2,4,5,5,4,unavailable|no_size|material_unclear|blur_image|few_reviews,eva,semi,yes_somewhat,better_rating,5,4
A,"At my age I've learned that a cheap liner is a false economy — the thin ones get slimy and tear within months. Option A has the strongest review base (4,156 reviews at 4.5 stars), a weighted hem to keep it from billowing, and a reinforced double-layered header, which tells me it's built to last. The $18.99 is more than I'd like to pay, but a BPA-free, odor-free liner that wipes clean is worth the extra few dollars to me.",already_chosen,price_suspicious|brand|material,price_suspicious|brand|look,few_reviews|material|pack,look|availability|few_reviews,availability|few_reviews|size,page2,page1,reviews,material,4,4,4,2,4,4,5,5,unavailable|no_price|low_rating|few_reviews|no_size|material_unclear|blur_image,eva,semi,unlikely,better_rating,4,4
C,"I want a light-filtering, semi-transparent liner that keeps the bathroom bright, and the LQFMEHOT has the best rating on the shelf (4.6★ with a solid ~974 reviews) plus the weighted magnets I actually care about for keeping it against the tub. At $7.09 with an odor-free EVA material and an easy wipe-clean surface, it's the best combination of proven quality and value here.",price_too_high|look,look|rating,already_chosen,few_reviews|material|pack,look|rating|availability,availability|few_reviews,page2,page1,rating,price_value,4,5,4,2,4,4,5,4,unavailable|no_price|low_rating|few_reviews|no_size|material_unclear|blur_image|none,eva,semi,yes_somewhat,better_rating,5,4
A,"I want a liner that is odor-free and safe, and this one is BPA-free EVA with brass grommets and a weighted bottom. The 4.5-star rating with over 4,000 reviews gives me confidence it will actually hold up, and the semi-transparent emerald look fits my bathroom.",already_chosen,price_suspicious|brand|material,brand|material|few_reviews|price_suspicious,few_reviews|material|brand,brand|few_reviews,availability|few_reviews|size,page2,page1,material,reviews,4,4,4,2,4,4,5,5,unavailable|no_price|low_rating|few_reviews|no_size|material_unclear|blur_image|no_bullets,eva,semi,yes_somewhat,better_rating,4,4
C,"It has the highest rating on the shelf (4.6 with ~974 reviews), a low $7.09 price, and the features I actually care about — 3 heavy magnets, tear-proof header, and odor-free EVA. The blue water-wave look is subtle enough for my bathroom and I don't need a 2-pack.",price_too_high,look|rating,already_chosen,few_reviews|pack,look|rating|availability,availability|few_reviews,page2,page1,price_value,reviews,4,4,4,2,4,5,5,4,unavailable|no_price|low_rating|few_reviews|no_size|material_unclear|blur_image,eva,semi,yes_somewhat,better_rating,5,4
B,"It has the best combination of a rock-bottom price, a large and reliable review base (1,872 reviews at 4.4★), and the functional features I actually want — 12 metal grommets plus 3 magnets at the hem to keep it against the tub. The blue cube texture looks nicer than a plain clear liner, and EVA is odor-free and BPA-free, which matters for something in a steamy bathroom.",price_too_high,already_chosen,brand|few_reviews,few_reviews|material,look|availability|few_reviews,availability|few_reviews,page2,page1,price_value,reviews,4,4,4,2,4,5,5,4,unavailable|no_price|low_rating|few_reviews|no_size|material_unclear|blur_image,eva,semi,yes_somewhat,better_value,5,4
A,"No persona-specific answer was produced, so a neutral answer was used.",already_chosen,already_chosen,already_chosen,already_chosen,already_chosen,already_chosen,page1,page1,price_value,price_value,3,3,3,3,3,3,3,3,unavailable,eva,fully_transparent,yes_strongly,lower_price,3,3
C,"It has the best combination of a high rating (4.6 with ~974 reviews), a low $7.09 price, and the functional features I want — EVA material, waterproof surface, and 3 heavy magnets at the hem. The Art-Deco wave look is a nice bonus and the listing is in stock.",price_too_high,look,already_chosen,few_reviews|material,look|availability,availability|few_reviews,page2,page1,rating,price_value,4,4,4,2,4,5,5,4,unavailable|no_price|low_rating|few_reviews|no_size|material_unclear|blur_image,eva,semi,yes_somewhat,better_rating,5,4
C,"I want a liner that stays put and looks tidy without spending much — the LQFMEHOT has the highest rating on the shelf (4.6 with a solid ~974 reviews), a calm blue water-wave look that suits my bathroom, three heavy magnets at the hem, and it's only $7.09. At this price I can replace it whenever it gets grimy, so I don't need to baby a liner.",price_too_high|availability,look,already_chosen,few_reviews|price_suspicious,look|few_reviews,availability|few_reviews|size,page2,page1,price_value,rating,4,4,4,2,4,5,4,4,unavailable|no_price|low_rating|no_size|material_unclear|blur_image,eva,semi,yes_somewhat,better_function,5,4
C,"It's the cheapest liner on the shelf at $7.09 but still has the strongest review evidence — 4.6 stars across 974 reviews. EVA material, magnets at the hem, and a tear-proof header cover everything I actually need, and the blue wave pattern will look nice without being too loud.",price_too_high,look|price_suspicious,already_chosen,few_reviews|material,look|few_reviews,availability|few_reviews|size,page3,page2,price_value,reviews,4,4,4,2,4,5,5,4,unavailable|no_price|low_rating|few_reviews|no_size|material_unclear|blur_image,eva,semi,yes_somewhat,better_rating,5,5
C,"It's the cheapest option with the strongest evidence behind it — 4.6 stars across nearly 1,000 reviews, which tells me real people have used it and it holds up. It has the features I actually need: magnets at the bottom to keep it against the tub, a weighted hem, and odor-free EVA, which matters to me since I don't want a chemical smell in a small bathroom.",price_too_high|look|transparency,look|price_suspicious|brand,already_chosen,few_reviews|material|pack,look|availability|rating,availability|few_reviews,page2,page1,reviews,price_value,4,4,4,2,4,4,5,4,unavailable|no_price|few_reviews|no_size|material_unclear|blur_image,eva,semi,unlikely,better_rating,5,4
C,"It's the cheapest at $7.09 but still has the highest rating on the shelf (4.6 stars, ~974 reviews), plus the weighted magnets and rustproof grommets I want. The Art-Deco blue wave look is a nice bonus and it's actually in stock.",price_too_high|availability,look|few_reviews,already_chosen,few_reviews|material|pack,look|few_reviews,availability|few_reviews|size,page2,page1,price_value,reviews,4,4,4,2,4,5,4,4,unavailable|no_price|no_size|material_unclear|blur_image|few_reviews,eva,semi,yes_somewhat,better_rating,5,4
A,"I want a liner that is genuinely odor-free and safe, and the AmazerBath is the only 100% EVA option that is BPA-free with a reinforced double-layer header, brass grommets and a weighted hem. The 4.5 stars across 4,000+ reviews gives me the evidence I need that it holds up and doesn't smell. At $18.99 it's more than the others, but for something I'll look at every day I'd rather pay once for quality than replace a cheap liner twice a year.",already_chosen,price_suspicious|brand|few_reviews,price_suspicious|brand|look,few_reviews|material|pack,transparency|few_reviews|look,availability|few_reviews|transparency,page1,page1,material,reviews,4,4,4,2,5,3,5,5,unavailable|no_price|low_rating|no_size|material_unclear|blur_image|no_bullets,eva,semi,yes_somewhat,nothing,4,4
C,"It is cheap, has the highest rating on the shelf (4.6 with nearly 1,000 reviews), and is a single liner with magnets and a weighted hem, which is exactly what I need. I don't care about fancy looks, but the blue wave design is pleasant enough.",price_too_high,few_reviews|brand,already_chosen,few_reviews|material,look|few_reviews|availability,availability|few_reviews|size,page2,page1,rating,price_value,4,4,3,2,4,4,5,4,unavailable|no_size|material_unclear|blur_image|low_rating,eva,semi,yes_somewhat,better_rating,5,4
C,"It's the best combination of price, evidence, and features for me: 4.6 stars across 974 reviews is solid social proof, and at $7.09 it's the cheapest option on the shelf while still offering the weighted magnets, anti-rust grommets, and odor-free EVA I want. The wave texture is a bit decorative for my taste, but the functional spec sheet checks every box I care about.",price_too_high|transparency,brand|few_reviews|look,already_chosen,few_reviews|material|pack,look|availability|few_reviews,availability|few_reviews|size,page2,page1,price_value,reviews,4,4,4,2,4,5,5,4,unavailable|no_price|no_size|material_unclear|low_rating|blur_image,eva,semi,yes_somewhat,better_function,5,4
C,"I want a liner that looks nice but doesn't cost much, and the LQFMEHOT at $7.09 has the best combination of a high rating (4.6) and a decent number of reviews (974) for the price. The Art-Deco wave pattern in blue is attractive without being loud, and it has the magnets and weighted hem I want for a liner that stays put.",price_too_high|look,look|rating,already_chosen,few_reviews|material,look|few_reviews|availability,availability|few_reviews,page2,page1,price_value,rating,4,4,3,2,4,5,4,4,unavailable|no_price|low_rating|few_reviews|no_size|material_unclear|blur_image,eva,semi,yes_somewhat,better_rating,5,4
C,"It has the highest rating among the well-reviewed options (4.6 stars, ~974 reviews) and the lowest price at $7.09, with magnets, a weighted hem, and a rust-proof header — exactly the functional features I look for. The Art-Deco wave look is a nice bonus without paying a premium.",price_too_high,look,already_chosen,few_reviews|material,look|availability,availability|few_reviews,page2,page1,reviews,price_value,4,5,4,2,4,5,5,4,unavailable|no_size|material_unclear|blur_image|few_reviews,eva,semi,yes_somewhat,better_rating,5,4
C,"It's the best combination of price, evidence, and features for me: at $7.09 it's the cheapest single liner, it has the highest rating on the shelf (4.6★) with a solid 974 reviews, and it still has the functional things I want — magnets at the hem, anti-rust grommets, odor-free EVA, and a waterproof wipe-clean surface. The blue wave pattern is also more interesting to look at than a plain clear liner.",price_too_high|brand|availability,look|rating,already_chosen,few_reviews|material|pack,look|rating|few_reviews|availability,availability|few_reviews,page2,page1,price_value,reviews,4,4,4,2,4,5,5,4,unavailable|no_price|low_rating|few_reviews|no_size|material_unclear|blur_image,eva,semi,yes_somewhat,better_function,5,4
C,"It has the highest rating (4.6) with a solid 974 reviews, comes in at the lowest price ($7.09), and includes the weighted magnets and rust-proof grommets I want. The EVA material being odor-free and easy to wipe down seals it for me.",price_too_high|brand,look|price_suspicious,already_chosen,few_reviews|material,look|review_concern,availability|few_reviews,page2,page1,rating,price_value,4,5,4,2,4,4,5,4,unavailable|no_price|low_rating|few_reviews|no_size|material_unclear,eva,semi,yes_somewhat,better_rating,5,4
B,"It's the best balance of price and proven quality for me — under $8 with magnets to hold it against the tub, and nearly 1,900 reviews at 4.4 stars gives me real confidence it holds up. The 3D cube texture looks nicer than a plain liner, and 70% EVA is a material I'm comfortable with.",price_too_high|availability,already_chosen,price_suspicious|brand|look,few_reviews|material|pack,look|few_reviews|availability,few_reviews|size,page2,page1,price_value,reviews,4,4,4,2,4,5,5,4,unavailable|low_rating|no_size|material_unclear|blur_image,eva,semi,yes_somewhat,better_function,5,4
C,"I picked C because it has the highest rating on the shelf (4.6★) with a solid review base near 1,000, a low $7.09 price, and the features I actually care about: EVA material that's odor-free, a weighted magnetic hem, and a rustproof header. The wave texture also reads as semi-transparent light-filtering rather than heavy blackout, which suits my small bathroom.",price_too_high|look,look|price_suspicious,already_chosen,few_reviews|pack,look|availability,availability|few_reviews|size,page2,page1,rating,price_value,4,5,4,2,4,4,5,4,unavailable|no_price|low_rating|few_reviews|no_size|material_unclear|blur_image,eva,semi,neutral,better_value,5,4
C,"It's the cheapest option at $7.09 and still has the strongest evidence behind it — 4.6 stars across 974 reviews, which is real social proof, not a handful of early listings. It also has the features I actually care about: EVA material, three heavy magnets at the hem, anti-rust grommets and a tear-proof header. I don't love the blue wave pattern, but for a liner nobody really looks at, function and a strong rating beat aesthetics.",price_too_high|availability,brand|few_reviews,already_chosen,few_reviews|material,transparency|availability|brand,availability|few_reviews,page2,page1,reviews,price_value,4,4,4,2,5,4,5,5,unavailable|no_price|low_rating|no_size|material_unclear|blur_image,eva,semi,yes_somewhat,better_function,5,4
B,"I want a simple, affordable liner with plenty of reviews and a magnet hem so it stays put. Option B is cheap at $7.19, has a solid 4.4★ from 1,872 reviews, and the blue 3D cube texture looks nicer than a plain clear sheet. EVA is odor-free and it's in stock, so there's no reason to pay more.",price_too_high|transparency|look,already_chosen,brand|price_suspicious,few_reviews|material|pack,look|few_reviews|availability,availability|few_reviews,page2,page1,price_value,reviews,4,4,3,2,4,5,5,4,unavailable|no_price|low_rating|few_reviews|no_size|material_unclear|blur_image,eva,semi,yes_somewhat,better_rating,5,4
C,"It has the highest rating (4.6) with a solid review count (974), a low price of $7.09, and the functional features I care about — 3 heavy magnets, weighted hem, and rust-resistant grommets. The EVA material is odor-free and waterproof, which fits my cautious approach to material safety at a price I'm comfortable with.",price_too_high,price_suspicious|look,already_chosen,few_reviews|rating,look|availability,availability|few_reviews,page2,page1,price_value,reviews,4,4,4,2,4,5,5,4,unavailable|no_price|few_reviews|no_size|material_unclear|blur_image,eva,semi,yes_somewhat,better_rating,5,4
C,"It's the cheapest single liner but still has 974 reviews at 4.6 stars, which is the strongest evidence of the bunch. EVA material, magnets at the bottom, and a reinforced header cover everything I actually need.",price_too_high|availability,look|price_suspicious,already_chosen,few_reviews|material,transparency|rating|availability,availability|few_reviews|size,page2,page1,price_value,reviews,4,5,4,2,4,5,5,4,unavailable|no_price|low_rating|no_size|material_unclear|blur_image,eva,semi,yes_somewhat,better_rating,5,4
C,"It's the cheapest single liner at $7.09 but still has 974 reviews at 4.6 stars — the best rating on the shelf with real evidence behind it. EVA, magnets, weighted hem, and a 72x72 standard size cover everything I actually need, so paying more for the others buys me nothing.",price_too_high|look,look|rating,already_chosen,few_reviews|pack|material,look|rating|availability,few_reviews|size,page2,page1,price_value,reviews,4,3,4,1,4,5,5,4,unavailable|no_price|no_size|material_unclear|blur_image,eva,semi,unlikely,better_rating,5,4
C,"It's the cheapest single liner at $7.09, has the highest rating on the shelf (4.6 stars) with a solid 974 reviews, and it's in stock with the features I want — magnets at the hem, metal grommets, and waterproof EVA. I just need a functional liner, so paying nearly $19 for option A makes no sense to me.",price_too_high|look,look|price_suspicious,already_chosen,few_reviews|pack,look|transparency,availability|few_reviews|size,page1,page1,price_value,reviews,4,4,3,1,4,5,5,4,unavailable|no_price|low_rating|few_reviews|no_size|material_unclear|blur_image,eva,semi,yes_somewhat,better_rating,5,4
A,"I want a liner that's odor-free and safe, and AmazerBath's EVA with 4,156 reviews at 4.5 stars gives me confidence it'll actually hold up. The weighted bottom and rustproof brass grommets matter since cheap liners tear and fly around. It costs more, but I'd rather pay $18.99 once than replace a flimsy one twice a year.",already_chosen,brand|look|few_reviews,brand|look|few_reviews,few_reviews|material|pack,look|few_reviews,availability|few_reviews|size,page2,page1,reviews,material,4,5,4,2,4,3,5,4,unavailable|no_price|low_rating|few_reviews|no_size|material_unclear|blur_image,eva,semi,yes_somewhat,better_function,4,4
A,"I'm retired and I've learned the hard way that cheap liners crack and get moldy within months. Option A has over 4,000 reviews at 4.5 stars, brass grommets, a weighted bottom, and BPA-free odor-free EVA — that's the kind of track record I trust. Nineteen bucks for something that lasts a few years is fine by me.",already_chosen,brand|price_suspicious|look,brand|price_suspicious|look|few_reviews,few_reviews|material|pack,few_reviews|look|brand,availability|few_reviews|size,page2,page1,reviews,material,4,4,4,2,4,4,5,5,unavailable|no_price|low_rating|few_reviews|no_size|material_unclear|blur_image,eva,semi,yes_somewhat,better_rating,4,4
B,"The jssablo Blue Cube is a solid middle-ground pick: it's cheap at $7.19, has 1,872 reviews at 4.4 stars so I trust it, and the EVA material plus 3 bottom magnets and weighted hem are exactly the functional stuff I want in a liner. The 3D blue cube texture also looks nicer than a plain clear sheet, so it wins on value and looks together.",price_too_high,already_chosen,look,few_reviews|material,look|availability,availability|few_reviews,page2,page1,price_value,reviews,4,4,4,2,4,5,5,4,unavailable|no_price|low_rating|no_size|material_unclear|blur_image|few_reviews,eva,semi,yes_somewhat,better_function,5,5
C,"I'm going with Option C, the LQFMEHOT EVA Blue Water-Wave liner at $7.09. It has the highest rating on the shelf (4.6 stars) with a solid 974 reviews, so I feel like I actually have real-world evidence it holds up, and it still checks every box I care about: EVA material that's odor-free, 3 heavy magnets at the hem to keep it against the tub, a tear-proof header with anti-rust metal buttons, and a pretty Art-Deco wave pattern in that gradient blue. At just over seven bucks it's also the cheapest option here, which for a liner I'll replace in a year or two feels like a genuinely smart buy rather than a compromise.",price_too_high|transparency,look,already_chosen,few_reviews|material|pack,look|transparency|availability,availability|few_reviews|size,page3,page2,rating,price_value,4,5,4,2,4,5,5,4,unavailable|no_price|low_rating|few_reviews|no_size|material_unclear|blur_image,eva,semi,yes_somewhat,better_rating,5,5
A,"I'm a cautious, analytical buyer and I'd rather pay a bit more for the option with a huge, reliable review base (4,156 reviews at 4.5★) and safety claims I can verify (BPA-free, odor-free, 100% EVA). The reinforced double-layered header, brass grommets, and weighted bottom stones address the durability and slipping issues that actually matter to me. The $18.99 price is the highest here, but it's still cheap enough that reliability wins over saving a few dollars.",already_chosen,price_suspicious|few_reviews|brand|transparency,price_suspicious|few_reviews|brand|look,few_reviews|material|brand|pack,rating|few_reviews|look|availability,few_reviews|size,page2,page1,reviews,material,4,4,4,2,4,4,5,5,unavailable|no_price|low_rating|few_reviews|no_size|material_unclear|blur_image|no_bullets,eva,semi,yes_somewhat,better_rating,4,4
A,"No persona-specific answer was produced, so a neutral answer was used.",already_chosen,already_chosen,already_chosen,already_chosen,already_chosen,already_chosen,page1,page1,price_value,price_value,3,3,3,3,3,3,3,3,unavailable,eva,fully_transparent,yes_strongly,lower_price,3,3
C,"It's the best mix of low price, solid rating with a decent review count, and features I actually want (3 heavy magnets, rust-proof grommets, weighted hem, odor-free EVA). At $7.09 with 4.6 stars and ~974 reviews it's the most evidence-backed cheap option, and I don't need a 2-pack or a luxury liner.",price_too_high|look,look|rating,already_chosen,few_reviews|pack,look|availability|few_reviews,availability|few_reviews|size,page2,page1,price_value,reviews,4,4,4,2,4,5,5,4,unavailable|no_price|low_rating|no_size|material_unclear|blur_image|no_bullets,eva,semi,unlikely,better_rating,5,4
A,"I want a liner I can trust and that looks nice in my bathroom — the AmazerBath has over 4,000 reviews at 4.5 stars, which tells me it holds up, and the emerald EVA with brass grommets and weighted stones looks far nicer than a plain cheap liner. At $18.99 it's more than the others, but for something I'll look at every day, I'd rather pay once for quality than replace a flimsy $7 liner twice a year.",already_chosen,price_suspicious|look|brand,price_suspicious|brand|few_reviews,few_reviews|material|look,look|transparency|availability,availability|few_reviews|size,page2,page1,reviews,material,4,5,4,2,4,3,5,5,unavailable|low_rating|no_size|material_unclear|blur_image,eva,semi,yes_somewhat,nothing,4,4
C,"It has the highest rating (4.6) with a solid review count (974), the lowest price ($7.09), and the features I want: magnets at the bottom to keep it against the tub, a tear-proof header with anti-rust grommets, and odor-free EVA. The blue water-wave design is a bonus I actually like.",price_too_high|availability,few_reviews|rating,already_chosen,few_reviews|material,look|few_reviews|availability,availability|few_reviews|size,page2,page1,price_value,reviews,4,5,4,2,5,5,5,4,unavailable|no_price|low_rating|few_reviews|no_size|material_unclear|blur_image,eva,semi,yes_somewhat,better_rating,5,4
C,"It has the highest rating on the shelf (4.6) with a solid review count (~974), which gives me real confidence, and the EVA material is odor-free and PVC-free, which matters to me. At $7.09 with magnets, weighted hem, and a rust-proof header, it's the best combination of evidence, safety, and value — the Art-Deco wave look is a nice bonus but not the deciding factor.",price_too_high|availability,price_suspicious|brand|rating,already_chosen,few_reviews|material|pack,look|rating|availability,availability|few_reviews,page2,page1,reviews,price_value,4,4,4,2,5,4,5,4,unavailable|no_price|low_rating|few_reviews|no_size|material_unclear,eva,semi,yes_somewhat,better_rating,5,4
C,"I want a liner that stays put and looks clean without spending much, and this one combines a 4.6-star rating with a solid review base at just $7.09. The EVA material is odor-free and PVC-free, the three heavy magnets keep it against the tub, and the blue water-wave texture is a nice subtle look for the guest bath.",price_too_high|availability,look,already_chosen,few_reviews|material,look|availability,availability|few_reviews,page2,page1,price_value,reviews,4,4,4,2,4,5,5,4,unavailable|no_price|no_size|material_unclear|blur_image,eva,semi,yes_somewhat,lower_price,5,4
C,"Highest rating (4.6 stars, ~974 reviews) at the lowest price ($7.09), with the weighted magnets and rust-proof grommets I want and a blue wave pattern that will look clean in my bathroom. It's a practical, well-reviewed liner at a fair price.",price_too_high|transparency,look|price_suspicious,already_chosen,few_reviews|material,look|availability,availability|few_reviews,page2,page1,price_value,rating,4,4,4,2,4,5,5,4,unavailable|no_price|low_rating|few_reviews|no_size|material_unclear|blur_image,eva,semi,yes_somewhat,better_rating,5,4
C,"It's the cheapest at $7.09 but still has the highest rating on the shelf (4.6★ with ~974 reviews — enough evidence to trust it), plus the magnets, weighted hem, and anti-rust grommets I want. The blue water-wave design looks decent and I don't need to pay $19 for a liner.",price_too_high,few_reviews,already_chosen,few_reviews|material,transparency|availability,availability|few_reviews,page2,page1,price_value,reviews,4,5,4,2,4,5,5,4,unavailable|no_price|low_rating|few_reviews|no_size|material_unclear|blur_image|no_bullets,eva,semi,yes_somewhat,better_function,5,4
C,"It's the cheapest single liner with the strongest evidence behind it — 4.6 stars across ~974 reviews, EVA material that's odor-free, and magnets plus a weighted hem so it actually stays against the tub. The gradient blue water-wave look is honestly cute and fits the vibe of my bathroom, and I don't need a 2-pack.",price_too_high|transparency|pack,look|rating,already_chosen,few_reviews|pack|material,look|rating|availability,availability|few_reviews|material,page2,page1,price_value,reviews,4,5,4,2,4,5,5,4,unavailable|no_price|low_rating|few_reviews|no_size|material_unclear|blur_image,eva,semi,yes_somewhat,better_value,5,4
E,"I want a plain, solid liner that does its job without a lot of fussy pattern or see-through nonsense. The Dependable Industries black EVA liner is PVC-free, has weighted magnets, and at $9.99 the price is reasonable — though I'm a bit wary it's a lesser-known brand with only 116 reviews.",price_too_high|look|transparency,price_suspicious|look|brand,price_suspicious|look|brand|few_reviews,few_reviews|material|pack,already_chosen,availability|few_reviews|size|transparency,page2,page1,price_value,reviews,4,4,3,2,4,5,4,4,unavailable|no_price|low_rating|few_reviews|no_size|material_unclear|blur_image,eva,blackout,neutral,better_rating,4,4
A,"I want a liner that actually looks good in a tidy bathroom, and the emerald semi-transparent EVA with brass grommets and weighted hem fits that. The 4.5 stars across 4,000+ reviews gives me more confidence than the cheap no-name options, and $18.99 is still reasonable for something I'll see every day.",already_chosen,brand|price_suspicious|look|few_reviews,brand|price_suspicious|look|material,few_reviews|material|look|pack,look|few_reviews|brand|availability,availability|few_reviews|look,page2,page1,reviews,appearance,4,5,4,2,4,4,5,4,unavailable|no_price|low_rating|few_reviews|no_size|material_unclear|blur_image,eva,semi,yes_somewhat,better_rating,4,4
C,"It has the highest rating (4.6 with a solid ~974 reviews) at the lowest price, plus magnets, weighted hem, and odor-free EVA. The Art-Deco wave look is a nice bonus that fits my bathroom's style.",price_too_high|look,look,already_chosen,few_reviews|material,look|rating,availability|few_reviews,page2,page1,rating,price_value,4,5,4,2,4,4,5,4,unavailable|no_price|low_rating|no_size|material_unclear|blur_image,eva,semi,yes_somewhat,nothing,5,4
C,"It has the best combination of a strong 4.6-star rating with a healthy 974 reviews, a low $7.09 price, and the weighted magnets plus rustproof grommets I want. The Art-Deco blue wave look is a nice bonus that fits my bathroom, and EVA being odor-free matters to me.",price_too_high|look,price_suspicious|brand,already_chosen,few_reviews|material,look|few_reviews,availability|few_reviews,page2,page1,price_value,rating,4,4,4,2,4,5,5,4,unavailable|no_price|low_rating|few_reviews|no_size|material_unclear|blur_image,eva,semi,yes_somewhat,better_value,5,4
B,"I want a reliable liner with strong evidence behind it, and B has a solid 4.4★ rating with 1,872 reviews plus the 3D cube texture gives it a more premium look than plain liners. It has the magnets and weighted hem I want, it's in stock, and at $7.19 it's excellent value without being suspiciously cheap.",price_too_high|availability,already_chosen,look|brand,few_reviews|material,look|review_concern,availability|few_reviews|size,page2,page1,reviews,price_value,4,5,4,2,4,4,5,4,unavailable|low_rating|few_reviews|no_size|material_unclear|blur_image,eva,semi,yes_somewhat,better_rating,5,4
B,"It costs about $7 with a solid 4.4★ from nearly 1,900 reviews, so there's enough evidence that it actually holds up. I want a weighted hem and magnets to keep the liner against the tub, and it has those plus a decent 3D look without paying the $18.99 premium.",price_too_high,already_chosen,brand|review_concern,few_reviews|material,look|review_concern,availability,page2,page1,reviews,price_value,4,5,4,2,4,4,5,4,unavailable|no_price|low_rating|few_reviews|material_unclear|blur_image,eva,semi,neutral,better_rating,5,4
A,"I want a liner that's genuinely odor-free and safe, and the AmazerBath has by far the strongest track record with over 4,000 reviews at 4.5 stars. The brass grommets, reinforced header, and weighted hem sound like they'll actually hold up. I'd rather pay a bit more once than replace a flimsy liner twice.",already_chosen,price_suspicious|brand|look,price_suspicious|brand|look,few_reviews|material|pack,look|few_reviews|availability,availability|few_reviews|transparency,page2,page1,reviews,material,4,4,4,2,4,3,5,4,unavailable|no_price|no_size|material_unclear|blur_image,eva,semi,yes_somewhat,better_rating,4,4
C,"It has the highest rating (4.6★) with a solid review count (~974), a low price of $7.09, and all the functional features I want: EVA material, 3 heavy magnets, and a tear-proof header. The Art-Deco wave pattern is a nice touch without being over the top.",price_too_high,rating,already_chosen,few_reviews,look|few_reviews,availability|few_reviews|info_incomplete,page2,page1,rating,price_value,4,4,4,2,4,5,5,4,unavailable|no_price|low_rating|few_reviews|material_unclear|blur_image|no_bullets,eva,semi,yes_somewhat,better_rating,5,4
B,"I want a liner that stays put against the tub, and the jssablo has 3 magnets, a weighted hem, and a 72x72 fit at a very low price. The 4.4-star rating with 1,872 reviews gives me enough confidence, and the blue 3D cube texture looks nicer than a plain clear liner without costing much.",price_too_high|look,already_chosen,brand|review_concern,few_reviews|material,look|few_reviews,availability|few_reviews,page2,page1,price_value,magnet,4,4,4,2,4,5,4,4,unavailable|no_price|low_rating|no_size|material_unclear|blur_image,eva,semi,yes_somewhat,better_function,5,5
C,"It has the highest rating (4.6) with a solid review count (974), the lowest price at $7.09, and the features I actually care about: magnets at the hem, rust-proof grommets, waterproof EVA, and easy wipe-clean care. The wave texture is fine — I care more about function and value than looks.",price_too_high|look,look|brand,already_chosen,few_reviews|material,look|availability,availability|few_reviews,page2,page1,price_value,reviews,3,3,4,1,4,5,5,4,unavailable|no_price|low_rating|few_reviews|no_size|material_unclear|blur_image|no_bullets,eva,semi,unlikely,nothing,5,4
A,"I want a liner that will actually last and not feel flimsy, and the AmazerBath has by far the strongest track record with 4,156 reviews at 4.5 stars, which I trust more than a handful of reviews. The soft-touch EVA, brass grommets, weighted hem, and BPA-free/odor-free claims cover everything I care about, and $18.99 is a fair price for something I'll use every day. The emerald semi-transparent look also suits my bright bathroom.",already_chosen,price_suspicious|brand|few_reviews|look,price_suspicious|brand|few_reviews|look,few_reviews|material|brand|pack,look|rating|few_reviews|availability,availability|few_reviews|size|material,page2,page1,reviews,material,4,5,4,2,4,4,5,5,unavailable|no_price|low_rating|few_reviews|no_size|material_unclear|blur_image,eva,semi,yes_somewhat,better_rating,5,5
B,"It's cheap enough that I won't feel bad replacing it, has a solid 4.4 rating with nearly 1,900 reviews, and the 3D cube texture plus magnets means it actually stays put against the tub. I'm a practical shopper and this covers the basics without overthinking it.",price_too_high,already_chosen,brand|few_reviews,few_reviews|material,look|availability,availability|few_reviews,page2,page1,price_value,reviews,3,4,3,2,3,5,4,3,unavailable|no_price|low_rating|blur_image,eva,semi,yes_somewhat,lower_price,5,4
A,"I want a liner that looks nice in our guest bath and won't smell like chemicals, so the odor-free BPA-free EVA and the soft emerald look sold me. The 4.5 stars across 4,000+ reviews makes me feel safe spending a bit more, and the weighted bottom plus brass grommets should hold up with kids splashing around.",already_chosen,price_suspicious|brand|material,brand|few_reviews|look,few_reviews|material|look,look|few_reviews|availability,availability|few_reviews,page2,page1,material,reviews,4,5,4,3,4,4,5,4,unavailable|no_price|low_rating|few_reviews|no_size|material_unclear|blur_image,eva,semi,yes_somewhat,better_rating,4,4
C,"It has the highest rating (4.6) among the well-reviewed options, a low price of $7.09, and it includes the weighted magnets and rust-proof grommets I want for a liner that stays put and lasts. The wave pattern is subtle enough to look clean and modern without being loud.",price_too_high|look,look|price_suspicious,already_chosen,few_reviews|material,look|availability,availability|few_reviews,page2,page1,rating,price_value,4,4,4,2,4,4,5,4,unavailable|no_price|low_rating|few_reviews|no_size|material_unclear|blur_image,eva,semi,yes_somewhat,better_rating,5,4
C,"It's the cheapest single liner at $7.09 with the highest rating (4.6★) and a solid review count (974), so I get good evidence it actually works. The EVA material is odor-free and the weighted magnets plus rust-proof grommets cover everything I need, and I like the blue water-wave look for my bathroom.",price_too_high,look,already_chosen,few_reviews|pack|material,look|few_reviews,availability|few_reviews,page2,page1,rating,price_value,4,5,4,2,4,5,5,4,unavailable|no_price|low_rating|few_reviews|no_size|material_unclear|blur_image,eva,semi,yes_somewhat,better_function,5,4
C,"It's the cheapest option at $7.09 but still has the strongest rating on the shelf (4.6 with ~974 reviews), which tells me real buyers were satisfied. EVA material, magnets at the bottom, and a weighted hem cover the functional basics I actually need.",price_too_high|look|availability,rating|brand|look,already_chosen,few_reviews|material|pack,look|rating|availability,few_reviews|size,page2,page1,rating,price_value,4,4,3,2,4,5,5,4,unavailable|no_price|low_rating|few_reviews|no_size|material_unclear|blur_image,eva,semi,unlikely,better_function,5,4
C,"It's the cheapest at $7.09 but still has a strong 4.6-star rating with nearly 1,000 reviews, plus the magnets and weighted hem I want. The Art-Deco wave look is a nice bonus without paying a premium.",price_too_high,look,already_chosen,few_reviews|material,look,availability|few_reviews,page2,page1,price_value,reviews,4,4,3,2,4,5,4,3,unavailable|no_price|low_rating|few_reviews|material_unclear,eva,semi,yes_somewhat,lower_price,5,4
C,"The LQFMEHOT offers the best combination of value and evidence: at $7.09 it's the cheapest single liner here, yet it has a strong 4.6★ rating across 974 reviews, which is enough data to trust. The Art-Deco blue wave look appeals to me, and it has the functional features I want (3 heavy magnets, tear-proof header, anti-rust grommets, odor-free EVA) at a price that makes it a low-risk buy.",price_too_high,rating,already_chosen,few_reviews|material,few_reviews,availability|few_reviews|size,page2,page1,rating,price_value,4,5,4,2,4,5,5,4,unavailable|no_price|low_rating|no_size|material_unclear|blur_image,eva,semi,yes_somewhat,better_rating,5,4
A,"I want a liner that's proven and won't give me trouble, and this one has the strongest review base (4.5 stars, 4,156 reviews) plus a weighted hem, rustproof brass grommets, and BPA-free EVA that's odor-free. The price is higher, but at my age I'd rather pay once for something reliable than replace a cheap liner every few months.",already_chosen,price_suspicious|brand|look,price_suspicious|brand|few_reviews,few_reviews|pack|material,look|transparency|few_reviews,availability|few_reviews,page2,page1,reviews,material,4,4,4,2,4,4,5,5,unavailable|no_price|low_rating|few_reviews|no_size|material_unclear|blur_image,eva,semi,yes_somewhat,better_rating,4,4
B,"The jssablo Blue Cube liner hits the sweet spot for me: it's the cheapest in-stock option with a strong 4.4★ rating across nearly 1,900 reviews, so I trust it. The 3D cube texture looks nicer than a plain liner, and the 3 magnets at the weighted hem are exactly the feature I want so it stays against the tub. EVA material that's odor-free and wipe-clean seals it for me.",price_too_high|look,already_chosen,price_suspicious|brand|look,few_reviews|pack|material,look|rating|availability,availability|few_reviews|info_incomplete,page2,page1,price_value,magnet,4,4,4,2,4,5,5,4,unavailable|no_price|low_rating|no_size|material_unclear|blur_image|no_bullets,eva,semi,yes_somewhat,better_function,5,4
B,"I want a liner with a real weighted hem and magnets that keep it against the tub, and Option B has 3 magnets plus 12 metal grommets at a very fair $7.19. Its 4.4 stars across 1,872 reviews gives me solid evidence it holds up, and the blue 3D cube look is attractive without being too plain or too busy. EVA material that's odor-free and wipe-clean matters to me for a bathroom item.",price_too_high|availability,already_chosen,brand|few_reviews,few_reviews|material|pack,look|availability|few_reviews,availability|few_reviews|price_suspicious,page2,page1,magnet,reviews,4,4,4,2,4,4,5,4,unavailable|no_price|low_rating|few_reviews|material_unclear|blur_image|no_size,eva,semi,yes_somewhat,better_rating,5,4
A,"I want a liner that's odor-free and safe (BPA-free EVA), and option A has by far the most reviews (4,156 at 4.5 stars) so I trust it. The weighted bottom and reinforced header matter to me, and $18.99 is fine for something I'll use daily.",already_chosen,brand|review_concern|look,brand|few_reviews,few_reviews|material|pack,look|few_reviews,availability|few_reviews,page2,page1,material,reviews,4,5,4,2,5,4,5,5,unavailable|no_price|low_rating|no_size|material_unclear|blur_image,eva,semi,yes_somewhat,better_rating,4,4
C,"It has the highest rating (4.6★) with a solid 974 reviews, so there's real evidence behind it, and at $7.09 it's the cheapest option with the magnets and weighted hem I want. The wave texture looks nice without being loud, and it's in stock.",price_too_high|brand|transparency,look|price_suspicious,already_chosen,few_reviews|material|pack,look|few_reviews,availability|few_reviews|size,page2,page1,rating,price_value,4,4,3,2,4,5,5,4,unavailable|no_price|low_rating|few_reviews|no_size|material_unclear|blur_image,eva,semi,unlikely,better_rating,5,4
C,"I want a liner that is genuinely waterproof with magnets to hold it against the tub, and C has the strongest review evidence among the low-cost options (4.6 stars, 974 reviews). The Art-Deco wave pattern is tasteful without being loud, and at $7.09 it is an easy, low-risk purchase.",price_too_high|look,look|brand,already_chosen,few_reviews|pack,look|availability,availability|few_reviews|size,page2,page1,reviews,price_value,4,4,4,2,4,4,5,4,unavailable|no_price|no_size|material_unclear|blur_image,eva,semi,yes_somewhat,better_rating,5,4
C,"I want a good-looking liner at a sensible price with solid review evidence. Option C has the highest rating (4.6) among the well-reviewed liners, a nice Art-Deco wave pattern I'd enjoy, magnets and a weighted hem, and it's only $7.09.",price_too_high,look,already_chosen,few_reviews|material,look|transparency,availability|few_reviews,page2,page1,price_value,rating,4,5,4,2,4,5,5,4,unavailable|no_price|low_rating|few_reviews|no_size|material_unclear|blur_image,eva,semi,yes_somewhat,better_rating,5,4
C,"I want a safe, odor-free EVA liner that stays put and will last, and Option C gives me that at a low price. Its 4.6-star rating with nearly 1,000 reviews feels reliable, and the weighted magnets and anti-rust grommets cover the functional needs I care about.",price_too_high,brand|few_reviews,already_chosen,few_reviews|material,look|few_reviews,availability|few_reviews,page2,page1,price_value,rating,4,5,4,2,4,5,5,4,unavailable|no_price|low_rating|few_reviews|no_size|material_unclear|blur_image|no_bullets,eva,semi,yes_somewhat,better_rating,5,4
C,"It has the highest rating (4.6) among options with a meaningful review base (974 reviews), a low $7.09 price, EVA material that's odor-free, and the weighted magnets plus reinforced header I want. The Art-Deco wave look is fine for a liner, and it's in stock with a clear 72x72 size.",price_too_high,price_suspicious|rating,already_chosen,few_reviews,look|few_reviews,availability,page2,page1,reviews,price_value,4,4,3,2,4,4,5,4,unavailable|no_price|low_rating|few_reviews|no_size|material_unclear|blur_image,eva,semi,yes_somewhat,better_rating,5,4
C,"Best combination of price, evidence, and features for me: $7.09 with a 4.6★ rating from 974 reviews, plus the magnets and weighted hem I want so it stays against the tub. EVA, odor-free, and a tear-proof header at a throwaway price — I'd rather spend little on a liner and replace it when it gets grimy.",price_too_high,price_suspicious|look,already_chosen,few_reviews|material,look|availability,availability|few_reviews,page2,page1,price_value,reviews,4,4,4,2,4,5,5,4,unavailable|no_price|low_rating|few_reviews|no_size|material_unclear|blur_image,eva,semi,yes_somewhat,better_rating,5,4
C,"It has the highest rating on the shelf (4.6 with almost 1,000 reviews) at the lowest price, and it's actually in stock. It also has the magnets and weighted hem I want so the liner stays against the tub, plus it's odor-free EVA.",price_too_high|availability,look,already_chosen,few_reviews|material,look|few_reviews,availability|few_reviews,page2,page1,price_value,reviews,4,5,4,2,4,5,5,4,unavailable|no_price|low_rating|few_reviews|no_size|material_unclear|blur_image,eva,semi,yes_somewhat,better_rating,5,4
C,"I want a low-cost, odor-free EVA liner with magnets to hold it against the tub, and Option C checks every box at the lowest price on the shelf. Its 4.6★ rating with nearly 1,000 reviews gives me enough evidence it will actually perform, and the Art-Deco wave look is a nice bonus without costing extra.",price_too_high|look|availability,price_suspicious|few_reviews|brand|look,already_chosen,few_reviews|material|rating|pack,look|few_reviews|availability|transparency,availability|few_reviews|size,page2,page1,price_value,reviews,4,4,4,2,4,5,5,4,unavailable|no_price|low_rating|few_reviews|material_unclear|blur_image,eva,semi,yes_somewhat,lower_price,5,5
C,"It's the cheapest single liner at $7.09 and has the best rating among the affordable options (4.6 stars, ~974 reviews). It has the features I actually care about — magnets at the hem, rust-proof grommets, odor-free EVA, and a light-filtering blue gradient that won't make the bathroom feel dark.",price_too_high|availability,look,already_chosen,few_reviews|material,look|few_reviews,availability|few_reviews,page2,page1,price_value,reviews,4,4,3,2,4,5,4,4,unavailable|no_price|no_size|material_unclear|blur_image,eva,semi,yes_somewhat,better_rating,5,4
C,"I'm on a fixed budget and this one is the cheapest at $7.09 with the highest rating (4.6 stars) and nearly a thousand reviews, so there's real evidence behind it. It has the magnets and weighted hem I want so it stays against the tub, and the wave pattern is pretty without being fussy.",price_too_high|look,look|price_suspicious,already_chosen,few_reviews|material,look|availability,few_reviews,page2,page1,reviews,price_value,4,4,4,2,4,5,5,4,unavailable|no_price|few_reviews|no_size|material_unclear|blur_image,eva,semi,yes_somewhat,better_rating,5,4
B,"The jssablo Blue Cube liner hits my sweet spot: great value at $7.19, a solid 4.4★ with nearly 1,900 reviews for reliability, and it has the 3 magnets and weighted hem I want so it stays against the tub. The 3D cube texture looks nicer than a plain liner, and EVA being odor-free/BPA-conscious matters to me as a student on a budget.",price_too_high|transparency,already_chosen,price_suspicious|brand,few_reviews|material,look|availability,availability|few_reviews,page2,page1,price_value,reviews,4,4,4,2,4,5,5,4,unavailable|no_size|material_unclear|blur_image,eva,semi,yes_somewhat,lower_price,5,5
C,"I picked the LQFMEHOT because it's the cheapest option at $7.09 but still has the strongest review evidence of the budget picks — 4.6 stars with nearly a thousand reviews, which feels like real proof. The blue water-wave pattern is pretty and light-filtering, and it has the three heavy magnets at the bottom so it won't billow against my legs, plus odor-free EVA which matters to me because I don't want that plasticky smell in a small bathroom.",price_too_high,price_suspicious,already_chosen,few_reviews|material,look|availability,availability|few_reviews|size,page2,page1,reviews,price_value,4,5,4,2,4,5,5,4,unavailable|no_price|few_reviews|no_size|material_unclear|blur_image,eva,semi,yes_somewhat,better_rating,5,4
C,"It has the highest rating (4.6) with a solid 974 reviews, and it's the cheapest option at $7.09 while still offering the features I care about — EVA material, 3 heavy magnets at the hem, anti-rust grommets, and a waterproof quick-dry surface. The Art-Deco wave look is a nice bonus for a liner I'll see every day.",price_too_high|availability|transparency,price_suspicious|look,already_chosen,few_reviews|material|look,transparency|look|availability,availability|few_reviews|size,page2,page1,rating,price_value,4,4,4,2,4,5,5,4,unavailable|no_price|low_rating|few_reviews|no_size|material_unclear|blur_image,eva,semi,yes_somewhat,better_rating,5,4
B,"It's the best balance of low price and proven quality: 4.4 stars from 1,872 reviews is solid evidence, and it has the features I actually care about — EVA material, 12 metal grommets, and 3 bottom magnets to hold it against the tub. The blue 3D cube texture also looks nicer than a plain clear liner, and at $7.19 it's an easy, low-risk purchase.",price_too_high|look|availability,already_chosen,price_suspicious|brand|look,few_reviews|material|pack,look|few_reviews|availability,availability|few_reviews,page2,page1,price_value,reviews,4,5,4,2,4,5,5,4,unavailable|no_price|low_rating|no_size|material_unclear|blur_image,eva,semi,yes_somewhat,better_function,5,4
C,"I want an inexpensive, odor-free EVA liner with magnets and a weighted hem, and option C has the highest rating (4.6) plus nearly a thousand reviews at the lowest price ($7.09). The Art-Deco wave look is a nice bonus but the real draw is proven reliability at a low cost.",price_too_high|look|brand,look|brand|rating,already_chosen,few_reviews|material|brand,look|transparency|availability,availability|few_reviews|size,page2,page1,reviews,price_value,4,4,4,2,4,5,5,4,unavailable|no_price|low_rating|few_reviews|no_size|material_unclear|blur_image|no_bullets,eva,semi,yes_somewhat,better_rating,5,4
C,"It has the highest rating (4.6) with a solid review count (974), which reassures me about reliability, and at $7.09 it's excellent value. The Art-Deco water-wave look is attractive, and it has the features I want: magnets at the bottom, anti-rust grommets, and odor-free EVA.",price_too_high,few_reviews,already_chosen,few_reviews|material,look|availability,availability|few_reviews,page2,page1,price_value,rating,4,5,4,2,4,5,5,4,unavailable|no_price|low_rating|no_size|material_unclear|blur_image,eva,semi,yes_somewhat,better_function,5,5
C,"I want a liner that looks nice, stays put, and doesn't cost much. The LQFMEHOT has the best rating (4.6) with a decent review count, magnets and a weighted hem, and it's the cheapest at $7.09.",price_too_high,look,already_chosen,few_reviews|pack,look|availability,availability|few_reviews,page2,page1,rating,price_value,4,5,4,2,4,4,5,4,unavailable|no_size|material_unclear|blur_image,eva,semi,yes_somewhat,better_rating,5,4
C,"I want a cheap, no-nonsense liner that stays put and the LQFMEHOT has the best rating of the affordable ones (4.6 stars, close to 1,000 reviews) plus three heavy magnets at the bottom. The blue water-wave pattern is pretty without being fussy, and at $7.09 I can replace it whenever it gets grimy.",price_too_high|availability,look|brand,already_chosen,few_reviews|material,look|few_reviews,availability|few_reviews,page2,page1,price_value,reviews,4,4,3,1,4,5,4,3,unavailable|no_price|few_reviews|no_size|material_unclear|blur_image,eva,semi,yes_somewhat,lower_price,5,4
C,"Best combo of low price and strong evidence — 4.6 stars with ~1,000 reviews, plus the magnets and weighted hem I want. The Art-Deco blue wave look is nice without being loud, and it's in stock right now.",price_too_high|availability,price_suspicious|look,already_chosen,few_reviews|material,look|rating|availability,few_reviews,page2,page1,reviews,price_value,4,4,4,2,4,5,5,4,unavailable|no_price|low_rating|few_reviews|no_size|material_unclear,eva,semi,yes_somewhat,better_rating,5,4
A,"I want a liner that's odor-free and BPA-free since it hangs in a steamy enclosed space, and the AmazerBath's 4.5 stars across 4,156 reviews gives me the confidence the others lack. The weighted hem keeps it from billowing, and I'd rather pay $18.99 once for a liner that lasts than gamble on a $7 no-name.",already_chosen,price_suspicious|brand|look,price_suspicious|brand|look,few_reviews|material|look,look|transparency|rating,availability|few_reviews,page2,page1,material,reviews,4,4,4,2,4,4,5,5,unavailable|no_price|no_size|material_unclear|blur_image,eva,semi,yes_somewhat,better_function,4,4
C,"It's the cheapest option but still has the strongest evidence base — 4.6 stars across 974 reviews — plus the features I actually care about: EVA material, 3 magnets at the hem, and a rust-resistant header. The blue water-wave gradient also looks nice enough that I won't mind seeing it every day.",price_too_high,look|rating,already_chosen,few_reviews|pack,look|availability,availability|few_reviews,page2,page1,reviews,price_value,4,4,4,2,4,5,5,4,unavailable|no_price|low_rating|few_reviews|material_unclear|blur_image,eva,semi,yes_somewhat,better_rating,5,4
C,"The LQFMEHOT liner hits the sweet spot for me: at $7.09 it's the cheapest option with a strong 4.6★ rating and nearly 1,000 reviews, so I'm not gambling on an unknown. It has the features I actually care about — EVA material (odor-free, no PVC worries), 3 heavy magnets to keep it against the tub, and a weighted hem. The Art-Deco blue wave texture looks nicer than a plain clear liner without being loud.",price_too_high|transparency|availability,price_suspicious|look|brand,already_chosen,few_reviews|material|pack,look|few_reviews,availability|few_reviews,page2,page1,price_value,reviews,4,4,4,2,4,5,5,4,unavailable|no_price|low_rating|no_size|material_unclear|blur_image,eva,semi,yes_somewhat,better_function,5,4
C,"It's the best combination of price, rating, and features for me. The 4.6-star rating with nearly 1,000 reviews feels trustworthy, the magnets and weighted hem keep it in place, and at $7.09 it's a great value for a single liner.",price_too_high,look,already_chosen,few_reviews|look,look|few_reviews,availability|few_reviews|size,page2,page1,price_value,reviews,4,5,4,2,4,5,4,4,unavailable|no_price|low_rating|few_reviews|no_size|material_unclear|blur_image,eva,semi,yes_somewhat,better_rating,5,4
C,"I picked C because it's the cheapest option at $7.09, has the highest rating (4.6★) among the affordable liners, and still includes the functional features I care about like magnets, a weighted hem, and waterproof EVA. The blue water-wave design looks clean and modern without being plain, and 974 reviews gives me enough confidence it's reliable.",price_too_high,look,already_chosen,few_reviews,look|availability,few_reviews,page2,page1,price_value,rating,4,4,4,2,4,5,4,4,unavailable|no_price|low_rating|few_reviews|no_size|material_unclear|blur_image,eva,semi,yes_somewhat,nothing,5,5
C,"It's the best combination of a strong, well-reviewed liner at a low price. 4.6 stars across nearly a thousand reviews gives me real confidence, and the magnets plus weighted hem, tear-proof header and anti-rust grommets are exactly the functional details I look for. The Art-Deco blue wave look is a nice bonus at $7.09.",price_too_high,look,already_chosen,few_reviews|material,look|rating,availability|few_reviews,page2,page1,price_value,reviews,4,4,4,2,4,5,5,4,unavailable|no_price|low_rating|few_reviews|no_size|material_unclear|blur_image|no_bullets,eva,semi,yes_somewhat,better_function,5,4
A,"I want an odor-free EVA liner that doesn't feel flimsy, and the AmazerBath has the strongest track record here — 4.5 stars across 4,156 reviews. The emerald-green semi-transparent look is pretty without being loud, and the brass grommets and weighted bottom sound like they'll actually hold up. I'd rather pay a bit more once than replace a cheap liner every few months.",already_chosen,price_suspicious|look|brand|rating,price_suspicious|look|brand|few_reviews,few_reviews|material|brand|pack,look|rating|brand|availability,availability|few_reviews|material|size,page2,page1,reviews,material,4,4,4,2,4,4,5,5,unavailable|no_price|low_rating|few_reviews|material_unclear|blur_image,eva,semi,yes_somewhat,better_rating,4,4
A,"As a nurse with 20+ years in healthcare, I know EVA liners that are BPA-free and odor-free are the safest choice, and I've seen too many cheap liners off-gas and grow mildew. The AmazerBath has 4,156 reviews at 4.5 stars, brass grommets that won't rust, and a weighted bottom — that track record is worth the extra $11. The emerald green semi-transparent look also fits my bathroom better than the bright blue gradients.",already_chosen,price_suspicious|look|brand|material,price_suspicious|look|brand|few_reviews,few_reviews|material|brand|pack,few_reviews|look|brand|availability,availability|few_reviews|brand,page2,page1,reviews,material,4,4,4,2,4,3,5,4,unavailable|no_price|low_rating|few_reviews|no_size|material_unclear|blur_image,eva,semi,yes_somewhat,better_rating,4,4
C,"It's the cheapest single liner at $7.09, has the highest rating (4.6) with a solid ~974 reviews, and includes the magnets plus weighted hem I want. The Art-Deco water-wave look is a nice bonus without paying a premium.",price_too_high|look,look,already_chosen,few_reviews|pack,look|availability,availability|few_reviews|size,page2,page1,price_value,reviews,4,4,4,2,4,5,5,3,unavailable|no_price|low_rating|no_size|material_unclear|blur_image,eva,semi,yes_somewhat,lower_price,5,4
B,"It's the best balance of price and evidence: a very low $7.19 with a solid 4.4★ across 1,872 reviews, so I'm not gambling on an unknown listing. The 3D cube texture gives it a nicer look than a plain liner, and it has the magnets and weighted hem I want so it stays against the tub.",price_too_high|availability,already_chosen,brand|price_suspicious,few_reviews,look|availability,availability|few_reviews,page2,page1,price_value,reviews,4,4,3,2,4,5,4,4,unavailable|no_price|low_rating|few_reviews|no_size|material_unclear|blur_image,eva,semi,yes_somewhat,better_rating,5,4
C,"It's the cheapest single liner at $7.09, has the highest rating on the shelf (4.6 with ~974 reviews), and includes the weighted magnets I want so it stays against the tub. I'm skeptical of brand names and don't need to pay $19 for a liner I'll replace in a year.",price_too_high,look,already_chosen,few_reviews|pack,look|transparency,availability|few_reviews,page2,page1,price_value,reviews,4,4,4,2,4,5,5,3,unavailable|no_price|few_reviews|no_size|material_unclear|blur_image,eva,semi,unlikely,lower_price,5,4
B,"I want a cheap, low-commitment liner that's still well-reviewed and actually in stock. The jssablo at $7.19 has a 4.4 rating across 1,872 reviews, uses 70% EVA (which I prefer over PVC), and has the bottom magnets I want so it stays against the tub.",price_too_high,already_chosen,price_suspicious|brand,few_reviews|material|pack,few_reviews,availability|few_reviews,page2,page1,price_value,reviews,4,4,4,2,4,5,4,4,unavailable|no_price|low_rating|no_size|material_unclear|blur_image,eva,semi,yes_somewhat,better_function,5,4
B,"I want a good value liner that looks nice and actually stays put against the tub. Option B gives me a 3D cube texture that looks premium, magnets at the hem, and a solid 4.4★ from nearly 1,900 reviews — all for $7.19, which is a fair price for something I'll replace periodically.",price_too_high|look,already_chosen,brand|few_reviews|look,few_reviews|material|pack,look|availability|few_reviews,availability|few_reviews,page2,page1,price_value,reviews,4,4,4,2,5,5,5,4,unavailable|no_price|no_size|material_unclear|blur_image|few_reviews,eva,semi,yes_somewhat,better_rating,5,4
C,"It has the best combination of a high rating (4.6), nearly 1,000 reviews, a low $7.09 price, and the features I want: magnets at the bottom, a tear-proof header, and odor-free EVA. I'm not paying $18.99 for a liner, and I won't gamble on listings with only 10-16 reviews.",price_too_high|look,price_suspicious|look|brand,already_chosen,few_reviews|material|brand,look|few_reviews|availability,few_reviews,page2,page1,reviews,price_value,4,5,4,2,4,5,5,4,unavailable|no_price|low_rating|few_reviews|no_size|material_unclear|blur_image|no_bullets|brand_unfamiliar,eva,semi,yes_somewhat,better_rating,5,4
B,"I want a liner that stays put against the tub and cleans up easily, and B has three magnets at the hem plus a wipe-and-rinse surface. With 1,872 reviews at 4.4★ it has enough of a track record to trust, and at $7.19 it's a low-risk buy for something I replace fairly often.",price_too_high|availability,already_chosen,brand|few_reviews,few_reviews|material|pack,look|few_reviews,availability|few_reviews|size,page2,page1,reviews,price_value,4,4,4,2,4,4,5,4,unavailable|no_size|material_unclear|low_rating|blur_image,eva,semi,yes_somewhat,better_function,5,4
C,"Great price at $7.09 with the highest rating on the shelf (4.6 stars, ~974 reviews), so I trust it. It has the weighted magnets and rust-proof grommets I want, and the blue wave look is nice without being too dark.",price_too_high|transparency,look,already_chosen,few_reviews|material,look|availability,availability|few_reviews|size,page2,page1,price_value,reviews,4,5,4,2,4,5,5,4,unavailable|no_price|no_size|material_unclear|blur_image,eva,semi,yes_somewhat,better_value,5,5
C,"It has the highest rating on the shelf (4.6 with nearly 1,000 reviews), which gives me confidence, and the price is low. It checks every practical box I care about — EVA material, waterproof, magnets at the hem, rust-proof grommets — and the blue water-wave pattern will look nice in my bathroom.",price_too_high|transparency,look|rating,already_chosen,few_reviews|material|pack,look|few_reviews|availability,availability|few_reviews|size,page2,page1,rating,price_value,4,4,4,2,4,4,5,4,unavailable|no_price|low_rating|few_reviews|no_size|material_unclear|blur_image,eva,semi,yes_somewhat,better_rating,5,4
A,"I want a liner that will actually last and not off-gas in a steamy bathroom, and the AmazerBath's soft-touch EVA with brass grommets and weighted hem plus 4,000+ reviews at 4.5 stars gives me the most confidence. The emerald-green semi-transparent look is a bonus over the plain cheap ones, and $18.99 is fine for something I'll keep for years.",already_chosen,price_suspicious|brand|rating,price_suspicious|brand|few_reviews,few_reviews|material|brand,look|transparency|availability,availability|few_reviews|size,page2,page1,reviews,material,4,4,4,2,4,4,5,5,unavailable|no_price|low_rating|few_reviews|no_size|material_unclear|blur_image,eva,semi,yes_somewhat,better_rating,5,4
B,"I want a liner that stays put against the tub, and this one has the magnets plus a weighted hem I'm looking for. The price is low, the EVA material is the healthier choice, and with nearly 1,900 reviews at 4.4 stars I have enough evidence it's a solid buy.",price_too_high|look,already_chosen,brand|few_reviews,few_reviews|material|pack,look|few_reviews,availability|few_reviews|size,page2,page1,reviews,magnet,4,4,4,2,4,4,5,4,unavailable|no_price|low_rating|few_reviews|no_size|material_unclear|blur_image,eva,semi,yes_somewhat,better_rating,5,4
C,"It has the highest rating (4.6) with a solid review base near 1,000, and at $7.09 it's the cheapest option while still offering the features I care about — EVA material, 3 heavy magnets, and a tear-proof header. The Art-Deco wave look is a nice bonus without paying a premium.",price_too_high|look,look|rating,already_chosen,few_reviews|material,look|rating,availability|few_reviews,page2,page1,price_value,reviews,4,4,4,2,4,5,4,4,unavailable|no_price|low_rating|no_size|material_unclear|blur_image,eva,semi,yes_somewhat,better_function,5,4
C,"Best combination of low price ($7.09), highest rating (4.6 with 974 reviews), and the features I want — magnets at the bottom, weighted hem, and rust-proof grommets. It's in stock and EVA is odor-free and easy to wipe clean.",price_too_high|availability,look,already_chosen,few_reviews|material,look|availability,availability|few_reviews,page2,page1,price_value,reviews,4,4,4,2,4,5,5,4,unavailable|no_price|low_rating|few_reviews|no_size|material_unclear|blur_image,eva,semi,yes_somewhat,better_rating,5,5
B,"The jssablo Blue Cube 3D liner hits the best balance for me: it's cheap at $7.19, has a solid 4.4★ from nearly 1,900 reviews, is in stock, and includes magnets at the bottom plus a weighted hem. The 3D cube texture and gradient blue look modern without being plain, and EVA is odor-free and safe.",price_too_high|look,already_chosen,brand|review_concern,few_reviews|material,look|availability,availability|few_reviews,page2,page1,price_value,reviews,4,4,4,2,4,5,5,4,unavailable|no_price|low_rating|no_size|material_unclear|blur_image,eva,semi,yes_somewhat,better_function,5,4
C,"It has the highest rating (4.6) with a solid 974 reviews, EVA material that's odor-free and tear-proof, magnets to keep it against the tub, and it's the cheapest at $7.09. The Art-Deco blue wave look is subtle enough for my bathroom without being boring.",price_too_high|availability|transparency,price_suspicious|look|rating,already_chosen,few_reviews|material|pack,look|few_reviews|availability,availability|few_reviews,page2,page1,reviews,price_value,4,4,5,2,4,5,5,4,unavailable|no_price|low_rating|few_reviews|no_size|material_unclear|blur_image,eva,semi,yes_somewhat,nothing,5,4
A,"I want a liner I can trust, and AmazerBath has the strongest track record here — 4.5 stars across 4,156 reviews, so there's real evidence behind it. The brass grommets, reinforced header, weighted bottom and odor-free EVA are the exact features I care about, and I'd rather pay $18.99 once for something that holds up than gamble on a $7 liner with a brand I've never heard of.",already_chosen,brand|few_reviews|price_suspicious|look,brand|few_reviews|price_suspicious|look,few_reviews|material|brand|pack,transparency|look|few_reviews|rating,few_reviews|size,page2,page1,reviews,material,4,4,5,2,4,4,5,5,unavailable|no_price|low_rating|few_reviews|no_size|material_unclear|blur_image,eva,semi,yes_somewhat,better_rating,5,5
C,"Best combination of a strong 4.6★ rating with a solid 974 reviews at the lowest price ($7.09). It has the features I care about — EVA material, 3 bottom magnets, weighted hem, rust-proof grommets — and a clean Art-Deco look. In stock and ready to ship.",price_too_high,look|rating,already_chosen,few_reviews|material,look|rating|few_reviews,availability|few_reviews,page2,page1,reviews,price_value,4,4,4,2,4,5,5,4,unavailable|no_price|low_rating|few_reviews|material_unclear|blur_image,eva,semi,yes_somewhat,better_rating,5,4
C,"The LQFMEHOT at $7.09 has the highest rating on the shelf (4.6★) with a solid ~974 reviews, so it's well-evidenced rather than a gamble. It has everything I actually need in a liner — EVA, magnets at the hem, rustproof grommets, and a semi-transparent look that lets light through. At that price I can replace it without thinking twice.",price_too_high|look,price_suspicious|look,already_chosen,few_reviews|material,look|rating,availability|few_reviews|size,page2,page1,rating,price_value,4,5,4,2,4,4,5,4,unavailable|no_price|low_rating|few_reviews|no_size|material_unclear|blur_image,eva,semi,yes_somewhat,better_rating,5,5
B,"It hits the sweet spot for me: a rock-bottom $7.19 price, a huge 1,872-review base at 4.4 stars, and it's actually in stock. The 3D cube texture looks more premium than a plain liner, and the 70% EVA material plus three bottom magnets cover the safety and function I care about.",price_too_high|availability,already_chosen,brand|price_suspicious,few_reviews|material,look|transparency,availability|few_reviews,page2,page1,price_value,reviews,4,5,4,2,4,5,5,4,unavailable|no_price|low_rating|few_reviews|no_size|material_unclear|blur_image,eva,semi,yes_somewhat,better_rating,5,4
C,"It's the best combination of what I actually care about: a real EVA liner that's odor-free and waterproof, a weighted magnetic hem that keeps it against the tub, and a 4.6-star rating with ~974 reviews, all for $7.09. The Art-Deco blue wave texture fits the clean modern look of my bathroom better than the plainer or more gimmicky options.",price_too_high|look,look|rating,already_chosen,few_reviews|material|pack,look|few_reviews,availability|few_reviews|info_incomplete,page2,page1,price_value,reviews,4,5,4,2,4,5,5,4,unavailable|low_rating|few_reviews|no_size|material_unclear|blur_image,eva,semi,yes_somewhat,better_function,5,4
C,"It's the best combination of a low price, a strong 4.6 rating with a decent review base, and the features I actually care about — magnets at the hem, a tear-proof header, and odor-free EVA. The Art-Deco water-wave gradient is a nice bonus that suits my bathroom, and it's in stock.",price_too_high|transparency|brand,look|price_suspicious|brand,already_chosen,few_reviews|material|pack,look|few_reviews|availability,few_reviews,page2,page1,price_value,reviews,4,5,4,2,4,5,5,4,unavailable|no_price|low_rating|few_reviews|no_size|material_unclear|blur_image,eva,semi,yes_somewhat,better_rating,5,4
B,"I've bought cheap liners before and the jssablo hits the sweet spot: under $8, EVA (no PVC smell), 4.4 stars with nearly 1,900 reviews so I trust it, and it has the 3 bottom magnets I need so it doesn't billow and stick to my legs. The blue 3D cube look is a little different from plain clear but still light and clean for a shared family bathroom.",price_too_high|transparency,already_chosen,brand|few_reviews,few_reviews|material,look|transparency,availability|few_reviews,page2,page1,reviews,price_value,4,4,4,2,4,5,5,4,unavailable|no_price|low_rating|few_reviews|no_size|material_unclear|blur_image,eva,semi,yes_somewhat,better_rating,5,4
C,"It has the highest rating (4.6) among options with a solid review base (974 reviews), a low price of $7.09, and the features I care about — 3 magnets at the bottom, waterproof EVA, and an odor-free tear-proof header. The blue water-wave look is a nice bonus and fits my classic bathroom style.",price_too_high|availability,review_concern|look,already_chosen,few_reviews|material,look|availability,availability|few_reviews,page3,page2,rating,price_value,4,5,4,2,4,5,5,4,unavailable|no_price|low_rating|few_reviews|no_size|material_unclear|blur_image|no_bullets,eva,semi,yes_somewhat,better_rating,5,4
C,"It has the best combination of a strong 4.6-star rating with a decent review count, a low $7.09 price, and the features I care about (magnets, waterproof EVA, odor-free). The blue water-wave look is nice without being too busy, and it's in stock.",price_too_high,price_suspicious|look,already_chosen,few_reviews|material,look|availability,availability|few_reviews,page2,page1,rating,price_value,4,4,3,2,4,4,5,3,unavailable|no_price|low_rating|few_reviews|no_size|material_unclear|blur_image,eva,semi,yes_somewhat,better_rating,5,4
A,"I'm at a stage where I'd rather pay a bit more for something that feels well-made and looks nice in the bathroom. The AmazerBath has a huge review base (4,156 reviews at 4.5 stars), eco-friendly BPA-free EVA, brass grommets and a weighted hem, and the emerald-green semi-transparent look appeals to me aesthetically. It's the one I'd trust to last and enjoy looking at.",already_chosen,price_suspicious|look|brand,price_suspicious|look|brand,few_reviews|material|pack,look|few_reviews|brand,availability|few_reviews,page2,page1,reviews,material,4,5,4,2,4,4,5,4,unavailable|no_price|no_size|material_unclear|blur_image|few_reviews,eva,semi,yes_somewhat,better_rating,4,4
C,"At $7.09 it's the cheapest option with a solid 4.6 rating and nearly a thousand reviews, so there's real evidence behind it. It has the three magnets and weighted hem I want, plus EVA material that's odor-free and wipe-clean, and the blue wave look is fine for my bathroom.",price_too_high|availability,look|rating,already_chosen,few_reviews|material,look|rating,availability|few_reviews,page2,page1,price_value,rating,4,4,3,2,4,5,4,4,unavailable|no_price|no_size|material_unclear|blur_image|no_bullets,eva,semi,yes_somewhat,better_function,5,4
A,"AmazerBath is a brand I recognize and trust, and the 4.5★ rating with over 4,100 reviews gives me real confidence. The emerald-green EVA is odor-free and BPA-free with a soft-touch feel, and the weighted hem plus 12 brass grommets means it will hold up and stay in place. I'm fine paying more for a liner that will last and look nice.",already_chosen,brand|price_suspicious|look,brand|price_suspicious|look|few_reviews,few_reviews|material|brand,look|availability|few_reviews,availability|few_reviews|brand,page2,page1,reviews,brand,4,4,4,2,4,3,5,5,unavailable|low_rating|few_reviews|no_size|material_unclear|blur_image,eva,semi,yes_somewhat,nothing,4,4
C,"It has the highest rating (4.6★) among the affordable options with a solid review count (974), so I trust it more. The Art-Deco wave pattern in blue looks nice for my bathroom, and at $7.09 with magnets and a weighted hem it's great value.",price_too_high|transparency,look|price_suspicious,already_chosen,few_reviews|material,look|availability,availability|few_reviews|size,page2,page1,rating,price_value,4,5,4,2,4,5,5,4,unavailable|low_rating|no_size|material_unclear|blur_image,eva,semi,yes_somewhat,better_rating,5,4
B,"It's the best combination of a real, well-reviewed listing (4.4 stars, 1,872 reviews) at a low $7.19 price. I like that it's EVA rather than PVC, and the three bottom magnets plus weighted hem are exactly what keeps a liner from billowing. In stock and ready to ship, which matters since I'm buying on my phone.",price_too_high|look|availability,already_chosen,price_suspicious|brand|few_reviews,few_reviews|material|pack,look|few_reviews|availability,availability|few_reviews,page2,page1,price_value,reviews,4,4,4,2,4,5,5,4,unavailable|no_price|low_rating|few_reviews|no_size|material_unclear|blur_image,eva,semi,yes_somewhat,better_rating,5,4
B,"It's cheap at $7.19, has a solid 4.4★ rating with nearly 1,900 reviews, and the 3D cube look with magnets at the bottom hits everything I care about. I like that it's 70% EVA (healthier than PEVA/PVC) and in stock, so I can actually buy it.",price_too_high|availability,already_chosen,brand|few_reviews,few_reviews|material|pack,look|availability|few_reviews,availability|few_reviews|size,page2,page1,price_value,reviews,4,4,4,2,4,5,5,4,unavailable|no_price|low_rating|no_size|material_unclear|blur_image,eva,semi,yes_somewhat,lower_price,5,4
C,"It's the cheapest option at $7.09 but still has a strong 4.6★ rating with a solid 974 reviews, so I'm not gambling on an unknown. I like the blue gradient water-wave look, and it has the weighted magnets and rust-proof grommets I want.",price_too_high,look,already_chosen,few_reviews|look,look|few_reviews,availability|few_reviews,page2,page1,price_value,rating,4,5,4,2,4,5,5,4,unavailable|no_price|low_rating|few_reviews|no_size|material_unclear|blur_image,eva,semi,yes_somewhat,better_rating,5,4
A,"The AmazerBath liner has by far the strongest evidence of reliability with 4,156 reviews at 4.5 stars, plus BPA-free odor-free EVA and a weighted hem. I value stability and safety over saving a few dollars, so I'm willing to pay more for a proven, well-reviewed product.",already_chosen,brand|material|few_reviews,brand|few_reviews|look,few_reviews|material|pack,look|rating|few_reviews,availability|few_reviews,page2,page1,reviews,material,4,4,4,2,4,4,5,5,unavailable|no_price|low_rating|few_reviews|no_size|material_unclear|blur_image,eva,semi,yes_somewhat,better_rating,4,4
C,"It's the best combination of a strong 4.6★ rating with nearly 1,000 reviews, a price I'm happy to pay at $7.09, and features I actually want — magnets at the hem so it stays put, a reinforced rust-proof header, and odor-free EVA. I also like the blue water-wave look; it reads a little more designed than a plain clear liner without being loud.",price_too_high|availability|look,price_suspicious|look,already_chosen,few_reviews|pack|material,look|availability|rating,few_reviews,page2,page1,rating,price_value,4,5,4,2,4,4,5,4,unavailable|no_price|low_rating|few_reviews|no_size|material_unclear|blur_image,eva,semi,yes_somewhat,better_function,5,4
C,"It has the highest rating (4.6) with a solid review count (974), a low price, and the features I want — 3 heavy magnets, weighted hem, anti-rust grommets, odor-free EVA, and a straightforward wipe-clean surface. The Art-Deco wave look is attractive without being loud, and it's in stock.",price_too_high|look,look|rating,already_chosen,few_reviews|material,look|availability,availability|few_reviews,page2,page1,rating,price_value,3,4,4,2,3,4,5,4,unavailable|low_rating|few_reviews|no_size|material_unclear,eva,semi,yes_somewhat,better_rating,5,4
A,"I want a liner that will last and not give me a headache from plastic fumes, and this one is BPA-free, odor-free EVA with rustproof brass grommets and a weighted hem. It also has the most reviews by far (4,156 at 4.5 stars), which matters to me for something I'll look at every day. The emerald-green semi-transparent look is a nice change from plain clear, and $18.99 is fine for a liner I only buy once every year or two.",already_chosen,price_suspicious|brand|look|few_reviews,price_suspicious|brand|look|few_reviews,few_reviews|material|pack|look,look|availability|few_reviews,availability|few_reviews|material,page2,page1,material,reviews,4,5,4,2,4,4,5,5,unavailable|no_price|low_rating|few_reviews|no_size|material_unclear|blur_image|no_bullets,eva,semi,yes_somewhat,better_rating,4,4
C,"It's cheap at $7.09, has the highest rating on the shelf (4.6 with ~974 reviews, so enough evidence to trust it), and the EVA material plus magnets at the bottom are exactly the features I want. The blue wave pattern looks nice without being too loud for my bathroom.",price_too_high|look,look|price_suspicious,already_chosen,few_reviews|look,look|review_concern,availability|few_reviews,page2,page1,price_value,reviews,4,5,4,2,4,5,5,4,unavailable|no_price|few_reviews|material_unclear|blur_image,eva,semi,yes_somewhat,better_rating,5,5
C,"The LQFMEHOT liner is the best balance of everything I care about: a strong 4.6★ rating with a solid ~974 reviews, EVA material that's odor-free, the 3 heavy magnets and weighted hem I want, and an Art-Deco wave look that fits my bathroom. At $7.09 it's a low-risk buy with proven quality, unlike the cheaper no-name or barely-reviewed options.",price_too_high,look,already_chosen,few_reviews|material,look|rating,availability|few_reviews,page2,page1,rating,price_value,4,5,4,2,4,5,5,4,unavailable|no_price|low_rating|no_size|material_unclear|blur_image,eva,semi,yes_somewhat,better_rating,5,4
C,"The LQFMEHOT liner hits the sweet spot for me: cheapest on the shelf at $7.09, the highest rating here at 4.6★ with a decent 974 reviews, and it has the three heavy magnets and weighted hem I want so it stays against the tub. I have reduced hand dexterity, so the anti-rust metal grommets and tear-proof header matter for easy hanging, and the EVA is odor-free which I care about with a managed chronic condition.",price_too_high|transparency,look|rating,already_chosen,few_reviews|material,look|availability,availability|few_reviews,page2,page1,price_value,reviews,4,4,4,2,4,5,5,4,unavailable|no_price|low_rating|few_reviews|no_size|material_unclear|blur_image,eva,semi,yes_somewhat,better_rating,5,5
C,"C is the best combination of price, evidence, and features for me: at $7.09 it's the cheapest option, yet it has the highest rating (4.6) with a solid 974 reviews, plus the magnets and weighted hem I want so the liner stays against the tub. The Art-Deco blue wave look is a nice bonus and fits a modern bathroom.",price_too_high|transparency,look|few_reviews,already_chosen,few_reviews|material,look|rating,availability|few_reviews|size,page2,page1,price_value,rating,4,4,4,2,4,5,5,4,unavailable|no_price|low_rating|no_size|material_unclear|blur_image,eva,semi,yes_somewhat,nothing,5,4
C,"It has the best combination of a strong 4.6-star rating from nearly 1,000 reviews and a very low $7.09 price. The Art-Deco wave texture and blue gradient look nice, and it has the functional features I care about: magnets at the bottom, a weighted hem, rust-proof grommets, and odor-free EVA. It's in stock and cheap enough that I don't feel like I'm overpaying for a utilitarian item.",price_too_high,price_suspicious|look,already_chosen,few_reviews|material,look|review_concern|availability,availability|few_reviews,page2,page1,price_value,reviews,4,4,4,2,4,5,5,4,unavailable|no_price|low_rating|few_reviews|no_size|material_unclear|blur_image,eva,semi,yes_somewhat,better_function,5,4
C,"I want a simple, well-reviewed liner at a fair price, and this one has the highest rating (4.6★) with a solid 974 reviews, magnets at the hem to keep it against the tub, and anti-rust grommets. The Art-Deco wave pattern in gradient blue looks tasteful rather than plain, and at $7.09 it's excellent value for a single liner.",price_too_high,look,already_chosen,few_reviews|material,look|few_reviews,availability|few_reviews|size,page2,page1,rating,reviews,4,5,4,2,4,4,5,4,unavailable|no_price|low_rating|material_unclear|blur_image|no_size,eva,semi,yes_somewhat,better_rating,5,5
C,"It's the cheapest option at $7.09 but still has the highest rating on the shelf (4.6 stars) with a solid 974 reviews, so it's not a total gamble. It has the magnets and weighted hem I want, and I actually like the blue water-wave look.",price_too_high,look,already_chosen,few_reviews|material,look|availability,availability|few_reviews,page2,page1,price_value,reviews,4,4,4,2,4,5,5,4,unavailable|no_price|low_rating|few_reviews|no_size|material_unclear|blur_image,eva,semi,yes_somewhat,better_rating,5,4
C,"It offers the best combination of a strong 4.6 rating with a meaningful review base (974), a low $7.09 price, and the functional features I want — weighted magnets, tear-proof header, rust-resistant grommets, and odor-free EVA. The Art-Deco wave look is attractive without being gaudy, and it is in stock.",price_too_high|availability,look|rating,already_chosen,few_reviews|material,look|rating,availability|few_reviews,page2,page1,price_value,rating,4,4,3,2,4,5,5,4,unavailable|no_price|no_size|material_unclear|blur_image,eva,semi,yes_somewhat,better_function,5,4
A,"I want a liner I can trust, and the AmazerBath has the strongest track record here with 4.5 stars across 4,156 reviews, plus thick soft-touch EVA that's BPA-free and odor-free. The weighted hem and reinforced brass grommets mean it will hang well and last, and at $18.99 it's still reasonable for something I only buy once every year or two.",already_chosen,price_suspicious|brand|few_reviews|look,price_suspicious|brand|look|few_reviews,few_reviews|material|brand|pack,few_reviews|look|brand|availability,availability|few_reviews|brand,page2,page1,reviews,material,5,4,4,2,5,4,5,5,unavailable|no_price|low_rating|few_reviews|no_size|material_unclear|blur_image,eva,semi,yes_somewhat,better_rating,4,4
A,"I'm retired and no longer pinch every penny, and I've learned that cheap shower liners end up stiff, smelly and milky-looking within a season. The AmazerBath has the thick soft-touch EVA feel, brass grommets, a weighted hem and 4,000-plus reviews backing it up, so at $18.99 it's a buy-once, forget-about-it purchase. The emerald green also adds a bit of color and novelty to an otherwise boring bathroom chore.",already_chosen,price_suspicious|brand|look|rating,price_suspicious|brand|look|few_reviews,few_reviews|material|pack,look|rating|availability,availability|few_reviews,page2,page1,material,reviews,4,5,4,2,4,3,5,4,unavailable|no_price|low_rating|few_reviews|no_size|material_unclear|blur_image,eva,semi,yes_somewhat,better_function,5,4
C,"It's the cheapest option at $7.09 but backed by a strong 4.6★ average and nearly 1,000 reviews, plus it has the functional features I actually care about: magnets at the hem, a tear-proof header, and odor-free EVA. I don't need a luxury liner — I need one that stays put, doesn't smell, and has enough review evidence behind it.",price_too_high,price_suspicious|look,already_chosen,few_reviews|material,look|availability,availability|few_reviews|size,page2,page1,price_value,reviews,4,4,4,2,4,5,5,4,unavailable|no_price|low_rating|no_size|material_unclear|blur_image,eva,semi,yes_somewhat,better_rating,5,4
C,"I picked Option C because it's the cheapest at $7.09, has the highest rating on the shelf at 4.6 stars with a decent 974 reviews, and includes the weighted magnets I want so the liner stays against the tub. The Art-Deco blue wave look is also nicer than a plain clear or black liner for my bathroom.",price_too_high,look,already_chosen,few_reviews,look|availability,availability|few_reviews,page2,page1,price_value,rating,4,4,4,2,4,5,4,4,unavailable|no_price|low_rating|few_reviews|no_size|material_unclear|blur_image,eva,semi,yes_somewhat,nothing,5,4
C,"It's the cheapest option at $7.09 but still has the strongest review profile on the shelf — 4.6 stars across 974 reviews, which gives me real confidence. It has what I actually need: waterproof EVA, three heavy magnets at the hem, anti-rust grommets, and a weighted hem, so it does the job without me overspending on a liner.",price_too_high|availability,price_suspicious|brand|few_reviews,already_chosen,few_reviews|material|look,look|few_reviews|brand,availability|few_reviews|size,page2,page1,price_value,reviews,4,4,4,2,4,5,5,4,unavailable|no_price|low_rating|no_size|material_unclear|blur_image,eva,semi,yes_somewhat,better_rating,5,4
C,"I want an odor-free EVA liner with magnets and a weighted hem so it stays put, and C has the best combination of a strong 4.6★ rating, a reasonable price, and a nice Art-Deco wave look. B is similar but slightly lower rated and a bit more expensive, so C wins on value and evidence.",price_too_high|availability,price_suspicious|look,already_chosen,few_reviews|material,few_reviews|look|availability,few_reviews,page2,page1,rating,price_value,4,4,4,2,4,5,5,4,unavailable|no_price|low_rating|few_reviews|no_size|material_unclear|blur_image,eva,semi,yes_somewhat,better_rating,5,4
A,"I'm at the age where I just want something that works and doesn't smell like a chemical factory, and this one is BPA-free, odor-free EVA with a reinforced header and weighted bottom so it stays put. The 4.5 stars across 4,156 reviews gives me confidence it won't fall apart in a few months. Yes, $18.99 is more than the others, but I'd rather pay once for something dependable than replace a cheap liner twice a year.",already_chosen,price_suspicious|brand|look,price_suspicious|brand|look,few_reviews|material|pack,look|availability|rating,few_reviews|size,page2,page1,reviews,material,4,4,3,2,4,4,5,5,unavailable|low_rating|few_reviews|no_size|material_unclear|blur_image,eva,semi,yes_somewhat,nothing,4,5
C,"I chose the LQFMEHOT liner because it has the highest rating (4.6 stars) with a solid near-1,000 review count, which makes it feel reliable. It costs only $7.09, is in stock, and includes the weighted magnets and waterproof EVA material I want. The blue water-wave design also looks nice without being too flashy.",price_too_high,look,already_chosen,few_reviews|pack,look|availability,few_reviews|availability,page2,page1,rating,price_value,4,4,4,2,4,5,5,4,unavailable|no_price|low_rating|few_reviews|no_size|material_unclear|blur_image,eva,semi,yes_somewhat,better_value,5,5
C,"It has the highest rating (4.6) with a solid number of reviews (974), so I trust it more than the cheaper listings with sparse reviews. The price ($7.09) is easy on the wallet, and it has the features I care about — magnets at the bottom, waterproof, odor-free EVA — plus a blue wave pattern that looks nice without being too flashy.",price_too_high|availability,few_reviews|look,already_chosen,few_reviews|material,look|few_reviews,availability|few_reviews,page2,page1,rating,price_value,4,4,3,2,4,4,5,4,unavailable|no_price|low_rating|few_reviews|no_size|material_unclear|blur_image,eva,semi,yes_somewhat,better_rating,5,4
A,"No persona-specific answer was produced, so a neutral answer was used.",already_chosen,already_chosen,already_chosen,already_chosen,already_chosen,already_chosen,page1,page1,price_value,price_value,3,3,3,3,3,3,3,3,unavailable,eva,fully_transparent,yes_strongly,lower_price,3,3
C,"It has the highest rating (4.6) among options with a solid review count (974), the lowest price at $7.09, and it includes the weighted magnets and rust-proof grommets I want. The blue wave pattern also looks nice in a modern bathroom without being too loud.",price_too_high,rating,already_chosen,few_reviews|material,look|rating|availability,availability|few_reviews,page2,page1,price_value,rating,4,4,4,2,4,5,5,4,unavailable|no_price|low_rating|few_reviews|no_size|material_unclear|blur_image|no_bullets,eva,semi,yes_somewhat,better_rating,5,5
C,"It has the highest rating (4.6) with a solid review count (974), costs the least at $7.09, and includes the weighted magnets and anti-rust grommets I want. The Art-Deco wave look is a bit much but it's semi-transparent blue which is fine for a liner.",price_too_high,few_reviews|look,already_chosen,few_reviews|material,look|few_reviews,availability|few_reviews,page2,page1,price_value,rating,4,4,4,2,4,5,5,4,unavailable|no_price|few_reviews|no_size|material_unclear|blur_image,eva,semi,yes_somewhat,better_rating,5,4
C,"It's the cheapest single liner on the shelf at $7.09, and it still has the highest rating here (4.6★) with close to 1,000 reviews, which is enough evidence for me. I also like that it has magnets at the hem and a rust-proof header, so it actually stays put and won't tear.",price_too_high,look,already_chosen,few_reviews|price_suspicious,look|availability,availability|few_reviews,page2,page1,price_value,rating,4,4,4,2,4,5,5,4,unavailable|no_price|low_rating|few_reviews|no_size|material_unclear|blur_image,eva,semi,yes_somewhat,better_rating,5,4
C,"I want a simple, cheap liner that does its job, and C has the highest rating on the shelf (4.6 with ~1,000 reviews) at the lowest price. The magnet-weighted hem and odor-free EVA are exactly the functional basics I care about, and the wave pattern looks decent without being loud.",price_too_high|look,look|price_suspicious,already_chosen,few_reviews|pack,look|availability,availability|few_reviews|size,page2,page1,price_value,reviews,4,4,3,2,4,5,5,4,unavailable|no_price|low_rating|few_reviews|no_size|material_unclear|blur_image,eva,semi,yes_somewhat,better_rating,5,4
C,"I want an EVA liner that's odor-free and wipes clean, and this one has the highest rating of the bunch at 4.6 stars with nearly a thousand reviews, so I trust it. The blue water-wave pattern is pretty without being see-through, and at $7.09 with magnets at the bottom, it's a great deal for something I'll replace in a year or two.",price_too_high|transparency,look|rating|few_reviews,already_chosen,few_reviews|pack|material,look|transparency|availability,availability|few_reviews|size,page2,page1,reviews,price_value,4,4,4,2,4,5,5,4,unavailable|no_price|low_rating|no_size|material_unclear|blur_image,eva,semi,yes_somewhat,better_rating,5,4
B,"I'm going with the jssablo Blue Cube liner because it hits the sweet spot for me: it's only $7.19 but still has the 3D cube texture and gradient blue look that I actually find attractive, plus 3 magnets at the bottom so it stays against the tub instead of billowing in on my kids mid-bath. The 4.4 stars across 1,872 reviews gives me real confidence it won't fall apart, and the 70% EVA material is reassuringly healthier than PVC without being an unknown gamble. I've been burned by flimsy liners before, so having a big review base at this price is exactly what I want.",price_too_high|availability,already_chosen,price_suspicious|brand,few_reviews|material|pack,look|rating|few_reviews|availability,availability|few_reviews,page3,page2,price_value,reviews,4,5,4,2,4,5,5,3,unavailable|no_price|low_rating|few_reviews|material_unclear|blur_image,eva,semi,yes_somewhat,better_rating,5,5
C,"It's the cheapest at $7.09 but has the highest rating (4.6★) with a solid 974 reviews, so it feels like the best value without being a gamble. It has the magnets and weighted hem I want, plus a nice blue wave look instead of plain clear plastic.",price_too_high|look|availability,look|price_suspicious,already_chosen,few_reviews|pack,look|few_reviews,availability|few_reviews|size,page2,page1,price_value,rating,4,4,4,2,4,5,5,4,unavailable|no_price|low_rating|no_size|material_unclear|blur_image,eva,semi,yes_somewhat,better_value,5,4
A,"I chose the AmazerBath Rainbow Emerald EVA liner because it is the only option that combines a look I actually find beautiful (the emerald-green semi-transparent EVA with a soft, silky drape and brass grommets) with a genuinely reassuring track record — 4.5 stars across more than 4,100 reviews. At $18.99 it costs more than the budget liners here, but for something I will look at every single day, I would rather pay for a material that is odor-free and BPA-free, a reinforced header that will not tear, and weighted stones that keep it hanging properly. The 72x72 size fits my standard tub, and the wipe-clean care suits how I actually maintain my bathroom.",already_chosen,price_suspicious|look|material|brand,price_suspicious|look|brand|material,few_reviews|material|pack|look,look|transparency|few_reviews|availability,availability|few_reviews|size,page1,page1,rating,appearance,4,5,4,2,4,3,5,5,unavailable|no_price|low_rating|no_size|material_unclear|blur_image|brand_unfamiliar,eva,semi,yes_somewhat,better_rating,4,4
C,"It has the highest rating (4.6★) with a solid near-1,000 review count, and at $7.09 it's the cheapest option. The EVA material is odor-free and PVC-free, and it has the 3 magnets plus weighted hem I want, so it fits both my budget and my safety preferences.",price_too_high|look,price_suspicious|rating|few_reviews,already_chosen,few_reviews|material,look|few_reviews|availability,availability|few_reviews,page2,page1,price_value,reviews,4,4,4,2,4,5,5,4,unavailable|no_price|low_rating|few_reviews|no_size|material_unclear|blur_image,eva,semi,yes_somewhat,better_rating,5,4
C,"It has the highest rating (4.6) with a solid 974 reviews, a low $7.09 price, and all the features I care about: EVA material, magnets at the bottom, rust-proof grommets, and a waterproof quick-dry surface. The wave texture gives it a bit of style without being loud, and it's in stock.",price_too_high|transparency,look|few_reviews,already_chosen,few_reviews|material,look|few_reviews,availability|few_reviews|size,page2,page1,price_value,rating,4,4,3,1,3,5,4,4,unavailable|no_price|low_rating|no_size|material_unclear|blur_image,eva,semi,yes_somewhat,better_rating,5,4
A,"I want a liner that feels like an upgrade, not a disposable sheet of plastic, and Option A is the only one with a real track record: 4.5 stars across 4,156 reviews, which tells me the soft-touch EVA actually holds up and doesn't smell. The emerald green semi-transparent look with brass grommets and weighted stones fits my bathroom aesthetic better than the blue gradients or plain black, and BPA-free/odor-free matters to me since I'm standing in that steam every morning. Yes, $18.99 is more than I'd ideally spend on a liner, but I'd rather pay once for something that looks intentional and doesn't need replacing in six months.",already_chosen,price_suspicious|brand|look|material,price_suspicious|brand|look|few_reviews,few_reviews|material|pack|look,look|availability|few_reviews|transparency,availability|few_reviews|material,page2,page1,reviews,material,4,5,4,2,4,4,5,4,unavailable|no_price|low_rating|few_reviews|no_size|material_unclear|blur_image|no_bullets,eva,semi,yes_somewhat,better_rating,4,4
C,"It's the cheapest option at $7.09, has the highest rating (4.6★) with a solid 974 reviews, and includes the weighted magnets I want so the liner stays against the tub. The Art-Deco blue wave look is a nice bonus that fits my bathroom.",price_too_high,look,already_chosen,few_reviews,look|rating,availability|few_reviews,page2,page1,price_value,rating,4,4,4,2,4,5,5,4,unavailable|no_price|low_rating|few_reviews|no_size|material_unclear|blur_image,eva,semi,yes_somewhat,nothing,5,4
C,"I want a functional liner that stays put and looks clean without paying a premium. Option C has the highest rating (4.6) with a solid review base (974), includes 3 heavy magnets at the hem, is odor-free EVA, and at $7.09 it's the best value on the shelf.",price_too_high|transparency,look|price_suspicious,already_chosen,few_reviews|material,transparency|availability,availability|few_reviews,page2,page1,price_value,reviews,3,4,3,2,4,5,4,4,unavailable|no_price|no_size|material_unclear|blur_image,eva,semi,yes_somewhat,better_value,5,4
A,"I'll pick the AmazerBath emerald EVA liner. It's the only one with a large, reliable review base (4.5 stars, 4,156 reviews) and the details I care about — BPA-free EVA, brass grommets, weighted bottom, and a double-layered header. The $18.99 price is higher than the others, but it's still reasonable for a liner I expect to last and feel good about.",already_chosen,brand|few_reviews|look,brand|few_reviews|look,few_reviews|material|look,look|few_reviews|availability,availability|few_reviews|size,page2,page1,reviews,material,4,4,4,2,4,4,5,5,unavailable|no_price|low_rating|few_reviews|no_size|material_unclear|blur_image,eva,semi,yes_somewhat,better_rating,4,4
B,"I want a liner that stays put against the tub, and this one has 3 magnets plus a weighted hem at a very low price. The 4.4★ rating across nearly 1,900 reviews gives me enough confidence it's a proven product, and the blue 3D cube look is a nice change from a plain clear liner.",price_too_high|look,already_chosen,brand|few_reviews,few_reviews|material,look|availability,availability|few_reviews,page2,page1,magnet,reviews,4,4,4,2,4,4,5,4,unavailable|no_price|low_rating|no_size|material_unclear|blur_image,eva,semi,yes_somewhat,better_function,5,4
C,"It has the best combination of a high rating (4.6★) with a solid review count (974), a low $7.09 price, and the features I want — EVA material, 3 heavy magnets at the hem, and a tear-proof rust-proof header. The Art Deco blue wave look is a nice bonus for my bathroom.",price_too_high|look|availability,rating|few_reviews|look,already_chosen,few_reviews|material,look|few_reviews|availability,availability|few_reviews,page2,page1,price_value,reviews,4,4,4,2,4,5,5,4,unavailable|no_price|low_rating|few_reviews|material_unclear|blur_image,eva,semi,yes_somewhat,better_rating,5,4
B,"It's cheap, has solid 4.4★ from a good number of reviews, and the 3D cube texture plus magnets at the hem hits the function I actually care about. EVA material and a wipe-clean surface are exactly what I want in a liner.",price_too_high|look|transparency,already_chosen,price_suspicious|brand,few_reviews|pack|material,look|availability|rating,availability|few_reviews|size,page2,page1,price_value,reviews,4,4,3,2,4,5,4,4,unavailable|no_price|low_rating|few_reviews|no_size|material_unclear|blur_image,eva,semi,yes_somewhat,better_function,5,4
C,"It has the highest rating on the shelf (4.6★) with a solid review count near 1,000, so there's real evidence behind it. At $7.09 it's the cheapest option, and it still checks my must-haves: EVA material, magnets at the hem, and a reinforced header. The blue water-wave look is a bonus I actually like.",price_too_high,price_suspicious|look,already_chosen,few_reviews|material,look|few_reviews,availability|few_reviews,page2,page1,rating,price_value,4,4,4,2,5,4,5,4,unavailable|no_price|low_rating|few_reviews|no_size|material_unclear|blur_image,eva,semi,yes_somewhat,better_rating,5,4
C,"It has the highest rating (4.6★) with a solid review count (974) at the lowest price ($7.09), and EVA is odor-free and PVC-free which matters for a family bathroom. The Art-Deco blue wave look is attractive and it has the weighted magnets and rustproof grommets I want.",price_too_high|look,price_suspicious|look,already_chosen,few_reviews|material,look|few_reviews,availability|few_reviews,page2,page1,price_value,rating,4,4,4,2,4,5,5,4,unavailable|no_price|low_rating|few_reviews|no_size|material_unclear|blur_image,eva,semi,yes_somewhat,lower_price,5,4
A,"I'm cautious about materials and safety in a steamy bathroom, so the BPA-free, odor-free EVA with rustproof brass grommets and a weighted bottom is worth the higher price. The 4.5-star rating across 4,156 reviews gives me real confidence, and I like the semi-transparent emerald look that still lets light through.",already_chosen,price_suspicious|brand|material,price_suspicious|brand|look,few_reviews|material|pack,look|rating|availability,availability|few_reviews|size,page2,page1,material,reviews,4,5,4,2,4,4,5,5,unavailable|no_price|low_rating|few_reviews|no_size|material_unclear|blur_image,eva,semi,yes_somewhat,better_rating,4,4
B,"I want a cheap, no-nonsense liner that actually stays put against the tub, and B gives me magnets plus a real 1,872-review track record at $7.19. The 3D cube texture looks a lot nicer than a plain clear sheet, and EVA is the material I trust to not stink up the bathroom. A is nearly triple the price for the same job.",price_too_high,already_chosen,brand|look,few_reviews|material|pack,look|availability|few_reviews,availability|few_reviews,page2,page1,price_value,reviews,4,5,4,2,4,5,5,4,unavailable|no_price|low_rating|few_reviews|no_size|material_unclear|blur_image|no_bullets,eva,semi,yes_somewhat,better_rating,5,4
C,"It's the cheapest option at $7.09 but still has a strong 4.6 rating with nearly 1,000 reviews, which feels like solid evidence for a low-cost liner. It has the features I actually care about — magnets at the hem, EVA material, waterproof and odor-free — without paying extra for a fancy look.",price_too_high|look,look,already_chosen,few_reviews|pack,look|few_reviews,availability|few_reviews,page2,page1,price_value,magnet,4,4,4,2,4,5,5,4,unavailable|no_price|low_rating|few_reviews|no_size|material_unclear|blur_image,eva,semi,yes_somewhat,better_rating,5,5
B,"It's the best balance of price, evidence, and features for me. At $7.19 with 1,872 reviews at 4.4 stars and in stock, it's a low-risk purchase, and the 3 magnets plus weighted hem address the annoying liner-clinging problem. The 3D cube texture also looks nicer than a plain liner without being too loud.",price_too_high,already_chosen,brand|few_reviews,few_reviews|material,look|few_reviews,availability|few_reviews,page2,page1,price_value,reviews,4,4,4,2,4,5,5,4,unavailable|no_size|material_unclear|blur_image,eva,semi,yes_somewhat,better_function,5,4
C,"I want a cheap, low-risk liner and C has the best combination of a 4.6-star rating with a reasonable ~974 reviews, plus a weighted magnetic hem and odor-free EVA at $7.09. The Art-Deco wave look is pleasant without being loud, and it's in stock, so I can just buy it.",price_too_high|availability,look|few_reviews,already_chosen,few_reviews|material,look|transparency|availability,availability|few_reviews,page2,page1,price_value,reviews,4,4,4,2,4,5,5,4,unavailable|no_price|low_rating|few_reviews|no_size|material_unclear|blur_image,eva,semi,yes_somewhat,better_rating,5,4
C,"I want a comfortable, familiar-looking liner with plenty of proof it works, and C has the highest rating (4.6) on the shelf at the lowest price ($7.09). It has the features I care about — magnets at the bottom, waterproof, odor-free EVA — and nearly 1,000 reviews so I trust it more than the newer listings.",price_too_high|transparency,look|price_suspicious,already_chosen,few_reviews|size,look|rating,availability|few_reviews,page2,page1,rating,price_value,4,4,4,2,4,5,5,4,unavailable|no_price|low_rating|few_reviews|no_size|material_unclear|blur_image,eva,semi,yes_somewhat,better_rating,5,4
C,"It has the highest rating (4.6) with a solid 974 reviews, it's the cheapest at $7.09, and it has magnets plus a weighted hem so it stays against the tub. The blue wave pattern looks nice in a bathroom and EVA is odor-free and easy to wipe clean.",price_too_high,price_suspicious|look,already_chosen,few_reviews|material,look|availability,availability,page2,page1,price_value,reviews,4,4,4,2,4,5,5,4,unavailable|no_price|low_rating|few_reviews|no_size|material_unclear|blur_image,eva,semi,yes_somewhat,better_rating,5,4
A,"I want a liner that actually looks nice in my bathroom and this one has the best evidence behind it — 4.5 stars across 4,156 reviews is far more reassuring than the listings with under 2,000 reviews. The soft-touch emerald EVA, BPA-free claim, brass grommets and weighted bottom stones cover everything I care about, and $18.99 is fine for something I'll look at every day.",already_chosen,price_suspicious|look|few_reviews,price_suspicious|look|few_reviews|brand,few_reviews|material|pack,look|few_reviews|availability,availability|few_reviews|transparency,page2,page1,reviews,appearance,4,5,4,2,4,4,5,4,unavailable|no_price|low_rating|few_reviews|no_size|material_unclear|blur_image,eva,semi,yes_somewhat,better_rating,5,4
C,"It has the best combination of a strong rating (4.6) and a very low price ($7.09), plus the features I care about: EVA material, magnets at the bottom, and a tear-proof header. The blue wave design is attractive without being too bold, and it's in stock.",price_too_high|brand|availability,look|brand|rating,already_chosen,few_reviews|material|pack,look|availability|rating,availability|few_reviews|size,page2,page1,price_value,rating,4,5,4,2,4,5,5,4,unavailable|no_price|few_reviews|no_size|material_unclear|blur_image,eva,semi,yes_somewhat,better_rating,5,5
C,"Best balance of price, evidence, and features: 4.6 stars from ~974 reviews at $7.09, with magnets at the hem, rust-proof grommets, and odor-free EVA. The wave texture is a clean, practical look I wouldn't mind in my bathroom.",price_too_high|transparency,look|rating,already_chosen,few_reviews|material,look|rating|availability,few_reviews|size,page2,page1,price_value,reviews,4,4,4,2,4,5,5,4,unavailable|no_price|no_size|material_unclear|blur_image|few_reviews,eva,semi,unlikely,better_rating,5,5
B,"I want a liner that stays put against the tub, and this one has magnets at the bottom plus a decent 4.4-star rating from nearly 1,900 reviews. The $7.19 price is fair for a single liner, and the blue 3D cube look is a little more interesting than a plain clear sheet.",price_too_high|transparency,already_chosen,brand|review_concern,few_reviews|material,look|few_reviews,availability|few_reviews,page2,page1,magnet,price_value,4,4,4,2,4,4,5,4,unavailable|no_price|low_rating|few_reviews|no_size|material_unclear|blur_image,eva,semi,yes_somewhat,better_rating,5,4
A,"I want a liner I won't have to think about again, and A has by far the strongest evidence base: 4,156 reviews at 4.5★, compared to a few hundred or a few dozen for the rest. It's the only one that explicitly states BPA-free, odor-free EVA with a reinforced double-layered header and brass grommets, which matters to me for a humid bathroom where cheap liners get brittle and moldy. The $18.99 price is higher than the others, but for something I touch daily and replace rarely, I'd rather pay once for a proven, non-smelly, well-built liner.",already_chosen,brand|few_reviews|price_suspicious|info_incomplete|material,brand|few_reviews|price_suspicious|look,few_reviews|material|brand|pack,few_reviews|look|availability|brand,few_reviews|size|material,page2,page1,reviews,material,4,5,4,2,4,4,5,5,unavailable|no_price|low_rating|few_reviews|no_size|material_unclear|blur_image,eva,semi,yes_somewhat,better_rating,4,4
A,"I want a liner that will last and look good in my bathroom, and the AmazerBath has the strongest evidence with 4.5 stars across 4,156 reviews. The brass grommets, weighted bottom, and BPA-free odor-free EVA justify the higher price for a saver who'd rather buy once and not replace it in six months.",already_chosen,price_suspicious|brand|few_reviews,price_suspicious|brand|few_reviews,few_reviews|material|brand,look|few_reviews|brand,availability|few_reviews,page2,page1,reviews,material,4,4,4,2,5,4,5,5,unavailable|no_price|low_rating|few_reviews|no_size|material_unclear|blur_image,eva,semi,yes_somewhat,better_rating,4,4
C,"It's the cheapest option at $7.09 but still has the strongest review evidence on the shelf (4.6 stars, ~974 reviews), which tells me the quality is real. It has the features I actually care about — magnets at the hem, rustproof grommets, odor-free EVA, and a nice water-wave look — so I get function and a decent appearance without paying a premium.",price_too_high|look,look|few_reviews,already_chosen,few_reviews|material,look|transparency|rating,availability|few_reviews,page2,page1,price_value,reviews,4,4,4,2,4,5,5,4,unavailable|no_price|no_size|material_unclear|blur_image,eva,semi,yes_somewhat,better_function,5,4
B,"I need a liner that stays put against the tub, and B has the 3 magnets plus a weighted hem at a very reasonable $7.19. Its 4.4★ rating with nearly 1,900 reviews gives me enough confidence, and the 3D blue cube texture looks nicer than a plain clear liner for a bathroom I actually care about.",price_too_high,already_chosen,brand|material,few_reviews|material,look|transparency,availability|few_reviews,page2,page1,magnet,price_value,3,4,4,2,4,4,5,4,unavailable|no_size|material_unclear|blur_image|no_bullets,eva,semi,yes_somewhat,better_rating,5,4
C,"The LQFMEHOT wave liner has the best combination of a strong 4.6 rating with a decent 974 reviews, a low $7.09 price, EVA material that's odor-free, and 3 heavy magnets at the hem. I want a liner that stays put and doesn't smell like plastic, and this one checks those boxes without paying a premium.",price_too_high|look,price_suspicious|brand|few_reviews,already_chosen,few_reviews|material|pack,look|availability|rating,few_reviews,page2,page1,rating,price_value,4,5,4,2,4,5,5,4,unavailable|no_price|low_rating|few_reviews|no_size|material_unclear|blur_image,eva,semi,yes_somewhat,better_rating,5,4
A,"I chose the AmazerBath liner because it is the only option with a strong, well-established review base (4.5 stars from over 4,000 reviews), which gives me real confidence in the quality. The soft-touch EVA, BPA-free and odor-free claims, rustproof brass grommets, and weighted bottom hem match exactly what I want in a bathroom liner, and I am willing to pay more for something that will hold up and look elegant.",already_chosen,price_suspicious|look|few_reviews,price_suspicious|look|few_reviews,few_reviews|material|pack,look|few_reviews|availability,few_reviews|size,page2,page1,reviews,material,4,5,4,2,4,4,5,4,unavailable|no_price|low_rating|few_reviews|no_size|material_unclear|blur_image,eva,semi,yes_somewhat,better_rating,4,4
C,"I want a good liner without overspending, and the LQFMEHOT at $7.09 has the strongest review base in the cheap tier (4.6 stars, ~974 reviews), EVA material, magnets, and a nice blue wave look. I have reduced dexterity, so the easy rinse-and-wipe care and tear-proof header matter to me.",price_too_high|availability,price_suspicious|brand|look,already_chosen,few_reviews|brand|pack,look|rating|few_reviews,availability|few_reviews|size,page2,page1,price_value,reviews,4,4,3,2,4,5,5,4,unavailable|no_price|low_rating|few_reviews|no_size|material_unclear|blur_image,eva,semi,yes_somewhat,better_rating,5,4
A,"I have high orderliness and security needs, and I'm willing to pay more for a liner that is odor-free, BPA-free, and clearly well-made. The AmazerBath's 4.5 stars across 4,156 reviews gives me the strongest evidence of reliability, and its emerald EVA with weighted stones fits my aesthetic and functional needs. The other cheap options either have too few reviews or unfamiliar brands I can't verify.",already_chosen,brand|price_suspicious|few_reviews|look,brand|price_suspicious|few_reviews|look,few_reviews|brand|material,look|few_reviews|availability,availability|few_reviews|brand,page2,page1,reviews,material,4,5,4,2,5,3,5,5,unavailable|no_price|low_rating|few_reviews|no_size|material_unclear|blur_image,eva,semi,neutral,better_rating,4,4
A,"I want a liner I won't have to think about for a couple of years, and AmazerBath's 4.5 stars across 4,000+ reviews is the kind of evidence I trust. I'll pay $18.99 for the soft-touch EVA, brass grommets, weighted hem and the emerald-green look that actually dresses up the bathroom rather than looking like a cheap plastic sheet.",already_chosen,price_suspicious|look|brand,price_suspicious|look|brand,few_reviews|material|pack,look|rating|few_reviews,availability|few_reviews,page2,page1,reviews,material,4,5,4,2,4,3,5,4,unavailable|no_price|no_size|material_unclear|blur_image|few_reviews,eva,semi,yes_somewhat,better_rating,4,4
C,"Best combination of a strong 4.6 rating with a solid review count (974), a very low $7.09 price, and all the functional features I want: 3 magnets, weighted hem, rust-proof grommets, odor-free EVA. The blue water-wave look is subtle enough to work in my bathroom.",price_too_high|transparency,look|price_suspicious,already_chosen,few_reviews|pack,look|rating,availability|few_reviews|size,page2,page1,rating,price_value,4,5,4,2,4,5,5,4,unavailable|no_price|low_rating|few_reviews|no_size|material_unclear|blur_image,eva,semi,yes_somewhat,better_rating,5,4
C,"It's the cheapest option with the strongest evidence: 4.6 stars across 974 reviews, and it has the three magnets and weighted hem I want so it stays put. EVA material, odor-free, and a simple rinse-and-wipe surface fit my budget and my low-maintenance bathroom.",price_too_high|look,rating|look,already_chosen,few_reviews|material,look|availability,availability|few_reviews,page2,page1,price_value,reviews,4,4,4,2,4,5,4,4,unavailable|no_price|no_size|material_unclear|blur_image,eva,semi,neutral,better_rating,5,4
A,"I'm skeptical of no-name bargain liners, so the well-reviewed AmazerBath with 4,156 reviews and 4.5 stars gives me the evidence I need. The BPA-free, odor-free EVA with 12 rustproof brass grommets and a weighted bottom addresses the two things that actually annoy me about liners — smell and constant clinging. At $18.99 it's the priciest, but a liner I replace every year or two is worth paying a bit more for reliability.",already_chosen,price_suspicious|brand|few_reviews,price_suspicious|brand|few_reviews,few_reviews|material,look|availability|brand,few_reviews|size,page2,page1,reviews,material,4,4,4,2,4,4,5,5,unavailable|no_price|low_rating|few_reviews|no_size|material_unclear|blur_image|no_bullets,eva,semi,yes_somewhat,better_rating,4,4
B,"I want a liner that stays put against the tub, and B is the only affordable single liner that explicitly lists 3 bottom magnets plus a weighted hem. The 3D cube texture is a nice bonus, and at $7.19 with 1,872 reviews at 4.4 stars it's a low-risk buy. Option A is nicer but $18.99 is more than I want to spend on a liner.",price_too_high,already_chosen,look,few_reviews|material,look|transparency,availability|few_reviews,page2,page1,magnet,price_value,4,4,4,2,4,4,5,4,unavailable|no_price|low_rating|few_reviews|no_size|material_unclear|blur_image,eva,semi,yes_somewhat,better_function,5,4
C,"It has the highest rating (4.6) with a solid ~974 reviews, a low price of $7.09, EVA material that is odor-free, magnets to hold it against the tub, and a look I find attractive. It balances value and reliability best for my cautious, analytical approach.",price_too_high|look|brand,look|rating,already_chosen,few_reviews|material,look|availability|rating,availability|few_reviews|size,page2,page1,rating,price_value,4,4,4,2,4,4,5,4,unavailable|no_price|low_rating|few_reviews|no_size|material_unclear|blur_image,eva,semi,yes_somewhat,better_rating,5,4
C,"It has the highest rating (4.6) with a decent review count (974), which matters to me since I want evidence a product actually works. The Art-Deco wave look is attractive without being too loud, and at $7.09 it's a great value with magnets and a weighted hem. The EVA material being odor-free and wipe-clean fits what I want in a liner.",price_too_high|look,look|few_reviews,already_chosen,few_reviews|info_incomplete,look|few_reviews,availability|few_reviews,page2,page1,rating,price_value,4,4,3,2,4,4,5,4,unavailable|no_price|low_rating|no_size|material_unclear|blur_image|few_reviews,eva,semi,yes_somewhat,better_rating,5,5
C,"Best mix of price and trust for me: only $7.09, a strong 4.6 stars, and nearly a thousand reviews. It has the weighted magnets and rust-proof grommets I want, plus an odor-free EVA that is easy to wipe down.",price_too_high,look,already_chosen,few_reviews|material,look|few_reviews,availability|few_reviews,page2,page1,price_value,rating,4,4,4,2,4,5,5,4,unavailable|no_price|low_rating|few_reviews|no_size|material_unclear|blur_image,eva,semi,yes_somewhat,better_value,5,4
C,"I want a cheap, good-looking liner that stays put and is easy to clean. Option C has the highest rating (4.6) among the budget options, a nice art-deco wave look, magnets at the bottom, and it's in stock at $7.09.",price_too_high|material|transparency,few_reviews|look,already_chosen,few_reviews|rating,look|few_reviews,availability|few_reviews,page2,page1,price_value,reviews,3,4,4,2,4,5,5,4,unavailable|no_price|low_rating|few_reviews|no_size|material_unclear|blur_image,eva,semi,yes_somewhat,better_rating,5,4
C,"It's the cheapest liner with the strongest evidence behind it — 4.6 stars from nearly a thousand reviews — and it has the three features I actually care about: EVA material, magnets at the hem, and a weighted bottom. The blue wave texture is a bit decorative for my taste, but I'd rather pay $7 for a proven liner than $19 for a prettier one.",price_too_high|availability,look|price_suspicious,already_chosen,few_reviews|material|pack,look|availability,availability|few_reviews|size,page2,page1,reviews,price_value,4,4,4,2,4,4,5,4,unavailable|no_price|low_rating|few_reviews|material_unclear|blur_image,eva,semi,yes_somewhat,better_rating,5,4
C,"It has the highest rating among the affordable options (4.6★ with a solid 974 reviews) and includes the weighted magnets I want. The Art-Deco wave look is attractive and the EVA material is odor-free and safe, all for just $7.09.",price_too_high|availability,look,already_chosen,few_reviews|material,look|few_reviews,availability|few_reviews,page2,page1,price_value,rating,4,4,4,2,4,5,5,4,unavailable|no_price|low_rating|few_reviews|no_size|material_unclear|blur_image,eva,semi,yes_somewhat,better_rating,5,5
C,"I want a liner that stays put against the tub and is easy to wipe down, and this one has strong magnets and a waterproof EVA surface at a very low price. The 4.6-star rating with nearly 1,000 reviews gives me enough confidence that it's a safe, low-risk buy.",price_too_high|transparency,look|few_reviews,already_chosen,few_reviews|material,look|availability,availability|few_reviews,page2,page1,price_value,reviews,4,5,4,2,4,5,5,4,unavailable|no_price|no_size|material_unclear|blur_image,eva,semi,yes_somewhat,better_rating,5,5
A,"No persona-specific answer was produced, so a neutral answer was used.",already_chosen,already_chosen,already_chosen,already_chosen,already_chosen,already_chosen,page1,page1,price_value,price_value,3,3,3,3,3,3,3,3,unavailable,eva,fully_transparent,yes_strongly,lower_price,3,3
C,"It has the highest rating (4.6) with a solid review count, and at $7.09 it's the cheapest option while still including the features I care about most — a weighted magnetic hem, rust-resistant metal grommets, and odor-free EVA. The blue water-wave design is a nice look for a bathroom liner without being too plain or too busy.",price_too_high|look,price_suspicious|look,already_chosen,few_reviews|material,look|availability,availability|few_reviews,page2,page1,price_value,magnet,4,4,4,2,4,5,4,4,unavailable|no_price|low_rating|few_reviews|no_size|material_unclear|blur_image,eva,semi,yes_somewhat,better_function,5,4
B,"I'm a big believer in getting good value and this one has a solid 4.4 stars with nearly 1,900 reviews, so there's plenty of real-world evidence behind it. At just $7.19 it's cheap enough that I can grab it without agonizing, and the 3D cube texture plus magnets at the bottom gives it a nicer look and better function than a plain cheap liner. The EVA material being odor-free and PVC-free seals it for me.",price_too_high,already_chosen,brand|few_reviews,few_reviews|material,look|few_reviews,availability|few_reviews,page2,page1,price_value,reviews,4,4,3,2,3,5,5,4,unavailable|no_price|low_rating|few_reviews|no_size|material_unclear|blur_image,eva,semi,yes_somewhat,better_rating,5,4
B,"The jssablo Blue Cube liner hits the sweet spot for me: at $7.19 it's cheap enough to replace without guilt, it has 1,872 reviews at 4.4 stars so there's real evidence it works, and the 3 bottom magnets plus weighted hem are exactly what I need to keep it from billowing. I manage a chronic condition and have reduced dexterity, so easy install with 12 metal grommets and wipe-clean care matter more than a luxury look.",price_too_high|material|look,already_chosen,price_suspicious|brand|few_reviews,few_reviews|material|pack,look|few_reviews|availability,availability|few_reviews|missing_magnet,page2,page1,reviews,price_value,4,5,4,2,4,4,5,4,unavailable|no_price|low_rating|few_reviews|no_size|material_unclear|blur_image,eva,semi,yes_somewhat,better_rating,5,4
A,"At my age I've learned cheap liners are false economy — they get stiff, smell like plastic, and tear at the grommets within months. Option A has 4,156 reviews at 4.5 stars, brass grommets, a weighted hem, and BPA-free odor-free EVA, which is exactly what I want. It's the only one on this shelf I'd trust to actually last and not stink up my bathroom.",already_chosen,price_suspicious|brand|look,price_suspicious|brand|look|few_reviews,few_reviews|material|transparency,look|transparency|availability,availability|few_reviews|size,page2,page1,reviews,material,4,5,4,2,4,3,5,5,unavailable|no_price|low_rating|few_reviews|no_size|material_unclear|blur_image,eva,semi,yes_somewhat,better_rating,4,4
C,"I want a liner that's cheap enough to replace without guilt but still has real evidence behind it, and C hits that sweet spot at $7.09 with a 4.6-star rating across 974 reviews — the highest rating and solid review volume of anything on this shelf. It has the functional stuff I actually care about: EVA material, three heavy magnets at the hem, a tear-proof header with anti-rust grommets, and a rinse-and-wipe surface. The blue water-wave look is a nice bonus since my bathroom gets decent light and I'd rather not stare at a plain sheet of plastic.",price_too_high|availability,look|price_suspicious,already_chosen,few_reviews|material,look|few_reviews|availability,availability|few_reviews|size,page2,page1,reviews,price_value,4,4,4,2,5,5,5,4,unavailable|no_price|low_rating|no_size|material_unclear|blur_image,eva,semi,yes_somewhat,better_rating,5,4
A,"I'm 55+ and have dealt with too many flimsy, smelly plastic liners over the years, so I'll pay a bit more for quality. The AmazerBath has the strongest evidence behind it — 4.5 stars from over 4,000 reviews — plus a soft-touch EVA feel, BPA-free/odor-free material, brass grommets and a weighted hem. It's the one I'd trust to last and not smell like a chemical factory.",already_chosen,price_suspicious|brand|look,price_suspicious|brand|look|few_reviews,few_reviews|material|pack,look|few_reviews|availability,availability|few_reviews,page2,page1,reviews,material,4,4,3,2,4,4,5,4,unavailable|no_price|low_rating|material_unclear|blur_image,eva,semi,yes_somewhat,better_rating,4,4
B,"Best combo of price, rating, and review count. 4.4 stars with nearly 1,900 reviews at $7.19 is solid evidence it's not junk, and it has magnets to keep it against the tub.",price_too_high,already_chosen,brand|few_reviews,few_reviews|material,look|few_reviews,availability|few_reviews,page2,page1,price_value,reviews,3,4,3,1,4,5,5,4,unavailable|no_price|low_rating|few_reviews|blur_image,eva,semi,yes_somewhat,better_rating,5,4
C,"It has the highest rating (4.6) among the options with a solid review base (974 reviews), it's the cheapest at $7.09, and it has the features I care about — magnets at the bottom, a weighted hem, waterproof EVA, and a rust-proof header. The blue wave look is also clean and modern without being loud.",price_too_high|look,look|price_suspicious,already_chosen,few_reviews|material|pack,look|few_reviews|availability,availability|few_reviews,page2,page1,rating,price_value,4,4,4,2,4,4,5,4,unavailable|no_price|no_size|material_unclear|blur_image,eva,semi,yes_somewhat,better_rating,5,5
A,"I have strong discipline about what goes in my home, and EVA with BPA-free, odor-free claims plus a reinforced header and weighted hem ticks my boxes. The 4.5★ with 4,156 reviews gives me real evidence, unlike the thin listings with 10-16 reviews. I'd rather pay $18.99 once for something that holds up than replace a cheap liner twice a year.",already_chosen,brand|few_reviews|look,brand|review_concern|material,few_reviews|material|pack,few_reviews|look|availability,availability|few_reviews,page2,page1,material,reviews,4,4,4,2,5,3,5,5,unavailable|no_price|low_rating|few_reviews|no_size|material_unclear|blur_image|no_bullets,eva,semi,unlikely,better_rating,4,4
C,"It has the highest rating (4.6★) with a solid review base (~974), a weighted hem with 3 magnets to stay against the tub, and an odor-free EVA material at the lowest price ($7.09). The Art-Deco wave look is a nice bonus without sacrificing function.",price_too_high|transparency,price_suspicious|look,already_chosen,few_reviews|material,look|availability,few_reviews,page2,page1,rating,price_value,4,4,4,2,4,4,5,4,unavailable|no_price|low_rating|material_unclear|no_size,eva,semi,yes_somewhat,better_rating,5,4
C,"It has the highest rating (4.6 stars) with a solid 974 reviews, so I trust it more than the cheaper low-review options. It's also the lowest price at $7.09 and has the features I want — magnets, weighted hem, anti-rust grommets, and odor-free EVA.",price_too_high,few_reviews,already_chosen,few_reviews|material,look|few_reviews|availability,availability|few_reviews,page2,page1,price_value,rating,4,4,4,2,4,5,5,4,unavailable|no_price|no_size|material_unclear|blur_image,eva,semi,yes_somewhat,better_rating,5,5
C,"I want a low-cost, well-reviewed EVA liner with magnets at the hem, and C has the best rating (4.6★) with a solid review count at the lowest price ($7.09). It's odor-free, waterproof, and has the anti-rust grommets and weighted hem I care about.",price_too_high|look,look|few_reviews,already_chosen,few_reviews|material,look|availability,availability|info_incomplete,page2,page1,rating,price_value,4,4,3,2,4,4,5,4,unavailable|no_price|low_rating|few_reviews|no_size|material_unclear|blur_image,eva,semi,yes_somewhat,better_rating,5,4
C,"I'm a practical guy — I want a liner that keeps water in, stays put with magnets, and doesn't break the bank. The LQFMEHOT at $7.09 has the best rating on the shelf (4.6 stars) with close to a thousand reviews, EVA material, three heavy magnets, and a rust-proof header. The wave pattern looks fine and it's in stock, so I don't see a reason to pay more.",price_too_high|transparency,rating|look,already_chosen,few_reviews|material,few_reviews|look|availability,availability|few_reviews|size,page2,page1,price_value,rating,4,4,4,2,4,5,5,4,unavailable|no_price|low_rating|few_reviews|no_size|material_unclear|blur_image,eva,semi,yes_somewhat,lower_price,5,4
C,"I want a liner that is waterproof, has magnets to hold it against the tub, and comes from a listing with a solid track record — C hits all three at $7.09 with a 4.6★ rating. The Art-Deco wave look is nice without being flashy, and 974 reviews gives me enough evidence it actually holds up. As a guy who's been burned by flimsy liners, the tear-proof header and anti-rust buttons sealed it.",price_too_high|look|availability,price_suspicious|look|few_reviews,already_chosen,few_reviews|material,look|few_reviews|rating,availability|few_reviews,page2,page1,price_value,magnet,4,4,4,2,5,5,5,4,unavailable|no_price|low_rating|few_reviews|no_size|material_unclear|blur_image|no_bullets,eva,semi,yes_somewhat,better_function,5,5
C,"The LQFMEHOT liner has the best combination of a strong 4.6★ rating with nearly 1,000 reviews, a low $7.09 price, and the features I actually care about (magnets, weighted hem, waterproof EVA). It's cheap enough to replace without guilt but has enough review evidence to trust it. The wave design is fine and the specs are complete.",price_too_high|availability,look|price_suspicious,already_chosen,few_reviews|material,few_reviews|availability|look,availability|few_reviews,page2,page1,price_value,reviews,4,5,4,2,4,5,5,4,unavailable|no_price|few_reviews|no_size|material_unclear|blur_image,eva,semi,unlikely,better_rating,5,4
A,"I'm retired and cautious, so I want a liner I can trust: the AmazerBath has 4,156 reviews at 4.5 stars, a soft-touch EVA that's BPA-free and odor-free, brass grommets, and a reinforced header with weighted stones. The emerald semi-transparent look is attractive and light-filtering, which suits my bathroom. Yes, $18.99 is more than the others, but for something that hangs in a wet space for years, I'd rather pay once for quality and safety than replace a cheap liner.",already_chosen,price_suspicious|brand|rating|review_concern|look,price_suspicious|brand|few_reviews|look,few_reviews|material|pack|look,look|few_reviews|availability|brand,availability|few_reviews|size|material,page2,page1,reviews,material,4,5,4,2,4,3,5,5,unavailable|no_price|low_rating|few_reviews|no_size|material_unclear|blur_image|brand_unfamiliar,eva,semi,yes_somewhat,better_rating,4,4
C,"I want a simple, good-value liner with strong reviews, and this one has the highest rating on the shelf (4.6 with nearly 1,000 reviews). The EVA material is odor-free and the magnets plus weighted hem keep it against the tub, which is what I actually need.",price_too_high,look,already_chosen,few_reviews,look,availability,page2,page1,rating,price_value,4,4,4,2,4,4,5,4,unavailable|no_price|no_size|material_unclear|blur_image,eva,semi,yes_somewhat,better_rating,5,4
C,"It's the cheapest option at $7.09 and still has a solid 4.6-star rating with nearly a thousand reviews, which is real evidence rather than a brand-new listing. It has the weighted magnets and rust-proof grommets I want, and the blue wave pattern is subtle enough not to be an eyesore. I don't need to pay $18.99 for a piece of plastic that hangs in my shower.",price_too_high|look,look|few_reviews,already_chosen,few_reviews|material,look|few_reviews|availability,few_reviews,page2,page1,price_value,reviews,4,4,3,1,4,5,5,4,unavailable|no_price|low_rating|few_reviews|no_size|material_unclear|blur_image,eva,semi,unlikely,better_rating,5,4
C,"It has the highest rating (4.6) with a solid review count (974), the lowest price ($7.09), and all the functional features I care about: EVA material, 3 heavy magnets, anti-rust grommets, and a waterproof wipe-clean surface. The blue water-wave Art Deco look is subtle and pleasant without being gaudy.",price_too_high|transparency|availability,look|rating,already_chosen,few_reviews|material|pack,look|availability|rating,availability|few_reviews|size,page2,page1,rating,price_value,4,4,4,2,4,5,5,4,unavailable|no_price|low_rating|few_reviews|no_size|material_unclear|blur_image,eva,semi,yes_somewhat,better_rating,5,4
A,"I want a liner that is odor-free and BPA-free since it sits right in a steamy bathroom, and the AmazerBath has the strongest review base by far (4.5 stars, 4,156 reviews) with brass grommets and a weighted hem. The emerald-green semi-transparent look is pretty and light-filtering, and at $18.99 it is a splurge I can justify once rather than re-buying a cheap liner. The delivery notice gives me pause, but the product itself fits what I want.",already_chosen,price_suspicious|brand|look|material,price_suspicious|brand|look|material,few_reviews|material|pack|look,look|rating|review_concern|availability,availability|few_reviews|info_incomplete|size,page2,page1,reviews,material,4,5,4,2,4,4,5,4,unavailable|no_price|low_rating|few_reviews|no_size|material_unclear|blur_image,eva,semi,yes_somewhat,better_rating,4,4
C,"It has the highest rating (4.6) with a solid 974 reviews, costs the least at $7.09, and includes the magnets and weighted hem I want to keep it against the tub. The Art-Deco wave look is a nice bonus for a liner I'll mostly see through anyway.",price_too_high|look,rating|few_reviews|price_suspicious,already_chosen,few_reviews|material,look|rating|few_reviews,availability|few_reviews|size,page2,page1,rating,price_value,4,4,4,2,4,4,5,4,unavailable|no_price|low_rating|no_size|material_unclear|blur_image,eva,semi,yes_somewhat,better_rating,5,4
C,"I chose the LQFMEHOT water-wave liner because it has the highest rating on the shelf (4.6 stars) with a solid review base of nearly 1,000 reviews, and at $7.09 it's the best value. It's odor-free EVA with magnets at the hem, a tear-proof header and rust-resistant metal grommets, which are the exact features I care about for a liner that stays put and lasts.",price_too_high|availability,price_suspicious|few_reviews|look,already_chosen,few_reviews|material|pack,look|availability|few_reviews,availability|few_reviews,page2,page1,rating,price_value,4,5,4,2,5,5,5,4,unavailable|no_price|low_rating|few_reviews|no_size|material_unclear|blur_image,eva,semi,yes_somewhat,better_rating,5,5
C,"I want a semi-transparent liner that lets some light through but still has a soft blue tone, and option C has the strongest rating-to-review balance on the shelf at a very reasonable price. It also has the functional details I care about: magnets, weighted hem, rustproof grommets, and odor-free EVA.",price_too_high|look,look|price_suspicious,already_chosen,few_reviews|material|look,look|transparency,availability|few_reviews|info_incomplete,page2,page1,price_value,reviews,4,4,4,2,4,5,5,4,unavailable|no_price|low_rating|few_reviews|no_size|material_unclear|blur_image|no_bullets,eva,semi,yes_somewhat,better_rating,5,4
C,"I'm on a fixed retirement income so price matters, and at $7.09 with a 4.6-star rating from nearly a thousand reviewers it's the best value here. It's EVA (odor-free, no PVC worries), has the weighted magnets I want so it stays against the tub, and the wave pattern is pretty without being loud.",price_too_high|availability,look|price_suspicious,already_chosen,few_reviews|material,look|availability,availability|few_reviews,page2,page1,price_value,rating,4,4,4,2,5,5,5,4,unavailable|no_price|low_rating|few_reviews|no_size|material_unclear|blur_image,eva,semi,yes_somewhat,better_rating,5,4
C,"I want an affordable, well-reviewed EVA liner with magnets and a rust-resistant header, and C has the highest rating (4.6) with a solid review base at the lowest price. The Art-Deco wave texture also fits my interest in design without being loud, and the odor-free EVA aligns with my health and safety priorities.",price_too_high|look|transparency,price_suspicious|look|material,already_chosen,few_reviews|look|pack,look|availability|transparency,availability|few_reviews,page2,page1,rating,price_value,4,4,4,2,4,4,5,4,unavailable|no_price|low_rating|few_reviews|no_size|material_unclear|blur_image,eva,semi,yes_somewhat,better_rating,5,4
A,"I want a liner that's genuinely well-made and has a track record, and the AmazerBath has by far the most reviews (4,156) at a solid 4.5 stars. The brass grommets, reinforced double-layer header, weighted stones and BPA-free odor-free EVA match what I care about for a bathroom fixture I'll leave up for months. It's the priciest at $18.99, but for something I use daily I'd rather pay once for quality than re-buy a cheap one.",already_chosen,price_suspicious|look,price_suspicious|look|brand,few_reviews|material|look,look|rating|availability,availability|few_reviews,page2,page1,reviews,material,4,4,4,2,5,4,5,5,unavailable|no_price|low_rating|few_reviews|no_size|material_unclear|blur_image,eva,semi,yes_somewhat,better_function,4,5
A,"The AmazerBath liner has by far the strongest track record: 4.5 stars across 4,156 reviews, and the soft-touch EVA with brass grommets and weighted bottom stones reads as genuinely higher quality. Even though it costs more, the reinforced header and weighted hem mean it will actually stay put and last, so I'm willing to pay for the reliability.",already_chosen,price_suspicious|brand|look,price_suspicious|brand|few_reviews,few_reviews|material|pack,look|transparency|availability,availability|few_reviews|size,page2,page1,reviews,material,4,5,4,2,4,4,5,5,unavailable|no_price|low_rating|no_size|material_unclear|blur_image,eva,semi,yes_somewhat,better_rating,4,4
C,"It has the best combination of a strong 4.6 rating with nearly 1,000 reviews, a very low $7.09 price, and the EVA material with magnets and weighted hem I want. The blue water-wave Art Deco look is attractive without being too bold, and it's in stock. As a saver-minded buyer who still cares about looks, this hits the value and design sweet spot.",price_too_high,price_suspicious|look,already_chosen,few_reviews|material|pack,look|few_reviews,availability|few_reviews|size,page2,page1,price_value,reviews,4,5,4,2,4,5,5,4,unavailable|no_price|low_rating|few_reviews|material_unclear|blur_image,eva,semi,yes_somewhat,better_rating,5,4
A,"I'm cautious about materials and want something that will last, so the soft-touch EVA with brass grommets and a weighted hem appeals to me. The 4.5 stars across 4,156 reviews gives me the confidence that a low-review listing can't, and I'm willing to pay more for that peace of mind.",already_chosen,price_suspicious|brand|look,price_suspicious|brand|look,few_reviews|material|brand,look|rating,availability|few_reviews|size,page2,page1,reviews,material,4,5,4,2,4,4,5,5,unavailable|no_price|low_rating|few_reviews|no_size|material_unclear,eva,semi,yes_somewhat,better_rating,4,4
A,"I want a liner that's odor-free and safe, and this one is 100% EVA, BPA-free with no chemical smell — that matters to me since it's in a steamy bathroom. It also has the strongest review base by far (4.5 stars, over 4,000 reviews) and a weighted bottom with brass grommets that won't rust. The price is more than the others, but I'd rather pay a bit more for something that lasts and doesn't stink up the bathroom.",already_chosen,price_suspicious|brand|look,price_suspicious|brand|look,few_reviews|material|look,look|availability|rating,few_reviews|size,page2,page1,material,reviews,4,5,4,2,4,4,5,4,unavailable|no_price|low_rating|no_size|material_unclear|blur_image,eva,semi,yes_somewhat,better_rating,4,4
B,"The jssablo Blue Cube liner gives me the most for a low price: it's EVA (which I prefer over PVC for being odor-free and safer), has 12 metal grommets plus 3 bottom magnets to keep it against the tub, and a 4.4★ rating backed by nearly 1,900 reviews. It's in stock and only $7.19, so I get solid function and proven reliability without overpaying.",price_too_high|look,already_chosen,brand|price_suspicious,few_reviews|material,look|availability,availability|few_reviews,page2,page1,price_value,magnet,4,4,4,2,4,5,5,4,unavailable|no_price|low_rating|no_size|material_unclear|blur_image,eva,semi,yes_somewhat,better_function,5,5
B,"I want a cheap, decent-looking liner that actually stays against the tub. The jssablo has strong reviews for the price, magnets at the hem, and the blue 3D cube texture looks nicer than a plain clear sheet.",price_too_high|availability,already_chosen,look|brand,few_reviews|pack,look|review_concern,availability|few_reviews,page2,page1,price_value,reviews,4,4,4,2,3,5,5,4,unavailable|no_price|low_rating|few_reviews|no_size|material_unclear|blur_image,eva,semi,yes_somewhat,nothing,5,4
C,"It is the cheapest option at $7.09 with the best rating on the shelf (4.6 stars, ~974 reviews), and it has the features I actually care about: EVA material, a weighted hem with 3 magnets so it stays against the tub, and a waterproof surface I can just rinse and wipe. The blue wave pattern is a nice bonus but the value and proven reviews are what sold me.",price_too_high|look,look|review_concern,already_chosen,few_reviews|material,look|few_reviews,availability|few_reviews|size,page2,page1,price_value,rating,4,4,4,2,4,5,5,4,unavailable|no_price|low_rating|no_size|material_unclear|blur_image,eva,semi,yes_somewhat,better_rating,5,4
B,"I want a liner that stays put and looks nice without spending a fortune. The jssablo has a strong rating with plenty of reviews, magnets at the bottom, and at $7.19 I can replace it whenever it gets grimy.",price_too_high|look,already_chosen,brand|look,few_reviews|pack|look,look|transparency,availability|few_reviews,page2,page1,price_value,reviews,4,4,3,2,4,5,5,4,unavailable|no_price|low_rating|few_reviews|no_size|material_unclear|blur_image,eva,semi,yes_somewhat,better_function,5,4
C,"It has the highest rating (4.6) with a solid ~974 reviews, so it feels reliable, and it's the cheapest at $7.09 while still offering the features I want — magnets at the bottom, rust-proof metal grommets, waterproof EVA, and odor-free. The Art-Deco blue wave look is pleasant without being too bold, and it's in stock.",price_too_high,rating,already_chosen,few_reviews|material,rating|few_reviews|transparency,availability|few_reviews,page2,page1,rating,price_value,4,4,4,2,4,5,5,4,unavailable|no_price|low_rating|few_reviews|no_size|material_unclear,eva,semi,yes_somewhat,better_rating,5,4
C,"It's the cheapest liner on the shelf and still has a solid 4.6-star rating from nearly a thousand buyers, so I'm not gambling on an unknown. EVA, odor-free, magnets at the bottom, and a header that won't tear are exactly what I want in a liner — the wave pattern is a bonus, not the reason.",price_too_high|availability,look,already_chosen,few_reviews|material,look|rating,availability|few_reviews|missing_magnet,page2,page1,price_value,rating,4,4,4,2,4,5,5,4,unavailable|no_price|low_rating|few_reviews|no_size|material_unclear|blur_image,eva,semi,yes_somewhat,better_rating,5,4
A,"I want a liner I can trust, and AmazerBath has the strongest evidence on the shelf: 4.5 stars across 4,156 reviews, EVA that's BPA-free and odor-free, and 12 brass grommets with a weighted hem. The $18.99 price is more than I'd ideally pay, but for something I'll look at every day and that should last, the reliability and safety claims are worth the premium.",already_chosen,brand|material|price_suspicious,brand|price_suspicious|material,few_reviews|brand|material,look|rating|availability,availability|few_reviews,page2,page1,reviews,material,4,4,4,2,4,3,5,5,unavailable|no_price|low_rating|few_reviews|no_size|material_unclear|blur_image,eva,semi,yes_somewhat,better_rating,4,4
C,"The LQFMEHOT has the highest rating on the shelf (4.6★) with a solid ~974 reviews, it's the cheapest at $7.09, and it has the features I care about — EVA material, odor-free, waterproof, and 3 heavy magnets at the weighted hem. The Art-Deco blue wave look is pretty without being loud, and it's actually in stock.",price_too_high|availability,look|few_reviews,already_chosen,few_reviews|material|pack,look|transparency|availability,availability|few_reviews|size,page2,page1,rating,price_value,4,5,4,2,4,4,5,4,unavailable|no_price|low_rating|no_size|material_unclear|blur_image,eva,semi,yes_somewhat,better_rating,5,5
C,"It's the cheapest option at $7.09 but still has the highest rating (4.6 stars) with a decent review count (974), plus magnets, a weighted hem, and anti-rust metal grommets. For a liner that's mostly functional, I'd rather not overpay, and the wave pattern looks nicer than a plain solid sheet.",price_too_high,look|few_reviews,already_chosen,few_reviews|material,look|few_reviews,availability|few_reviews,page2,page1,price_value,rating,3,4,3,2,4,5,5,4,unavailable|no_price|low_rating|few_reviews|no_size|material_unclear|blur_image,eva,semi,yes_somewhat,nothing,5,4
C,"It's the cheapest option with the strongest review evidence — 4.6 stars across ~974 reviews, which is a lot more credible than the near-empty listings. It has the features I actually care about (magnets at the hem, rust-proof grommets, odor-free EVA) and the wave texture looks decent rather than gimmicky.",price_too_high,look|rating,already_chosen,few_reviews,look|few_reviews|availability,availability|few_reviews,page2,page1,price_value,reviews,4,4,3,2,4,5,5,3,unavailable|no_price|low_rating|no_size|material_unclear|blur_image,eva,semi,yes_somewhat,better_rating,5,4
C,"It's the cheapest option at $7.09 but still has a strong 4.6 star rating with nearly 1,000 reviews, which gives me confidence it's reliable. It has the magnets and weighted hem I want, and the blue wave design looks nice without being too flashy.",price_too_high,look,already_chosen,few_reviews|material,look|availability,availability|few_reviews,page2,page1,price_value,reviews,4,4,3,2,3,5,4,4,unavailable|no_price|low_rating|few_reviews|no_size|material_unclear|blur_image,eva,semi,yes_somewhat,lower_price,5,4
A,"The AmazerBath is the only liner with a large, credible review base (4,156 reviews at 4.5★), which matters most to me since a liner is a buy-once, use-daily item and I want evidence it won't tear, smell, or discolor. The 100% EVA, BPA-free, odor-free construction, reinforced double-layered header, brass grommets and weighted bottom all match what I look for in durability, and I'm willing to pay $18.99 for quality over a cheap liner I'd replace in six months.",already_chosen,price_suspicious|brand|few_reviews,price_suspicious|brand|few_reviews|look,few_reviews|material|pack,look|rating|availability,availability|few_reviews,page2,page1,reviews,material,4,4,4,2,4,3,5,4,unavailable|no_price|low_rating|few_reviews|no_size|material_unclear|blur_image,eva,semi,yes_somewhat,better_rating,4,4
A,"No persona-specific answer was produced, so a neutral answer was used.",already_chosen,already_chosen,already_chosen,already_chosen,already_chosen,already_chosen,page1,page1,price_value,price_value,3,3,3,3,3,3,3,3,unavailable,eva,fully_transparent,yes_strongly,lower_price,3,3
C,"It has the highest rating (4.6) with a solid review count (974), a low $7.09 price, EVA material, magnets at the hem, and a rustproof header — the best balance of proven quality, function, and value. The Art-Deco wave look is a nice bonus that fits a modern bathroom.",price_too_high|transparency,rating,already_chosen,few_reviews|material,look|availability,availability|few_reviews,page2,page1,rating,price_value,4,5,4,2,4,5,5,4,unavailable|no_price|low_rating|few_reviews|no_size|material_unclear|blur_image,eva,semi,yes_somewhat,better_rating,5,5
C,"The LQFMEHOT at $7.09 has the highest rating on the shelf (4.6 stars) with a solid 974 reviews, so I have real evidence it holds up. It has the weighted magnets I want, an odor-free EVA material, and a tear-proof header, all at a value price I'm comfortable with. Nothing about it feels like a gamble, which matters to me since I'd rather buy once and be done.",price_too_high|transparency,look|price_suspicious,already_chosen,few_reviews|material,look|few_reviews|availability,availability|few_reviews,page2,page1,price_value,reviews,4,4,4,2,4,5,5,4,unavailable|no_price|low_rating|few_reviews|no_size|material_unclear|blur_image,eva,semi,yes_somewhat,better_rating,5,4
C,"It has the highest rating (4.6) with a solid review count near 1,000, plus the features I actually care about: magnets at the hem, rust-proof grommets, and odor-free EVA. At $7.09 it's the best value on the shelf, and the blue water-wave look is attractive without being plain.",price_too_high|look,price_suspicious,already_chosen,few_reviews|material,look|availability,availability|few_reviews,page2,page1,rating,price_value,4,4,4,2,4,5,5,4,unavailable|no_price|low_rating|few_reviews|no_size|material_unclear|blur_image,eva,semi,yes_somewhat,better_function,5,4
A,"I want a liner I can trust, and the AmazerBath has 4.5 stars with over 4,000 reviews, an odor-free BPA-free EVA material, brass grommets and a weighted hem. The emerald green semi-transparent look is attractive without being garish, and the $18.99 price is fine for a liner I'll keep for a long time.",already_chosen,brand|few_reviews|look,brand|few_reviews|price_suspicious,few_reviews|material|pack,look|few_reviews,availability|few_reviews,page2,page1,reviews,material,4,5,4,2,5,4,5,5,unavailable|no_price|no_size|material_unclear|blur_image,eva,semi,yes_somewhat,better_rating,4,4
C,"It has the highest rating (4.6) with a solid 974 reviews, a low $7.09 price, EVA material with magnets at the hem, and a look I find appealing — great value with reliable evidence.",price_too_high,rating|few_reviews,already_chosen,few_reviews|material,look|availability,availability|few_reviews,page2,page1,price_value,rating,4,4,4,2,4,5,4,4,unavailable|no_price|low_rating|few_reviews|no_size|material_unclear,eva,semi,yes_somewhat,better_function,5,4
C,"I want a simple, affordable liner that stays put and doesn't look institutional. The LQFMEHOT water-wave EVA has the best rating on the shelf (4.6 with ~974 reviews), 3 heavy magnets, and a subtle blue gradient that filters light without being fully clear or dark.",price_too_high|look,look|rating,already_chosen,few_reviews|pack,look|rating,few_reviews,page2,page1,reviews,price_value,4,4,4,2,4,5,5,4,unavailable|no_price|low_rating|no_size|material_unclear|blur_image,eva,semi,yes_somewhat,better_rating,5,4
C,"It's the cheapest option that still has a solid 4.6 rating and nearly a thousand reviews, so I feel like I know what I'm getting. I like the blue water-wave look, and it has the magnets and weighted hem I want plus odor-free EVA. Good value without gambling on an unknown listing.",price_too_high|look|transparency,price_suspicious|brand|rating,already_chosen,few_reviews|material|pack,look|transparency|availability,availability|few_reviews|size,page2,page1,price_value,reviews,4,5,4,2,4,5,5,4,unavailable|no_price|low_rating|few_reviews|no_size|material_unclear|blur_image,eva,semi,yes_somewhat,better_rating,5,4
C,"I want a liner that looks nice without spending a lot, and this one has the highest rating on the shelf (4.6 with nearly 1,000 reviews), so it feels reliable. The Art-Deco blue wave look is pretty, the magnets keep it against the tub, and $7.09 is a great value for a liner.",price_too_high|transparency,look,already_chosen,few_reviews|pack,look|review_concern,availability|few_reviews|size,page2,page1,price_value,reviews,4,5,4,2,4,5,5,4,unavailable|low_rating|few_reviews|no_size|material_unclear|blur_image,eva,semi,yes_somewhat,better_rating,5,4
A,"I want a liner I can trust, and the AmazerBath has the strongest track record here — 4.5 stars from over 4,000 reviews. The soft-touch, odor-free EVA with brass grommets and a weighted hem sounds well made, and at $18.99 it's still reasonable for something I'll keep for years.",already_chosen,price_suspicious|brand|rating,price_suspicious|brand|few_reviews,few_reviews|material|brand,rating|few_reviews|availability,availability|few_reviews,page2,page1,reviews,material,4,4,4,2,4,4,5,5,unavailable|no_price|low_rating|few_reviews|no_size|material_unclear|blur_image,eva,semi,yes_somewhat,better_rating,4,4
C,"I want a liner that stays put and cleans up easy, and this one has 3 heavy magnets, a tear-proof header, and a solid 4.6 stars from nearly a thousand buyers. At $7.09 it's the best combination of price, function, and proven reliability on this shelf — the blue water-wave look is a nice bonus.",price_too_high|transparency,look|few_reviews,already_chosen,few_reviews|material,look|availability,availability|few_reviews,page2,page1,price_value,reviews,4,5,4,2,4,5,5,4,unavailable|no_price|low_rating|few_reviews|no_size|material_unclear|blur_image|no_bullets,eva,semi,yes_somewhat,better_function,5,4
B,"The jssablo Blue Cube liner has a strong 4.4-star rating from over 1,800 reviews, which gives me confidence it's reliable. At $7.19 it's a great value, and the 3D cube texture with magnets and weighted hem fits my tidy, modern bathroom without being too plain or too loud.",price_too_high|look,already_chosen,review_concern|look,few_reviews|pack,look|few_reviews,availability|few_reviews,page2,page1,price_value,reviews,4,4,3,2,4,5,5,4,unavailable|no_price|low_rating|few_reviews|no_size|material_unclear|blur_image,eva,semi,yes_somewhat,better_rating,5,5
B,"It has solid reviews (4.4★, 1,872 reviews) at a low $7.19 price, and the 3 magnets plus weighted hem mean it will actually stay against the tub. The 70% EVA material is a safer, odor-free option than cheap PVC, and it's in stock right now.",price_too_high|transparency|brand,already_chosen,price_suspicious|brand|few_reviews,few_reviews|material|pack,look|availability|review_concern,availability|few_reviews,page2,page1,price_value,reviews,4,4,4,2,4,5,5,4,unavailable|no_price|low_rating|no_size|material_unclear|blur_image,eva,semi,yes_somewhat,better_rating,5,4
A,"I'm willing to pay a bit more for a liner that's genuinely eco-friendly and odor-free, since I care about sustainability and don't want that plasticky smell in a steamy bathroom. The AmazerBath has 4,156 reviews at 4.5 stars, brass grommets, a reinforced header, and weighted stones, so it feels like the most reliable and long-lasting pick on this shelf.",already_chosen,price_suspicious|brand|look,price_suspicious|brand|look,few_reviews|material|look,look|few_reviews|availability,availability|few_reviews|size,page2,page1,material,reviews,4,4,4,2,4,3,5,4,unavailable|no_price|low_rating|no_size|material_unclear|blur_image,eva,semi,yes_somewhat,better_rating,4,4
C,"It's the cheapest option at $7.09 and still has a solid 4.6★ rating with nearly 1,000 reviews, so there's real evidence behind it. I like that it has 3 heavy magnets at the bottom and a tear-proof header, which are the function points I actually care about. The blue water-wave look is a nice bonus without paying a premium.",price_too_high|look,price_suspicious|look,already_chosen,few_reviews|material,look|rating|availability,availability|few_reviews,page2,page1,price_value,reviews,4,4,4,2,4,5,5,4,unavailable|no_price|low_rating|no_size|material_unclear|blur_image,eva,semi,yes_somewhat,better_rating,5,4
C,"It has the best combination of strong evidence (4.6 stars, 974 reviews), a low price, and the features I care about — weighted magnets to keep it against the tub, a tear-proof header, and odor-free EVA. I also prefer the semi-transparent light-filtering look over a fully opaque liner.",price_too_high,look,already_chosen,few_reviews|material,transparency|look,availability|few_reviews|size,page2,page1,reviews,price_value,4,4,4,2,4,5,5,4,unavailable|no_price|low_rating|few_reviews|no_size|material_unclear|blur_image,eva,semi,yes_somewhat,better_rating,5,5
C,"I want a cheap, low-risk liner with a strong track record, and C has the best rating (4.6) with a decent review count at only $7.09. The blue water-wave look is nice enough, and the magnets plus wipe-clean EVA are exactly the practical features I care about.",price_too_high,few_reviews|rating,already_chosen,few_reviews|material,look|few_reviews,availability|few_reviews|size,page2,page1,price_value,rating,4,4,3,2,4,5,4,4,unavailable|no_price|low_rating|few_reviews|no_size|material_unclear|blur_image,eva,semi,yes_somewhat,lower_price,5,4
C,"The LQFMEHOT liner hits the sweet spot for me: it's the lowest price at $7.09, has the highest rating on the shelf (4.6 stars with nearly 1,000 reviews), and includes the weighted magnets and rustproof grommets I want. I also like the blue water-wave look and the odor-free EVA material, which feels safer than PVC.",price_too_high|look,look,already_chosen,few_reviews|material,look|availability,availability|few_reviews,page2,page1,price_value,rating,4,4,4,2,4,5,5,4,unavailable|no_price|no_size|material_unclear|blur_image,eva,semi,yes_somewhat,nothing,5,4
C,"It has the highest rating (4.6★) among options with a solid review base (~974 reviews), and at $7.09 it's the cheapest. EVA material, magnets at the hem, and rust-proof grommets cover the functional basics I care about.",price_too_high|transparency|pack,look|price_suspicious,already_chosen,few_reviews|material|pack,look|transparency|availability,availability|few_reviews,page2,page1,price_value,rating,4,4,4,2,4,5,4,4,unavailable|no_price|no_size|material_unclear|blur_image|no_bullets,eva,semi,yes_somewhat,lower_price,5,4
C,"I want a liner that's affordable but still has real evidence behind it — the LQFMEHOT has a 4.6★ rating with nearly a thousand reviews, which feels reliable. It has the weighted magnets and rustproof grommets I care about, and at $7.09 it's a great value without looking cheap.",price_too_high,look,already_chosen,few_reviews|material,look|rating,availability|few_reviews,page2,page1,price_value,reviews,4,4,4,2,4,5,5,4,unavailable|no_price|low_rating|no_size|material_unclear|blur_image,eva,semi,yes_somewhat,better_rating,5,4
A,"I want a liner I can trust to last and to be safe in a steamy bathroom, and Option A is the only one where the evidence is really there — 4.5 stars across 4,156 reviews, BPA-free odor-free EVA, twelve rustproof brass grommets and a weighted hem. The $18.99 price is more than the others, but I've learned the hard way that cheap liners tear at the grommets and go mildewed within a season, so I'd rather pay once for something solid. The emerald-green semi-transparent look is also easy on my eyes and lets light through without being fully see-through.",already_chosen,price_suspicious|brand|few_reviews|material,brand|few_reviews|material,few_reviews|material|pack,look|transparency|few_reviews,availability|few_reviews,page2,page1,reviews,material,4,5,4,2,5,3,5,5,unavailable|no_price|low_rating|few_reviews|no_size|material_unclear|blur_image|no_bullets,eva,semi,yes_somewhat,better_rating,4,5
A,"I chose the AmazerBath emerald-green EVA liner because it has by far the most reviews (4,156) at a solid 4.5 stars, so I feel confident it will hold up. The soft-touch EVA is odor-free and BPA-free, the weighted bottom and 12 rustproof brass grommets are exactly the quality features I want, and at $18.99 it's a fair price for something I'll use every day. I'd rather pay a bit more for a liner that lasts than replace a cheap one every few months.",already_chosen,price_suspicious|look|brand|few_reviews,price_suspicious|look|brand|few_reviews,few_reviews|material|pack|brand,look|availability|few_reviews|brand,availability|few_reviews,page2,page1,reviews,material,4,4,4,2,4,4,5,4,unavailable|no_price|low_rating|no_size|material_unclear|blur_image|no_bullets,eva,semi,yes_somewhat,better_rating,4,4
C,"I want a liner that looks nice without spending much, and the Art-Deco blue water-wave design fits my bathroom aesthetic at just $7.09. It also has a strong 4.6★ rating with nearly 1,000 reviews, plus magnets and a weighted hem, so it feels like a safe, affordable pick.",price_too_high|availability,look|brand,already_chosen,few_reviews|pack,look|availability,availability,page2,page1,price_value,appearance,4,5,4,2,4,5,4,4,unavailable|no_price|low_rating|few_reviews|material_unclear|blur_image,eva,semi,yes_somewhat,better_value,5,4
A,"I want a liner I can trust, and Option A has by far the strongest evidence — 4.5 stars from over 4,000 reviews. The brass grommets, weighted bottom, and BPA-free odor-free EVA feel safer and more durable than the cheap thin liners, and at $18.99 it's still a reasonable one-time purchase for something I'll use every day.",already_chosen,price_suspicious|brand|material|transparency,price_suspicious|brand|look|few_reviews,few_reviews|material|pack,look|few_reviews|availability,availability|few_reviews|size,page2,page1,reviews,material,4,5,4,2,5,4,5,5,unavailable|low_rating|few_reviews|no_size|material_unclear|blur_image|no_bullets,eva,semi,yes_somewhat,better_rating,4,4
C,"The LQFMEHOT liner is the best blend of price, evidence, and function for me: at $7.09 it's the cheapest option, it has the highest rating on the shelf (4.6★ with 974 reviews, a solid sample size), and it still includes the 3 magnets and weighted hem I want so it stays against the tub. The Art-Deco blue wave look is subtle enough for a bathroom without being plain.",price_too_high|transparency|brand,price_suspicious|look|brand,already_chosen,few_reviews|material|pack,availability|look|rating,availability|few_reviews,page2,page1,price_value,reviews,4,4,4,2,4,5,5,4,unavailable|no_price|no_size|material_unclear|blur_image|low_rating,eva,semi,yes_somewhat,better_rating,5,4
C,"I want a liner that is genuinely waterproof, stays put against the tub, and doesn't smell like a chemical factory — and at $7.09 the LQFMEHOT wave liner checks all three with the strongest rating-to-review profile on the shelf (4.6 stars, ~974 reviews). The magnets and tear-proof header address the two failure points I've actually had with cheap liners, and the blue gradient reads clean and modern without being loud. Option A is nicer material but I can't justify more than double the price for a consumable I'll replace in a year or two.",price_too_high,rating|review_concern,already_chosen,few_reviews|material,transparency|availability|rating,availability|few_reviews|size,page2,page1,rating,price_value,4,5,4,2,4,4,5,5,unavailable|no_price|low_rating|few_reviews|no_size|material_unclear|blur_image|no_bullets,eva,semi,yes_somewhat,better_function,5,4
C,"It has the best combination of a high rating (4.6) with a solid review count, a low price, and the functional features I care about—magnets at the hem, rust-proof grommets, and odor-free EVA. The wave pattern looks nice without being too busy.",price_too_high,look,already_chosen,few_reviews,look|few_reviews,availability|few_reviews,page2,page1,price_value,reviews,4,4,4,2,4,5,5,4,unavailable|no_price|low_rating|few_reviews|no_size|material_unclear|blur_image,eva,semi,yes_somewhat,better_rating,5,4
C,"It has the highest rating (4.6 with ~974 reviews, enough to trust) at the lowest price ($7.09), and it includes the weighted hem with 3 heavy magnets I want. I prefer a semi-transparent light-filtering liner and this gradient blue wave design fits my bathroom without being fully clear or fully blacked out.",price_too_high|transparency|look,price_suspicious|look,already_chosen,few_reviews|material|pack,look|transparency|availability,availability|few_reviews|size,page2,page1,price_value,reviews,4,4,3,2,4,5,5,4,unavailable|no_price|low_rating|few_reviews|no_size|material_unclear|blur_image,eva,semi,yes_somewhat,better_rating,5,4
A,"I'm a security-and-family guy, and I'd rather pay a bit more once for something with a big review base (4,156 reviews at 4.5 stars) than gamble on a cheap no-name. The brass grommets, reinforced header, weighted hem and BPA-free odor-free EVA tell me it'll hold up and not smell up the bathroom.",already_chosen,brand|price_suspicious|look|material,brand|price_suspicious|look|few_reviews,few_reviews|rating|material|pack,availability|look|few_reviews,availability|few_reviews,page2,page1,reviews,material,4,4,4,2,4,4,5,5,unavailable|no_price|few_reviews|material_unclear|blur_image,eva,semi,yes_somewhat,nothing,4,4
C,"It's the cheapest option at $7.09, has the highest rating on the shelf (4.6 with ~974 reviews, so there's real evidence behind it), and it still has the features I care about — 3 heavy magnets, weighted hem, anti-rust grommets, and odor-free EVA. The Art-Deco wave texture in gradient blue also looks a lot nicer than a plain clear liner, and it's in stock.",price_too_high|look,price_suspicious|look,already_chosen,few_reviews|pack|material,look|rating|availability,availability|few_reviews|size,page2,page1,price_value,reviews,4,5,4,2,4,5,5,4,unavailable|no_price|low_rating|few_reviews|no_size|material_unclear|blur_image,eva,semi,yes_somewhat,better_function,5,4
C,"Best combination of a high 4.6★ rating, nearly 1,000 reviews, and a very low $7.09 price, with the magnets and rustproof grommets I want. The Art-Deco wave texture looks nice without being loud, and it's in stock.",price_too_high,rating|look,already_chosen,few_reviews,look|few_reviews,availability|few_reviews,page2,page1,price_value,rating,4,4,4,2,4,5,5,4,unavailable|no_price|low_rating|few_reviews|material_unclear|blur_image,eva,semi,yes_somewhat,better_rating,5,5
C,"At $7.09 it has the highest rating on the shelf (4.6★) with a solid ~974 reviews, so it's cheap but still well-evidenced. It has the magnets and weighted hem I want, plus a waterproof, odor-free EVA surface that's easy to rinse — everything I actually need in a liner without paying for a luxury look.",price_too_high|look,price_suspicious|look,already_chosen,few_reviews|material|pack,look|transparency|availability,availability|few_reviews|size,page2,page1,price_value,reviews,4,4,4,2,4,5,5,4,unavailable|no_price|low_rating|no_size|material_unclear|blur_image,eva,semi,yes_somewhat,better_rating,5,4
C,"I want a liner that keeps its place against the tub, and C has three heavy magnets plus a weighted hem at the lowest price on the shelf. Its 4.6★ rating on nearly 1,000 reviews is the strongest evidence here, and the odor-free EVA with anti-rust hardware fits what I look for. The Art-Deco wave look is a bonus I actually like.",price_too_high|availability|look,price_suspicious|look,already_chosen,few_reviews|material|pack,look|transparency|availability,availability|few_reviews|size,page2,page1,price_value,reviews,4,4,5,2,5,5,5,4,unavailable|no_price|low_rating|few_reviews|no_size|material_unclear|blur_image|no_bullets,eva,semi,yes_somewhat,better_rating,5,4
C,"It has the highest rating (4.6) with a solid review count near 1,000, which matters to me since I'm skeptical of thin-evidence listings. The $7.09 price is reasonable for a liner, and it has the magnets and weighted hem I want so it actually stays against the tub.",price_too_high|availability|look,few_reviews|look,already_chosen,few_reviews|pack|material,availability|look|few_reviews,availability|few_reviews,page1,page1,rating,price_value,4,4,3,2,4,4,5,4,unavailable|no_price|low_rating|few_reviews|no_size|material_unclear|blur_image,eva,semi,unlikely,better_rating,5,4
C,"I want a soft, flexible EVA liner with magnets and a weighted hem that stays put, and the Art-Deco wave pattern is subtle enough for my bathroom. It has a 4.6-star rating with nearly 1,000 reviews at just $7.09, so it feels like the best mix of looks, function, and value.",price_too_high,look,already_chosen,few_reviews|brand,look|availability,availability,page2,page1,price_value,magnet,4,5,4,2,4,5,5,4,unavailable|no_price|few_reviews|material_unclear|blur_image,eva,semi,yes_somewhat,better_function,5,5
A,"The AmazerBath liner has by far the strongest evidence base (4.5 stars, 4,156 reviews) and the features I actually care about: EVA material that's BPA-free and odor-free, 12 rustproof brass grommets, a reinforced double-layered header, and a weighted bottom that stays put. At $18.99 it costs more than the cheap options, but for something I'll touch daily and want to last, I'd rather pay for the proven quality and safety than gamble on a $7 liner with an unfamiliar brand. The emerald semi-transparent look is also a nice middle ground between light-filtering and privacy.",already_chosen,already_chosen,already_chosen,already_chosen,already_chosen,already_chosen,page2,page1,reviews,material,4,4,4,2,4,4,5,5,unavailable|no_price|low_rating|few_reviews|no_size|material_unclear|blur_image,eva,semi,yes_somewhat,better_rating,4,4
C,"I want a liner that is waterproof, odor-free EVA, and stays put with magnets, and Option C gives me all of that at a low price with a solid, well-reviewed listing. The Art-Deco wave look is a nice bonus that feels more considered than a plain clear liner.",price_too_high|brand|availability,price_suspicious|look,already_chosen,few_reviews|material|pack,look|availability,availability|few_reviews|size,page2,page1,price_value,waterproof,4,5,4,2,4,5,5,4,unavailable|low_rating|no_size|material_unclear|blur_image,eva,semi,yes_somewhat,better_function,5,4
B,"It's cheap, has a solid 4.4 rating from nearly 1,900 reviews, and the 3D cube texture in gradient blue is way nicer to look at than a plain clear liner. The three magnets at the bottom are the feature I actually care about since I hate when the liner billows in and sticks to me.",price_too_high|transparency,already_chosen,brand|material,few_reviews|material,look|few_reviews,availability|few_reviews,page2,page1,price_value,magnet,4,5,4,2,4,5,4,4,unavailable|low_rating|no_size|material_unclear|blur_image,eva,semi,yes_somewhat,better_function,5,4
A,"I want a liner that actually lasts and feels decent, not the cheapest plastic sheet. The AmazerBath has 4,000+ reviews at 4.5 stars, brass grommets, weighted hem, and BPA-free odor-free EVA — worth paying $18.99 once rather than replacing a flimsy one twice a year.",already_chosen,price_suspicious|look|brand,price_suspicious|brand|few_reviews,few_reviews|material|pack,transparency|look|brand,availability|few_reviews,page2,page1,reviews,material,4,4,4,2,4,4,5,5,unavailable|no_price|low_rating|few_reviews|no_size|material_unclear|blur_image,eva,semi,yes_somewhat,better_rating,4,4
C,"It has the best combination of high rating (4.6★), decent review count (974), an attractive Art-Deco water-wave look, and a low $7.09 price. It also includes the weighted magnets and rust-proof grommets I want, and it's in stock.",price_too_high,look|rating,already_chosen,few_reviews,look|rating,availability|few_reviews,page2,page1,price_value,reviews,4,5,4,2,4,5,5,4,unavailable|no_price|few_reviews|no_size|material_unclear|blur_image,eva,semi,yes_somewhat,better_rating,5,4
A,"No persona-specific answer was produced, so a neutral answer was used.",already_chosen,already_chosen,already_chosen,already_chosen,already_chosen,already_chosen,page1,page1,price_value,price_value,3,3,3,3,3,3,3,3,unavailable,eva,fully_transparent,yes_strongly,lower_price,3,3
B,"It hits my sweet spot: a very low $7.19 price with a strong 4.4★ rating from 1,872 reviews, so I trust it more than the newer listings. The EVA material is odor-free and safer, and the 3 magnets plus weighted hem keep it against the tub, which matters for a daily-use liner.",price_too_high|look,already_chosen,brand|few_reviews,few_reviews|material,look|transparency,availability|few_reviews,page2,page1,price_value,reviews,4,4,4,2,4,5,5,4,unavailable|no_price|low_rating|few_reviews|no_size|material_unclear|blur_image,eva,semi,yes_somewhat,better_rating,5,5
C,"It's the best combination of a strong rating (4.6 with nearly 1,000 reviews), a low price, and the functional features I actually care about — magnets at the hem, a tear-proof header, and odor-free EVA. The blue water-wave texture is understated enough that I won't mind looking at it every day.",price_too_high|look,look|price_suspicious,already_chosen,few_reviews|look,look|transparency,availability|few_reviews,page2,page1,reviews,price_value,4,4,3,2,4,4,5,4,unavailable|no_price|low_rating|few_reviews|no_size|material_unclear|blur_image,eva,semi,unlikely,better_rating,5,4
C,"It hits the best balance of price, material, and evidence for me. At $7.09 it's the cheapest option but still has a strong 4.6 rating with nearly 1,000 reviews, plus the magnets, weighted hem, and odor-free EVA I want in a liner. The Art-Deco wave look is a nice bonus that fits my bathroom without being too loud.",price_too_high|availability,price_suspicious|look,already_chosen,few_reviews|material,look|rating,availability|few_reviews,page2,page1,price_value,reviews,4,4,4,2,4,5,5,4,unavailable|low_rating|few_reviews|material_unclear|no_size,eva,semi,yes_somewhat,better_function,5,4
C,"Best combination of price, rating and evidence: 4.6 stars from nearly 1,000 reviews at just $7.09. It has the magnets and weighted hem I want, is odor-free EVA, and in stock — a low-risk buy for a liner.",price_too_high,look|few_reviews,already_chosen,few_reviews|material|pack,look|transparency,availability|few_reviews|price_suspicious,page2,page1,price_value,reviews,4,4,3,2,4,5,5,4,unavailable|no_price|low_rating|no_size|material_unclear|blur_image,eva,semi,yes_somewhat,nothing,5,4
E,"I want a plain, opaque liner that doesn't fight with my bathroom's look, and the black EVA with a weighted hem and PVC-free material fits that. The rating is a solid 4.3 and it's a reasonable $9.99, though the low stock makes me want to grab it soon.",price_too_high|availability,price_suspicious|look|brand,price_suspicious|look|brand,few_reviews|look|pack,already_chosen,availability|few_reviews|transparency,page2,page1,appearance,price_value,4,5,4,2,4,4,5,5,unavailable|no_price|low_rating|few_reviews|no_size|material_unclear,eva,blackout,yes_somewhat,better_rating,5,4
B,"The jssablo Blue Cube has a strong 4.4 rating from nearly 1,900 reviews, real magnets at the hem, and a rustproof metal-grommet header — solid function at a low $7.19. The 3D cube texture reads as a step up from a plain liner, and it's actually in stock with a price shown, unlike A and F.",price_too_high|availability,already_chosen,few_reviews|brand|look,few_reviews|material|pack,look|few_reviews|availability,availability|few_reviews,page2,page1,price_value,reviews,4,4,4,2,5,5,5,4,unavailable|no_price|low_rating|few_reviews|no_size|material_unclear|blur_image|no_bullets,eva,semi,yes_somewhat,better_function,5,5
C,"It hits the sweet spot: only $7.09, a 4.6-star rating with nearly 1,000 reviews, and it has the weighted magnets I want. The Art-Deco wave look is subtle enough for my bathroom, and EVA is odor-free and easy to wipe clean.",price_too_high|transparency,look,already_chosen,few_reviews|material,look,availability|few_reviews,page2,page1,price_value,reviews,4,4,4,2,4,5,5,4,unavailable|no_price|low_rating|few_reviews|no_size|material_unclear|blur_image|no_bullets,eva,semi,yes_somewhat,better_value,5,4
E,"I want a simple, solid, opaque liner with no pattern or transparency, and E is the only one that's plain black and PVC-free EVA. The price is reasonable, it has magnets and reinforced metal grommets, and the brand sounds like a no-nonsense basics line. I don't need a decorative liner, just something durable that hides what's behind it.",price_too_high|look|transparency,price_suspicious|look|transparency,price_suspicious|look|transparency,few_reviews|look|pack,already_chosen,availability|few_reviews|transparency|size,page2,page1,appearance,price_value,4,4,4,2,4,5,5,5,unavailable|no_price|low_rating|few_reviews|material_unclear|blur_image|no_bullets,eva,blackout,yes_somewhat,better_rating,5,4
C,"It has the highest rating (4.6) among the well-reviewed options, a reasonable $7.09 price, and includes the weighted magnets I want. The blue water-wave design looks nice and the EVA material is odor-free and waterproof.",price_too_high,rating,already_chosen,few_reviews,look|availability,availability|few_reviews,page2,page1,rating,price_value,4,4,4,2,4,4,5,4,unavailable|no_price|low_rating|few_reviews|no_size|material_unclear|blur_image,eva,semi,yes_somewhat,better_rating,5,4
A,"I want a liner that's genuinely odor-free and safe, and the AmazerBath has EVA material with BPA-free claims plus over 4,000 reviews at 4.5 stars — the most evidence of any option here. The emerald-green semi-transparent look will suit my bathroom, and the weighted hem and brass grommets suggest it will actually last.",already_chosen,price_suspicious|look|brand,price_suspicious|brand|look,few_reviews|material|pack,look|availability|rating,availability|few_reviews|size,page2,page1,material,reviews,4,4,3,2,4,3,5,4,unavailable|low_rating|few_reviews|no_size|material_unclear|blur_image,eva,semi,yes_somewhat,better_rating,4,4
C,"It's the cheapest option at $7.09 and still has the highest rating on the shelf (4.6 stars) with a solid ~974 reviews, so I trust it. It has the weighted magnets and rust-proof grommets I want, and the blue water-wave look is fine for a bathroom liner.",price_too_high|transparency|look,look|transparency,already_chosen,few_reviews|pack|look,look|rating,availability|few_reviews,page2,page1,price_value,rating,4,4,3,2,4,5,5,4,unavailable|no_price|low_rating|few_reviews|no_size|material_unclear|blur_image,eva,semi,yes_somewhat,better_value,5,4
A,"I want a liner that will hold up and not smell like chemicals, and the AmazerBath has by far the strongest track record with 4,156 reviews at 4.5 stars. The brass grommets, reinforced double-layered header and weighted stones tell me it's built to last, and EVA that's BPA-free and odor-free matters to me. The price is high for a liner, but I'd rather pay once for something dependable than replace a flimsy one twice a year.",already_chosen,price_suspicious|brand|look,price_suspicious|brand|look|few_reviews,few_reviews|material|pack,look|few_reviews|availability,availability|few_reviews|size,page2,page1,reviews,material,4,4,4,2,5,4,5,4,unavailable|no_price|low_rating|no_size|material_unclear|blur_image,eva,semi,yes_somewhat,better_rating,4,4
C,"It's the cheapest option at $7.09 and still has a solid 4.6★ rating, EVA material, magnets at the weighted hem, and a reinforced rust-proof header. The blue water-wave look is clean and modern, and it's actually in stock. For a liner that gets swapped out regularly, that's the best value-to-quality balance on the shelf.",price_too_high|availability,price_suspicious,already_chosen,few_reviews|material,look|availability|few_reviews,few_reviews|transparency,page2,page1,price_value,reviews,4,4,4,2,4,5,5,4,unavailable|no_price|material_unclear|no_size|blur_image,eva,semi,yes_somewhat,better_rating,5,4
B,"It's cheap at $7.19, has a solid 4.4 rating with nearly 1,900 reviews so I trust it, and the magnets and metal grommets are what I want. The 3D blue cube look is fine for my bathroom.",price_too_high|availability,already_chosen,brand|price_suspicious,few_reviews|material,look|few_reviews,few_reviews,page2,page1,rating,price_value,4,4,4,2,4,4,5,4,unavailable|no_price|low_rating|few_reviews|no_size|material_unclear|blur_image,eva,semi,yes_somewhat,better_rating,5,4
A,"It's the only option with a large, credible review base (4.5★, 4,156 reviews) and full, transparent specs — EVA material, BPA-free, 12 brass grommets, weighted hem. I'm cautious about cheap no-name listings, so the proven track record and complete product info justify the higher price for something I'll use daily.",already_chosen,brand|price_suspicious|transparency|info_incomplete,brand|price_suspicious|look|info_incomplete,few_reviews|material|pack,look|few_reviews|availability,availability|few_reviews,page2,page1,reviews,material,4,4,4,2,4,4,5,5,unavailable|no_price|low_rating|few_reviews|no_size|material_unclear|blur_image,eva,semi,yes_somewhat,better_rating,4,4
C,"I chose Option C because it hits the best balance of price, proven reliability, and functional design. At $7.09 it's the cheapest liner on the shelf, yet it has a solid 4.6-star rating from nearly 1,000 reviews, which gives me real confidence in the quality. It also has the features I care about — EVA material, three heavy magnets to keep it against the tub, an anti-rust header, and a waterproof quick-dry surface — plus an Art-Deco wave pattern that looks more premium than a plain clear liner.",price_too_high|transparency,price_suspicious|look,already_chosen,few_reviews|material,look|availability,availability|few_reviews|size,page2,page1,price_value,reviews,4,5,4,2,4,5,5,4,unavailable|no_price|low_rating|no_size|material_unclear|blur_image,eva,semi,yes_somewhat,better_function,5,4
A,"I'm a frugal saver, but for something that hangs in a steamy bathroom every day, material safety and durability matter more than saving eight bucks. The AmazerBath is 100% EVA, BPA-free and odor-free, has 12 brass grommets and a weighted hem, and with 4,156 reviews at 4.5 stars it's the only option with real long-term evidence behind it.",already_chosen,price_suspicious|brand|material|few_reviews,price_suspicious|brand|look|few_reviews,few_reviews|material|pack|brand,look|rating|availability|material,availability|few_reviews|size,page2,page1,material,reviews,4,4,4,2,4,4,5,5,unavailable|no_price|low_rating|few_reviews|no_size|material_unclear|blur_image,eva,semi,yes_somewhat,better_function,4,4
C,"I want a clean, light-filtering liner with a weighted hem and magnets, and C gives me that plus an odor-free EVA material at a frugal price. Its 4.6 rating across nearly 1,000 reviews gives me enough evidence that it holds up, and the tear-proof header and anti-rust grommets address the durability concerns I care about.",price_too_high|look|transparency,price_suspicious|few_reviews|look,already_chosen,few_reviews|material|pack,look|transparency|rating,few_reviews,page2,page1,rating,price_value,4,5,4,2,4,4,5,4,unavailable|no_price|low_rating|few_reviews|no_size|material_unclear|blur_image,eva,semi,yes_somewhat,better_rating,5,4
C,"I want a cheap but reliable liner with strong review evidence, and C has the highest rating (4.6) among the affordable options with a solid review count. It also has the features I care about: magnets at the hem, waterproof EVA, and an odor-free easy-clean surface.",price_too_high,price_suspicious|look,already_chosen,few_reviews|pack,look|few_reviews,availability|few_reviews,page2,page1,price_value,reviews,4,4,4,2,4,5,5,4,unavailable|no_price|low_rating|few_reviews|no_size|material_unclear|blur_image,eva,semi,yes_somewhat,better_rating,5,4
