trial,persona_path,reward,choice,choice_label,price,price_threshold,feature_priority,purchase_likelihood,age_bracket,economic_motivation,region,socioeconomic_band,gender_identity,life_stage,urbanicity,income,employment,rationale
survey_toilet-brush-choice__26UiDmy,persona/datasets/matraix-persona-1m/cohorts/cohort-162f4cf6eb0f/persona_stackoverflow-ace1a5e191e4.yaml,1.0,oxo_hideaway,OXO Hideaway Compact,19.97,4,hygiene,4,55-64,,North America,,,,,,Full-time,"I want a compact, tidy setup for a small bathroom, and the OXO Hideaway's auto-opening canister keeps the brush out of sight while the ventilated tray prevents water pooling — a real hygiene win. OXO's design and build reputation justify the $19.97 price over the cheaper no-name silicone sets."
survey_toilet-brush-choice__28YVwcf,persona/datasets/matraix-persona-1m/cohorts/cohort-162f4cf6eb0f/persona_gss-e728426dc24b.yaml,1.0,oxo_hideaway,OXO Hideaway Compact,19.97,4,hygiene,4,75-84,,North America,Middle,Man,Retirement,,,Retired,"At my age I value a tidy, simple bathroom and a brush that stays out of sight when not in use. The OXO Hideaway's automatic-opening canister and ventilated tray keep things clean and dry, and the brand has a solid reputation for well-made, easy-to-use household tools."
survey_toilet-brush-choice__2CNMvpB,persona/datasets/matraix-persona-1m/cohorts/cohort-162f4cf6eb0f/persona_gss-7ef3ec69184d.yaml,1.0,jiga_3pack,JIGA 3-Pack,13.99,5,price,4,85+,,North America,Lower-middle,Woman,,,,,"At my age I want something simple and sturdy with a long handle, and three brushes for one low price is good value on a fixed income. I can keep one in each bathroom and have a spare, and the stiff nylon bristles clean well like the brushes I have always used."
survey_toilet-brush-choice__2D4EPP9,persona/datasets/matraix-persona-1m/cohorts/cohort-162f4cf6eb0f/persona_wiki-b0b92a0ad484.yaml,1.0,oxo_hideaway,OXO Hideaway Compact,19.97,4,hygiene,4,,,North America,,Man,Mid-life,,,Self-employed,"I value a clean, uncluttered bathroom and the OXO Hideaway's canister conceals the brush entirely while auto-opening on lift, which keeps things tidy and hygienic. It's from a brand I trust, the ventilated tray prevents water pooling, and at $19.97 it's a fair price for something I'll use daily for years."
survey_toilet-brush-choice__2FPsEwF,persona/datasets/matraix-persona-1m/cohorts/cohort-162f4cf6eb0f/persona_stackoverflow-9661004f3822.yaml,1.0,oxo_hideaway,OXO Hideaway Compact,19.97,4,hygiene,4,35-44,,North America,,,Mid-life,,,Full-time,"I want a brush that stays hidden and doesn't pool water in the holder, which is the main hygiene failure mode with these things. The OXO's auto-open canister with a ventilated tray addresses that directly, and it's from a brand with a track record I can verify rather than trust blindly. The $19.97 price is reasonable for something I'll use weekly for years."
survey_toilet-brush-choice__2KR6pod,persona/datasets/matraix-persona-1m/cohorts/cohort-162f4cf6eb0f/persona_gss-812cf2cc5acd.yaml,1.0,oxo_hideaway,OXO Hideaway Compact,19.97,4,hygiene,3,65-74,,North America,Lower-middle,Woman,,,,Homemaker,"I'm a widow on a fixed income, so I want something reliable that will last and stay tidy. The OXO hideaway canister keeps the brush out of sight and its ventilated tray keeps things from getting smelly and wet, and it's the top-rated pick at a price I can manage."
survey_toilet-brush-choice__2LiFM4f,persona/datasets/matraix-persona-1m/cohorts/cohort-162f4cf6eb0f/persona_gss-30d831b69249.yaml,1.0,oxo_hideaway,OXO Hideaway Compact,19.97,4,hygiene,4,55-64,,North America,Middle,Woman,,,,Full-time,"I want something that looks tidy and stays clean in a busy family bathroom with three kids. The OXO Hideaway's auto-opening canister hides the brush and its ventilated tray prevents water pooling, and OXO is a brand I trust for durable everyday tools. The $19.97 price is reasonable for that combination of hygiene and build quality."
survey_toilet-brush-choice__2VTnS5J,persona/datasets/matraix-persona-1m/cohorts/cohort-162f4cf6eb0f/persona_wiki-f9a8f0c0acd5.yaml,1.0,oxo_hideaway,OXO Hideaway Compact,19.97,4,hygiene,4,65+,Value-driven,North America,High income,Woman,Retirement,Dense urban,null,Full-time,"The OXO Hideaway is the most thoughtfully engineered option on the shelf: the canister conceals the brush entirely when stored, and it opens automatically on lifting, so I never have to touch a soiled housing. The ventilated tray addresses the actual hygiene problem with these products — standing water — and the compact footprint suits a small bathroom. At $19.97 it is reasonably priced for a top-rated set from a brand with a long track record in household tools."
survey_toilet-brush-choice__2YiDDRU,persona/datasets/matraix-persona-1m/cohorts/cohort-162f4cf6eb0f/persona_gss-ce7ff38e4e58.yaml,1.0,jiga_3pack,JIGA 3-Pack,13.99,5,price,5,25-34,,North America,Lower-middle,Woman,,,,Homemaker,"With two kids and only one income, I need to watch every dollar, and three brushes for $13.99 means I can have one for each bathroom and a spare without spending much. Stiff nylon bristles and a covered caddy are simple and get the job done, and white matches my bathroom."
survey_toilet-brush-choice__2hfduDG,persona/datasets/matraix-persona-1m/cohorts/cohort-162f4cf6eb0f/persona_gss-52c79ced43ea.yaml,1.0,jiga_3pack,JIGA 3-Pack,13.99,5,price,4,35-44,,North America,Lower-middle,Woman,,,,Part-time,"With three kids and a tight budget, getting three complete brush sets for $13.99 is the best value on this shelf. I can put one in each bathroom and still have a spare, and the stiff nylon bristles get the job done without spending extra."
survey_toilet-brush-choice__2przcnS,persona/datasets/matraix-persona-1m/cohorts/cohort-162f4cf6eb0f/persona_stackoverflow-5efd0e38b9ba.yaml,1.0,oxo_hideaway,OXO Hideaway Compact,19.97,4,hygiene,4,35-44,,North America,,,Parent of young kids,,,Unemployed,"I want a brush that stays hidden and doesn't drip on the floor, and the OXO's auto-open canister with a ventilated tray solves both hygiene and looks. It's from a brand I trust for kitchen/bath tools, and at ~$20 the price is reasonable for something used daily. The compact footprint also fits our small bathroom without adding clutter."
survey_toilet-brush-choice__2qA7YB8,persona/datasets/matraix-persona-1m/cohorts/cohort-162f4cf6eb0f/persona_gss-e16267daea8c.yaml,1.0,jiga_3pack,JIGA 3-Pack,13.99,5,price,4,25-34,,North America,Lower-middle,Man,,,,Full-time,"I have three bathrooms and a house full of kids, so getting three brushes for $13.99 is unbeatable value. The stiff nylon bristles and covered caddy bases are exactly what I need for everyday scrubbing without spending much."
survey_toilet-brush-choice__2qecvUq,persona/datasets/matraix-persona-1m/cohorts/cohort-162f4cf6eb0f/persona_wiki-c0b265c77359.yaml,1.0,clorox_under_rim,Clorox Corner Under-Rim,15.5,5,cleaning,4,,Cost-sensitive,North America,,Man,Early career,,,,"I want a brush that actually gets the job done, and the dedicated under-rim scrubber plus corner caddy covers the two spots that always get neglected. At $15.50 with antibacterial bristles and Amazon's Choice backing, it's the best functional value on the shelf."
survey_toilet-brush-choice__2wgZ9J9,persona/datasets/matraix-persona-1m/cohorts/cohort-162f4cf6eb0f/persona_gss-329b853f3139.yaml,1.0,clorox_under_rim,Clorox Corner Under-Rim,15.5,4,cleaning,4,65-74,,North America,Lower-middle,Woman,,,,Full-time,"I want something affordable and practical, and the Clorox set is a trusted name at a fair $15.50. The corner caddy saves space and the under-rim scrubber helps get those hard-to-reach spots clean."
survey_toilet-brush-choice__2xD2Dsc,persona/datasets/matraix-persona-1m/cohorts/cohort-162f4cf6eb0f/persona_wiki-4d86f07ca984.yaml,1.0,oxo_hideaway,OXO Hideaway Compact,19.97,4,hygiene,5,85+,Value-driven,North America,High income,Man,Retirement,Rural,$200k+,Retired,"I want a brush that stays out of sight and doesn't leave a puddle of standing water in the base, and the OXO's auto-opening canister with a ventilated tray solves both problems in one compact footprint. OXO's design reputation and the top-rated status justify the modest premium over the budget silicone sets, which look flimsy and overly fussy by comparison."
survey_toilet-brush-choice__2xvnVdq,persona/datasets/matraix-persona-1m/cohorts/cohort-162f4cf6eb0f/persona_wiki-2ddd44c58a6d.yaml,1.0,oxo_hideaway,OXO Hideaway Compact,19.97,5,hygiene,4,65+,Value-driven,North America,High income,Woman,Retirement,Dense urban,$100k-200k,Retired,"I want a brush that stays out of sight and dries properly rather than sitting in a pool of stagnant water, and the OXO's auto-opening canister with a ventilated tray does exactly that while keeping a small footprint. OXO's reputation for well-engineered, durable household tools and its top-rated status give me confidence it will hold up, and at $19.97 the price is entirely reasonable for a single well-made set."
survey_toilet-brush-choice__327aPrQ,persona/datasets/matraix-persona-1m/cohorts/cohort-162f4cf6eb0f/persona_gss-3d6bb0113356.yaml,1.0,jiga_3pack,JIGA 3-Pack,13.99,5,price,4,45-54,,North America,Lower-middle,Man,,,,Full-time,"I've got two bathrooms plus the kids' bathroom to keep up, so a 3-pack for $13.99 is the best value on this shelf. Stiff nylon bristles and a covered caddy are all I really need, and I'm not paying nearly thirty dollars for one fancy brush."
survey_toilet-brush-choice__3FRGWmf,persona/datasets/matraix-persona-1m/cohorts/cohort-162f4cf6eb0f/persona_stackoverflow-fd503fa8c974.yaml,1.0,oxo_hideaway,OXO Hideaway Compact,19.97,4,hygiene,4,18-24,,North America,,,Early career,,,Part-time,"I want a covered holder that hides the brush and prevents standing water, and the OXO's auto-open canister plus ventilated tray solves both without me touching anything gross. At $19.97 it's mid-priced but the build quality and top-rated reputation make it the accuracy-first pick over the cheaper silicone sets whose drying claims I don't fully trust."
survey_toilet-brush-choice__3K9NnPe,persona/datasets/matraix-persona-1m/cohorts/cohort-162f4cf6eb0f/persona_wiki-2e91ff177f5f.yaml,1.0,oxo_hideaway,OXO Hideaway Compact,19.97,4,hygiene,4,,,North America,,Man,Mid-life,,,Full-time,"I want a set that looks tidy and stores the brush out of sight, and OXO's hideaway canister with a ventilated tray solves the dripping-water mess that plagues open holders. The $19.97 price is reasonable for a top-rated, well-built product from a brand I trust, and the compact footprint suits a standard bathroom."
survey_toilet-brush-choice__3LEcznA,persona/datasets/matraix-persona-1m/cohorts/cohort-162f4cf6eb0f/persona_gss-b77bbf77b0b6.yaml,1.0,clorox_under_rim,Clorox Corner Under-Rim,15.5,4,brand,4,65-74,,North America,Lower-middle,Woman,Retirement,,,Retired,"I'm on a fixed income, so $15.50 is about what I can justify spending on a toilet brush. Clorox is a brand I've trusted for years, and the under-rim scrubber and corner caddy sound practical for keeping things tidy in my small bathroom."
survey_toilet-brush-choice__3NsyShM,persona/datasets/matraix-persona-1m/cohorts/cohort-162f4cf6eb0f/persona_gss-42cfec28e3aa.yaml,1.0,oxo_hideaway,OXO Hideaway Compact,19.97,4,hygiene,4,75-84,,North America,Middle,Woman,,,,Homemaker,"I like that the brush hides away in its canister so I don't have to look at it, and the ventilated tray keeps things from getting soggy and smelly. OXO is a brand I know and trust, and at just under $20 the price is reasonable for something that will last."
survey_toilet-brush-choice__3Qikw4S,persona/datasets/matraix-persona-1m/cohorts/cohort-162f4cf6eb0f/persona_gss-2177536b5c52.yaml,1.0,oxo_hideaway,OXO Hideaway Compact,19.97,4,hygiene,4,55-64,,North America,Middle,Man,,,,Full-time,"I want a brush that stays hidden and tidy in the bathroom, and the OXO hideaway canister opens automatically when you lift the brush, so there's no fuss. It's a trusted brand, top rated, and the ventilated tray keeps things from getting soggy, which matters to me for cleanliness."
survey_toilet-brush-choice__3ZFXH7M,persona/datasets/matraix-persona-1m/cohorts/cohort-162f4cf6eb0f/persona_wiki-c92dd060123f.yaml,1.0,oxo_hideaway,OXO Hideaway Compact,19.97,4,hygiene,4,25-34,null,North America,null,Man,Early career,null,null,Full-time,"I want a covered canister that hides the brush and keeps things tidy in a small bathroom, and the auto-open lid plus ventilated tray means less mess and no standing water. OXO's reputation and the top-rated status give me confidence it will hold up, so the mid-range price is worth it."
survey_toilet-brush-choice__3fJUsQR,persona/datasets/matraix-persona-1m/cohorts/cohort-162f4cf6eb0f/persona_stackoverflow-a75cfa1e3e69.yaml,1.0,oxo_hideaway,OXO Hideaway Compact,19.97,4,hygiene,4,35-44,,North America,,,,,,Full-time,"I want a compact, covered set that hides the brush and doesn't pool water in the base, which fits a small bathroom and keeps things looking tidy. OXO's hideaway canister with a ventilated tray and its top-rated reputation make it the most practical pick for me, even at a mid-tier price."
survey_toilet-brush-choice__3h7rkn5,persona/datasets/matraix-persona-1m/cohorts/cohort-162f4cf6eb0f/persona_stackoverflow-bd201370eb4f.yaml,1.0,oxo_hideaway,OXO Hideaway Compact,19.97,4,hygiene,4,35-44,,North America,,,,,,Full-time,"I want a covered canister that hides the brush entirely and doesn't pool water, and OXO's auto-open mechanism plus ventilated tray solves the two things that actually annoy me about toilet brushes. At $19.97 it's mid-priced but the design is clean and minimal, which suits my bathroom, and OXO is a brand I trust to not fall apart in a year."
survey_toilet-brush-choice__3kMsrZ7,persona/datasets/matraix-persona-1m/cohorts/cohort-162f4cf6eb0f/persona_wiki-451e9816d480.yaml,1.0,oxo_hideaway,OXO Hideaway Compact,19.97,4,hygiene,4,65+,Value-driven,North America,Upper-middle,Woman,Mid-life,Suburban,$100k-200k,Self-employed,"I am not a parent and I keep a tidy, orderly household, so a brush that stays completely out of sight when stored appeals to me. The OXO Hideaway's automatically opening canister and ventilated tray address the hygiene and water-pooling concerns I care about most, and the brand's reputation for well-designed tools justifies the modest price."
survey_toilet-brush-choice__3oZsmkV,persona/datasets/matraix-persona-1m/cohorts/cohort-162f4cf6eb0f/persona_wiki-9ea88ebb1eb6.yaml,1.0,oxo_hideaway,OXO Hideaway Compact,19.97,4,hygiene,4,35-44,Indifferent,North America,Lower-middle,Man,Early career,Rural,$50k-100k,Self-employed,"I want a brush that hides the dirty head away and doesn't leave a puddle of water in the base, and OXO is a brand I've actually trusted for kitchen and bath stuff for years. The auto-open canister and ventilated tray matter more to me than saving eight bucks on a no-name silicone set, and $20 is a fair one-time spend. I'm divorced with two kids and living in a transitional spot, so I want one set that just works and doesn't look like junk sitting next to the toilet."
survey_toilet-brush-choice__3rFe4Wo,persona/datasets/matraix-persona-1m/cohorts/cohort-162f4cf6eb0f/persona_gss-e79ea243b8b1.yaml,1.0,oxo_hideaway,OXO Hideaway Compact,19.97,4,hygiene,4,18-24,,North America,Lower-middle,Man,,,,Part-time,"I want something that stays clean and out of sight, and the OXO Hideaway's canister hides the brush and opens automatically when lifted, with a ventilated tray so water doesn't pool. It's a trusted name and top rated, and at $19.97 the price is reasonable for the quality."
survey_toilet-brush-choice__3rxyGpe,persona/datasets/matraix-persona-1m/cohorts/cohort-162f4cf6eb0f/persona_wiki-0109dd23322f.yaml,1.0,oxo_hideaway,OXO Hideaway Compact,19.97,4,hygiene,4,65+,Value-driven,North America,Upper-middle,Man,Mid-life,Small town,null,Full-time,"I want a clean, uncluttered look in the bathroom and the hideaway canister means no brush is visible when stored, which suits my preference for order and tidiness. OXO is a brand I trust for durable, well-designed household tools, and the ventilated tray addresses the hygiene concern of standing water. At $19.97 the price is reasonable for a top-rated, well-built item."
survey_toilet-brush-choice__3utaWpL,persona/datasets/matraix-persona-1m/cohorts/cohort-162f4cf6eb0f/persona_wiki-2d31fca53f05.yaml,1.0,oxo_hideaway,OXO Hideaway Compact,19.97,4,hygiene,5,55-64,Value-driven,North America,Lower-middle,Woman,Mid-life,Suburban,null,Self-employed,"I want a set that keeps the brush hidden and the bathroom looking tidy, and the OXO Hideaway's auto-open canister with a ventilated tray does exactly that while being top rated. At $19.97 it's a reasonable mid-range price for a brand I trust to hold up to daily use."
survey_toilet-brush-choice__3xwDKSw,persona/datasets/matraix-persona-1m/cohorts/cohort-162f4cf6eb0f/persona_gss-199512752e21.yaml,1.0,jiga_3pack,JIGA 3-Pack,13.99,5,price,4,18-24,,North America,Lower-middle,Woman,,,,Part-time,"With a smaller budget, the 3-pack gives me the best value since I can put one in each bathroom and keep a spare. The stiff nylon bristles and covered caddies cover the basics without spending much."
survey_toilet-brush-choice__49n25ZE,persona/datasets/matraix-persona-1m/cohorts/cohort-162f4cf6eb0f/persona_stackoverflow-da788bdf6d28.yaml,1.0,oxo_hideaway,OXO Hideaway Compact,19.97,4,hygiene,4,13-17,,North America,,,Student,,,Student,"I want a brush that stays hidden and doesn't look like a toilet brush sitting out, and the OXO's auto-open canister plus ventilated tray directly addresses the hygiene and tidiness issues I care about. It's from a brand I trust for everyday household goods, and at $19.97 the price is reasonable for something I'll use daily for years."
survey_toilet-brush-choice__4AWiKPT,persona/datasets/matraix-persona-1m/cohorts/cohort-162f4cf6eb0f/persona_gss-3fc7c77e2ce4.yaml,1.0,oxo_hideaway,OXO Hideaway Compact,19.97,4,hygiene,4,65-74,,North America,Lower-middle,Man,Retirement,,,Retired,"I trust the OXO brand and like that the brush hides away in a compact canister that opens automatically, keeping the bathroom looking tidy. The ventilated tray that prevents water pooling matters to me for hygiene, and the price is reasonable for the quality."
survey_toilet-brush-choice__4CxMG2E,persona/datasets/matraix-persona-1m/cohorts/cohort-162f4cf6eb0f/persona_gss-bfcc4268a3d0.yaml,1.0,oxo_hideaway,OXO Hideaway Compact,19.97,4,hygiene,4,18-24,,North America,Lower-middle,Woman,,,,Homemaker,"I like that the OXO Hideaway keeps the brush completely out of sight when it's stored, which matters to me in a small bathroom, and the ventilated tray helps it dry out properly. It's a trusted brand and the price is reasonable for the quality."
survey_toilet-brush-choice__4G4hx4w,persona/datasets/matraix-persona-1m/cohorts/cohort-162f4cf6eb0f/persona_gss-38ff2e439653.yaml,1.0,jiga_3pack,JIGA 3-Pack,13.99,5,price,5,35-44,,North America,Lower-middle,Woman,,,,Homemaker,"With three kids and three bathrooms to keep clean, I go through toilet brushes fast, so getting three sets for $13.99 is the best value here. The stiff nylon bristles and covered caddy do the job without spending much."
survey_toilet-brush-choice__4Gs842h,persona/datasets/matraix-persona-1m/cohorts/cohort-162f4cf6eb0f/persona_stackoverflow-b2fc8354f9d0.yaml,1.0,oxo_hideaway,OXO Hideaway Compact,19.97,4,hygiene,4,25-34,,North America,,,Early career,,,Full-time,"I want a brush that stays out of sight and doesn't drip or pool water, so the OXO Hideaway's auto-opening canister and ventilated tray solve the two things I actually care about. It's a well-reviewed, compact design from a brand I trust, and at $19.97 the price is reasonable for a single quality set rather than a multi-pack I don't need."
survey_toilet-brush-choice__4HbuGba,persona/datasets/matraix-persona-1m/cohorts/cohort-162f4cf6eb0f/persona_gss-f0e14589c606.yaml,1.0,oxo_hideaway,OXO Hideaway Compact,19.97,4,hygiene,4,45-54,,North America,Middle,Man,,,,Full-time,"I want a brush that stays out of sight and doesn't leave a puddle in the holder, and the OXO hideaway canister opens automatically and has a ventilated tray. It's a trusted brand at a reasonable $19.97, and the compact footprint suits a normal bathroom without looking cheap."
survey_toilet-brush-choice__4Kt5ejZ,persona/datasets/matraix-persona-1m/cohorts/cohort-162f4cf6eb0f/persona_amazon-a012f3f3a357.yaml,1.0,oxo_hideaway,OXO Hideaway Compact,19.97,4,hygiene,4,,Value-driven,North America,,,,,,,"I want a compact, hygienic set that hides the brush and doesn't pool water in the base. OXO's hideaway canister opens automatically and has a ventilated tray, and the brand is top-rated and trustworthy. At $19.97 it's a fair price for something I'll use daily."
survey_toilet-brush-choice__4LojSaT,persona/datasets/matraix-persona-1m/cohorts/cohort-162f4cf6eb0f/persona_wiki-a6ee357f6aa1.yaml,1.0,oxo_hideaway,OXO Hideaway Compact,19.97,4,hygiene,4,,Value-driven,North America,Middle,Man,Mid-life,Rural,,Self-employed,"I want a clean, uncluttered look and the hideaway canister keeps the brush fully out of sight while auto-opening when lifted. OXO's reputation for well-built, functional housewares and the ventilated tray that prevents water pooling seal it for me at a reasonable price."
survey_toilet-brush-choice__4RxSAjM,persona/datasets/matraix-persona-1m/cohorts/cohort-162f4cf6eb0f/persona_stackoverflow-3bd195390e4b.yaml,1.0,oxo_hideaway,OXO Hideaway Compact,19.97,4,hygiene,4,25-34,,North America,,,Early career,,,Full-time,"I'd pick the OXO Hideaway because the auto-open canister keeps the brush fully concealed and the ventilated tray prevents the standing-water slime that plagues most holders. OXO's build quality and the $19.97 price are reasonable for a product I'll use daily for years, and the compact footprint suits a small bathroom."
survey_toilet-brush-choice__4WJBjLV,persona/datasets/matraix-persona-1m/cohorts/cohort-162f4cf6eb0f/persona_gss-98291233afa5.yaml,1.0,oxo_hideaway,OXO Hideaway Compact,19.97,4,hygiene,4,25-34,,North America,Upper-middle,Woman,,,,Full-time,"I want a compact, clean-looking set that hides the brush away — the OXO Hideaway's auto-open canister and ventilated tray solve the drip-and-drip-dry annoyance elegantly, and OXO's reputation for durable, well-designed basics justifies the mid-range price. It fits my small bathroom without looking like a utilitarian afterthought."
survey_toilet-brush-choice__4ZHJ5PJ,persona/datasets/matraix-persona-1m/cohorts/cohort-162f4cf6eb0f/persona_wiki-5ae16d580221.yaml,1.0,oxo_hideaway,OXO Hideaway Compact,19.97,4,hygiene,4,65+,,North America,Upper-middle,Man,Retirement,Small town,null,Retired,"I want a clean, uncluttered bathroom and the OXO Hideaway's canister conceals the brush entirely when stored, opening automatically on lift. As a top-rated, well-known brand with firm nylon bristles and a ventilated tray to prevent water pooling, it offers reliable performance and hygiene at a reasonable price."
survey_toilet-brush-choice__4kMF34D,persona/datasets/matraix-persona-1m/cohorts/cohort-162f4cf6eb0f/persona_wiki-f817a0c8e6c0.yaml,1.0,oxo_hideaway,OXO Hideaway Compact,19.97,5,design,5,65-74,Value-driven,North America,High income,Woman,Mid-life,Dense urban,$200k+,Self-employed,"I keep a spotless house and cannot abide visible clutter, so a canister that conceals the brush entirely and opens automatically when lifted is exactly what I want. OXO's build quality and its No.1 Top Rated standing make the $19.97 price easy to justify, and the ventilated tray addresses the hygiene issue that matters most in a small, well-kept bathroom."
survey_toilet-brush-choice__4nuCcH4,persona/datasets/matraix-persona-1m/cohorts/cohort-162f4cf6eb0f/persona_wiki-35a3140725f4.yaml,1.0,oxo_hideaway,OXO Hideaway Compact,19.97,4,hygiene,4,65+,Value-driven,North America,Middle,Woman,Retirement,Small town,$50k-100k,Retired,"I want a brush that disappears into a compact, clean-looking canister rather than sitting out as a decorative object, and OXO's hideaway design with a ventilated tray solves the water-pooling problem I've dealt with for years. At $19.97 it's reasonably priced for a top-rated set from a brand with a solid reputation for practical household tools."
survey_toilet-brush-choice__4q4gLMr,persona/datasets/matraix-persona-1m/cohorts/cohort-162f4cf6eb0f/persona_wiki-78a44b9a54c5.yaml,1.0,oxo_hideaway,OXO Hideaway Compact,19.97,4,hygiene,4,65+,Value-driven,North America,Upper-middle,Man,Mid-life,Small town,null,Retired,"I value order and structure in my home, and the OXO Hideaway's canister conceals the brush entirely when stored — no unsightly bristles on display. OXO is a brand I trust for durable, well-engineered household goods, and the ventilated tray addresses hygiene without the gimmicks (tweezers, corner caddies) I don't need. At $19.97 it's a sensible price for a quality single set in a small bathroom."
survey_toilet-brush-choice__4qVn8dj,persona/datasets/matraix-persona-1m/cohorts/cohort-162f4cf6eb0f/persona_gss-2f0b62045abe.yaml,1.0,clorox_under_rim,Clorox Corner Under-Rim,15.5,5,cleaning,4,75-84,,North America,Middle,Man,Retirement,,,Retired,"I'm a practical man and I trust the Clorox name for cleaning products. The corner caddy saves space and the dedicated under-rim scrubber is a sensible feature for getting the job done right, at a fair price."
survey_toilet-brush-choice__4rjJ8op,persona/datasets/matraix-persona-1m/cohorts/cohort-162f4cf6eb0f/persona_gss-e961e46757b8.yaml,1.0,oxo_hideaway,OXO Hideaway Compact,19.97,5,hygiene,4,45-54,,North America,Middle,Man,,,,Full-time,"The OXO Hideaway is top-rated and hides the brush entirely in a slim canister, which keeps a shared family bathroom looking tidy. The auto-open mechanism and ventilated tray mean better hygiene and no standing water, and at $19.97 it's a reasonable price for a brand I trust."
survey_toilet-brush-choice__4zPswE8,persona/datasets/matraix-persona-1m/cohorts/cohort-162f4cf6eb0f/persona_gss-8ed633c6a2d5.yaml,1.0,jiga_3pack,JIGA 3-Pack,13.99,5,price,4,65-74,,North America,Lower-middle,Man,,,,Part-time,"I have three bathrooms and a wife who goes through brushes, so a 3-pack for $13.99 is the sensible buy. Stiff nylon bristles and a covered caddy are all I need; I'm not paying extra for silicone gadgets."
survey_toilet-brush-choice__57WVrsR,persona/datasets/matraix-persona-1m/cohorts/cohort-162f4cf6eb0f/persona_amazon-200ab9b4154a.yaml,1.0,oxo_hideaway,OXO Hideaway Compact,19.97,4,hygiene,4,,Value-driven,North America,,,,,,,"I want a compact, tidy set that hides the brush away and dries without pooling water, and OXO's reputation for solid, well-designed tools makes it worth the modest premium. The auto-open canister and ventilated tray fit my preference for order, hygiene, and durability over the cheapest option."
survey_toilet-brush-choice__5DtGvM8,persona/datasets/matraix-persona-1m/cohorts/cohort-162f4cf6eb0f/persona_wiki-86198cc2b0fe.yaml,1.0,oxo_hideaway,OXO Hideaway Compact,19.97,4,hygiene,4,,Indifferent,North America,High income,Woman,Mid-life,Dense urban,,Retired,"I want a compact, tidy set that hides the brush and dries without pooling water, and the OXO's auto-opening ventilated canister does exactly that. It is well-reviewed, from a brand I trust, and at $19.97 the price is reasonable for the build quality."
survey_toilet-brush-choice__5La3kXT,persona/datasets/matraix-persona-1m/cohorts/cohort-162f4cf6eb0f/persona_gss-dee5348440af.yaml,1.0,clorox_under_rim,Clorox Corner Under-Rim,15.5,5,cleaning,4,55-64,,North America,Middle,Woman,,,,Full-time,"I want a brush that actually gets under the rim where the stains hide, and the dedicated under-rim scrubber plus antibacterial bristles gives me confidence it's cleaning properly. At $15.50 it's affordable and the corner caddy keeps it tucked out of the way, which suits my bathroom."
survey_toilet-brush-choice__5PcSUuH,persona/datasets/matraix-persona-1m/cohorts/cohort-162f4cf6eb0f/persona_gss-c323647bbffd.yaml,1.0,jiga_3pack,JIGA 3-Pack,13.99,5,price,4,25-34,,North America,Middle,Woman,,,,Homemaker,"With three kids and three bathrooms to keep clean, a 3-pack at $13.99 gives me a brush for each bathroom without spending much. The stiff nylon bristles and long handles should hold up to daily scrubbing, and the plain white design blends in anywhere."
survey_toilet-brush-choice__5QMXwFV,persona/datasets/matraix-persona-1m/cohorts/cohort-162f4cf6eb0f/persona_wiki-91fe6b9bbaa3.yaml,1.0,oxo_hideaway,OXO Hideaway Compact,19.97,4,hygiene,5,65+,,North America,High income,Man,Retirement,Small town,,Full-time,"I want a set that keeps the brush out of sight and dries properly, and the OXO Hideaway's auto-opening canister with a ventilated tray does exactly that. OXO's reputation for well-engineered household tools, plus its compact footprint and top-rated status, justifies the modest price for a fixture I will use daily for years."
survey_toilet-brush-choice__5SKTEgf,persona/datasets/matraix-persona-1m/cohorts/cohort-162f4cf6eb0f/persona_gss-d36086babd69.yaml,1.0,clorox_under_rim,Clorox Corner Under-Rim,15.5,4,cleaning,4,25-34,,North America,Lower-middle,Man,,,,Unemployed,"With three kids and a tight budget, I need something cheap but tough that actually scrubs under the rim where it gets gross. Clorox is a brand I trust for bathroom cleaning, and the corner caddy plus under-rim scrubber at $15.50 is the best mix of value and cleaning power for a busy household."
survey_toilet-brush-choice__5SPhurX,persona/datasets/matraix-persona-1m/cohorts/cohort-162f4cf6eb0f/persona_gss-e2f34d61f583.yaml,1.0,oxo_hideaway,OXO Hideaway Compact,19.97,4,hygiene,4,35-44,,North America,Lower-middle,Woman,,,,Part-time,"I want something that looks tidy and hides the brush, since it sits out in a small family bathroom. The OXO hideaway canister opens automatically and the ventilated tray keeps it from getting gross, and at under $20 it's a reasonable price for a brand I trust."
survey_toilet-brush-choice__5T5e4bG,persona/datasets/matraix-persona-1m/cohorts/cohort-162f4cf6eb0f/persona_wiki-bc060b68cccd.yaml,1.0,ixo_stainless,IXO 2-Pack Stainless,28.6,5,material,4,65+,null,North America,null,Man,Retirement,Rural,null,null,"I want a set that lasts and looks respectable in a household where family and guests come and go. The 304 stainless steel handles and elegant navy bases will hold up far better than plastic, and a 2-pack lets me keep one in each bathroom. The $28.60 price is fair for that durability."
survey_toilet-brush-choice__5Tij7gW,persona/datasets/matraix-persona-1m/cohorts/cohort-162f4cf6eb0f/persona_wiki-94f7816a21fc.yaml,1.0,oxo_hideaway,OXO Hideaway Compact,19.97,4,hygiene,4,65+,Value-driven,North America,High income,Man,Retirement,Small town,null,Retired,"As a career veteran who values order, durability, and a tidy bathroom, I prefer the OXO Hideaway's concealed canister, firm nylon bristles, and ventilated tray that prevents water pooling. It is a top-rated, well-known brand at a reasonable price, and the compact, minimal white design suits a small-town home without visual clutter."
survey_toilet-brush-choice__5V26tTw,persona/datasets/matraix-persona-1m/cohorts/cohort-162f4cf6eb0f/persona_amazon-7c79caf947d4.yaml,1.0,oxo_hideaway,OXO Hideaway Compact,19.97,4,hygiene,4,65+,Value-driven,North America,,,Retirement,,,,"I value order and structure in my home, and the OXO Hideaway's canister hides the brush completely for a tidy look. It's a trusted brand, top rated, and the ventilated tray keeps things hygienic and dry, which matters to me at a reasonable price."
survey_toilet-brush-choice__5W3Aci5,persona/datasets/matraix-persona-1m/cohorts/cohort-162f4cf6eb0f/persona_gss-e7beebe5c56d.yaml,1.0,jiga_3pack,JIGA 3-Pack,13.99,5,price,4,25-34,,North America,,Woman,,,,Homemaker,"With three kids and multiple bathrooms, I need several brushes and I'm on a tight household budget. Getting three complete brush and holder sets for $13.99 is by far the best value here, and the stiff nylon bristles are what I'm used to for scrubbing."
survey_toilet-brush-choice__5ZRxYVx,persona/datasets/matraix-persona-1m/cohorts/cohort-162f4cf6eb0f/persona_wiki-c3fda693021d.yaml,1.0,oxo_hideaway,OXO Hideaway Compact,19.97,4,hygiene,4,,,North America,,Man,,,,,"The OXO Hideaway's auto-open canister keeps the brush fully concealed when stored, which fits the clean look I want in a bathroom. It's the top-rated option and its ventilated tray and compact footprint make it a reliable, well-built pick at a fair price."
survey_toilet-brush-choice__5dVCJTz,persona/datasets/matraix-persona-1m/cohorts/cohort-162f4cf6eb0f/persona_gss-afef440244a1.yaml,1.0,jiga_3pack,JIGA 3-Pack,13.99,5,price,4,25-34,,North America,Low income,Woman,,,,Part-time,"I'm on a tight budget and this gives me three complete sets for only $13.99, which is the best value on the shelf. With a spare for the other bathroom and stiff nylon bristles that get the job done, it covers everything I need without spending much."
survey_toilet-brush-choice__5emhffv,persona/datasets/matraix-persona-1m/cohorts/cohort-162f4cf6eb0f/persona_gss-084271b2b5a6.yaml,1.0,oxo_hideaway,OXO Hideaway Compact,19.97,4,hygiene,4,35-44,,North America,Middle,Man,,,,Full-time,"OXO is a brand I trust, and the hideaway canister keeps the brush out of sight while the ventilated tray prevents water pooling, which fits a busy family bathroom. At $19.97 it is reasonably priced for a top-rated, compact set."
survey_toilet-brush-choice__5ijm5sa,persona/datasets/matraix-persona-1m/cohorts/cohort-162f4cf6eb0f/persona_wiki-0693c4d42b1f.yaml,1.0,oxo_hideaway,OXO Hideaway Compact,19.97,4,hygiene,4,65+,Value-driven,North America,Middle,Woman,Mid-life,Small town,,Full-time,"I want a hygienic, tidy bathroom and the OXO Hideaway's auto-opening canister keeps the brush fully concealed while its ventilated tray prevents water pooling — the hygiene feature I care about most. At $19.97 it is reasonably priced for a top-rated, well-known brand, and its compact footprint suits my small bathroom."
survey_toilet-brush-choice__5pxAAfa,persona/datasets/matraix-persona-1m/cohorts/cohort-162f4cf6eb0f/persona_wiki-41f99018f890.yaml,1.0,oxo_hideaway,OXO Hideaway Compact,19.97,4,hygiene,5,,Cost-sensitive,North America,Lower-middle,Man,,,,Full-time,"I want a compact, clean-looking set that hides the brush and keeps things hygienic, and the OXO Hideaway's auto-open canister with a ventilated tray fits that perfectly. As a top-rated, trusted brand pick at a reasonable $19.97, it balances reliability and price better than the cheaper silicone options or pricier multi-packs."
survey_toilet-brush-choice__5s923bQ,persona/datasets/matraix-persona-1m/cohorts/cohort-162f4cf6eb0f/persona_gss-0dfce6ee5987.yaml,1.0,oxo_hideaway,OXO Hideaway Compact,19.97,4,hygiene,4,35-44,,North America,Upper-middle,Woman,,,,Part-time,"I want something compact and tidy that hides the brush away, since I have two kids and a small bathroom where clutter shows. OXO is a brand I trust for solid everyday kitchen and bath tools, and the auto-open canister with a ventilated tray addresses the hygiene and mess concerns I care about most. At $19.97 it's a reasonable middle price for a well-reviewed set."
survey_toilet-brush-choice__62gX4bS,persona/datasets/matraix-persona-1m/cohorts/cohort-162f4cf6eb0f/persona_wiki-b5b30de91e36.yaml,1.0,oxo_hideaway,OXO Hideaway Compact,19.97,5,hygiene,4,65+,Indifferent,North America,High income,Woman,Mid-life,Small town,$200k+,Self-employed,"I prefer a discreet, well-made set that keeps the brush out of sight, and the hideaway canister that opens automatically when lifted is exactly the sort of quiet practicality I want in a guest bathroom. OXO's reputation for sturdy, thoughtfully designed housewares reassures me, and the ventilated tray addresses the hygiene concern that matters most to me."
survey_toilet-brush-choice__63kTEtF,persona/datasets/matraix-persona-1m/cohorts/cohort-162f4cf6eb0f/persona_amazon-e37875160da8.yaml,1.0,oxo_hideaway,OXO Hideaway Compact,19.97,4,hygiene,4,,Value-driven,North America,,Woman,,Suburban,,Retired,"The OXO Hideaway is top-rated and from a brand I trust, which matters to me. The hideaway canister keeps things looking tidy, and the ventilated tray helps it dry out, which is important for hygiene with my mobility needs since I can't bend and scrub as easily. It's reasonably priced and the compact footprint suits my rental bathroom."
survey_toilet-brush-choice__64Xuf69,persona/datasets/matraix-persona-1m/cohorts/cohort-162f4cf6eb0f/persona_wiki-2d7ccac052e2.yaml,1.0,oxo_hideaway,OXO Hideaway Compact,19.97,4,hygiene,4,45-54,,North America,Middle,Man,Mid-life,Small town,,Retired,"I want a set that keeps the brush out of sight and dries properly, and OXO's hideaway canister opens automatically while its ventilated tray prevents standing water. It is a trusted, top-rated product at a reasonable price, which fits my preference for durable, well-designed functional goods."
survey_toilet-brush-choice__65oa9XS,persona/datasets/matraix-persona-1m/cohorts/cohort-162f4cf6eb0f/persona_wiki-244c84345a40.yaml,1.0,oxo_hideaway,OXO Hideaway Compact,19.97,4,hygiene,4,,,North America,,Man,,,,,"I want something that disappears when it's not in use, and the OXO Hideaway's auto-opening canister does exactly that while keeping the brush out of sight. The ventilated tray that prevents water pooling matters to me for hygiene, and OXO's reputation for well-designed everyday objects gives me confidence in the build."
survey_toilet-brush-choice__68KYo2D,persona/datasets/matraix-persona-1m/cohorts/cohort-162f4cf6eb0f/persona_gss-feb602fe1466.yaml,1.0,clorox_under_rim,Clorox Corner Under-Rim,15.5,4,cleaning,4,55-64,,North America,Lower-middle,Man,,,,Full-time,I trust the Clorox name and the price is reasonable at $15.50. The corner caddy saves space and the dedicated under-rim scrubber plus antibacterial bristles make cleaning easier and more hygienic.
survey_toilet-brush-choice__6CRTTxW,persona/datasets/matraix-persona-1m/cohorts/cohort-162f4cf6eb0f/persona_gss-44e0629977ba.yaml,1.0,jiga_3pack,JIGA 3-Pack,13.99,5,price,4,35-44,,North America,Lower-middle,Man,,,,Homemaker,"Living on a fixed budget with two kids, I need value and practicality. Three complete sets for $13.99 means I can put one in each bathroom and keep a spare without spending much, and the stiff nylon bristles with covered caddy bases are simple and durable enough for everyday use."
survey_toilet-brush-choice__6GkCmUe,persona/datasets/matraix-persona-1m/cohorts/cohort-162f4cf6eb0f/persona_stackoverflow-5b1073f32f26.yaml,1.0,oxo_hideaway,OXO Hideaway Compact,19.97,4,hygiene,4,35-44,,North America,,,,,,Full-time,"I've learned the hard way that cheap bristle brushes and flimsy silicone heads just smear things around, and open holders sitting in a puddle of water are a hygiene problem I don't want in a small bathroom. The OXO hides the brush entirely, its ventilated tray stops water pooling, and it's the top-rated option from a brand I actually recognize — worth a few extra dollars over the $13 knockoffs. The auto-open canister is a small convenience, but the sealed, drip-free storage is the real reason."
survey_toilet-brush-choice__6HZway5,persona/datasets/matraix-persona-1m/cohorts/cohort-162f4cf6eb0f/persona_wiki-62ab35b23370.yaml,1.0,oxo_hideaway,OXO Hideaway Compact,19.97,5,hygiene,5,65+,,North America,High income,Man,Retirement,null,null,Retired,"At 70+ with a bad back from service, I want a brush that stores hidden and opens when I lift it, so no bending or fiddling. OXO's hideaway canister keeps the brush out of sight, the ventilated tray stops standing water, and it's the top-rated option at a fair $19.97 — brand reliability matters more to me than saving five dollars."
survey_toilet-brush-choice__6HxZCpT,persona/datasets/matraix-persona-1m/cohorts/cohort-162f4cf6eb0f/persona_wiki-503675021996.yaml,1.0,oxo_hideaway,OXO Hideaway Compact,19.97,4,hygiene,4,18-24,,North America,Middle,Woman,Early career,Dense urban,null,Full-time,"The auto-open hideaway canister keeps the brush fully concealed, which matters in a small bathroom, and the ventilated tray prevents the standing water that makes most holders gross. OXO's reputation for durable, well-designed tools justifies the mid-range price, and the compact footprint fits my rental's tight space."
survey_toilet-brush-choice__6K4nWkR,persona/datasets/matraix-persona-1m/cohorts/cohort-162f4cf6eb0f/persona_gss-43847704e6dc.yaml,1.0,oxo_hideaway,OXO Hideaway Compact,19.97,4,hygiene,4,45-54,,North America,Lower-middle,Woman,,,,Part-time,"I want something compact and tidy for my small bathroom, and the hideaway canister keeps the brush out of sight with a ventilated tray so it doesn't sit in dirty water. OXO is a brand I trust and at $19.97 it's a fair price for the quality."
survey_toilet-brush-choice__6KHcVrq,persona/datasets/matraix-persona-1m/cohorts/cohort-162f4cf6eb0f/persona_gss-8588c04911d9.yaml,1.0,clorox_under_rim,Clorox Corner Under-Rim,15.5,5,brand,4,75-84,,North America,Lower-middle,Woman,Retirement,,,Retired,"I know and trust the Clorox name, and at $15.50 it fits my fixed retirement budget. The corner caddy saves space in my small bathroom and the under-rim scrubber helps me get the hard-to-reach spots clean without bending too much."
survey_toilet-brush-choice__6LCdRby,persona/datasets/matraix-persona-1m/cohorts/cohort-162f4cf6eb0f/persona_wiki-01dcf345c932.yaml,1.0,oxo_hideaway,OXO Hideaway Compact,19.97,5,hygiene,4,65+,Indifferent,North America,Upper-middle,Man,Mid-life,Small town,null,Retired,"I want a single, well-built set that looks tidy and performs reliably, and OXO's reputation for durable, thoughtfully designed goods matters to me. The hideaway canister that opens automatically and the ventilated tray that prevents water pooling make it the most hygienic and orderly option, and at $19.97 the price is fair for the quality."
survey_toilet-brush-choice__6Qe5xdg,persona/datasets/matraix-persona-1m/cohorts/cohort-162f4cf6eb0f/persona_stackoverflow-c28d03f1e156.yaml,1.0,oxo_hideaway,OXO Hideaway Compact,19.97,4,hygiene,4,35-44,,North America,,,,,,Full-time,"I want a covered, compact set that hides the brush and doesn't pool water, and OXO's auto-open hideaway canister with a ventilated tray does exactly that. It's from a brand I trust, top-rated, and at $19.97 the price is reasonable for a durable everyday bathroom tool."
survey_toilet-brush-choice__6RAyvTs,persona/datasets/matraix-persona-1m/cohorts/cohort-162f4cf6eb0f/persona_wiki-753d41a533a7.yaml,1.0,oxo_hideaway,OXO Hideaway Compact,19.97,4,hygiene,4,65+,,North America,Middle,Man,Retirement,Small town,null,Retired,"At 73 I want something reliable, hygienic, and tidy rather than flashy. The OXO Hideaway's auto-opening canister keeps the brush out of sight, and the ventilated tray prevents the standing water and odor that plague cheap holders. It's top-rated, compact for a small-town bathroom, and a fair price for a brand I trust."
survey_toilet-brush-choice__6TyBS7x,persona/datasets/matraix-persona-1m/cohorts/cohort-162f4cf6eb0f/persona_stackoverflow-a41ab06fca7d.yaml,1.0,oxo_hideaway,OXO Hideaway Compact,19.97,4,hygiene,4,55-64,,North America,,,,,,Full-time,"I'm skeptical of gimmicky features like built-in tweezers or silicone nub heads, but OXO's Hideaway caught my attention: the canister opens automatically when you lift the brush and has a ventilated tray so water doesn't pool, which is the one functional detail I actually care about for hygiene. At $19.97 it's mid-priced, and OXO is a brand I've used for years without disappointment, so I trust the build quality more than the no-name silicone sets."
survey_toilet-brush-choice__6TyiFmM,persona/datasets/matraix-persona-1m/cohorts/cohort-162f4cf6eb0f/persona_stackoverflow-ca2a17f31e40.yaml,1.0,oxo_hideaway,OXO Hideaway Compact,19.97,4,hygiene,4,35-44,,North America,,,,,,Full-time,"I prefer a covered, compact set that hides the brush and doesn't pool water, and OXO's hideaway canister plus ventilated tray addresses that. It's also top-rated and reasonably priced at $19.97, which feels like better value than the bronze mDesign at $29.30."
survey_toilet-brush-choice__6WEgPtd,persona/datasets/matraix-persona-1m/cohorts/cohort-162f4cf6eb0f/persona_wiki-d99cd4e9ecee.yaml,1.0,oxo_hideaway,OXO Hideaway Compact,19.97,5,hygiene,5,65+,Premium-seeking,North America,High income,Man,Mid-life,Suburban,$200k+,Self-employed,"I want a set that keeps the brush fully concealed and looks tidy in a well-kept bathroom, and the OXO's auto-opening canister with a ventilated tray addresses hygiene and water pooling without any fuss. OXO is a brand I trust for durable, well-engineered household goods, and at $19.97 the price is reasonable for that quality."
survey_toilet-brush-choice__6ZFZ6im,persona/datasets/matraix-persona-1m/cohorts/cohort-162f4cf6eb0f/persona_gss-ef02273cd194.yaml,1.0,oxo_hideaway,OXO Hideaway Compact,19.97,4,hygiene,4,45-54,,North America,Lower-middle,Woman,,,,Full-time,"I want a brush that stays hidden and tidy since we have a small bathroom and kids, and the OXO name is one I trust for everyday kitchen and bath tools. The auto-open canister and ventilated tray mean less mess and odor, and at under $20 the price is reasonable for something that will last."
survey_toilet-brush-choice__6bPCEi8,persona/datasets/matraix-persona-1m/cohorts/cohort-162f4cf6eb0f/persona_gss-9a9736b86dc0.yaml,1.0,jiga_3pack,JIGA 3-Pack,13.99,5,price,4,35-44,,North America,Lower-middle,Woman,,,,Full-time,"With two kids and three bathrooms to keep clean, a 3-pack at $13.99 is the best value here and means I can put one in each bathroom without spending much. The stiff nylon bristles and non-slip handles are practical for everyday scrubbing, and I don't need fancy features in a toilet brush."
survey_toilet-brush-choice__6coRSKL,persona/datasets/matraix-persona-1m/cohorts/cohort-162f4cf6eb0f/persona_gss-9e40f134ff13.yaml,1.0,oxo_hideaway,OXO Hideaway Compact,19.97,4,design,4,45-54,,North America,Upper-middle,Woman,,,,Part-time,"I prefer a clean, minimal look and the OXO hideaway canister keeps the brush fully concealed, which matters to me in a guest-visible bathroom. OXO is a brand I trust for household tools, and the ventilated tray and compact footprint make it practical for our space."
survey_toilet-brush-choice__6ct5LcY,persona/datasets/matraix-persona-1m/cohorts/cohort-162f4cf6eb0f/persona_wiki-a8cb6b57edde.yaml,1.0,oxo_hideaway,OXO Hideaway Compact,19.97,4,hygiene,4,65+,Value-driven,North America,Upper-middle,Man,Mid-life,Small town,$100k-200k,Retired,"Je préfère un ensemble compact et discret dont la brosse disparaît dans son récipient, ce qui convient à une petite salle de bain et limite les éclaboussures. La marque OXO est réputée pour sa durabilité et son plateau ventilé empêche l'eau de stagner, ce qui est plus hygiénique. Le prix de 19,97 $ reste raisonnable pour un produit bien noté et durable."
survey_toilet-brush-choice__6eDv4EW,persona/datasets/matraix-persona-1m/cohorts/cohort-162f4cf6eb0f/persona_amazon-1819ca0f0556.yaml,1.0,oxo_hideaway,OXO Hideaway Compact,19.97,4,hygiene,4,,Value-driven,North America,,,,Suburban,,,"I value order and hygiene in my home, and the OXO Hideaway's auto-opening canister keeps the brush completely hidden and the ventilated tray prevents water pooling. It's a trusted brand at a reasonable price, and the compact footprint suits my suburban bathroom without looking cluttered."
survey_toilet-brush-choice__6hHFmWA,persona/datasets/matraix-persona-1m/cohorts/cohort-162f4cf6eb0f/persona_amazon-cc0407745137.yaml,1.0,oxo_hideaway,OXO Hideaway Compact,19.97,4,hygiene,4,,,North America,,Man,,,,,"I'm a frugal saver but I'll pay a bit more for something that lasts and actually works. The OXO Hideaway is top-rated, hides the brush neatly in a compact canister, and the ventilated tray prevents water pooling, which matters for hygiene in a small bathroom. At $19.97 it's reasonable for the quality and reputation."
survey_toilet-brush-choice__6hRSFTL,persona/datasets/matraix-persona-1m/cohorts/cohort-162f4cf6eb0f/persona_gss-c28f3c481082.yaml,1.0,jiga_3pack,JIGA 3-Pack,13.99,5,price,4,25-34,,North America,Low income,Woman,,,,Unemployed,"Money is tight right now, so getting three complete brush and holder sets for $13.99 is the best value on the shelf. I can keep one in my bathroom, one in the spare/guest bathroom, and have a backup for when the bristles wear out, and the stiff nylon bristles should scrub well."
survey_toilet-brush-choice__6htUqQU,persona/datasets/matraix-persona-1m/cohorts/cohort-162f4cf6eb0f/persona_amazon-82ed76f1bf99.yaml,1.0,oxo_hideaway,OXO Hideaway Compact,19.97,4,hygiene,4,,,North America,,,,,,,"I want something compact and tidy in a small bathroom, and the hideaway canister means I never have to look at a wet brush. OXO's strong reputation and the ventilated tray for quick drying seal it for me at under $20."
survey_toilet-brush-choice__6jkw24T,persona/datasets/matraix-persona-1m/cohorts/cohort-162f4cf6eb0f/persona_wiki-e6e44f670f36.yaml,1.0,oxo_hideaway,OXO Hideaway Compact,19.97,4,hygiene,4,65+,,North America,,Man,Retirement,,,Retired,"I want a compact, tidy set that keeps the brush out of sight and doesn't pool water in the base, and OXO's reputation for dependable, well-designed household tools matters to me. At $19.97 it's a reasonable price for something I'll use daily for years."
survey_toilet-brush-choice__6mHZy3i,persona/datasets/matraix-persona-1m/cohorts/cohort-162f4cf6eb0f/persona_wiki-9fea077f9aea.yaml,1.0,oxo_hideaway,OXO Hideaway Compact,19.97,5,hygiene,5,55-64,Value-driven,North America,High income,Man,Mid-life,Suburban,null,Self-employed,"I want a set that looks clean and unobtrusive in a guest-visible bathroom, and the OXO hideaway canister conceals the brush entirely while its ventilated tray prevents standing water, which matters to me for hygiene. OXO's reputation for well-engineered household tools and its top-rated status give me confidence in the build quality at a reasonable $19.97."
survey_toilet-brush-choice__6p7Gs55,persona/datasets/matraix-persona-1m/cohorts/cohort-162f4cf6eb0f/persona_wiki-2a17e5e245f7.yaml,1.0,oxo_hideaway,OXO Hideaway Compact,19.97,4,hygiene,4,35-44,,North America,null,Woman,Mid-life,null,null,null,"The OXO Hideaway keeps the brush fully concealed, which matters in a bathroom I actually care about. It is top rated with firm nylon bristles for real scrubbing, and the ventilated tray prevents standing water. At $19.97 it is a fair price for a durable, well-designed set."
survey_toilet-brush-choice__6pToFzj,persona/datasets/matraix-persona-1m/cohorts/cohort-162f4cf6eb0f/persona_amazon-3b3f5f5df381.yaml,1.0,clorox_under_rim,Clorox Corner Under-Rim,15.5,5,cleaning,5,,,North America,,,Parent of young kids,,,,"With a little kid in the house, I want something that actually scrubs under the rim and kills germs. Clorox is a brand I trust, the corner caddy saves space, and $15.50 is a totally fair price."
survey_toilet-brush-choice__6qGtTU2,persona/datasets/matraix-persona-1m/cohorts/cohort-162f4cf6eb0f/persona_stackoverflow-4b766887b6d7.yaml,1.0,oxo_hideaway,OXO Hideaway Compact,19.97,4,hygiene,4,45-54,,North America,,,,,,Full-time,"I want a brush that stays out of sight and doesn't pool water, and OXO's hideaway canister with a ventilated tray does exactly that. It's a known brand with firm nylon bristles at a reasonable $19.97, and the compact footprint suits my bathroom. The auto-open lid means no fiddling with a wet brush."
survey_toilet-brush-choice__6roRv5X,persona/datasets/matraix-persona-1m/cohorts/cohort-162f4cf6eb0f/persona_gss-63acf3ec3db6.yaml,1.0,oxo_hideaway,OXO Hideaway Compact,19.97,4,hygiene,4,25-34,,North America,Middle,Man,,,,Full-time,"With three young kids, I need a brush that cleans thoroughly but stays out of sight and doesn't pool water, and the OXO Hideaway's auto-open canister and ventilated tray do exactly that. The brand has a strong reputation in our household, and at $19.97 it's a fair price for something we'll use daily for years."
survey_toilet-brush-choice__6sB65Dd,persona/datasets/matraix-persona-1m/cohorts/cohort-162f4cf6eb0f/persona_gss-4ec377962653.yaml,1.0,oxo_hideaway,OXO Hideaway Compact,19.97,4,hygiene,4,35-44,,North America,Lower-middle,Man,,,,Full-time,"I want a brush that stays out of sight and doesn't leave a puddle in the holder, and the OXO hideaway canister opens automatically and has a ventilated tray. It's a trusted brand at a fair price, and the compact footprint suits my bathroom."
survey_toilet-brush-choice__6syiRUs,persona/datasets/matraix-persona-1m/cohorts/cohort-162f4cf6eb0f/persona_stackoverflow-cc7dbccb09e8.yaml,1.0,oxo_hideaway,OXO Hideaway Compact,19.97,4,hygiene,4,45-54,,North America,,,Mid-life,,,Full-time,"I value hygiene and a clean, minimal look, and the OXO's auto-opening hideaway canister plus ventilated tray directly addresses water pooling and visible mess, which is the main reason I'd replace a toilet brush. OXO is a brand I've had good durability experience with, and at $19.97 it's a reasonable price for a single well-designed set rather than a multi-pack I don't need."
survey_toilet-brush-choice__6tb9sm5,persona/datasets/matraix-persona-1m/cohorts/cohort-162f4cf6eb0f/persona_gss-d28e1b17cbc5.yaml,1.0,oxo_hideaway,OXO Hideaway Compact,19.97,4,hygiene,4,45-54,,North America,Middle,Man,,,,Full-time,"I want something reliable and tidy that keeps the brush hidden and doesn't leave a puddle in the holder. The OXO Hideaway is top rated, has a ventilated tray, and the compact footprint suits my bathroom without looking cluttered. The price is reasonable for a brand I trust."
survey_toilet-brush-choice__6vpeGhu,persona/datasets/matraix-persona-1m/cohorts/cohort-162f4cf6eb0f/persona_gss-4ba0b5cd0068.yaml,1.0,oxo_hideaway,OXO Hideaway Compact,19.97,4,hygiene,4,45-54,,North America,Upper-middle,Man,,,,Full-time,"I want a clean, minimal look and a holder that keeps the brush hidden and doesn't pool water, and OXO's reputation and top-rated status give me confidence in the build quality. The $19.97 price is reasonable for something that sits in my bathroom every day, and the compact footprint fits my space."
survey_toilet-brush-choice__7DFUknq,persona/datasets/matraix-persona-1m/cohorts/cohort-162f4cf6eb0f/persona_wiki-3a1265e65d36.yaml,1.0,oxo_hideaway,OXO Hideaway Compact,19.97,4,hygiene,4,65+,Value-driven,North America,Upper-middle,Woman,Mid-life,Dense urban,$100k-200k,Full-time,"I want a brush that keeps the bathroom looking tidy, and the OXO's hideaway canister means no visible brush head when it's stored. As a renter in a small city bathroom, the compact footprint and ventilated tray that prevents water pooling matter more to me than a few dollars saved. OXO's reputation and the top-rated status give me confidence in the build quality, and at $19.97 the price is reasonable for something I'll use daily for years."
survey_toilet-brush-choice__7FRgyLN,persona/datasets/matraix-persona-1m/cohorts/cohort-162f4cf6eb0f/persona_gss-dbeccf66554e.yaml,1.0,oxo_hideaway,OXO Hideaway Compact,19.97,4,hygiene,4,65-74,,North America,Lower-middle,Woman,,,,Homemaker,"I have a small bathroom, so the OXO Hideaway's compact canister that hides the brush away is exactly what I want, and the ventilated tray keeps things from getting soggy. It's a trusted brand and the price is reasonable for the quality."
survey_toilet-brush-choice__7GDtZ8w,persona/datasets/matraix-persona-1m/cohorts/cohort-162f4cf6eb0f/persona_wiki-d0bcb55431ef.yaml,1.0,oxo_hideaway,OXO Hideaway Compact,19.97,4,hygiene,4,65+,Value-driven,North America,High income,Woman,Retirement,Dense urban,$100k-200k,Retired,"I value a clean, uncluttered bathroom, and the hideaway canister means no visible brush or standing water — the ventilated tray addresses the hygiene concern that matters most to me. OXO's design reputation and the No.1 Top Rated status give me confidence in build quality at a reasonable $19.97."
survey_toilet-brush-choice__7GceZhm,persona/datasets/matraix-persona-1m/cohorts/cohort-162f4cf6eb0f/persona_wiki-f2694cb37aaf.yaml,1.0,oxo_hideaway,OXO Hideaway Compact,19.97,4,hygiene,4,35-44,,North America,,Woman,Early career,,,Self-employed,"I want a brush that stays hidden and dries without pooling water, and the auto-open canister plus ventilated tray does exactly that. OXO's build quality and top-rated track record justify the modest price gap over the cheap silicone sets."
survey_toilet-brush-choice__7LJFC7J,persona/datasets/matraix-persona-1m/cohorts/cohort-162f4cf6eb0f/persona_gss-891af6e23e34.yaml,1.0,oxo_hideaway,OXO Hideaway Compact,19.97,4,hygiene,4,45-54,,North America,Lower-middle,Man,,,,Full-time,"I want a brush that stays hidden and tidy in a small bathroom, and the OXO hideaway canister opens automatically and has a ventilated tray so it doesn't sit in dirty water. It's a trusted brand at a fair price, and the compact footprint suits our space."
survey_toilet-brush-choice__7QL6t2G,persona/datasets/matraix-persona-1m/cohorts/cohort-162f4cf6eb0f/persona_gss-07d4561d50e9.yaml,1.0,oxo_hideaway,OXO Hideaway Compact,19.97,4,hygiene,4,35-44,,North America,Middle,Woman,,,,Homemaker,"I want a brush that stays hidden and looks tidy in my bathroom, and the OXO hideaway canister opens automatically when lifted and has a ventilated tray so it won't sit in dirty water. It's a brand I trust and the $19.97 price is reasonable for something that will last."
survey_toilet-brush-choice__7TAhcZo,persona/datasets/matraix-persona-1m/cohorts/cohort-162f4cf6eb0f/persona_gss-94619e14954e.yaml,1.0,jiga_3pack,JIGA 3-Pack,13.99,5,price,4,35-44,,North America,,Man,,,,Full-time,"With three kids and multiple bathrooms, a 3-pack for $13.99 is the best value on the shelf and covers every bathroom at once. The stiff nylon bristles and covered caddy design are simple and practical, which is all I need."
survey_toilet-brush-choice__7XjqWnR,persona/datasets/matraix-persona-1m/cohorts/cohort-162f4cf6eb0f/persona_gss-e3926f144b91.yaml,1.0,oxo_hideaway,OXO Hideaway Compact,19.97,4,hygiene,4,45-54,,North America,Middle,Man,,,,Full-time,"I want something simple and reliable that hides the brush away so the bathroom stays tidy, and OXO is a brand I trust for everyday household items. The auto-open canister and ventilated tray make sense for hygiene, and the price is reasonable."
survey_toilet-brush-choice__7Y6Gse5,persona/datasets/matraix-persona-1m/cohorts/cohort-162f4cf6eb0f/persona_gss-148f21a266a6.yaml,1.0,oxo_hideaway,OXO Hideaway Compact,19.97,4,hygiene,4,25-34,,North America,Lower-middle,Man,,,,Full-time,"I want something hygienic and tidy in a small bathroom, and the OXO Hideaway's auto-opening canister hides the brush and has a ventilated tray so water doesn't pool. At $19.97 it's reasonably priced and a top-rated, trusted brand, which matters more to me than saving a few dollars."
survey_toilet-brush-choice__7c8zP6M,persona/datasets/matraix-persona-1m/cohorts/cohort-162f4cf6eb0f/persona_gss-25d0fcfd2e33.yaml,1.0,jiga_3pack,JIGA 3-Pack,13.99,5,price,5,35-44,,North America,Lower-middle,Man,,,,Full-time,"With three kids and three bathrooms to keep clean, a 3-pack for $13.99 is the best value on the shelf and covers the whole house at once. Stiff nylon bristles and non-slip handles are exactly what I need for scrubbing, and I don't have to worry about replacing a broken set right away."
survey_toilet-brush-choice__7gutbh9,persona/datasets/matraix-persona-1m/cohorts/cohort-162f4cf6eb0f/persona_wiki-c8abf96e0110.yaml,1.0,oxo_hideaway,OXO Hideaway Compact,19.97,4,hygiene,5,65+,Value-driven,North America,Upper-middle,Man,Retirement,Suburban,null,Retired,"I've learned over the years that you get what you pay for, and OXO has a reputation for tools that hold up. The hideaway canister keeps the brush out of sight, which suits a tidy bathroom, and the ventilated tray prevents the standing water that makes cheaper sets turn sour. It's the top-rated option for good reason, and the price is reasonable for something I'll use daily."
survey_toilet-brush-choice__7kHkaWm,persona/datasets/matraix-persona-1m/cohorts/cohort-162f4cf6eb0f/persona_wiki-72c2008e150a.yaml,1.0,oxo_hideaway,OXO Hideaway Compact,19.97,4,design,4,65+,Value-driven,North America,Upper-middle,Woman,Retirement,Dense urban,null,Self-employed,"I want a set that looks tidy and considered rather than purely functional — the OXO's hideaway canister keeps the brush entirely out of sight, which suits a well-designed bathroom. It is the top-rated option and the ventilated tray addresses the hygiene concern I care about most, at a price that is reasonable for the build quality."
survey_toilet-brush-choice__7mstwfh,persona/datasets/matraix-persona-1m/cohorts/cohort-162f4cf6eb0f/persona_wiki-d04d01aceab0.yaml,1.0,oxo_hideaway,OXO Hideaway Compact,19.97,4,hygiene,4,65+,Value-driven,North America,Upper-middle,Man,Retirement,Rural,null,Retired,"I want a clean, minimal look in the guest bathroom and I trust OXO's build quality and reputation as the top-rated pick. The hideaway canister that opens automatically and the ventilated tray mean less mess and no standing water, which matters more to me than saving a few dollars."
survey_toilet-brush-choice__7p3KhYB,persona/datasets/matraix-persona-1m/cohorts/cohort-162f4cf6eb0f/persona_wiki-3d4bc36d0050.yaml,1.0,oxo_hideaway,OXO Hideaway Compact,19.97,4,hygiene,4,65+,,North America,Upper-middle,Man,Retirement,Small town,null,Retired,"I want a set that keeps the brush out of sight and stores cleanly, and the OXO Hideaway does that with an auto-open canister and ventilated tray that prevents water pooling. OXO is a brand I trust for durable, well-designed household tools, and at $19.97 the price is reasonable for the quality."
survey_toilet-brush-choice__7rd3FtH,persona/datasets/matraix-persona-1m/cohorts/cohort-162f4cf6eb0f/persona_gss-c02a835cdb14.yaml,1.0,clorox_under_rim,Clorox Corner Under-Rim,15.5,5,cleaning,4,25-34,,North America,,Woman,,,,Homemaker,"As a mom cleaning a family bathroom, I want something dependable that gets under the rim where mess hides, and this one has a dedicated under-rim scrubber plus antibacterial bristles. The price is reasonable and the corner caddy keeps it tidy without taking up much space."
survey_toilet-brush-choice__7rxo2St,persona/datasets/matraix-persona-1m/cohorts/cohort-162f4cf6eb0f/persona_gss-5ff9f0d63f80.yaml,1.0,clorox_under_rim,Clorox Corner Under-Rim,15.5,4,cleaning,4,25-34,,North America,Lower-middle,Woman,,,,Full-time,"Clorox is a brand I trust for bathroom cleaning, and the under-rim scrubber plus antibacterial bristles make real sense for getting the toilet genuinely clean. At $15.50 it's a fair price and the corner caddy helps it fit neatly beside the toilet."
survey_toilet-brush-choice__7xbdNzG,persona/datasets/matraix-persona-1m/cohorts/cohort-162f4cf6eb0f/persona_stackoverflow-0356bf9415fc.yaml,1.0,oxo_hideaway,OXO Hideaway Compact,19.97,4,hygiene,4,25-34,,North America,,,Early career,,,Full-time,"I want a set that stays hygienic and looks tidy in a small bathroom, and the OXO Hideaway's auto-opening canister with a ventilated tray directly solves the water-pooling problem while hiding the brush when stored. OXO has a solid reputation for well-designed everyday tools, and at $19.97 the price is reasonable for the build quality and top-rated status."
survey_toilet-brush-choice__7yHEqkj,persona/datasets/matraix-persona-1m/cohorts/cohort-162f4cf6eb0f/persona_gss-42e512116fd1.yaml,1.0,oxo_hideaway,OXO Hideaway Compact,19.97,4,hygiene,4,25-34,,North America,Middle,Man,,,,Full-time,"I want a brush that hides the dirty head away, and OXO is a brand I trust for solid everyday tools. The auto-opening canister and ventilated tray keep things tidier in a family bathroom, and at $19.97 it's a reasonable middle price."
survey_toilet-brush-choice__86NXWaW,persona/datasets/matraix-persona-1m/cohorts/cohort-162f4cf6eb0f/persona_stackoverflow-e72d4249db8c.yaml,1.0,oxo_hideaway,OXO Hideaway Compact,19.97,4,hygiene,4,25-34,,North America,,,Early career,,$200k+,Full-time,"I want a brush that hides the dirty head when stored, since I care most about hygiene and quick drying in a small bathroom. OXO's auto-open ventilated canister avoids standing water and the brand has a solid reliability track record, so the ~$20 price is justified over the cheap silicone sets."
survey_toilet-brush-choice__87Cd7j5,persona/datasets/matraix-persona-1m/cohorts/cohort-162f4cf6eb0f/persona_gss-39825dbad8eb.yaml,1.0,oxo_hideaway,OXO Hideaway Compact,19.97,4,hygiene,4,,,North America,Lower-middle,Man,,,,Full-time,"I want something compact and tidy that hides the brush when it's not in use, and the auto-open canister plus ventilated tray keeps things from getting gross. The OXO is a well-reviewed, no-nonsense option at a price I can justify."
survey_toilet-brush-choice__88B37WL,persona/datasets/matraix-persona-1m/cohorts/cohort-162f4cf6eb0f/persona_amazon-f19c0cc6960e.yaml,1.0,oxo_hideaway,OXO Hideaway Compact,19.97,4,hygiene,4,,,North America,,,,,,Self-employed,"OXO is a brand I trust and the hideaway canister keeps the bathroom looking tidy, which matters with a kid around. The auto-open lid and ventilated tray make it more hygienic, and at $19.97 it's a fair price for the quality."
survey_toilet-brush-choice__89tAquU,persona/datasets/matraix-persona-1m/cohorts/cohort-162f4cf6eb0f/persona_gss-bda9d6a3bdb4.yaml,1.0,oxo_hideaway,OXO Hideaway Compact,19.97,4,hygiene,4,45-54,,North America,Upper-middle,Woman,,,,Full-time,"With three kids and a busy full-time schedule, I want something that stays tidy and doesn't show the brush — the OXO hideaway canister does exactly that and it's the top-rated option. The ventilated tray that prevents water pooling matters to me for hygiene, and at $19.97 the price is reasonable for the quality."
survey_toilet-brush-choice__8GcsLLe,persona/datasets/matraix-persona-1m/cohorts/cohort-162f4cf6eb0f/persona_wiki-808df8116282.yaml,1.0,oxo_hideaway,OXO Hideaway Compact,19.97,4,hygiene,4,65-74,,North America,,Man,Retirement,,,Retired,"I'm a practical, high-conscientiousness guy who values durable gear and a tidy bathroom, and OXO is a brand I trust for solid build quality. The hideaway canister keeps the brush out of sight and the ventilated tray prevents water pooling, which matters for hygiene in a shared bathroom. At $19.97 it's a fair price for something that will last and look clean."
survey_toilet-brush-choice__8Jn5V5f,persona/datasets/matraix-persona-1m/cohorts/cohort-162f4cf6eb0f/persona_wiki-1fa691b537bc.yaml,1.0,oxo_hideaway,OXO Hideaway Compact,19.97,4,hygiene,4,45-54,Value-driven,North America,Upper-middle,Woman,Mid-life,Small town,null,Self-employed,"The hideaway canister keeps the brush fully concealed when stored, which suits a small, tidy bathroom, and the ventilated tray prevents the standing water that makes most brush holders unpleasant. OXO's build quality and top-rated standing justify the moderate price for a tool I will use daily for years."
survey_toilet-brush-choice__8RMNXid,persona/datasets/matraix-persona-1m/cohorts/cohort-162f4cf6eb0f/persona_gss-0950e11804da.yaml,1.0,oxo_hideaway,OXO Hideaway Compact,19.97,4,hygiene,4,,,North America,Middle,Woman,,,,Homemaker,"I want a brush that stays hidden and looks tidy in my bathroom, and the auto-open canister with a ventilated tray keeps things dry and hygienic. OXO is a brand I recognize and trust, and at $19.97 the price is reasonable for the quality."
survey_toilet-brush-choice__8U7Zue2,persona/datasets/matraix-persona-1m/cohorts/cohort-162f4cf6eb0f/persona_gss-6dea460253c4.yaml,1.0,oxo_hideaway,OXO Hideaway Compact,19.97,4,hygiene,4,75-84,,North America,Middle,Woman,Retirement,,,Retired,"At my age I want something simple, tidy and reliable, and the OXO hideaway canister keeps the brush out of sight so the bathroom stays neat. The ventilated tray that prevents water pooling matters to me for hygiene, and the brand has a solid reputation at a reasonable $19.97."
survey_toilet-brush-choice__8WWYKa9,persona/datasets/matraix-persona-1m/cohorts/cohort-162f4cf6eb0f/persona_wiki-e49ad00b4e8b.yaml,1.0,oxo_hideaway,OXO Hideaway Compact,19.97,5,hygiene,5,65+,Value-driven,North America,Middle,Man,Retirement,Small town,null,Retired,"I'm 65 and I've learned that cheap brushes that sit in a puddle of water get nasty fast. The OXO's auto-opening canister with a ventilated tray keeps the brush head out of standing water and hides it away, which suits a tidy bathroom. It's top-rated, reasonably priced at under twenty dollars, and OXO is a brand I've trusted for years on kitchen and household tools."
survey_toilet-brush-choice__8bJSn78,persona/datasets/matraix-persona-1m/cohorts/cohort-162f4cf6eb0f/persona_wiki-d978774e3a3e.yaml,1.0,oxo_hideaway,OXO Hideaway Compact,19.97,4,hygiene,4,65+,Value-driven,North America,High income,Woman,Mid-life,Dense urban,null,Full-time,"Je privilégie un objet discret, hygiénique et durable plutôt qu'un prix plancher. Le système à canister escamotable de OXO dissimule la brosse, évite l'eau stagnante grâce à son plateau ventilé, et la marque jouit d'une réputation solide — le tout dans un format compact adapté à une salle de bain urbaine."
survey_toilet-brush-choice__8eRkvsE,persona/datasets/matraix-persona-1m/cohorts/cohort-162f4cf6eb0f/persona_wiki-2a86fcd0e46f.yaml,1.0,oxo_hideaway,OXO Hideaway Compact,19.97,4,hygiene,5,65+,Indifferent,North America,Middle,Man,Retirement,Suburban,null,Retired,"I'm a detail-oriented, practical buyer and the OXO Hideaway's auto-open canister keeps the brush fully concealed and the tray ventilated, which is exactly what I want in a bathroom. It's the No.1 top-rated set from a brand I trust, and at $19.97 the price is reasonable for the build quality and small footprint."
survey_toilet-brush-choice__8jDWKDq,persona/datasets/matraix-persona-1m/cohorts/cohort-162f4cf6eb0f/persona_gss-e26824778f48.yaml,1.0,oxo_hideaway,OXO Hideaway Compact,19.97,4,hygiene,4,18-24,,North America,Middle,Man,,,,Part-time,"I want a clean, minimal look in my bathroom and the hideaway canister keeps the brush out of sight, which matters to me for hygiene and appearance. OXO is a brand I trust, and at $19.97 the price is reasonable for a compact, top-rated set that fits a small bathroom."
survey_toilet-brush-choice__8jPEBCx,persona/datasets/matraix-persona-1m/cohorts/cohort-162f4cf6eb0f/persona_stackoverflow-f34755766d9c.yaml,1.0,oxo_hideaway,OXO Hideaway Compact,19.97,4,hygiene,4,45-54,,North America,,,Mid-life,,,Full-time,"I want a compact, tidy set that hides the brush when stored and has a ventilated tray so water doesn't pool — that's the hygiene detail that matters most to me. OXO's build quality and top-rated reputation justify the mid-range price, and the auto-open canister is a genuinely thoughtful mechanism rather than a gimmick."
survey_toilet-brush-choice__8n3JZeS,persona/datasets/matraix-persona-1m/cohorts/cohort-162f4cf6eb0f/persona_stackoverflow-60e44f8a7631.yaml,1.0,oxo_hideaway,OXO Hideaway Compact,19.97,4,hygiene,4,35-44,,North America,,,,,,Full-time,"I want a set that keeps the brush fully hidden when stored, avoids standing water in the base, and has a small footprint for a tight bathroom. OXO's hideaway canister with a ventilated tray and its strong track record as a top-rated product fit those priorities better than the cheaper silicone options, and the $19.97 price is reasonable for the build quality."
survey_toilet-brush-choice__8vNpSZH,persona/datasets/matraix-persona-1m/cohorts/cohort-162f4cf6eb0f/persona_gss-a05355870d0c.yaml,1.0,oxo_hideaway,OXO Hideaway Compact,19.97,4,hygiene,4,35-44,,North America,Middle,Woman,,,,Part-time,"I want a set that stays hygienic and looks tidy, and the OXO Hideaway's auto-opening canister and ventilated tray mean the brush isn't sitting in a puddle of water. It's a trusted brand, compact enough for my small bathroom, and at $19.97 the price is reasonable for the quality."
survey_toilet-brush-choice__8xHUxJa,persona/datasets/matraix-persona-1m/cohorts/cohort-162f4cf6eb0f/persona_wiki-c1223cae6566.yaml,1.0,clorox_under_rim,Clorox Corner Under-Rim,15.5,3,price,3,65-74,,North America,Upper-middle,Man,Retirement,Small town,null,Retired,"No persona-specific answer was produced, so a neutral answer was used."
survey_toilet-brush-choice__8xhKKvd,persona/datasets/matraix-persona-1m/cohorts/cohort-162f4cf6eb0f/persona_gss-1a43e124c0c3.yaml,1.0,jiga_3pack,JIGA 3-Pack,13.99,5,price,5,45-54,,North America,Lower-middle,Man,,,,Full-time,"With three kids and three bathrooms, I need a brush in every one, and getting three sets for $13.99 is the best value on the shelf. Stiff nylon bristles and non-slip handles are exactly what I want for scrubbing, and I don't need fancy silicone or stainless steel for a job this simple."
survey_toilet-brush-choice__93CV5pb,persona/datasets/matraix-persona-1m/cohorts/cohort-162f4cf6eb0f/persona_wiki-bce81770bc74.yaml,1.0,oxo_hideaway,OXO Hideaway Compact,19.97,4,hygiene,4,35-44,,North America,,Woman,Early career,,,Full-time,"I want a compact, hygienic set that keeps the brush fully hidden and lets it dry without pooling water, and OXO's auto-open hideaway canister does exactly that. The brand has a strong reputation for durable, well-designed kitchen and bath tools, so I trust it will hold up to daily use."
survey_toilet-brush-choice__93vEFcR,persona/datasets/matraix-persona-1m/cohorts/cohort-162f4cf6eb0f/persona_wiki-3c1c3ce56b5b.yaml,1.0,oxo_hideaway,OXO Hideaway Compact,19.97,4,hygiene,4,65+,,North America,Middle,Man,Mid-life,Small town,null,Full-time,"I want a brush that stays out of sight and doesn't leave a puddle of standing water in the holder — the OXO's auto-opening canister and ventilated tray solve both problems, and it's the top-rated option from a brand I already trust in the kitchen. At $19.97 for a single well-built set, it's a sensible middle-of-the-road purchase rather than a gamble on a no-name import."
survey_toilet-brush-choice__94KhqHr,persona/datasets/matraix-persona-1m/cohorts/cohort-162f4cf6eb0f/persona_stackoverflow-4cd424fb4b80.yaml,1.0,oxo_hideaway,OXO Hideaway Compact,19.97,4,hygiene,4,18-24,,North America,,,Early career,,,Full-time,"I want a compact, well-reviewed set that hides the brush out of sight and doesn't pool water in the base — the auto-open hideaway canister and ventilated tray solve both. OXO's reputation plus the No.1 Top Rated badge makes the $19.97 price feel justified for something I'll use daily."
survey_toilet-brush-choice__94dnAJd,persona/datasets/matraix-persona-1m/cohorts/cohort-162f4cf6eb0f/persona_gss-9db4d94d1a7c.yaml,1.0,jiga_3pack,JIGA 3-Pack,13.99,5,price,4,65-74,,North America,Low income,Woman,Retirement,,,Retired,"I'm on a fixed income, so getting three brushes for $13.99 is the kind of value I look for. With three bathrooms and grandchildren visiting, having a spare set on hand makes good sense, and the stiff nylon bristles are what I'm used to for a proper scrub."
survey_toilet-brush-choice__95J2upp,persona/datasets/matraix-persona-1m/cohorts/cohort-162f4cf6eb0f/persona_stackoverflow-c4284a59d819.yaml,1.0,oxo_hideaway,OXO Hideaway Compact,19.97,4,hygiene,4,35-44,,North America,,,Mid-life,,,,"I've used OXO Good Grips products before and their build quality and ergonomics have held up well over years, so the brand trust is earned rather than assumed. The auto-opening hideaway canister keeps the brush fully concealed and the ventilated tray prevents standing water, which addresses the two things I actually care about: hygiene and not looking at a dirty brush. At $19.97 it's mid-priced and I'd rather pay a bit more for a design that solves real problems than save $7 on something with a gimmick."
survey_toilet-brush-choice__96wpRMK,persona/datasets/matraix-persona-1m/cohorts/cohort-162f4cf6eb0f/persona_amazon-5e4c02c96696.yaml,1.0,oxo_hideaway,OXO Hideaway Compact,19.97,4,hygiene,4,,,North America,,,Student,,,Student,"I'm a frugal student who wants something that looks tidy and lasts, and the OXO Hideaway's auto-open canister hides the brush while its ventilated tray prevents water pooling, which means less mess and odor. At $19.97 it's a bit above the cheapest options, but the top-rated brand reputation makes it worth the small splurge for a bathroom I actually want to keep clean."
survey_toilet-brush-choice__97ZZmoz,persona/datasets/matraix-persona-1m/cohorts/cohort-162f4cf6eb0f/persona_stackoverflow-c46e19366d0d.yaml,1.0,oxo_hideaway,OXO Hideaway Compact,19.97,4,hygiene,4,45-54,,North America,,,,,,Full-time,"I want a hygienic, well-designed set that keeps the brush hidden and lets it dry properly. The OXO Hideaway's auto-open canister and ventilated tray solve the water-pooling and odor problem, and OXO is a brand I trust for durable everyday tools. At $19.97 it's a fair price for the engineering quality."
survey_toilet-brush-choice__97n4SJr,persona/datasets/matraix-persona-1m/cohorts/cohort-162f4cf6eb0f/persona_gss-3be8f8f92c15.yaml,1.0,oxo_hideaway,OXO Hideaway Compact,19.97,4,hygiene,4,25-34,,North America,Middle,Woman,,,,Homemaker,"With three kids and a busy household, I need a brush that stays clean and out of sight. The OXO Hideaway's auto-open canister and ventilated tray keep things tidy and hygienic, and the top-rated reputation gives me confidence it will hold up to daily use."
survey_toilet-brush-choice__9FYG83b,persona/datasets/matraix-persona-1m/cohorts/cohort-162f4cf6eb0f/persona_gss-34f40680272a.yaml,1.0,oxo_hideaway,OXO Hideaway Compact,19.97,4,hygiene,4,25-34,,North America,Lower-middle,Woman,,,,Full-time,"I want something compact and clean-looking for a small bathroom, and the hideaway canister that opens automatically when you lift the brush is a genuinely useful design. OXO has a solid reputation and the ventilated tray helps prevent that gross standing-water smell, which matters more to me than saving a few dollars."
survey_toilet-brush-choice__9GhYNeB,persona/datasets/matraix-persona-1m/cohorts/cohort-162f4cf6eb0f/persona_wiki-050be32a305b.yaml,1.0,oxo_hideaway,OXO Hideaway Compact,19.97,4,hygiene,4,65+,,North America,,Man,Mid-life,,,Retired,"I've spent my life around equipment that has to work every single day, and OXO's Good Grips line has never let me down on that front. The hideaway canister keeps the brush out of sight and the ventilated tray stops water pooling, which matters to me because a wet, mildewed brush is a hygiene problem, not just an eyesore. At $19.97 it's a fair price for something top-rated that will hold up."
survey_toilet-brush-choice__9KcwW3P,persona/datasets/matraix-persona-1m/cohorts/cohort-162f4cf6eb0f/persona_wiki-49e0935561d8.yaml,1.0,oxo_hideaway,OXO Hideaway Compact,19.97,4,hygiene,4,25-34,,North America,null,Man,Mid-life,null,null,Self-employed,"I want a brush that stays out of sight and doesn't pool water, and OXO's hideaway canister opens automatically when lifted while the ventilated tray keeps things dry and hygienic. It's the top-rated option and the compact footprint suits a small bathroom, all at a reasonable $19.97."
survey_toilet-brush-choice__9TpZTgx,persona/datasets/matraix-persona-1m/cohorts/cohort-162f4cf6eb0f/persona_amazon-1b369e708a9a.yaml,1.0,oxo_hideaway,OXO Hideaway Compact,19.97,4,hygiene,4,,,North America,,,,,,,"I've had cheap plastic brushes that pool water in the base and get nasty fast, so the hideaway canister with a ventilated tray is exactly what I want. OXO is a brand I've had good luck with, it's compact for a small bathroom, and at $19.97 the price is reasonable for something that should actually last."
survey_toilet-brush-choice__9We62bP,persona/datasets/matraix-persona-1m/cohorts/cohort-162f4cf6eb0f/persona_wiki-6d32463ddb89.yaml,1.0,oxo_hideaway,OXO Hideaway Compact,19.97,4,hygiene,4,65+,Indifferent,North America,High income,Woman,,Dense urban,null,Retired,"I live alone in a small rented flat and value a tidy, compact bathroom, so a hideaway canister that conceals the brush and has a ventilated tray to prevent water pooling suits me well. OXO is a brand I have encountered before and trust for durable, well-designed household tools, and at $19.97 the price is reasonable for the quality."
survey_toilet-brush-choice__9aNaZs5,persona/datasets/matraix-persona-1m/cohorts/cohort-162f4cf6eb0f/persona_wiki-7ebce0a64224.yaml,1.0,oxo_hideaway,OXO Hideaway Compact,19.97,4,hygiene,4,65+,Indifferent,North America,Middle,Woman,Mid-life,Dense urban,null,Full-time,"I live alone in a small city apartment, so a compact hideaway design that conceals the brush and keeps things tidy appeals to me. The OXO brand has earned my trust over decades, and the auto-open canister with ventilated tray addresses hygiene without fuss. At $19.97 it sits comfortably in my budget for a durable, well-reviewed everyday tool."
survey_toilet-brush-choice__9caQHXB,persona/datasets/matraix-persona-1m/cohorts/cohort-162f4cf6eb0f/persona_gss-5de2f0bbb671.yaml,1.0,oxo_hideaway,OXO Hideaway Compact,19.97,4,brand,4,35-44,,North America,Upper-middle,Man,,,,Full-time,"I trust the OXO brand and the hideaway canister keeps the brush out of sight, which matters to me for a tidy bathroom. The ventilated tray and compact footprint make it practical, and the price is reasonable for the quality."
survey_toilet-brush-choice__9gU9tzg,persona/datasets/matraix-persona-1m/cohorts/cohort-162f4cf6eb0f/persona_stackoverflow-33672449c419.yaml,1.0,oxo_hideaway,OXO Hideaway Compact,19.97,4,hygiene,4,45-54,,North America,,,,,,Full-time,"The OXO Hideaway is the only option that keeps the brush completely out of sight when stored, which matters in a bathroom I actually look at every day. OXO's build quality and the ventilated tray that prevents water pooling address the two things I care about most: it stays hygienic and it doesn't look like a toilet brush. At $19.97 it's a fair price for a top-rated, well-designed product."
survey_toilet-brush-choice__9gtKs7z,persona/datasets/matraix-persona-1m/cohorts/cohort-162f4cf6eb0f/persona_gss-30fd42989d8c.yaml,1.0,clorox_under_rim,Clorox Corner Under-Rim,15.5,4,cleaning,4,35-44,,North America,Middle,Man,,,,Full-time,"It's a practical, no-nonsense set from a brand I recognize, and the under-rim scrubber actually gets at the hard-to-reach spots where the real grime is. The corner caddy saves space and $15.50 is a fair price for something that does the job."
survey_toilet-brush-choice__9hbyYa8,persona/datasets/matraix-persona-1m/cohorts/cohort-162f4cf6eb0f/persona_stackoverflow-d4f8133d94c7.yaml,1.0,oxo_hideaway,OXO Hideaway Compact,19.97,4,hygiene,4,25-34,,North America,,,Early career,,,Full-time,"I want a compact set that hides the brush when stored and doesn't pool water, and OXO's auto-open canister with a ventilated tray solves both without looking cheap. At $19.97 it's mid-priced but the build quality and top-rated reputation justify it, and I trust a known brand over no-name silicone sets."
survey_toilet-brush-choice__9iC4Dr5,persona/datasets/matraix-persona-1m/cohorts/cohort-162f4cf6eb0f/persona_gss-040f7ccf88eb.yaml,1.0,jiga_3pack,JIGA 3-Pack,13.99,5,price,5,65-74,,North America,Low income,Man,,,,Full-time,"I'm on a tight budget with a big household and three bathrooms, so getting three brushes for $13.99 is the best value here. Stiff nylon bristles and covered caddy storage are simple and get the job done without paying extra for features I don't need."
survey_toilet-brush-choice__9mgdekb,persona/datasets/matraix-persona-1m/cohorts/cohort-162f4cf6eb0f/persona_gss-01e6e96b42fb.yaml,1.0,oxo_hideaway,OXO Hideaway Compact,19.97,4,hygiene,4,35-44,,North America,Middle,Woman,,,,Part-time,"I want something that looks tidy and hides the brush away, and OXO is a brand I trust for everyday kitchen and bath tools. The auto-open canister and ventilated tray mean less mess and no standing water, which matters to me with a young child in the house."
survey_toilet-brush-choice__9wncrAo,persona/datasets/matraix-persona-1m/cohorts/cohort-162f4cf6eb0f/persona_gss-28a0c1260407.yaml,1.0,clorox_under_rim,Clorox Corner Under-Rim,15.5,5,cleaning,4,65-74,,North America,Middle,Man,Retirement,,,Retired,"I'm a widower on a fixed income, so I want something dependable and inexpensive that gets the job done. Clorox is a brand I've trusted for years, the under-rim scrubber helps with the hard-to-reach spots, and the corner caddy keeps it tucked out of the way in my small bathroom."
survey_toilet-brush-choice__A3rypMa,persona/datasets/matraix-persona-1m/cohorts/cohort-162f4cf6eb0f/persona_gss-1a62fb054c4e.yaml,1.0,oxo_hideaway,OXO Hideaway Compact,19.97,4,brand,4,85+,,North America,Lower-middle,Man,Retirement,,,Retired,"I know the OXO name and trust it after many years. The hideaway canister keeps the brush out of sight, which suits my wife's preference for a tidy bathroom, and at just under twenty dollars it is a fair price for something that will last."
survey_toilet-brush-choice__A5mT6j2,persona/datasets/matraix-persona-1m/cohorts/cohort-162f4cf6eb0f/persona_gss-f7ba4cbaf965.yaml,1.0,oxo_hideaway,OXO Hideaway Compact,19.97,4,hygiene,4,35-44,,North America,Middle,Man,,,,Full-time,"I want a brush that stays hidden and tidy in the bathroom, and OXO's hideaway canister opens automatically when lifted while keeping the brush out of sight. OXO is a brand I trust for durable, well-designed household tools, and the ventilated tray helps it dry without pooling water."
survey_toilet-brush-choice__A8JQJuA,persona/datasets/matraix-persona-1m/cohorts/cohort-162f4cf6eb0f/persona_gss-9d253045bffd.yaml,1.0,oxo_hideaway,OXO Hideaway Compact,19.97,4,hygiene,4,25-34,,North America,Lower-middle,Man,,,,Full-time,"I want a brush that hides the dirty head out of sight and dries without pooling water, and OXO's hideaway canister does exactly that while being compact enough for my small bathroom. The $19.97 price is reasonable for a top-rated, well-built set I won't have to replace soon."
survey_toilet-brush-choice__AGuiANU,persona/datasets/matraix-persona-1m/cohorts/cohort-162f4cf6eb0f/persona_gss-fdbf56f6982b.yaml,1.0,oxo_hideaway,OXO Hideaway Compact,19.97,4,hygiene,4,65-74,,North America,Middle,Woman,Retirement,,,Retired,"I'm 72 and widowed, so I want something simple, tidy, and trustworthy — the OXO Hideaway keeps the brush out of sight and the ventilated tray means less mess and odor, which matters to me. It's a well-known brand at a fair price, and the compact size suits my small bathroom."
survey_toilet-brush-choice__AKWHbjZ,persona/datasets/matraix-persona-1m/cohorts/cohort-162f4cf6eb0f/persona_wiki-fda4923baddc.yaml,1.0,oxo_hideaway,OXO Hideaway Compact,19.97,4,hygiene,4,13-17,,North America,Middle,Woman,Student,Suburban,$50k-100k,Student,"I want something that looks clean and minimal in a small bathroom, and the hideaway canister that opens when you lift the brush means I never have to see the dirty brush. OXO is a brand I trust and it's top rated, plus $19.97 is a fair middle price for something that lasts."
survey_toilet-brush-choice__AL4R5Fa,persona/datasets/matraix-persona-1m/cohorts/cohort-162f4cf6eb0f/persona_wiki-177185d5bd89.yaml,1.0,oxo_hideaway,OXO Hideaway Compact,19.97,4,hygiene,4,55-64,Indifferent,North America,High income,Woman,Mid-life,null,null,Self-employed,"I want a clean, minimal look in my bathroom and the hideaway canister means I never have to see the brush between uses, which matters to me for hygiene and tidiness. OXO is a brand I trust, it's the top-rated option here, and at $19.97 the price is reasonable for something I'll use daily for years."
survey_toilet-brush-choice__AUYCRf5,persona/datasets/matraix-persona-1m/cohorts/cohort-162f4cf6eb0f/persona_stackoverflow-5a23629c1e99.yaml,1.0,oxo_hideaway,OXO Hideaway Compact,19.97,4,hygiene,4,65+,,North America,,,,,,Full-time,"I prefer a brush that stays out of sight and dries properly, and the OXO Hideaway's auto-opening canister with a ventilated tray addresses both hygiene and tidiness. OXO is a brand I trust for durable, well-designed household tools, and the compact footprint suits my bathroom. At $19.97 it is a reasonable price for a proven, top-rated product rather than a cheap multi-pack."
survey_toilet-brush-choice__AjXA7X3,persona/datasets/matraix-persona-1m/cohorts/cohort-162f4cf6eb0f/persona_stackoverflow-fe5806f5597f.yaml,1.0,oxo_hideaway,OXO Hideaway Compact,19.97,4,hygiene,5,25-34,,North America,,,Early career,,,Full-time,"I want a compact, clean-looking set that hides the brush entirely when stored, since a visible wet brush in a small bathroom bothers me. OXO's auto-opening ventilated canister addresses the water-pooling and hygiene issue that most cheap holders have, and the brand has a solid track record for this kind of everyday tool. At $19.97 it's a reasonable middle price for something I'll use daily for years."
survey_toilet-brush-choice__AmxBqeL,persona/datasets/matraix-persona-1m/cohorts/cohort-162f4cf6eb0f/persona_wiki-c5609113d82c.yaml,1.0,oxo_hideaway,OXO Hideaway Compact,19.97,4,hygiene,4,65+,,North America,Middle,Man,Retirement,Small town,,Retired,"I have used OXO Good Grips products for years and trust the build quality and ergonomics. The hideaway canister keeps the brush out of sight and the ventilated tray prevents water pooling, which suits my preference for a tidy, low-maintenance bathroom. At $19.97 it is a fair price for a top-rated set from a brand I know."
survey_toilet-brush-choice__AsntoU3,persona/datasets/matraix-persona-1m/cohorts/cohort-162f4cf6eb0f/persona_wiki-2fc801f705fb.yaml,1.0,oxo_hideaway,OXO Hideaway Compact,19.97,4,hygiene,4,65+,Indifferent,North America,Middle,Man,Mid-life,Rural,null,null,"I live alone in a rural home and value order and a tidy bathroom, so a set that hides the brush entirely when stored appeals to me. OXO is a brand I trust, the ventilated tray keeps things from getting sour, and at $19.97 the price is reasonable for something I will use daily for years. The compact footprint suits a modest bathroom, and I prefer a firm bristle brush to silicone gimmicks."
survey_toilet-brush-choice__AtJcMUM,persona/datasets/matraix-persona-1m/cohorts/cohort-162f4cf6eb0f/persona_wiki-aaa8b917d6e4.yaml,1.0,oxo_hideaway,OXO Hideaway Compact,19.97,4,hygiene,4,75-84,Indifferent,North America,Middle,Man,Mid-life,Small town,null,Self-employed,"I want a brush that stays out of sight and keeps the bathroom looking tidy, and the OXO Hideaway's auto-open canister with a ventilated tray addresses the hygiene concern of standing water. OXO is a brand I trust for well-built household tools, and at $19.97 the price is reasonable for a single, durable set that will last."
survey_toilet-brush-choice__AxhA59m,persona/datasets/matraix-persona-1m/cohorts/cohort-162f4cf6eb0f/persona_stackoverflow-7c5dbb34dbb2.yaml,1.0,oxo_hideaway,OXO Hideaway Compact,19.97,5,hygiene,4,25-34,,North America,,,Early career,,,Full-time,"I want a compact, minimal set that keeps the brush hidden when stored and has a ventilated tray so it dries without pooling water. OXO's reputation and the top-rated hideaway design justify the mid-range price over cheaper silicone options."
survey_toilet-brush-choice__AxjokVh,persona/datasets/matraix-persona-1m/cohorts/cohort-162f4cf6eb0f/persona_amazon-ecf800e63fc7.yaml,1.0,oxo_hideaway,OXO Hideaway Compact,19.97,4,hygiene,4,,,North America,,,Parent of young kids,Suburban,,,"With two young kids, our bathroom stays messy and I want something that hides the brush and doesn't pool water. The OXO hideaway canister is top rated, opens automatically, and has a compact footprint that fits our small bathroom without looking gross."
survey_toilet-brush-choice__BBDz3CE,persona/datasets/matraix-persona-1m/cohorts/cohort-162f4cf6eb0f/persona_wiki-a4bd24b38e8d.yaml,1.0,oxo_hideaway,OXO Hideaway Compact,19.97,4,hygiene,4,65+,,North America,,Man,Retirement,,,Retired,"At 67 I've learned that a brand with a track record matters more than saving a few dollars, and OXO's Hideaway has the No.1 Top Rated designation plus a genuinely useful design. The auto-open canister keeps the brush out of sight and the ventilated tray prevents the soggy, smelly pooling that plagues cheap holders. It's compact, hygienic, and well-built — exactly what I want in a bathroom tool I'll use daily for years."
survey_toilet-brush-choice__BN8JH3w,persona/datasets/matraix-persona-1m/cohorts/cohort-162f4cf6eb0f/persona_amazon-3df58632cf42.yaml,1.0,oxo_hideaway,OXO Hideaway Compact,19.97,4,hygiene,4,55-64,,North America,,,,,,,"I've had good luck with OXO products and the hideaway canister design keeps things tidy with no visible brush when stored. It's top rated and the ventilated tray preventing water pooling appeals to me for hygiene, at a reasonable $19.97."
survey_toilet-brush-choice__BNxRvyJ,persona/datasets/matraix-persona-1m/cohorts/cohort-162f4cf6eb0f/persona_stackoverflow-d009a903e306.yaml,1.0,oxo_hideaway,OXO Hideaway Compact,19.97,4,hygiene,4,25-34,,North America,,,Early career,,$200k+,Full-time,"The hideaway canister that opens automatically when you lift the brush is the cleanest design here — no visible dirty brush and no water pooling in the tray, which matters for hygiene. OXO's No.1 Top Rated status and the compact footprint make it a safe, well-reviewed pick at a reasonable $19.97."
survey_toilet-brush-choice__BPJUbst,persona/datasets/matraix-persona-1m/cohorts/cohort-162f4cf6eb0f/persona_wiki-b0894a944d4f.yaml,1.0,oxo_hideaway,OXO Hideaway Compact,19.97,4,hygiene,5,55-64,,North America,Middle,Woman,Mid-life,Small town,,Retired,"The OXO Hideaway is the top-rated option and its auto-opening canister means no visible brush, which suits a tidy guest bathroom. The ventilated tray and compact footprint are practical, and at $19.97 the price is reasonable for a trusted brand."
survey_toilet-brush-choice__BQBCJiH,persona/datasets/matraix-persona-1m/cohorts/cohort-162f4cf6eb0f/persona_wiki-58a7f55a0713.yaml,1.0,jiga_3pack,JIGA 3-Pack,13.99,5,price,5,18-24,Indifferent,North America,Lower-middle,Man,Mid-life,Rural,$25k-50k,Self-employed,"I've got three bathrooms and a house full of teenagers, so getting three brushes for fourteen bucks is a no-brainer. Stiff nylon bristles do the job fine, and I don't need anything fancy — I just need one in every bathroom so nobody's hunting around."
survey_toilet-brush-choice__BQzbMkA,persona/datasets/matraix-persona-1m/cohorts/cohort-162f4cf6eb0f/persona_gss-3f24e8dc61bc.yaml,1.0,oxo_hideaway,OXO Hideaway Compact,19.97,4,hygiene,4,35-44,,North America,Low income,Man,,,,Full-time,"I want something compact and tidy that hides the brush away so my small bathroom stays clean-looking. The OXO is top rated, has a ventilated tray to prevent water pooling, and at $19.97 it's a reasonable mid-range price for good quality."
survey_toilet-brush-choice__BSpVKZG,persona/datasets/matraix-persona-1m/cohorts/cohort-162f4cf6eb0f/persona_gss-cc5d1304ae62.yaml,1.0,oxo_hideaway,OXO Hideaway Compact,19.97,4,hygiene,4,35-44,,North America,Middle,Woman,,,,Homemaker,"I want something that looks tidy in a shared family bathroom, and the hideaway canister that opens automatically means I'm not looking at a wet brush all day. OXO is a brand I recognize and trust, and at just under $20 the price is reasonable for something that will last."
survey_toilet-brush-choice__BYeVcbq,persona/datasets/matraix-persona-1m/cohorts/cohort-162f4cf6eb0f/persona_wiki-58c22d21497c.yaml,1.0,oxo_hideaway,OXO Hideaway Compact,19.97,4,hygiene,4,25-34,,North America,null,Man,Early career,null,null,Retired,"The OXO Hideaway's auto-open canister keeps the brush fully concealed, which matters to me for a clean, minimal look, and the ventilated tray stops water pooling so it stays hygienic. It's the No.1 top-rated option and the compact footprint suits a smaller bathroom."
survey_toilet-brush-choice__BYgw8jc,persona/datasets/matraix-persona-1m/cohorts/cohort-162f4cf6eb0f/persona_gss-419932b7e65c.yaml,1.0,oxo_hideaway,OXO Hideaway Compact,19.97,4,hygiene,4,18-24,,North America,Middle,Man,,,,Full-time,"I want something that keeps the brush out of sight and doesn't leave a puddle in the holder, and the OXO hideaway canister opens automatically and has a ventilated tray. It's a well-known brand at a reasonable mid-range price, and the compact footprint suits a normal bathroom."
survey_toilet-brush-choice__BirHKj8,persona/datasets/matraix-persona-1m/cohorts/cohort-162f4cf6eb0f/persona_stackoverflow-0f82e8887cd5.yaml,1.0,oxo_hideaway,OXO Hideaway Compact,19.97,4,hygiene,4,35-44,,North America,,,,,$200k+,Full-time,"I want a brush that stays out of sight and doesn't look like a toilet brush sitting in the corner — the hideaway canister does exactly that. OXO is a brand I trust for well-designed, durable household tools, and the ventilated tray addresses the hygiene issue that bothers me most about brush holders. At $19.97 it's mid-priced but the design and top-rated reputation justify it."
survey_toilet-brush-choice__BqeKWGY,persona/datasets/matraix-persona-1m/cohorts/cohort-162f4cf6eb0f/persona_stackoverflow-a1451833842a.yaml,1.0,oxo_hideaway,OXO Hideaway Compact,19.97,4,hygiene,4,25-34,,North America,,,Early career,,,Full-time,"I want a brush that stays hidden and looks tidy in a small bathroom, and the auto-open hideaway canister with a ventilated tray is exactly the low-maintenance, hygienic design I prefer. OXO's reputation and the No.1 Top Rated status give me confidence it will hold up, and at $19.97 the price is reasonable for the quality."
survey_toilet-brush-choice__C3jakb5,persona/datasets/matraix-persona-1m/cohorts/cohort-162f4cf6eb0f/persona_wiki-d3da8c7e61ad.yaml,1.0,oxo_hideaway,OXO Hideaway Compact,19.97,4,hygiene,4,65+,Value-driven,North America,Upper-middle,Woman,Mid-life,Dense urban,$100k-200k,Self-employed,"The OXO Hideaway's auto-opening canister keeps the brush entirely out of sight, which suits the clean, minimal look of my bathroom, and the ventilated tray addresses the hygiene and water-pooling problem I care about most. At $19.97 it sits comfortably in the middle of the range, and OXO's reputation for well-designed, durable household tools gives me confidence it will hold up."
survey_toilet-brush-choice__C7EbeB8,persona/datasets/matraix-persona-1m/cohorts/cohort-162f4cf6eb0f/persona_stackoverflow-6c8fc8f745b7.yaml,1.0,oxo_hideaway,OXO Hideaway Compact,19.97,5,hygiene,4,55-64,,North America,,,,,,Full-time,"I want a covered, compact set that hides the brush and dries without pooling water, and the auto-open canister plus ventilated tray addresses both. OXO's design reputation and the 'No.1 Top Rated' signal give me confidence in a durable, well-engineered product at a fair mid-range price."
survey_toilet-brush-choice__CBscRDV,persona/datasets/matraix-persona-1m/cohorts/cohort-162f4cf6eb0f/persona_gss-7e3152e989d0.yaml,1.0,jiga_3pack,JIGA 3-Pack,13.99,5,price,4,35-44,,North America,Lower-middle,Man,,,,Full-time,"With three kids and multiple bathrooms, a 3-pack for $13.99 is the best value here — I get a set for each bathroom without spending much. Stiff nylon bristles and covered caddies cover the basics I need, and the price fits my budget."
survey_toilet-brush-choice__CEvKkMJ,persona/datasets/matraix-persona-1m/cohorts/cohort-162f4cf6eb0f/persona_wiki-18ba389436da.yaml,1.0,oxo_hideaway,OXO Hideaway Compact,19.97,4,hygiene,4,65-74,Value-driven,North America,Upper-middle,Man,Mid-life,Rural,null,Retired,"I've built and run businesses long enough to know that a well-engineered product from a trusted brand usually outlasts the cheapest option on the shelf. The OXO Hideaway's auto-open canister keeps the brush concealed and the ventilated tray stops water pooling in the base, which matters for hygiene in a bathroom I own outright and maintain myself. At $19.97 it's a fair price for a top-rated, compact set that will simply work for years."
survey_toilet-brush-choice__CQRxj9q,persona/datasets/matraix-persona-1m/cohorts/cohort-162f4cf6eb0f/persona_wiki-789264e11e40.yaml,1.0,oxo_hideaway,OXO Hideaway Compact,19.97,4,design,5,,,North America,,Man,,Small town,,Full-time,"I want a set that stays out of sight and looks tidy in a small bathroom, and the OXO Hideaway's auto-opening canister plus ventilated tray addresses hygiene without clutter. OXO's reputation for durable, well-designed tools makes the $19.97 price easy to justify over the cheaper silicone options."
survey_toilet-brush-choice__CSxyRov,persona/datasets/matraix-persona-1m/cohorts/cohort-162f4cf6eb0f/persona_wiki-ffa685c93c88.yaml,1.0,oxo_hideaway,OXO Hideaway Compact,19.97,4,hygiene,4,65+,Value-driven,North America,High income,Woman,Retirement,Small town,null,Self-employed,"I keep a small guest powder room and value a tidy, uncluttered look, so the OXO's hideaway canister that conceals the brush entirely and opens automatically is exactly what I want. OXO is a brand I trust for well-engineered household tools, and the ventilated tray addresses hygiene without any fuss. At $19.97 for a single well-made set, the price is reasonable for something I will use daily for years."
survey_toilet-brush-choice__Cd8Gp8A,persona/datasets/matraix-persona-1m/cohorts/cohort-162f4cf6eb0f/persona_wiki-24684fc1c1e1.yaml,1.0,oxo_hideaway,OXO Hideaway Compact,19.97,5,hygiene,5,65+,Value-driven,North America,High income,Woman,Mid-life,Dense urban,$200k+,Self-employed,"I want a brush that stays out of sight but is genuinely well engineered, and the OXO Hideaway's auto-opening canister and ventilated tray solve the two things I care about most: tidiness and no standing water. OXO has a strong reputation for durable, thoughtfully designed household tools, and at $19.97 the price is more than fair for a product I'll use daily for years."
survey_toilet-brush-choice__Cdqt7Ws,persona/datasets/matraix-persona-1m/cohorts/cohort-162f4cf6eb0f/persona_amazon-c872be7fb934.yaml,1.0,oxo_hideaway,OXO Hideaway Compact,19.97,4,hygiene,5,,,North America,,,,Suburban,,,"I want a clean, minimal look with no visible brush when it's stored, and the OXO hideaway canister does exactly that while keeping the footprint small in a shared bathroom. The auto-open lid and ventilated tray mean less standing water and odor, and OXO's reputation plus the No.1 Top Rated tag gives me confidence it'll hold up. At $19.97 it's a fair middle-ground price for something I'll use daily."
survey_toilet-brush-choice__CgTjkuz,persona/datasets/matraix-persona-1m/cohorts/cohort-162f4cf6eb0f/persona_wiki-068b9ac6add6.yaml,1.0,oxo_hideaway,OXO Hideaway Compact,19.97,4,hygiene,4,65+,Indifferent,North America,High income,Woman,Mid-life,Dense urban,$200k+,Self-employed,"At this stage of life I value a tidy, understated bathroom and a set that disappears discreetly when not in use. The OXO's hideaway canister keeps the brush out of sight, its ventilated tray prevents standing water, and the brand's reputation for durable, well-designed household tools gives me confidence. The compact footprint suits a small guest bath, and at $19.97 the price is reasonable for the quality."
survey_toilet-brush-choice__ChVNpTo,persona/datasets/matraix-persona-1m/cohorts/cohort-162f4cf6eb0f/persona_wiki-0aae55a34312.yaml,1.0,oxo_hideaway,OXO Hideaway Compact,19.97,4,hygiene,4,65+,Value-driven,North America,Upper-middle,Woman,Retirement,Dense urban,$100k-200k,Retired,"I want a brush that stays out of sight and doesn't leave a puddle in the holder, so the OXO Hideaway's auto-opening canister and ventilated tray fit exactly how I like to keep a bathroom. OXO is a brand I trust, it's compact for a small bathroom, and at $19.97 the price is reasonable for something I'll use every week for years."
survey_toilet-brush-choice__Civ2EGD,persona/datasets/matraix-persona-1m/cohorts/cohort-162f4cf6eb0f/persona_wiki-b70a82388ce4.yaml,1.0,oxo_hideaway,OXO Hideaway Compact,19.97,4,hygiene,4,,,North America,,Man,Early career,,,Full-time,"I want a compact, clean-looking set that hides the brush and dries without pooling water, and OXO's build quality and top-rated reputation give me confidence it will last. The auto-open canister keeps things tidy and hygienic without a bulky footprint, and $19.97 is a fair price for that reliability."
survey_toilet-brush-choice__CjDyBLd,persona/datasets/matraix-persona-1m/cohorts/cohort-162f4cf6eb0f/persona_gss-6f7543674114.yaml,1.0,oxo_hideaway,OXO Hideaway Compact,19.97,4,hygiene,4,75-84,,North America,Lower-middle,Man,,,,Full-time,"I'm a widower living on a fixed lower-middle income, so I want something that lasts and keeps things tidy. The OXO hideaway canister hides the brush when stored and has a ventilated tray so water doesn't pool, and the OXO name is one I've trusted for years. The $19.97 price is reasonable for that kind of quality."
survey_toilet-brush-choice__CkFNqoJ,persona/datasets/matraix-persona-1m/cohorts/cohort-162f4cf6eb0f/persona_wiki-bf4e803af4cc.yaml,1.0,oxo_hideaway,OXO Hideaway Compact,19.97,5,hygiene,4,65+,Indifferent,North America,null,Man,Retirement,null,null,Retired,"I want a brush that hides away cleanly when not in use, and the OXO's auto-open canister and ventilated tray keep things tidy and dry in a shared bathroom. As a retired executive who values reliability and durability, OXO's reputation and top-rated status make the modest $19.97 price easy to justify."
survey_toilet-brush-choice__CmtKHxK,persona/datasets/matraix-persona-1m/cohorts/cohort-162f4cf6eb0f/persona_wiki-4a160b192e12.yaml,1.0,oxo_hideaway,OXO Hideaway Compact,19.97,4,hygiene,4,25-34,Value-driven,North America,Lower-middle,Man,Early career,Small town,null,Full-time,"I value order and structure in my space, and the hideaway canister keeps the brush completely out of sight while the ventilated tray prevents water pooling — a real hygiene plus in a small bathroom. OXO's reputation for durable, well-designed tools and its top-rated status give me confidence it'll hold up, and at $19.97 it's a reasonable one-time buy rather than a multi-pack I don't need."
survey_toilet-brush-choice__Cp7xA6a,persona/datasets/matraix-persona-1m/cohorts/cohort-162f4cf6eb0f/persona_wiki-6857b7ed0395.yaml,1.0,oxo_hideaway,OXO Hideaway Compact,19.97,4,hygiene,4,65+,Value-driven,North America,Middle,Woman,Retirement,Small town,null,Retired,"The OXO Hideaway appeals to me because the brush stays completely out of sight in its canister, which suits the orderly, uncluttered bathroom I maintain. OXO is a brand I trust for well-designed household tools, and the ventilated tray that prevents water pooling addresses the hygiene concern that matters most to me at this stage of life. At $19.97 it is a reasonable price for a durable, top-rated set."
survey_toilet-brush-choice__Cr5ay9s,persona/datasets/matraix-persona-1m/cohorts/cohort-162f4cf6eb0f/persona_stackoverflow-551e664b14c5.yaml,1.0,oxo_hideaway,OXO Hideaway Compact,19.97,4,hygiene,4,18-24,,North America,,,Early career,,,Full-time,"I'm detail-oriented and skeptical of gimmicks, so I want a set that's actually well-engineered rather than cheap or over-featured. The OXO Hideaway's auto-open canister and ventilated tray solve the two real problems — dripping water pooling and a brush sitting visibly in the open — and OXO has a track record of durable, thoughtfully designed goods that justifies the mid-range $19.97. The silicone/nub options and 2-3 packs feel like filler I don't need for one bathroom."
survey_toilet-brush-choice__CswfdGT,persona/datasets/matraix-persona-1m/cohorts/cohort-162f4cf6eb0f/persona_wiki-eb933a9c5c00.yaml,1.0,oxo_hideaway,OXO Hideaway Compact,19.97,4,hygiene,4,65+,Indifferent,North America,Upper-middle,Woman,Retirement,Dense urban,null,Retired,"At 65+ with a lifetime of experience in well-designed products, I trust OXO's reputation for thoughtful ergonomics and the hideaway canister that opens automatically when lifted is a genuinely clever, hygienic solution. The ventilated tray prevents the stagnant water pooling that causes odor and bacteria, and the compact footprint suits a dense urban bathroom where space is at a premium."
survey_toilet-brush-choice__CyXGMcS,persona/datasets/matraix-persona-1m/cohorts/cohort-162f4cf6eb0f/persona_wiki-2a4fba8c054b.yaml,1.0,oxo_hideaway,OXO Hideaway Compact,19.97,4,hygiene,4,65+,Value-driven,North America,High income,Man,Retirement,Suburban,$200k+,Self-employed,"I want a clean, uncluttered look in my bathroom, and the OXO Hideaway's auto-opening canister keeps the brush fully out of sight while its ventilated tray prevents standing water. OXO is a brand I trust for durable, well-designed tools, and at $19.97 the price is reasonable for a top-rated product."
survey_toilet-brush-choice__Cz7cubJ,persona/datasets/matraix-persona-1m/cohorts/cohort-162f4cf6eb0f/persona_gss-ba5d435abecf.yaml,1.0,jiga_3pack,JIGA 3-Pack,13.99,4,price,4,55-64,,North America,Low income,Man,,,,,"I have two children and one bathroom, so having spare brushes is practical and the price fits my tight budget. White matches everything and stiff nylon bristles get the job done without fuss."
survey_toilet-brush-choice__D3PsrX6,persona/datasets/matraix-persona-1m/cohorts/cohort-162f4cf6eb0f/persona_wiki-860774a5fef3.yaml,1.0,oxo_hideaway,OXO Hideaway Compact,19.97,4,hygiene,4,,,North America,,Man,Retirement,,,,"I want a clean, uncluttered bathroom and the OXO Hideaway keeps the brush completely out of sight while its ventilated tray prevents the stagnant water and odor that plague open holders. OXO is a brand I trust for durable, well-engineered household tools, and at $19.97 the price is reasonable for a top-rated set that will last."
survey_toilet-brush-choice__D5n7ShD,persona/datasets/matraix-persona-1m/cohorts/cohort-162f4cf6eb0f/persona_gss-043575ca949d.yaml,1.0,oxo_hideaway,OXO Hideaway Compact,19.97,4,hygiene,4,25-34,,North America,Lower-middle,Woman,,,,Full-time,"I want a compact, hygienic set that looks tidy in a small bathroom, and the OXO's hideaway canister keeps the brush out of sight while the ventilated tray prevents water pooling. It's a trusted, top-rated brand at a mid-range price I can justify."
survey_toilet-brush-choice__D6ycsbp,persona/datasets/matraix-persona-1m/cohorts/cohort-162f4cf6eb0f/persona_gss-5fff9753a6f3.yaml,1.0,oxo_hideaway,OXO Hideaway Compact,19.97,4,hygiene,4,55-64,,North America,Lower-middle,Woman,,,,Homemaker,"I want something compact and tidy that hides the brush away so my small bathroom stays looking clean. OXO is a brand I trust, it's top rated, and the ventilated tray keeps things from getting gross, all at a fair price."
survey_toilet-brush-choice__DAPi6Wr,persona/datasets/matraix-persona-1m/cohorts/cohort-162f4cf6eb0f/persona_stackoverflow-0c04819d58e9.yaml,1.0,oxo_hideaway,OXO Hideaway Compact,19.97,4,hygiene,4,25-34,,North America,,,Early career,,,Full-time,"I live in a small apartment with a compact bathroom, so the slim hideaway canister that conceals the brush and has a ventilated tray to prevent water pooling is ideal. OXO's reputation for well-designed, durable everyday tools makes the $19.97 price feel justified over cheaper silicone options I'd have to replace sooner."
survey_toilet-brush-choice__DGX3RFX,persona/datasets/matraix-persona-1m/cohorts/cohort-162f4cf6eb0f/persona_wiki-7e014f321b32.yaml,1.0,oxo_hideaway,OXO Hideaway Compact,19.97,4,hygiene,4,45-54,Premium-seeking,North America,Lower-middle,Man,Mid-life,Small town,null,Self-employed,"I want a set that stays out of sight and doesn't pool water, and the OXO Hideaway's auto-opening canister with a ventilated tray solves both without being fussy. It's a well-regarded brand at a reasonable mid price, and the compact footprint suits a small bathroom."
survey_toilet-brush-choice__DH4r5i2,persona/datasets/matraix-persona-1m/cohorts/cohort-162f4cf6eb0f/persona_wiki-159a2fce3271.yaml,1.0,oxo_hideaway,OXO Hideaway Compact,19.97,4,hygiene,4,65+,,North America,Upper-middle,Man,Mid-life,Small town,null,Self-employed,"The OXO Hideaway is the best fit for a small-town household bathroom: the canister hides the brush entirely when stored, which keeps the room looking tidy, and the ventilated tray stops water pooling in the base — a genuine hygiene benefit. OXO's reputation for durable, well-designed tools and the top-rated status justify the modest $19.97 price over the cheaper silicone sets."
survey_toilet-brush-choice__DHytG9C,persona/datasets/matraix-persona-1m/cohorts/cohort-162f4cf6eb0f/persona_amazon-a56eb2f4abce.yaml,1.0,oxo_hideaway,OXO Hideaway Compact,19.97,4,hygiene,4,,,North America,,,,,,Self-employed,"I'm an analytical researcher shopper, and the OXO Hideaway combines the top-rated build quality and brand trust I look for with a genuinely practical design: the auto-open canister hides the brush and the ventilated tray prevents water pooling, which matters for hygiene. At $19.97 it's a reasonable mid-range price for a durable, compact set that won't look messy in the bathroom."
survey_toilet-brush-choice__DJ8GXyM,persona/datasets/matraix-persona-1m/cohorts/cohort-162f4cf6eb0f/persona_stackoverflow-3e0e3126193a.yaml,1.0,oxo_hideaway,OXO Hideaway Compact,19.97,4,hygiene,4,25-34,,North America,,,,,,Full-time,"I want a hygienic, tidy setup and the OXO Hideaway's auto-opening canister means the brush is fully concealed when stored, which suits a shared bathroom. It's top-rated, has a ventilated tray to prevent water pooling, and the compact footprint fits my space at a reasonable price."
survey_toilet-brush-choice__DK6dYpL,persona/datasets/matraix-persona-1m/cohorts/cohort-162f4cf6eb0f/persona_wiki-cf1745497295.yaml,1.0,oxo_hideaway,OXO Hideaway Compact,19.97,4,design,4,65+,Value-driven,North America,Middle,Woman,Mid-life,Dense urban,$50k-100k,Full-time,"I want a brush that disappears into its canister rather than sitting out as an eyesore, and the auto-open mechanism means no fumbling with a lid. OXO is a brand I trust for durable, well-engineered household tools, and at $19.97 the price is reasonable for a buy-once item I will use daily for years."
survey_toilet-brush-choice__DL58dSt,persona/datasets/matraix-persona-1m/cohorts/cohort-162f4cf6eb0f/persona_stackoverflow-6f4161100fe1.yaml,1.0,oxo_hideaway,OXO Hideaway Compact,19.97,4,hygiene,4,55-64,,North America,,,,,,Full-time,"I want a brush that stays out of sight and dries properly, and OXO's hideaway canister opens automatically while the ventilated tray keeps water from pooling. The brand has a solid reputation for durable, well-designed household tools, and at $19.97 it's a reasonable price for something I'll use daily for years."
survey_toilet-brush-choice__DPErfqX,persona/datasets/matraix-persona-1m/cohorts/cohort-162f4cf6eb0f/persona_gss-7cfe1fe8af3c.yaml,1.0,clorox_under_rim,Clorox Corner Under-Rim,15.5,4,cleaning,4,25-34,,North America,Lower-middle,Woman,,,,Unemployed,"With two kids and a tight budget, I want something effective and affordable that I can trust. The Clorox under-rim scrubber actually cleans the hard-to-reach spots, the corner caddy saves space in our small bathroom, and $15.50 is a fair price for a brand I know."
survey_toilet-brush-choice__DQU5tFt,persona/datasets/matraix-persona-1m/cohorts/cohort-162f4cf6eb0f/persona_gss-e80b67e9b363.yaml,1.0,clorox_under_rim,Clorox Corner Under-Rim,15.5,4,cleaning,4,55-64,,North America,Middle,Man,Retirement,,,Retired,"I want a brush that actually gets under the rim where the stains hide, and the dedicated under-rim scrubber on this one does that. The Clorox name is one I've trusted for cleaning products for years, and at $15.50 the price is reasonable for something that will last."
survey_toilet-brush-choice__DQXYVej,persona/datasets/matraix-persona-1m/cohorts/cohort-162f4cf6eb0f/persona_gss-263bc49ab640.yaml,1.0,oxo_hideaway,OXO Hideaway Compact,19.97,4,hygiene,4,65-74,,North America,Low income,Woman,Retirement,,,Retired,"I'm on a fixed retirement income and live alone now, so I want something simple, tidy, and reliable. The OXO Hideaway is top rated, the brush stays hidden in the canister so it looks clean in my small bathroom, and the ventilated tray keeps it from sitting in dirty water. At $19.97 it's a fair middle price I can manage."
survey_toilet-brush-choice__DQzgSav,persona/datasets/matraix-persona-1m/cohorts/cohort-162f4cf6eb0f/persona_gss-177cf694d7ab.yaml,1.0,clorox_under_rim,Clorox Corner Under-Rim,15.5,5,cleaning,4,45-54,,North America,Lower-middle,Woman,,,,Homemaker,"The Clorox set is a trusted brand name I recognize, and the under-rim scrubber plus antibacterial bristles help me keep the bathroom truly clean for my family. The corner caddy saves space in our small bathroom, and at $15.50 the price fits our household budget."
survey_toilet-brush-choice__DZ6nZmo,persona/datasets/matraix-persona-1m/cohorts/cohort-162f4cf6eb0f/persona_wiki-7c7fc892efd5.yaml,1.0,oxo_hideaway,OXO Hideaway Compact,19.97,4,hygiene,4,65+,,North America,null,Man,Retirement,null,null,null,"I'm a practical guy who's owned enough tools to know that a hideaway canister that opens automatically and drains properly beats flashy finishes every time. OXO is top rated, the footprint is small for my bathroom, and at $19.97 it's a fair price for something I'll use daily for years."
survey_toilet-brush-choice__DayThAh,persona/datasets/matraix-persona-1m/cohorts/cohort-162f4cf6eb0f/persona_wiki-f8c66d009f43.yaml,1.0,oxo_hideaway,OXO Hideaway Compact,19.97,4,hygiene,4,65+,Value-driven,North America,High income,Man,Mid-life,Rural,,Self-employed,"I want a brush that stays out of sight and doesn't pool dirty water, and OXO's auto-open hideaway canister with a ventilated tray does exactly that. The brand has a solid reputation for durable, well-designed household tools, and the compact footprint suits a tidy bathroom."
survey_toilet-brush-choice__Dc8Mhi3,persona/datasets/matraix-persona-1m/cohorts/cohort-162f4cf6eb0f/persona_gss-4253f8aa6bf0.yaml,1.0,oxo_hideaway,OXO Hideaway Compact,19.97,4,hygiene,4,55-64,,North America,Middle,Woman,,,,Full-time,"I want something simple and hygienic that doesn't show a messy brush, and the OXO Hideaway's auto-opening ventilated canister keeps things tidy while preventing water from pooling. At under $20 it's reasonably priced for a brand I trust, and the compact footprint suits my bathroom."
survey_toilet-brush-choice__DggWL47,persona/datasets/matraix-persona-1m/cohorts/cohort-162f4cf6eb0f/persona_stackoverflow-beb31f52e867.yaml,1.0,oxo_hideaway,OXO Hideaway Compact,19.97,4,hygiene,4,35-44,,North America,High income,,,,,Full-time,"I want a compact, hygienic set that keeps the brush out of sight and lets the tray dry properly, and OXO's design reputation plus the automatic hideaway canister fits that need. At $19.97 it's a reasonable price for something I'll use daily for years."
survey_toilet-brush-choice__Dp4T8sX,persona/datasets/matraix-persona-1m/cohorts/cohort-162f4cf6eb0f/persona_wiki-327765e84501.yaml,1.0,oxo_hideaway,OXO Hideaway Compact,19.97,4,hygiene,4,65+,,North America,High income,Man,Mid-life,Small town,$200k+,Retired,"I value order and structure in a household, and the OXO Hideaway's automatic-opening canister keeps the brush completely out of sight while its ventilated tray prevents standing water — a genuine hygiene advantage. OXO is a brand I trust for durable, well-engineered goods, and at $19.97 the price is reasonable for a top-rated product that will last."
survey_toilet-brush-choice__Dt5eQsP,persona/datasets/matraix-persona-1m/cohorts/cohort-162f4cf6eb0f/persona_gss-b42b577f82d1.yaml,1.0,clorox_under_rim,Clorox Corner Under-Rim,15.5,4,cleaning,4,,,North America,Low income,,,,,Part-time,"The Clorox set is a practical, familiar brand at a fair price, and the under-rim scrubber plus corner caddy make it genuinely useful for cleaning hard-to-reach spots. It's simple, functional, and doesn't cost more than it needs to."
survey_toilet-brush-choice__DtaD9ec,persona/datasets/matraix-persona-1m/cohorts/cohort-162f4cf6eb0f/persona_gss-49934fa22dbb.yaml,1.0,clorox_under_rim,Clorox Corner Under-Rim,15.5,5,cleaning,4,65-74,,North America,Lower-middle,Man,Retirement,,,Retired,"I'm retired and watch my spending, so the $15.50 price is right in my range. The Clorox name is one I've trusted for cleaning products for decades, and the corner caddy plus under-rim scrubber means it actually gets the job done without taking up much space."
survey_toilet-brush-choice__DvfExGH,persona/datasets/matraix-persona-1m/cohorts/cohort-162f4cf6eb0f/persona_amazon-95d27ea6c924.yaml,1.0,sellemer_silicone,Sellemer Silicone,12.99,5,hygiene,4,,Value-driven,North America,,,,,,,"I want something that actually dries fast and doesn't turn into a gross soggy bristle mess, so the ventilated quick-dry silicone head sold me. At $12.99 it's cheap enough to try without feeling like I got played by fancy packaging, and the flexible flat head should get under the rim."
survey_toilet-brush-choice__DwHgfXa,persona/datasets/matraix-persona-1m/cohorts/cohort-162f4cf6eb0f/persona_gss-ab9293261655.yaml,1.0,jiga_3pack,JIGA 3-Pack,13.99,5,price,4,35-44,,North America,Lower-middle,Man,,,,Unemployed,"Money's tight right now, so getting three complete brush sets for about the price of one is the practical pick. I can put one in each bathroom and keep a spare, and stiff nylon bristles are what I'm used to for scrubbing."
survey_toilet-brush-choice__E8RSAqA,persona/datasets/matraix-persona-1m/cohorts/cohort-162f4cf6eb0f/persona_gss-46bc09f84ef1.yaml,1.0,oxo_hideaway,OXO Hideaway Compact,19.97,4,hygiene,4,25-34,,North America,Middle,Woman,,,,Full-time,"I want a clean, minimal look in my bathroom and the hideaway canister keeps the brush out of sight, which matters to me for hygiene and tidiness. OXO is a brand I trust for everyday household tools, and at $19.97 the price is reasonable for something well-rated that will last."
survey_toilet-brush-choice__E8WU2xb,persona/datasets/matraix-persona-1m/cohorts/cohort-162f4cf6eb0f/persona_amazon-fa4bcff7e632.yaml,1.0,oxo_hideaway,OXO Hideaway Compact,19.97,4,hygiene,4,,,North America,,,,,,,"I want something that looks tidy and doesn't show a dripping brush sitting in water. The OXO's auto-open canister and ventilated tray solve the hygiene and looks problem in one go, and the compact footprint suits my bathroom. The brand's reputation and the top-rated status make the $19.97 feel like a fair, no-regret buy."
survey_toilet-brush-choice__EAtbX5C,persona/datasets/matraix-persona-1m/cohorts/cohort-162f4cf6eb0f/persona_wiki-a2b7061223fd.yaml,1.0,oxo_hideaway,OXO Hideaway Compact,19.97,4,hygiene,4,65+,,North America,Middle,Man,Mid-life,Small town,null,Full-time,"I have owned OXO tools for years and the brand has never let me down, so the No.1 Top Rated Hideaway set gives me confidence in the build quality. The auto-open canister keeps the brush out of sight and the ventilated tray prevents water pooling, which suits a small bathroom and my preference for tidy, hygienic storage. At $19.97 the price is reasonable for something I will use daily for years."
survey_toilet-brush-choice__EGMZGpM,persona/datasets/matraix-persona-1m/cohorts/cohort-162f4cf6eb0f/persona_stackoverflow-47c3522f018e.yaml,1.0,oxo_hideaway,OXO Hideaway Compact,19.97,4,hygiene,4,25-34,,North America,,,Early career,,,Full-time,"I want a clean, minimal look with no visible brush when it's stored, and the auto-open canister plus ventilated tray addresses the hygiene concerns I care about most. OXO has a solid reputation for well-designed household tools, and at $19.97 it's a reasonable price for a single high-quality set rather than a bulk pack I don't need."
survey_toilet-brush-choice__EHeQXiM,persona/datasets/matraix-persona-1m/cohorts/cohort-162f4cf6eb0f/persona_gss-70e0cebfca4a.yaml,1.0,jiga_3pack,JIGA 3-Pack,13.99,5,price,4,25-34,,North America,Low income,Woman,,,,Part-time,"I'm on a tight budget and this 3-pack gives me a brush for each bathroom plus a spare, all for $13.99. The stiff nylon bristles and covered caddy do the job without any fancy extras I don't need."
survey_toilet-brush-choice__EKxzVDG,persona/datasets/matraix-persona-1m/cohorts/cohort-162f4cf6eb0f/persona_wiki-4ceb8a6d26b6.yaml,1.0,oxo_hideaway,OXO Hideaway Compact,19.97,4,hygiene,4,65+,,North America,null,Woman,Mid-life,null,null,null,"I want a clean, uncluttered bathroom, and the OXO Hideaway's canister conceals the brush entirely with an auto-open lid that keeps things hygienic. At $19.97 it's a fair mid-range price from a brand I trust, and the compact footprint suits my space."
survey_toilet-brush-choice__EMgofZC,persona/datasets/matraix-persona-1m/cohorts/cohort-162f4cf6eb0f/persona_stackoverflow-03b2cc5562b3.yaml,1.0,oxo_hideaway,OXO Hideaway Compact,19.97,4,hygiene,4,25-34,,North America,,,Early career,,,Full-time,"I want a clean, minimal look and the hideaway canister that keeps the brush out of sight while letting it drain properly fits my small bathroom. OXO's build quality and the top-rated reputation justify the mid-range price over the cheaper silicone options."
survey_toilet-brush-choice__EQ8iW3J,persona/datasets/matraix-persona-1m/cohorts/cohort-162f4cf6eb0f/persona_gss-eb841f8c549c.yaml,1.0,jiga_3pack,JIGA 3-Pack,13.99,5,price,4,25-34,,North America,Middle,Woman,,,,Homemaker,"With three kids and multiple bathrooms to keep clean, a three-pack of brushes at $13.99 gives me the best value and I can put one in each bathroom. The stiff nylon bristles and covered caddy storage are practical for everyday family use, and I don't need to fuss over fancy features when I'm buying in bulk for a busy household."
survey_toilet-brush-choice__EUAUW4H,persona/datasets/matraix-persona-1m/cohorts/cohort-162f4cf6eb0f/persona_wiki-9d8daf03af6c.yaml,1.0,oxo_hideaway,OXO Hideaway Compact,19.97,4,hygiene,4,65+,Indifferent,North America,Middle,Woman,Mid-life,Small town,$50k-100k,Self-employed,"I've learned the hard way that a brush sitting in a puddle of water in an open caddy gets grimy fast, so the hideaway canister with a ventilated tray appeals to me. OXO is a brand I trust for well-designed, durable household tools, and at $19.97 the price is reasonable for something I'll use for years. The compact footprint also suits my small bathroom."
survey_toilet-brush-choice__EVSVLq5,persona/datasets/matraix-persona-1m/cohorts/cohort-162f4cf6eb0f/persona_wiki-48657cbff807.yaml,1.0,oxo_hideaway,OXO Hideaway Compact,19.97,4,design,4,65+,Indifferent,North America,High income,Woman,Retirement,Suburban,,Full-time,"I have a longstanding preference for OXO's Good Grips line — the design is thoughtful and the ergonomics are genuinely considered rather than merely decorative. The hideaway canister that opens automatically and the ventilated tray address the two things I actually care about: a clean, uncluttered bathroom and no standing water breeding bacteria. At $19.97 it is reasonably priced for a well-designed object that will last."
survey_toilet-brush-choice__EotkXgj,persona/datasets/matraix-persona-1m/cohorts/cohort-162f4cf6eb0f/persona_stackoverflow-b4b7e3b6c852.yaml,1.0,oxo_hideaway,OXO Hideaway Compact,19.97,4,hygiene,4,35-44,,North America,,,,,,Full-time,"I value a clean, minimal look and the hideaway canister keeps the brush out of sight while its ventilated tray prevents water pooling and bacterial growth, which matters for hygiene. OXO's reputation for solid build quality and the compact footprint suit my bathroom, and at $19.97 the price is reasonable for that reliability."
survey_toilet-brush-choice__EozUDe9,persona/datasets/matraix-persona-1m/cohorts/cohort-162f4cf6eb0f/persona_wiki-519564a6b5e3.yaml,1.0,oxo_hideaway,OXO Hideaway Compact,19.97,4,hygiene,4,55-64,,North America,Upper-middle,Man,Retirement,Suburban,null,Retired,"I want a compact, clean-looking set that hides the brush away and dries without pooling water, and OXO is a brand I trust for practical household goods. The $19.97 price is reasonable for something that will sit out in my bathroom for years, and the top-rated reputation gives me confidence it will hold up."
survey_toilet-brush-choice__ErXz8KP,persona/datasets/matraix-persona-1m/cohorts/cohort-162f4cf6eb0f/persona_wiki-98d18ef3ef0a.yaml,1.0,oxo_hideaway,OXO Hideaway Compact,19.97,4,hygiene,3,,Indifferent,North America,Upper-middle,Man,Mid-life,Suburban,,Self-employed,"The OXO Hideaway is the one set here that solves the actual problem of a toilet brush: you never have to look at it. The canister opens automatically when you lift the brush, the ventilated tray keeps water from pooling and breeding bacteria, and the compact footprint suits a suburban bathroom where floor space near the toilet is tight. At $19.97 it is mid-priced but the OXO name and its top-rated status give me confidence the mechanism will still work in five years, unlike the cheap silicone nub brushes that splay out and hold grime."
survey_toilet-brush-choice__EtyC9oP,persona/datasets/matraix-persona-1m/cohorts/cohort-162f4cf6eb0f/persona_stackoverflow-1112d94d0a6f.yaml,1.0,oxo_hideaway,OXO Hideaway Compact,19.97,4,hygiene,4,25-34,,North America,,,Early career,,,Full-time,"I want a brush that stays concealed and doesn't drip water on the floor, and the OXO Hideaway's auto-opening ventilated canister solves both without silicone gimmicks. It's a well-known brand with a top-rated track record, and at $19.97 for a single set the price is reasonable for something I'll use daily."
survey_toilet-brush-choice__EwrBgwZ,persona/datasets/matraix-persona-1m/cohorts/cohort-162f4cf6eb0f/persona_gss-f5e609e1a915.yaml,1.0,clorox_under_rim,Clorox Corner Under-Rim,15.5,4,cleaning,4,25-34,,North America,Lower-middle,Man,,,,,"I want something that actually cleans well without spending much, and the dedicated under-rim scrubber plus corner caddy storage is practical for my small bathroom. Clorox is a brand I recognize, and at $15.50 it fits my budget."
survey_toilet-brush-choice__EyvvcPU,persona/datasets/matraix-persona-1m/cohorts/cohort-162f4cf6eb0f/persona_stackoverflow-30ef237fabbf.yaml,1.0,oxo_hideaway,OXO Hideaway Compact,19.97,4,hygiene,4,35-44,,North America,,,,,,Full-time,"I want a compact, tidy set that hides the brush and doesn't pool water — the OXO Hideaway's auto-open canister and ventilated tray solve both, and OXO is a brand I trust for basic household goods. At $19.97 it's a reasonable one-time buy for something I'll use daily for years."
survey_toilet-brush-choice__F4waci4,persona/datasets/matraix-persona-1m/cohorts/cohort-162f4cf6eb0f/persona_gss-d623eb3b84c4.yaml,1.0,oxo_hideaway,OXO Hideaway Compact,19.97,4,hygiene,4,25-34,,North America,Lower-middle,Man,,,,Part-time,"The OXO Hideaway is top-rated and its auto-open canister keeps the brush hidden, which matters in a small bathroom where I don't want a dirty brush on display. At $19.97 it's a reasonable mid-range price for a brand I trust to hold up."
survey_toilet-brush-choice__F6ucbLY,persona/datasets/matraix-persona-1m/cohorts/cohort-162f4cf6eb0f/persona_wiki-45e49be266dd.yaml,1.0,oxo_hideaway,OXO Hideaway Compact,19.97,4,hygiene,4,65+,Indifferent,North America,Upper-middle,Man,Retirement,Suburban,$100k-200k,Retired,"I want a hygienic, well-designed set that keeps the brush out of sight and lets it dry properly rather than sitting in standing water. The OXO's auto-opening canister and ventilated tray address that directly, and the top-rated reputation plus a reasonable $19.97 price make it the most sensible single purchase for my one bathroom."
survey_toilet-brush-choice__F8x92FS,persona/datasets/matraix-persona-1m/cohorts/cohort-162f4cf6eb0f/persona_wiki-bff5e0d490f8.yaml,1.0,oxo_hideaway,OXO Hideaway Compact,19.97,5,hygiene,5,25-34,,North America,null,Man,Early career,null,null,Unemployed,"I want a compact, clean-looking set that hides the brush and dries properly, and OXO's hideaway canister with a ventilated tray does exactly that. It's top rated, reasonably priced at $19.97, and the brand's build quality gives me confidence it'll last through regular deep cleaning."
survey_toilet-brush-choice__FE5FcLy,persona/datasets/matraix-persona-1m/cohorts/cohort-162f4cf6eb0f/persona_wiki-584e9891e6e2.yaml,1.0,oxo_hideaway,OXO Hideaway Compact,19.97,4,hygiene,4,75+,Value-driven,North America,High income,Woman,Retirement,Dense urban,null,Self-employed,"I want a clean, minimal look in a small bathroom, and the hideaway canister keeps the brush out of sight while staying easy to grab. The ventilated tray and OXO's reputation for well-made, functional tools justify the modest price."
survey_toilet-brush-choice__FJSePZU,persona/datasets/matraix-persona-1m/cohorts/cohort-162f4cf6eb0f/persona_stackoverflow-98bfb8f464eb.yaml,1.0,oxo_hideaway,OXO Hideaway Compact,19.97,4,hygiene,4,55-64,,North America,,,,,,Self-employed,"The OXO Hideaway's auto-open canister keeps the brush fully concealed when stored, which suits a clean minimal bathroom, and the ventilated tray prevents the standing-water smell that plagues cheap holders. At $19.97 it's a reasonable mid-price for a top-rated set with firm nylon bristles that actually scrub, and OXO's design track record gives me confidence it will hold up."
survey_toilet-brush-choice__FK7zKzk,persona/datasets/matraix-persona-1m/cohorts/cohort-162f4cf6eb0f/persona_stackoverflow-09a0c1964fa0.yaml,1.0,oxo_hideaway,OXO Hideaway Compact,19.97,4,hygiene,4,45-54,,North America,,,Mid-life,,,Full-time,"With two young kids in the house, I want a brush that stores cleanly and dries fast without looking like a mess, and OXO's hideaway canister opens automatically while the ventilated tray prevents water pooling. It's from a brand I trust for durable everyday tools, and the compact footprint suits a small bathroom."
survey_toilet-brush-choice__FMjLJUp,persona/datasets/matraix-persona-1m/cohorts/cohort-162f4cf6eb0f/persona_wiki-6e4121a45066.yaml,1.0,oxo_hideaway,OXO Hideaway Compact,19.97,5,hygiene,5,65+,Premium-seeking,North America,High income,Woman,Retirement,Rural,$200k+,Self-employed,"I want a brush that stays out of sight and dries properly rather than sitting in standing water, and the OXO hideaway canister does exactly that while taking up almost no floor space. OXO is a brand I trust for well-engineered household tools, and at $19.97 the price is trivial for something used daily. The auto-open lid means no fumbling, and the ventilated tray addresses the hygiene concern that matters most to me."
survey_toilet-brush-choice__FNTYEgE,persona/datasets/matraix-persona-1m/cohorts/cohort-162f4cf6eb0f/persona_wiki-3a68812659e2.yaml,1.0,oxo_hideaway,OXO Hideaway Compact,19.97,5,hygiene,4,65+,Premium-seeking,North America,High income,Man,Mid-life,Rural,$200k+,Self-employed,"I want a clean, uncluttered look in the guest bath and I have no patience for fiddly gadgets or brushes left sitting out. The OXO Hideaway's auto-opening canister conceals the brush entirely, its ventilated tray keeps water from pooling, and the brand has a long track record of durable goods — worth the extra few dollars over the no-name silicone sets."
survey_toilet-brush-choice__FS2rWrB,persona/datasets/matraix-persona-1m/cohorts/cohort-162f4cf6eb0f/persona_gss-b85d3941e089.yaml,1.0,oxo_hideaway,OXO Hideaway Compact,19.97,4,hygiene,4,75-84,,North America,Lower-middle,Woman,Retirement,,,Retired,"I want a brush that stays out of sight and doesn't leave a puddle in the holder, and OXO is a brand I've trusted for years. The hideaway canister that opens when you lift the brush and the ventilated tray sound practical and tidy for my small bathroom."
survey_toilet-brush-choice__FUPr7kb,persona/datasets/matraix-persona-1m/cohorts/cohort-162f4cf6eb0f/persona_stackoverflow-7d45c6952ab3.yaml,1.0,oxo_hideaway,OXO Hideaway Compact,19.97,4,hygiene,4,25-34,,North America,,,,,,Full-time,"I prefer reading specs and reviews over flashy features, and the OXO Hideaway's auto-open canister and ventilated tray directly address the hygiene and water-pooling problems I care about. It's compact for a small bathroom, and OXO is a brand with a solid reputation for functional design. At $19.97 it's a reasonable middle price for something I'll use daily."
survey_toilet-brush-choice__FVxGMPc,persona/datasets/matraix-persona-1m/cohorts/cohort-162f4cf6eb0f/persona_gss-290cfa024e50.yaml,1.0,oxo_hideaway,OXO Hideaway Compact,19.97,4,hygiene,4,35-44,,North America,Middle,Woman,,,,Full-time,"I want something that looks tidy and hides the brush away, and OXO is a brand I trust for kitchen and bath tools. The auto-open canister and ventilated tray also mean less standing water and mess, which matters with two kids in the house."
survey_toilet-brush-choice__FWDY8ix,persona/datasets/matraix-persona-1m/cohorts/cohort-162f4cf6eb0f/persona_wiki-2b86fdf42ccc.yaml,1.0,oxo_hideaway,OXO Hideaway Compact,19.97,4,hygiene,4,65+,Indifferent,North America,Middle,Woman,Retirement,Small town,,Full-time,"I am 65+ and appreciate a brush that keeps the bathroom looking tidy — the OXO canister hides the brush entirely and opens automatically when lifted, which is easy on the hands and joints. It is a top-rated, well-known brand with a ventilated tray that prevents water pooling, and at $19.97 it is a reasonable, sensible price for something that will last and look clean in a small bathroom."
survey_toilet-brush-choice__FcV49dU,persona/datasets/matraix-persona-1m/cohorts/cohort-162f4cf6eb0f/persona_gss-779e59bab1aa.yaml,1.0,clorox_under_rim,Clorox Corner Under-Rim,15.5,5,cleaning,4,55-64,,North America,Middle,Woman,,,,Unemployed,"I want a brush that actually gets under the rim where stains hide, and the dedicated under-rim scrubber plus antibacterial bristles gives me confidence it cleans properly. Clorox is a brand I trust, it's a reasonable price, and the corner caddy keeps it tidy in my bathroom."
survey_toilet-brush-choice__FhBJYda,persona/datasets/matraix-persona-1m/cohorts/cohort-162f4cf6eb0f/persona_stackoverflow-d360f46ac5a4.yaml,1.0,oxo_hideaway,OXO Hideaway Compact,19.97,4,hygiene,4,45-54,,North America,,,Mid-life,,,Full-time,"I prioritize hygiene and a tidy, uncluttered bathroom, so the OXO Hideaway's auto-opening canister and ventilated tray that prevents water pooling are exactly what I want. It's a trusted brand with a strong reliability record, and the compact footprint suits my practical, stability-seeking approach at a reasonable price."
survey_toilet-brush-choice__Fnkqrav,persona/datasets/matraix-persona-1m/cohorts/cohort-162f4cf6eb0f/persona_gss-60cc201875c9.yaml,1.0,clorox_under_rim,Clorox Corner Under-Rim,15.5,4,cleaning,4,45-54,,North America,Low income,Woman,,,,Part-time,"I need something practical that actually cleans under the rim, and the Clorox set has a dedicated scrubber for that plus a corner caddy that saves space in my small bathroom. At $15.50 it's affordable, and Clorox is a brand I trust for bathroom cleaning."
survey_toilet-brush-choice__FqLdSYv,persona/datasets/matraix-persona-1m/cohorts/cohort-162f4cf6eb0f/persona_wiki-02b972858e04.yaml,1.0,oxo_hideaway,OXO Hideaway Compact,19.97,4,hygiene,5,65+,,North America,,Woman,Retirement,,,Retired,"I value reliability and a clean, uncluttered look in my bathroom, and OXO is a brand I trust for well-designed everyday tools. The hideaway canister keeps the brush out of sight and the ventilated tray prevents water pooling, which matters for hygiene and easy upkeep."
survey_toilet-brush-choice__FqUj3Ry,persona/datasets/matraix-persona-1m/cohorts/cohort-162f4cf6eb0f/persona_stackoverflow-61d2c7533689.yaml,1.0,oxo_hideaway,OXO Hideaway Compact,19.97,4,hygiene,4,25-34,,North America,,,,,,Full-time,"The OXO Hideaway's auto-open canister keeps the brush fully hidden when stored, which is the cleanest look and best for hygiene in a small bathroom. OXO is a brand I trust for functional design, and at $19.97 the price is reasonable for the quality."
survey_toilet-brush-choice__FybZoTb,persona/datasets/matraix-persona-1m/cohorts/cohort-162f4cf6eb0f/persona_stackoverflow-be1a1ee550ee.yaml,1.0,oxo_hideaway,OXO Hideaway Compact,19.97,4,hygiene,4,18-24,,North America,,,Student,,,Student,"I want a set that stays hygienic and looks clean, and the OXO Hideaway's auto-opening canister hides the brush and has a ventilated tray so water doesn't pool and breed bacteria. It's from a brand I trust, has a small footprint for a shared bathroom, and at ~$20 it's reasonable for the build quality."
survey_toilet-brush-choice__G4G3Gp3,persona/datasets/matraix-persona-1m/cohorts/cohort-162f4cf6eb0f/persona_gss-9ed219d8751b.yaml,1.0,clorox_under_rim,Clorox Corner Under-Rim,15.5,4,cleaning,4,85+,,North America,Lower-middle,Man,Retirement,,,Retired,"I want a brush that actually gets under the rim and the Clorox name is one I trust from years of buying cleaning supplies. The corner caddy keeps it tucked out of the way, and at $15.50 it's a fair price for something with an antimicrobial bristle head."
survey_toilet-brush-choice__G57RJzW,persona/datasets/matraix-persona-1m/cohorts/cohort-162f4cf6eb0f/persona_stackoverflow-4f27dac33e58.yaml,1.0,oxo_hideaway,OXO Hideaway Compact,19.97,4,hygiene,4,25-34,,North America,,,Early career,,,Full-time,"As a detail-oriented engineer with a low risk tolerance, I want a set with a proven reliability track record and a design that solves real hygiene problems — the OXO's automatic hideaway canister and ventilated tray prevent standing water and mildew, which matters more to me than saving a few dollars. The compact footprint fits a small bathroom, and the No.1 Top Rated status plus a trusted brand gives me the verification I need before buying."
survey_toilet-brush-choice__GDmCKRq,persona/datasets/matraix-persona-1m/cohorts/cohort-162f4cf6eb0f/persona_wiki-e336f58538bf.yaml,1.0,oxo_hideaway,OXO Hideaway Compact,19.97,4,hygiene,4,45-54,Value-driven,North America,Upper-middle,Man,Mid-life,Suburban,$100k-200k,Self-employed,"I've had cheap plastic brushes that look like a mess sitting next to the toilet, and the hideaway canister solves that — it stays closed and tidy, then opens when you lift the brush. OXO's grip design and the ventilated tray mean it actually dries out instead of sitting in a puddle of gunk, and at under twenty bucks the price is fair for something I'll use every week."
survey_toilet-brush-choice__GJaANYa,persona/datasets/matraix-persona-1m/cohorts/cohort-162f4cf6eb0f/persona_gss-cd1363c32813.yaml,1.0,oxo_hideaway,OXO Hideaway Compact,19.97,4,hygiene,4,18-24,,North America,Middle,Man,,,,Full-time,"I want something that looks tidy and doesn't show a dirty brush sitting out, and the OXO hideaway canister does exactly that while being top rated. At $19.97 it's a reasonable middle price for a brand I recognize and trust."
survey_toilet-brush-choice__GMVmTq3,persona/datasets/matraix-persona-1m/cohorts/cohort-162f4cf6eb0f/persona_stackoverflow-c1b02d14f59a.yaml,1.0,oxo_hideaway,OXO Hideaway Compact,19.97,4,hygiene,4,25-34,,North America,,,,,,Full-time,"I want a compact, clean look that hides the brush entirely when stored, and the auto-open canister with a ventilated tray addresses the pooling-water hygiene issue that bothers me most. OXO's build quality and top-rated track record make the ~$20 price easy to justify over cheaper silicone sets I'd have to replace sooner."
survey_toilet-brush-choice__GQc3SiF,persona/datasets/matraix-persona-1m/cohorts/cohort-162f4cf6eb0f/persona_stackoverflow-734694dd0bd7.yaml,1.0,oxo_hideaway,OXO Hideaway Compact,19.97,4,hygiene,4,25-34,,North America,,,,,,Full-time,"I want a compact, hygienic set that looks clean and hides the brush when stored, and OXO's auto-open canister with a ventilated tray solves the water-pooling problem other holders have. At $19.97 it's reasonably priced for a well-reviewed, top-rated product from a brand I trust, and the slim footprint suits a small bathroom."
survey_toilet-brush-choice__GSawSUi,persona/datasets/matraix-persona-1m/cohorts/cohort-162f4cf6eb0f/persona_wiki-98e2ee85e0dc.yaml,1.0,oxo_hideaway,OXO Hideaway Compact,19.97,5,hygiene,4,65+,Value-driven,North America,High income,Man,Retirement,Suburban,$200k+,Retired,"I favor the OXO Hideaway because the automatic-opening canister keeps the brush fully concealed, which suits the clean, uncluttered look I want in a bathroom. The ventilated tray that prevents water pooling addresses hygiene directly, and OXO's reputation for well-engineered, durable goods justifies the modest price."
survey_toilet-brush-choice__GUhUkdp,persona/datasets/matraix-persona-1m/cohorts/cohort-162f4cf6eb0f/persona_gss-1a687043e61f.yaml,1.0,oxo_hideaway,OXO Hideaway Compact,19.97,4,hygiene,4,35-44,,North America,Middle,Woman,,,,Full-time,"I want something that hides the brush away and doesn't look messy in the bathroom, and OXO is a brand I trust for household goods. The auto-open canister and ventilated tray mean less standing water and gunk, which matters to me more than saving a few dollars."
survey_toilet-brush-choice__GVLrJVs,persona/datasets/matraix-persona-1m/cohorts/cohort-162f4cf6eb0f/persona_gss-f0d13dac7396.yaml,1.0,clorox_under_rim,Clorox Corner Under-Rim,15.5,4,cleaning,4,45-54,,North America,Lower-middle,Woman,,,,Full-time,"I want something that actually cleans well and the under-rim scrubber plus antibacterial bristles give me confidence it will do the job. The corner caddy design saves space, and at $15.50 the price is reasonable for a brand I recognize."
survey_toilet-brush-choice__GdTDHVE,persona/datasets/matraix-persona-1m/cohorts/cohort-162f4cf6eb0f/persona_gss-3025e1a9cf13.yaml,1.0,oxo_hideaway,OXO Hideaway Compact,19.97,4,hygiene,4,55-64,,North America,Middle,Woman,,,,Full-time,"I want a brush that keeps the bathroom looking tidy, and the OXO Hideaway hides the brush inside a compact canister that opens automatically when lifted. OXO is a brand I trust, it is top rated, and the ventilated tray keeps things from getting soggy and unsanitary, which matters to me with a busy household."
survey_toilet-brush-choice__Gj6gqEZ,persona/datasets/matraix-persona-1m/cohorts/cohort-162f4cf6eb0f/persona_stackoverflow-89aafc5bd848.yaml,1.0,oxo_hideaway,OXO Hideaway Compact,19.97,4,hygiene,4,55-64,,North America,,,,,,Full-time,"I want a covered, compact set that keeps the brush out of sight and dries without pooling water, and OXO's hideaway canister does exactly that. It's a well-reviewed, mid-priced option from a brand I trust, so it feels like the right balance of hygiene, design, and value."
survey_toilet-brush-choice__GkEexHp,persona/datasets/matraix-persona-1m/cohorts/cohort-162f4cf6eb0f/persona_wiki-bbb48e051f29.yaml,1.0,oxo_hideaway,OXO Hideaway Compact,19.97,4,hygiene,4,,,North America,,Woman,Mid-life,,,Full-time,"I want a clean, minimal look in my bathroom and the hideaway canister means I never see a dripping brush sitting out. OXO's reputation for well-designed, durable household tools and the ventilated tray that prevents water pooling make the $19.97 price feel justified."
survey_toilet-brush-choice__GksyiT8,persona/datasets/matraix-persona-1m/cohorts/cohort-162f4cf6eb0f/persona_wiki-9dfac21bd4df.yaml,1.0,oxo_hideaway,OXO Hideaway Compact,19.97,4,design,4,65-74,Value-driven,North America,Upper-middle,Woman,Mid-life,Dense urban,$100k-200k,Part-time,"I want a bathroom that reads as designed rather than utilitarian, and the OXO Hideaway is the only option that disappears visually when not in use — the auto-opening canister and ventilated tray also solve the standing-water problem that makes most brush holders faintly disgusting. OXO is a brand I trust for unglamorous objects done well, and at $19.97 the price is reasonable for something I'll look at every day."
survey_toilet-brush-choice__GnNTgvY,persona/datasets/matraix-persona-1m/cohorts/cohort-162f4cf6eb0f/persona_gss-2b58a1e26246.yaml,1.0,oxo_hideaway,OXO Hideaway Compact,19.97,4,hygiene,4,25-34,,North America,Lower-middle,Man,,,,Full-time,"With a busy household of kids, I want a brush that stays out of sight and keeps the bathroom looking tidy, and the OXO hideaway canister hides the brush while its ventilated tray prevents water pooling, which matters for hygiene. OXO is a brand I trust for durable, well-designed basics, and at $19.97 it's a reasonable price for something that will last."
survey_toilet-brush-choice__Gop8v2k,persona/datasets/matraix-persona-1m/cohorts/cohort-162f4cf6eb0f/persona_wiki-94d3238c0d9f.yaml,1.0,oxo_hideaway,OXO Hideaway Compact,19.97,4,hygiene,4,75+,Indifferent,North America,Middle,Man,Retirement,Small town,null,Retired,"I want a tidy, well-made set that hides the brush away and dries without pooling water, and OXO has a solid reputation for durable everyday goods. At just under $20, the auto-open canister and ventilated tray suit a small bathroom and the practical, no-nonsense white design fits my home."
survey_toilet-brush-choice__Gq2r9Vc,persona/datasets/matraix-persona-1m/cohorts/cohort-162f4cf6eb0f/persona_gss-df1bd06887ec.yaml,1.0,oxo_hideaway,OXO Hideaway Compact,19.97,4,hygiene,4,25-34,,North America,Middle,Woman,,,,Homemaker,"I want a brush that stays hidden and tidy since I keep the bathroom presentable for guests and kids. The OXO hideaway canister opens automatically and has a ventilated tray so water doesn't pool, and it's top rated and compact for a small bathroom. At $19.97 it's a reasonable middle price for something reliable."
survey_toilet-brush-choice__GtD5Wab,persona/datasets/matraix-persona-1m/cohorts/cohort-162f4cf6eb0f/persona_amazon-237adaf99b39.yaml,1.0,oxo_hideaway,OXO Hideaway Compact,19.97,4,hygiene,4,45-54,,North America,,,,,,,"I want a set that hides the brush entirely when stored — it looks cleaner and more hygienic in a small bathroom. OXO's auto-open canister and ventilated tray solve the pooling-water problem, and the brand's reputation plus No.1 Top Rated status gives me confidence in durability, which matters more to me than saving a few dollars."
survey_toilet-brush-choice__GtZ4CUe,persona/datasets/matraix-persona-1m/cohorts/cohort-162f4cf6eb0f/persona_wiki-bef9fe493107.yaml,1.0,oxo_hideaway,OXO Hideaway Compact,19.97,5,hygiene,4,75-84,Value-driven,North America,Middle,Man,Mid-life,Small town,null,Self-employed,"I live alone in a small place and value a clean, minimal look, so the OXO's hideaway canister that conceals the brush entirely appeals to me. The ventilated tray that prevents water pooling matters given my health situation, and the auto-open mechanism plus top-rated reputation justifies the modest price."
survey_toilet-brush-choice__GxfP8wt,persona/datasets/matraix-persona-1m/cohorts/cohort-162f4cf6eb0f/persona_gss-695f4bf7fcbb.yaml,1.0,oxo_hideaway,OXO Hideaway Compact,19.97,4,hygiene,4,35-44,,North America,Middle,Man,,,,Full-time,"I want a clean, minimal look in a small bathroom, and the hideaway canister that opens automatically and hides the brush entirely is exactly what I need. OXO is a brand I trust for good grips and durability, and at $19.97 the price is reasonable for the top-rated quality."
survey_toilet-brush-choice__H4sKSRM,persona/datasets/matraix-persona-1m/cohorts/cohort-162f4cf6eb0f/persona_gss-6f7151c9f2cf.yaml,1.0,jiga_3pack,JIGA 3-Pack,13.99,5,price,4,75-84,,North America,Lower-middle,Woman,Retirement,,,Retired,"I am widowed, on a fixed income, and my health is poor, so I want something cheap and simple that I don't have to fuss over. Three brushes for $13.99 means I can keep one in each bathroom and replace them without worrying about the cost. The stiff nylon bristles and covered caddy are plain and practical, which suits me fine."
survey_toilet-brush-choice__H7K8QCZ,persona/datasets/matraix-persona-1m/cohorts/cohort-162f4cf6eb0f/persona_prism-0de95e9010a3.yaml,1.0,oxo_hideaway,OXO Hideaway Compact,19.97,4,hygiene,4,45-54,,North America,,Woman,Mid-life,,,Unemployed,"The OXO Hideaway has a covered canister that conceals the brush and a ventilated tray so water does not pool in the base, which matters to me for hygiene. It is a trusted, top-rated brand at a reasonable price, and its compact footprint suits a modest bathroom."
survey_toilet-brush-choice__H8XkXCU,persona/datasets/matraix-persona-1m/cohorts/cohort-162f4cf6eb0f/persona_gss-8f99f2cd11cd.yaml,1.0,clorox_under_rim,Clorox Corner Under-Rim,15.5,4,cleaning,4,25-34,,North America,Lower-middle,Man,,,,Full-time,"I want a brush that actually gets under the rim, and the dedicated under-rim scrubber plus antibacterial bristles sold me. The corner caddy saves space in a small bathroom, and at $15.50 it's a fair price from a brand I recognize."
survey_toilet-brush-choice__H9jwUPV,persona/datasets/matraix-persona-1m/cohorts/cohort-162f4cf6eb0f/persona_wiki-bc0b4f6b9052.yaml,1.0,oxo_hideaway,OXO Hideaway Compact,19.97,5,hygiene,4,55-64,Premium-seeking,North America,High income,Man,Mid-life,Suburban,$200k+,Self-employed,"I want a brush that stays out of sight and doesn't pool water in the base, and OXO's hideaway canister with a ventilated tray solves both. The brand has a solid reputation for well-engineered household tools, and at $19.97 the price is trivial for something I'll use daily."
survey_toilet-brush-choice__HCRmkif,persona/datasets/matraix-persona-1m/cohorts/cohort-162f4cf6eb0f/persona_gss-27657755fc74.yaml,1.0,oxo_hideaway,OXO Hideaway Compact,19.97,4,hygiene,4,18-24,,North America,Middle,Man,,,,Part-time,"I want a brush that stays hidden and looks tidy in a small bathroom, and the auto-open canister plus ventilated tray keeps things hygienic and dry. OXO's reputation for solid, well-reviewed products makes the $19.97 price feel like a fair middle-ground."
survey_toilet-brush-choice__HERQ9AD,persona/datasets/matraix-persona-1m/cohorts/cohort-162f4cf6eb0f/persona_wiki-da3c0e78853f.yaml,1.0,oxo_hideaway,OXO Hideaway Compact,19.97,4,hygiene,5,65+,,North America,,Woman,Retirement,,,,"At 70, I want a brush that does its job well and doesn't leave an ugly wet mess in the corner. The OXO hideaway canister opens automatically when lifted and has a ventilated tray so water doesn't pool, and OXO's reputation for durable, well-designed tools makes the $19.97 price feel fair. It's compact, clean-looking, and low fuss — exactly what I want in a bathroom I keep tidy for guests."
survey_toilet-brush-choice__HEWioXV,persona/datasets/matraix-persona-1m/cohorts/cohort-162f4cf6eb0f/persona_gss-e057ea8ed870.yaml,1.0,jiga_3pack,JIGA 3-Pack,13.99,5,price,4,85+,,North America,Low income,Woman,,,,Homemaker,"I am a widow on a fixed income, so getting three brushes for $13.99 is a blessing I can share with my children when they visit. White sets match my bathroom and the long handles are easier on my old back."
survey_toilet-brush-choice__HHcybqn,persona/datasets/matraix-persona-1m/cohorts/cohort-162f4cf6eb0f/persona_gss-b13a0259428e.yaml,1.0,clorox_under_rim,Clorox Corner Under-Rim,15.5,4,cleaning,4,45-54,,North America,Lower-middle,Woman,,,,Full-time,"I want something dependable and affordable that actually scrubs well, and the under-rim scrubber plus antibacterial bristles sold me. Clorox is a brand I trust, and at $15.50 the price fits my budget."
survey_toilet-brush-choice__HMpKGpk,persona/datasets/matraix-persona-1m/cohorts/cohort-162f4cf6eb0f/persona_stackoverflow-f52ae9f87164.yaml,1.0,oxo_hideaway,OXO Hideaway Compact,19.97,4,hygiene,4,45-54,,North America,,,,,,Full-time,"I want a brush that stays hidden and doesn't look like a toilet brush sitting out, and OXO's auto-open canister plus ventilated tray solves the pooling-water hygiene issue I actually care about. At $19.97 it's mid-priced but the brand has a solid track record and it's top rated, so I'm willing to pay a bit more for something that works and looks tidy."
survey_toilet-brush-choice__HQShR2H,persona/datasets/matraix-persona-1m/cohorts/cohort-162f4cf6eb0f/persona_stackoverflow-aaa131e90158.yaml,1.0,oxo_hideaway,OXO Hideaway Compact,19.97,4,hygiene,4,35-44,,North America,,,,,,Self-employed,"I want a set that stays hygienic and doesn't look like clutter, and the OXO hideaway canister hides the brush while its ventilated tray prevents water pooling — a design detail that actually matters for a bathroom tool. OXO's build quality and top-rated reputation justify the mid-range $19.97 for something I'll use daily."
survey_toilet-brush-choice__HSJkg8Y,persona/datasets/matraix-persona-1m/cohorts/cohort-162f4cf6eb0f/persona_wiki-05c122391f9e.yaml,1.0,oxo_hideaway,OXO Hideaway Compact,19.97,4,hygiene,4,65+,Indifferent,North America,Upper-middle,Woman,Retirement,Dense urban,null,Retired,"I want a brush that stays out of sight and doesn't pool dirty water in its base. The OXO's auto-opening ventilated canister and compact footprint suit my small, tidy bathroom, and the brand's reputation for durable, well-designed tools justifies the mid-range price."
survey_toilet-brush-choice__HSqNzD5,persona/datasets/matraix-persona-1m/cohorts/cohort-162f4cf6eb0f/persona_gss-6200d35e078f.yaml,1.0,jiga_3pack,JIGA 3-Pack,13.99,5,price,4,35-44,,North America,Lower-middle,Woman,,,,Full-time,"With three kids and three bathrooms to keep clean, a 3-pack for $13.99 is the practical choice — I get a brush for every bathroom without spending much. Stiff nylon bristles and a covered caddy are all I really need, and the price fits our tight budget."
survey_toilet-brush-choice__HXDFvto,persona/datasets/matraix-persona-1m/cohorts/cohort-162f4cf6eb0f/persona_wiki-557c8167e828.yaml,1.0,oxo_hideaway,OXO Hideaway Compact,19.97,4,hygiene,4,65+,Value-driven,North America,Upper-middle,Woman,Retirement,Dense urban,$100k-200k,Retired,"I want a brush I don't have to look at, and the OXO's hideaway canister conceals the brush entirely while its ventilated tray prevents the stagnant water that breeds odor. OXO is a brand I trust for kitchen and bath tools, and at $19.97 the price is reasonable for something I'll use daily for years."
survey_toilet-brush-choice__HZDXprp,persona/datasets/matraix-persona-1m/cohorts/cohort-162f4cf6eb0f/persona_wiki-31b28532db92.yaml,1.0,clorox_under_rim,Clorox Corner Under-Rim,15.5,3,price,3,65+,Value-driven,North America,Middle,Woman,Mid-life,Dense urban,,Self-employed,"No persona-specific answer was produced, so a neutral answer was used."
survey_toilet-brush-choice__Hc9gvB7,persona/datasets/matraix-persona-1m/cohorts/cohort-162f4cf6eb0f/persona_wiki-9698e01be7da.yaml,1.0,oxo_hideaway,OXO Hideaway Compact,19.97,4,hygiene,4,65+,Value-driven,North America,High income,Man,Mid-life,Rural,$100k-200k,Self-employed,"I am a practical, high-conscientiousness buyer who wants a brush that stores out of sight and stays hygienic. The OXO Hideaway's auto-opening canister and ventilated tray prevent pooling water, and the brand has a long track record of durable, well-designed tools. At $19.97 it is a sound value for a single well-made set rather than a multi-pack I do not need."
survey_toilet-brush-choice__HozWPX6,persona/datasets/matraix-persona-1m/cohorts/cohort-162f4cf6eb0f/persona_gss-e92e7c56c256.yaml,1.0,oxo_hideaway,OXO Hideaway Compact,19.97,4,hygiene,4,75-84,,North America,Lower-middle,Man,Retirement,,,Retired,"I trust the OXO brand and the hideaway canister keeps the brush out of sight, which suits my wife's tidy bathroom. The ventilated tray prevents water pooling, and at $19.97 the price is reasonable for something that will last."
survey_toilet-brush-choice__HuMyBEo,persona/datasets/matraix-persona-1m/cohorts/cohort-162f4cf6eb0f/persona_gss-de412c3de4be.yaml,1.0,oxo_hideaway,OXO Hideaway Compact,19.97,4,hygiene,4,55-64,,North America,Middle,Man,Retirement,,,Retired,"I want a clean, minimal look in the bathroom and I trust OXO as a brand for well-designed everyday tools. The hideaway canister keeps the brush out of sight and the ventilated tray prevents water pooling, which matters for hygiene."
survey_toilet-brush-choice__HunM7Mv,persona/datasets/matraix-persona-1m/cohorts/cohort-162f4cf6eb0f/persona_wiki-d496b9d342d3.yaml,1.0,oxo_hideaway,OXO Hideaway Compact,19.97,4,hygiene,4,65+,Value-driven,North America,Middle,Woman,Retirement,Small town,$50k-100k,Retired,"I want a brush that stays out of sight and dries properly, and the OXO Hideaway's auto-opening canister and ventilated tray solve both without fuss. OXO's reputation for well-engineered household tools and its top-rated status give me confidence in the build quality, and the compact footprint suits my bathroom."
survey_toilet-brush-choice__Hvac3ou,persona/datasets/matraix-persona-1m/cohorts/cohort-162f4cf6eb0f/persona_gss-e07e1a2bad63.yaml,1.0,clorox_under_rim,Clorox Corner Under-Rim,15.5,5,cleaning,4,35-44,,North America,Lower-middle,Woman,,,,Homemaker,"With three kids and a tight budget, I need something that actually cleans well and lasts. Clorox is a brand I trust, the under-rim scrubber is handy for tough spots, and the corner caddy saves space in our small bathroom. At $15.50 the price is reasonable for a name brand."
survey_toilet-brush-choice__J9aQ3Xi,persona/datasets/matraix-persona-1m/cohorts/cohort-162f4cf6eb0f/persona_gss-60b20140c9b6.yaml,1.0,oxo_hideaway,OXO Hideaway Compact,19.97,4,hygiene,4,35-44,,North America,Middle,Man,,,,Full-time,"I want a clean, minimal look that hides the brush entirely when stored, which suits my bathroom and keeps things tidy. OXO has a strong reputation for durable everyday tools, and the ventilated tray that prevents water pooling matters to me for hygiene. At $19.97 it's a reasonable price for a well-reviewed, top-rated set."
survey_toilet-brush-choice__JSwhXDz,persona/datasets/matraix-persona-1m/cohorts/cohort-162f4cf6eb0f/persona_wiki-a1d9eb36f0af.yaml,1.0,clorox_under_rim,Clorox Corner Under-Rim,15.5,3,price,3,35-44,Value-driven,North America,Middle,Man,Mid-life,Suburban,,Self-employed,"No persona-specific answer was produced, so a neutral answer was used."
survey_toilet-brush-choice__JYqE9QZ,persona/datasets/matraix-persona-1m/cohorts/cohort-162f4cf6eb0f/persona_wiki-2253a1d11b77.yaml,1.0,oxo_hideaway,OXO Hideaway Compact,19.97,4,hygiene,4,18-24,Cost-sensitive,North America,Middle,Man,Mid-life,Small town,,Self-employed,"I want a set that keeps the brush fully concealed and lets it dry without pooling water, and the OXO's auto-opening canister with a ventilated tray does exactly that while keeping a small footprint — which matters in a rented bathroom I can't remodel. I'm also cost-sensitive but willing to pay a modest premium for a design that will hold up and that I won't have to think about again; the Clorox and the budget silicone sets look flimsier or busier, and the two- and three-packs are wasted volume for a one-person household."
survey_toilet-brush-choice__JcSf8uJ,persona/datasets/matraix-persona-1m/cohorts/cohort-162f4cf6eb0f/persona_gss-451ff1522596.yaml,1.0,jiga_3pack,JIGA 3-Pack,13.99,5,price,4,55-64,,North America,Lower-middle,Woman,,,,,"I have three bathrooms to keep clean and money is tight, so getting three complete brush sets for $13.99 is the practical choice. The stiff nylon bristles and non-slip handles sound sturdy enough for everyday scrubbing, and I don't need anything fancy."
survey_toilet-brush-choice__JqNWqbK,persona/datasets/matraix-persona-1m/cohorts/cohort-162f4cf6eb0f/persona_stackoverflow-aafd1424cc53.yaml,1.0,oxo_hideaway,OXO Hideaway Compact,19.97,4,hygiene,4,25-34,,North America,,,Student,,,,"I want a brush that stays out of sight and doesn't drip or pool water in the holder, and the OXO Hideaway's auto-open canister plus ventilated tray solves both while keeping a small footprint for a compact bathroom. At $19.97 it's a reasonable mid-range price, and OXO's reputation plus the No.1 Top Rated tag gives me confidence it's well made."
survey_toilet-brush-choice__Js6cU8X,persona/datasets/matraix-persona-1m/cohorts/cohort-162f4cf6eb0f/persona_gss-f44444784671.yaml,1.0,jiga_3pack,JIGA 3-Pack,13.99,5,price,4,25-34,,North America,Lower-middle,Woman,,,,Full-time,"With three kids and a tight budget, getting three complete brush and holder sets for $13.99 is the best value here. I can put one in each bathroom and have a spare, and white matches everything."
survey_toilet-brush-choice__JzoCQzj,persona/datasets/matraix-persona-1m/cohorts/cohort-162f4cf6eb0f/persona_wiki-25c84d4dc4bb.yaml,1.0,oxo_hideaway,OXO Hideaway Compact,19.97,4,hygiene,4,75-84,Value-driven,North America,High income,Man,Retirement,Suburban,,Retired,"The OXO Hideaway is top-rated and its auto-open canister keeps the brush fully concealed, which suits a clean, uncluttered bathroom. The ventilated tray prevents water pooling and the compact footprint fits neatly beside the toilet."
survey_toilet-brush-choice__K5fMn4x,persona/datasets/matraix-persona-1m/cohorts/cohort-162f4cf6eb0f/persona_gss-ccabe0794f38.yaml,1.0,oxo_hideaway,OXO Hideaway Compact,19.97,4,hygiene,4,35-44,,North America,Middle,Man,,,,Full-time,"I want a brush that stays hidden and looks tidy in a shared family bathroom, and the OXO Hideaway's auto-opening canister and ventilated tray keep things clean and dry without a visible brush. At $19.97 the price is reasonable for a top-rated, well-designed set that should last."
survey_toilet-brush-choice__K5x5PgK,persona/datasets/matraix-persona-1m/cohorts/cohort-162f4cf6eb0f/persona_gss-b6bb5ea38a14.yaml,1.0,jiga_3pack,JIGA 3-Pack,13.99,5,price,4,25-34,,North America,Lower-middle,Man,,,,Full-time,"I need a brush for my bathroom and money is tight, so getting three complete sets for $13.99 is the best value on the shelf. The stiff nylon bristles should scrub well, and having spares means I won't have to buy another one for a long time."
survey_toilet-brush-choice__K83kfjs,persona/datasets/matraix-persona-1m/cohorts/cohort-162f4cf6eb0f/persona_gss-f41ed77f7b79.yaml,1.0,oxo_hideaway,OXO Hideaway Compact,19.97,4,hygiene,4,65-74,,North America,Middle,Woman,,,,Homemaker,"I want something that looks tidy and hides the brush away, and OXO is a brand I've trusted for years in my kitchen. The auto-opening canister and ventilated tray mean less mess and no standing water, which matters to me. At $19.97 it's a reasonable middle price for a quality set."
survey_toilet-brush-choice__KATTPqW,persona/datasets/matraix-persona-1m/cohorts/cohort-162f4cf6eb0f/persona_wiki-eb60a914e8ea.yaml,1.0,oxo_hideaway,OXO Hideaway Compact,19.97,4,hygiene,4,65+,,North America,Upper-middle,Man,Mid-life,Small town,null,Full-time,"The OXO Hideaway is the best-balanced option for me: it is top-rated, the auto-open canister keeps the brush fully concealed so a guest bathroom stays tidy, and the ventilated tray prevents the stagnant water and odor that plague open holders. At $19.97 it sits comfortably in the middle of the range, and OXO's reputation gives me confidence in the build quality without paying a premium."
survey_toilet-brush-choice__KAeGGLz,persona/datasets/matraix-persona-1m/cohorts/cohort-162f4cf6eb0f/persona_stackoverflow-ec1657feaf11.yaml,1.0,oxo_hideaway,OXO Hideaway Compact,19.97,4,hygiene,4,55-64,,North America,,,,,,Full-time,"I want a hygienic, compact set that hides the brush away and lets it dry without pooling water, and OXO's reputation for durable, well-designed kitchen/bath tools gives me confidence. At $19.97 it's a reasonable middle price, and the auto-open canister is a genuinely practical feature rather than a gimmick."
survey_toilet-brush-choice__KNNq2ay,persona/datasets/matraix-persona-1m/cohorts/cohort-162f4cf6eb0f/persona_stackoverflow-69700ba2c942.yaml,1.0,oxo_hideaway,OXO Hideaway Compact,19.97,4,hygiene,4,25-34,,North America,,,Early career,,,Full-time,"I want a compact, tidy setup for a small bathroom, and the auto-open hideaway canister plus ventilated tray keeps the brush out of sight and prevents water pooling. OXO's reputation for durable, well-designed everyday tools makes the $19.97 price easy to justify over cheaper silicone options."
survey_toilet-brush-choice__KSibpju,persona/datasets/matraix-persona-1m/cohorts/cohort-162f4cf6eb0f/persona_gss-a3bf83a10bd9.yaml,1.0,oxo_hideaway,OXO Hideaway Compact,19.97,4,hygiene,4,35-44,,North America,Middle,Woman,,,,Full-time,"I want something that stays out of sight and looks tidy in a small bathroom, so the hideaway canister that opens automatically when you lift the brush is ideal. OXO is a brand I trust, it's the top-rated option, and the ventilated tray keeps things from getting gross."
survey_toilet-brush-choice__KVp8Mka,persona/datasets/matraix-persona-1m/cohorts/cohort-162f4cf6eb0f/persona_stackoverflow-3d62706664a0.yaml,1.0,oxo_hideaway,OXO Hideaway Compact,19.97,4,hygiene,3,45-54,,North America,High income,,,,,Full-time,"I want a compact, covered set that hides the brush and doesn't pool water — the auto-open canister and ventilated tray address the actual hygiene problem. OXO has a solid track record on functional household tools, and at $19.97 it's a reasonable middle price rather than paying for a 2- or 3-pack of brushes I'll never use."
survey_toilet-brush-choice__KhZy454,persona/datasets/matraix-persona-1m/cohorts/cohort-162f4cf6eb0f/persona_stackoverflow-f076f7b977d4.yaml,1.0,oxo_hideaway,OXO Hideaway Compact,19.97,4,hygiene,4,35-44,,North America,,,,,,Full-time,"I want a clean, minimal look with no visible brush when stored, and OXO's hideaway canister design plus ventilated tray solves the water-pooling hygiene issue I care about. It's top-rated and reasonably priced at $19.97, and the compact footprint fits my bathroom well."
survey_toilet-brush-choice__KmKFd2d,persona/datasets/matraix-persona-1m/cohorts/cohort-162f4cf6eb0f/persona_wiki-8fa61b8dcc9a.yaml,1.0,oxo_hideaway,OXO Hideaway Compact,19.97,4,hygiene,4,65+,,North America,Upper-middle,Man,Mid-life,Small town,null,Full-time,"The OXO Good Grips Hideaway is the best fit for my needs: it is top-rated, from a brand I trust, and the hideaway canister with a ventilated tray keeps the brush out of sight and prevents water pooling, which matters for hygiene in a shared family bathroom. At $19.97 it is reasonably priced for the build quality, and its compact footprint suits my small-town home's guest bath without looking cluttered."
survey_toilet-brush-choice__KrvCK9K,persona/datasets/matraix-persona-1m/cohorts/cohort-162f4cf6eb0f/persona_wiki-0152178a9484.yaml,1.0,oxo_hideaway,OXO Hideaway Compact,19.97,4,hygiene,4,65+,,North America,High income,Woman,Retirement,Dense urban,null,Full-time,"I prefer a covered, compact design that conceals the brush and keeps the bathroom looking orderly, and the OXO's automatic-opening canister with a ventilated tray addresses both hygiene and convenience. The brand's reputation for well-engineered household tools and its top-rated status give me confidence in durability, and at $19.97 for a single well-made unit the price is reasonable for a long-term purchase."
survey_toilet-brush-choice__Kw7iNiP,persona/datasets/matraix-persona-1m/cohorts/cohort-162f4cf6eb0f/persona_gss-b56b54a70707.yaml,1.0,jiga_3pack,JIGA 3-Pack,13.99,5,price,4,35-44,,North America,Lower-middle,Man,,,,Full-time,"With three kids and multiple bathrooms, a 3-pack at $13.99 covers the whole house for the price of one nicer set. The stiff nylon bristles and covered caddy are exactly what I need for everyday scrubbing, and I don't care about fancy finishes."
survey_toilet-brush-choice__Kxiicnw,persona/datasets/matraix-persona-1m/cohorts/cohort-162f4cf6eb0f/persona_gss-8e524cc10103.yaml,1.0,oxo_hideaway,OXO Hideaway Compact,19.97,4,hygiene,4,25-34,,North America,,Woman,,,,Homemaker,"I want something hygienic and tidy that keeps the brush hidden when not in use, which matters in a small family bathroom. OXO is a brand I trust, it's top rated, and the ventilated tray prevents water pooling, all for a reasonable $19.97."
survey_toilet-brush-choice__L4kqFR4,persona/datasets/matraix-persona-1m/cohorts/cohort-162f4cf6eb0f/persona_gss-d25a8eeff434.yaml,1.0,oxo_hideaway,OXO Hideaway Compact,19.97,4,hygiene,4,45-54,,North America,Lower-middle,Woman,,,,Full-time,"I want a brush that stays hidden and looks tidy in my small bathroom, and OXO is a brand I trust for everyday durability. The auto-open canister and ventilated tray keep things hygienic without being fussy, and at $19.97 it's a fair price for something I'll use daily."
survey_toilet-brush-choice__L4ybZ4F,persona/datasets/matraix-persona-1m/cohorts/cohort-162f4cf6eb0f/persona_gss-17c242cbf1ed.yaml,1.0,oxo_hideaway,OXO Hideaway Compact,19.97,4,hygiene,4,25-34,,North America,Lower-middle,Woman,,,,Part-time,"With two kids and a small bathroom, the OXO Hideaway's auto-open canister that hides the brush and its ventilated tray sold me — no standing water or visible mess. At under $20 and top-rated, it feels like the best balance of hygiene, quality, and price."
survey_toilet-brush-choice__L8Qb3wP,persona/datasets/matraix-persona-1m/cohorts/cohort-162f4cf6eb0f/persona_gss-16eaa0f01fa0.yaml,1.0,oxo_hideaway,OXO Hideaway Compact,19.97,4,hygiene,4,35-44,,North America,Middle,Woman,,,,Part-time,"With three kids and a busy part-time schedule, I want something hygienic and tidy that hides the brush away and doesn't pool water. OXO is a brand I trust, it's top rated, and the auto-open canister keeps the bathroom looking neat. At $19.97 it's a reasonable middle price for the quality."
survey_toilet-brush-choice__L8ouMqE,persona/datasets/matraix-persona-1m/cohorts/cohort-162f4cf6eb0f/persona_prism-0adf43b3fc79.yaml,1.0,oxo_hideaway,OXO Hideaway Compact,19.97,4,hygiene,4,35-44,,North America,,Woman,Early career,,,Full-time,"I want a brush that stays fully hidden and looks tidy in a small bathroom, and the OXO's auto-open canister with a ventilated tray directly addresses water pooling and odor concerns. The No.1 Top Rated and brand-reputation signals give me confidence in durability, and at $19.97 the price is reasonable for a single well-made set."
survey_toilet-brush-choice__LDvbRd5,persona/datasets/matraix-persona-1m/cohorts/cohort-162f4cf6eb0f/persona_gss-b39d489010ac.yaml,1.0,oxo_hideaway,OXO Hideaway Compact,19.97,4,hygiene,4,18-24,,North America,Middle,Man,Student,,,Student,"I want something that stays clean-looking and doesn't show the brush, and OXO is a brand I trust for everyday durability. The hideaway canister and ventilated tray make it feel more hygienic for a shared bathroom, and $19.97 is reasonable for that."
survey_toilet-brush-choice__LQv23N4,persona/datasets/matraix-persona-1m/cohorts/cohort-162f4cf6eb0f/persona_stackoverflow-01675bc57e2e.yaml,1.0,oxo_hideaway,OXO Hideaway Compact,19.97,4,hygiene,4,25-34,,North America,,,Early career,,,Full-time,"I want a brush that stays hidden and doesn't look like a toilet brush sitting out, and the auto-open canister with a ventilated tray addresses the hygiene/water-pooling issue I care about. OXO's reputation and the No.1 Top Rated status give me the verification I need at a reasonable $19.97, and the compact footprint suits a small bathroom."
survey_toilet-brush-choice__LSdWrqG,persona/datasets/matraix-persona-1m/cohorts/cohort-162f4cf6eb0f/persona_stackoverflow-80ee5aff9c92.yaml,1.0,oxo_hideaway,OXO Hideaway Compact,19.97,4,hygiene,4,25-34,,North America,,,,,,Full-time,"I want a compact, tidy set for a small bathroom, and the OXO Hideaway's auto-open canister hides the brush completely while its ventilated tray prevents water pooling. It's top-rated and from a brand I trust, so the mid-range price feels justified for the hygiene and design."
survey_toilet-brush-choice__LTp5sEQ,persona/datasets/matraix-persona-1m/cohorts/cohort-162f4cf6eb0f/persona_wiki-5efcab649ebf.yaml,1.0,oxo_hideaway,OXO Hideaway Compact,19.97,4,hygiene,4,45-54,,North America,Middle,Man,Mid-life,Small town,,Full-time,"The OXO Hideaway's auto-open canister and ventilated tray solve the main hygiene issue I care about, keeping the brush hidden and dry between uses. It's compact for a small bathroom, and OXO's reputation for durable, well-designed tools makes the $19.97 price reasonable."
survey_toilet-brush-choice__LVKQBeQ,persona/datasets/matraix-persona-1m/cohorts/cohort-162f4cf6eb0f/persona_wiki-898ce99626b7.yaml,1.0,oxo_hideaway,OXO Hideaway Compact,19.97,4,hygiene,4,55-64,,North America,null,Woman,Mid-life,null,null,null,"I value a clean, uncluttered bathroom, and the OXO Hideaway's auto-open canister keeps the brush fully concealed when stored, which is the design I actually want on display. OXO is a brand I trust for durable, well-engineered household tools, and at $19.97 the price is reasonable for a top-rated, compact set that fits a smaller bathroom."
survey_toilet-brush-choice__LZAaCmR,persona/datasets/matraix-persona-1m/cohorts/cohort-162f4cf6eb0f/persona_wiki-69e579dca229.yaml,1.0,oxo_hideaway,OXO Hideaway Compact,19.97,5,hygiene,4,80+,Value-driven,North America,Middle,Man,Retirement,Small town,,Self-employed,"At 80+ I value a clean, uncluttered bathroom and a product that works without fuss. The OXO Hideaway's auto-opening canister keeps the brush completely out of sight, the ventilated tray prevents the standing water and odor that plague cheap holders, and OXO's reputation for durable, well-engineered household goods justifies the modest price."
survey_toilet-brush-choice__LdwknSW,persona/datasets/matraix-persona-1m/cohorts/cohort-162f4cf6eb0f/persona_gss-8a8b2acf7c38.yaml,1.0,jiga_3pack,JIGA 3-Pack,13.99,5,price,4,25-34,,North America,Low income,Man,,,,Unemployed,"I'm unemployed and on a tight budget, so getting three brushes for $13.99 is the best value here. I can keep one in the bathroom and have spares for the other bathroom and for when one wears out."
survey_toilet-brush-choice__LmvQgKC,persona/datasets/matraix-persona-1m/cohorts/cohort-162f4cf6eb0f/persona_wiki-91aacd9f1bd9.yaml,1.0,oxo_hideaway,OXO Hideaway Compact,19.97,4,hygiene,4,,,North America,,Man,Mid-life,,,Full-time,"I want a brush that stays out of sight and doesn't leave a puddle of dirty water sitting in the base — the OXO's auto-open canister and ventilated tray solve both problems in a compact footprint that suits my bathroom. OXO is a brand I trust, and at $19.97 the price is reasonable for something I'll use daily for years."
survey_toilet-brush-choice__LozbH5T,persona/datasets/matraix-persona-1m/cohorts/cohort-162f4cf6eb0f/persona_gss-cbc8fbd53dfe.yaml,1.0,sellemer_silicone,Sellemer Silicone,12.99,5,hygiene,4,35-44,,North America,Lower-middle,Woman,,,,Full-time,"I want a silicone head because it doesn't trap germs or hair the way bristles do, and the ventilated quick-dry holder helps keep things hygienic in a small shared bathroom. At $12.99 it's an easy price to justify, and the flexible flat head reaching under the rim matters for actually getting the bowl clean."
survey_toilet-brush-choice__LtrXbLZ,persona/datasets/matraix-persona-1m/cohorts/cohort-162f4cf6eb0f/persona_gss-319816eb5d05.yaml,1.0,jiga_3pack,JIGA 3-Pack,13.99,5,price,4,35-44,,North America,Lower-middle,Woman,,,,Full-time,"I have 3+ kids and multiple bathrooms, so a 3-pack of brushes for $13.99 is the best value by far. Stiff nylon bristles get the job done and I don't need to worry about replacing them often at that price."
survey_toilet-brush-choice__Lzm87tv,persona/datasets/matraix-persona-1m/cohorts/cohort-162f4cf6eb0f/persona_wiki-6a3cdca217cd.yaml,1.0,oxo_hideaway,OXO Hideaway Compact,19.97,4,hygiene,4,,,North America,,Man,,,,,"I want a clean, minimal look with the brush hidden away when stored, and the auto-open canister plus ventilated tray keeps things tidy and dry. OXO's reputation and top-rated status give me confidence it will hold up to daily use."
survey_toilet-brush-choice__M7BiW3B,persona/datasets/matraix-persona-1m/cohorts/cohort-162f4cf6eb0f/persona_gss-ae34a0fe95ee.yaml,1.0,oxo_hideaway,OXO Hideaway Compact,19.97,4,hygiene,4,65-74,,North America,Middle,Woman,Retirement,,,Retired,"I am retired and want something simple, tidy and reliable, and the OXO Hideaway hides the brush away so my bathroom stays neat. It's a trusted brand and top rated, and at $19.97 it's a reasonable price for a compact, ventilated design that won't pool water. I don't need silicone gimmicks or a two-pack, just one good set that lasts."
survey_toilet-brush-choice__ME7KPRc,persona/datasets/matraix-persona-1m/cohorts/cohort-162f4cf6eb0f/persona_gss-e62e2fd8f478.yaml,1.0,clorox_under_rim,Clorox Corner Under-Rim,15.5,5,price,4,25-34,,North America,Lower-middle,Man,,,,Unemployed,"I'm out of work right now, so I need something affordable that still gets the job done. The Clorox set is only $15.50, comes from a brand I trust, and the under-rim scrubber plus corner caddy means it actually cleans well and tucks away neatly in my small bathroom."
survey_toilet-brush-choice__MFpdJxs,persona/datasets/matraix-persona-1m/cohorts/cohort-162f4cf6eb0f/persona_wiki-ffcb550322dc.yaml,1.0,oxo_hideaway,OXO Hideaway Compact,19.97,4,hygiene,4,,,North America,,Woman,,,,Self-employed,"I keep a small bathroom and care about how objects look and function, so the OXO's slim hideaway canister that conceals the brush entirely and ventilates to prevent water pooling appeals to me most. At $19.97 it's a fair mid-price for a top-rated, well-designed set from a brand I trust."
survey_toilet-brush-choice__MM9akZx,persona/datasets/matraix-persona-1m/cohorts/cohort-162f4cf6eb0f/persona_wiki-df06dc920189.yaml,1.0,clorox_under_rim,Clorox Corner Under-Rim,15.5,4,cleaning,4,,,North America,,Man,Retirement,,,Retired,"As a retired man who has spent years in team sports, I value practical, proven tools over flashy design. The Clorox set's dedicated under-rim scrubber and antibacterial bristles give me confidence in a thorough clean, and the corner caddy keeps things tidy and out of the way. At $15.50, it's a fair price for a trusted brand name."
survey_toilet-brush-choice__MRWxJ9b,persona/datasets/matraix-persona-1m/cohorts/cohort-162f4cf6eb0f/persona_gss-56da4e7d1c30.yaml,1.0,clorox_under_rim,Clorox Corner Under-Rim,15.5,4,cleaning,4,18-24,,North America,Lower-middle,Woman,,,,Part-time,"I want a brush that actually gets the job done without spending much. The Clorox corner set has an under-rim scrubber and antibacterial bristles for $15.50, which is a fair price for a brand I recognize. The corner caddy is a nice bonus since my bathroom is small."
survey_toilet-brush-choice__MWdMWTQ,persona/datasets/matraix-persona-1m/cohorts/cohort-162f4cf6eb0f/persona_amazon-7461cc8aae24.yaml,1.0,oxo_hideaway,OXO Hideaway Compact,19.97,4,hygiene,4,,,North America,,Man,,Dense urban,,,"I want a compact, well-designed set that keeps the bathroom looking tidy, and the OXO Hideaway hides the brush completely in an auto-opening canister with a ventilated tray to prevent water pooling. OXO's reputation for durable, ergonomic products and its top-rated status justify the mid-range $19.97 price for a set I'll use daily."
survey_toilet-brush-choice__MXUGfm2,persona/datasets/matraix-persona-1m/cohorts/cohort-162f4cf6eb0f/persona_stackoverflow-81c4b4bc44ad.yaml,1.0,oxo_hideaway,OXO Hideaway Compact,19.97,4,hygiene,4,35-44,,North America,,,,,,Full-time,"I value a clean, minimal look and the OXO Hideaway's canister conceals the brush entirely, which suits my bathroom aesthetic. The auto-open mechanism and ventilated tray address hygiene and water pooling, and OXO is a brand I trust for well-engineered, durable household items."
survey_toilet-brush-choice__MZactZD,persona/datasets/matraix-persona-1m/cohorts/cohort-162f4cf6eb0f/persona_wiki-618fbe8624dd.yaml,1.0,oxo_hideaway,OXO Hideaway Compact,19.97,4,hygiene,4,65+,Value-driven,North America,Upper-middle,Woman,Retirement,Dense urban,$100k-200k,Full-time,"I want a hygienic, well-designed set that hides the brush and lets it dry without pooling water, and OXO's reputation for durable, thoughtfully engineered household goods is one I trust. The compact footprint suits a small bathroom, and at under $20 the price is reasonable for the quality."
survey_toilet-brush-choice__Mh3SQse,persona/datasets/matraix-persona-1m/cohorts/cohort-162f4cf6eb0f/persona_stackoverflow-263d8f6fa46a.yaml,1.0,oxo_hideaway,OXO Hideaway Compact,19.97,4,hygiene,4,55-64,,North America,,,,,,,"I want a compact, minimal set that hides the brush entirely when stored, and the auto-open canister with a ventilated tray addresses the hygiene and water-pooling problems I care about most. At $19.97 it is fairly priced for a top-rated, well-reviewed design, and the small footprint suits a modest bathroom."
survey_toilet-brush-choice__Mh6YKJm,persona/datasets/matraix-persona-1m/cohorts/cohort-162f4cf6eb0f/persona_wiki-298ec2976840.yaml,1.0,oxo_hideaway,OXO Hideaway Compact,19.97,4,hygiene,5,45-54,null,North America,Middle,Man,Mid-life,Small town,$50k-100k,Full-time,"OXO is a brand I trust, and the hideaway canister keeps the brush out of sight, which suits the clean look I want in a bathroom. The ventilated tray that prevents water pooling addresses hygiene, and at $19.97 the price is reasonable for a well-reviewed, durable set."
survey_toilet-brush-choice__MkXjgdR,persona/datasets/matraix-persona-1m/cohorts/cohort-162f4cf6eb0f/persona_stackoverflow-d925ef022bba.yaml,1.0,oxo_hideaway,OXO Hideaway Compact,19.97,4,hygiene,4,25-34,,North America,,,Early career,,,Full-time,"The hideaway canister design keeps the brush out of sight and the ventilated tray prevents the pooled water and mildew smell that plague open holders, which is my main hygiene concern. OXO's build quality and top-rated track record justify the ~$20 price over the cheaper no-name silicone sets."
survey_toilet-brush-choice__MofwLa6,persona/datasets/matraix-persona-1m/cohorts/cohort-162f4cf6eb0f/persona_gss-f5e8d47c529b.yaml,1.0,oxo_hideaway,OXO Hideaway Compact,19.97,4,hygiene,4,25-34,,North America,Lower-middle,Man,,,,Full-time,"I want something compact and tidy that hides the brush when it's not in use, and OXO is a brand I trust for basic household stuff. The auto-open canister and ventilated tray seem practical for a small bathroom, and $19.97 is a fair middle price."
survey_toilet-brush-choice__Mp3RCpM,persona/datasets/matraix-persona-1m/cohorts/cohort-162f4cf6eb0f/persona_gss-c437b8691c7f.yaml,1.0,oxo_hideaway,OXO Hideaway Compact,19.97,4,hygiene,4,55-64,,North America,Lower-middle,Woman,,,,Full-time,"I want a brush that stays hidden and tidy since my bathroom is small and I don't like looking at a dirty brush. OXO is a brand I trust, the auto-open canister and ventilated tray keep things hygienic, and $19.97 is a fair price for something that will last."
survey_toilet-brush-choice__MqjUPAZ,persona/datasets/matraix-persona-1m/cohorts/cohort-162f4cf6eb0f/persona_gss-177cd613c216.yaml,1.0,jiga_3pack,JIGA 3-Pack,13.99,4,price,4,25-34,,North America,Lower-middle,Woman,,,,Full-time,"I have two kids and a busy household, so having three brushes means I can keep one in each bathroom and always have a spare on hand. The price is very affordable for a family on a tight budget, and white matches my bathroom fixtures."
survey_toilet-brush-choice__Mvjj6ZA,persona/datasets/matraix-persona-1m/cohorts/cohort-162f4cf6eb0f/persona_gss-5c41d0490bf8.yaml,1.0,clorox_under_rim,Clorox Corner Under-Rim,15.5,4,cleaning,4,35-44,,North America,Middle,Woman,,,,Full-time,"With two kids and a busy full-time schedule, I want a brush that actually cleans under the rim without extra effort, and the dedicated under-rim scrubber plus antibacterial bristles gives me confidence it's hygienic. The corner caddy saves space in our shared bathroom, and at $15.50 it's a fair price for a trusted brand name."
survey_toilet-brush-choice__MvoQQSA,persona/datasets/matraix-persona-1m/cohorts/cohort-162f4cf6eb0f/persona_wiki-f9b2829214f0.yaml,1.0,oxo_hideaway,OXO Hideaway Compact,19.97,4,hygiene,5,65+,,North America,Middle,Man,Mid-life,Small town,null,Self-employed,"I want a set that stays tidy and out of sight between uses, and the OXO's auto-opening hideaway canister plus ventilated tray does exactly that without pooling water. OXO's reputation for durable, well-designed tools and its top-rated status justify the moderate price for something I'll use daily for years."
survey_toilet-brush-choice__MwVK24d,persona/datasets/matraix-persona-1m/cohorts/cohort-162f4cf6eb0f/persona_wiki-232754324453.yaml,1.0,oxo_hideaway,OXO Hideaway Compact,19.97,4,hygiene,4,65+,Value-driven,North America,Upper-middle,Woman,Mid-life,Dense urban,,Self-employed,"I want a discreet, well-made set that keeps the brush out of sight and doesn't leave a puddle in the holder — the OXO's auto-open hideaway canister and ventilated tray solve exactly that. It's a brand I trust for kitchen and bath tools, and at $19.97 the price is reasonable for the quality and compact footprint."
survey_toilet-brush-choice__N9cseoG,persona/datasets/matraix-persona-1m/cohorts/cohort-162f4cf6eb0f/persona_wiki-9bf71f0b7dc2.yaml,1.0,oxo_hideaway,OXO Hideaway Compact,19.97,4,design,4,,,North America,,Man,Mid-life,,,Full-time,"I want a tidy, orderly bathroom with no visible brush, and the OXO Hideaway's auto-opening canister and ventilated tray deliver exactly that. OXO is a brand I trust for durable, well-designed household tools, and at $19.97 the price is reasonable for that reliability."
survey_toilet-brush-choice__NHLJV94,persona/datasets/matraix-persona-1m/cohorts/cohort-162f4cf6eb0f/persona_gss-48a17dd24b4a.yaml,1.0,jiga_3pack,JIGA 3-Pack,13.99,5,price,4,65-74,,North America,Lower-middle,Man,Retirement,,,Retired,"I'm on a fixed retirement income and money is tight, so getting three complete brush sets for $13.99 is the best value here. I have one bathroom but I like having spares on hand, and the simple white design with stiff nylon bristles is exactly what I'm used to and trust to actually scrub."
survey_toilet-brush-choice__NHXhFrS,persona/datasets/matraix-persona-1m/cohorts/cohort-162f4cf6eb0f/persona_gss-765ae9b08ab9.yaml,1.0,oxo_hideaway,OXO Hideaway Compact,19.97,4,hygiene,4,18-24,,North America,Middle,Woman,,,,Part-time,"I want something compact and hygienic that hides the brush when it's not in use, since I have a small bathroom and a young child running around. The OXO's auto-open canister and ventilated tray keep things tidy and dry, and at under $20 the price is reasonable for a trusted brand."
survey_toilet-brush-choice__NK8HN94,persona/datasets/matraix-persona-1m/cohorts/cohort-162f4cf6eb0f/persona_stackoverflow-6791b126974e.yaml,1.0,oxo_hideaway,OXO Hideaway Compact,19.97,4,hygiene,4,35-44,,North America,,,,,,Full-time,"The hideaway canister keeps the brush fully out of sight, which I care about for a clean bathroom look, and the ventilated tray that prevents water pooling addresses the hygiene issue I've had with previous brushes. OXO's design reputation and the compact footprint make the ~$20 price feel justified for something I'll use daily."
survey_toilet-brush-choice__NLo9Rcs,persona/datasets/matraix-persona-1m/cohorts/cohort-162f4cf6eb0f/persona_wiki-b924e84ee4ca.yaml,1.0,oxo_hideaway,OXO Hideaway Compact,19.97,4,hygiene,4,45-54,,North America,Middle,Man,Mid-life,Small town,,Self-employed,"I want a brush that disappears into a clean, minimal canister and doesn't leave a wet, ugly mess on the floor — the auto-open hideaway design and ventilated tray solve that, and OXO's build quality and top-rated reputation make the modest price premium worth it. The compact footprint suits a small bathroom, and I trust the brand to last."
survey_toilet-brush-choice__NPWGUnA,persona/datasets/matraix-persona-1m/cohorts/cohort-162f4cf6eb0f/persona_amazon-afd379b63b05.yaml,1.0,oxo_hideaway,OXO Hideaway Compact,19.97,5,hygiene,5,,,North America,,Woman,Mid-life,,,Retired,"I'm a retiree who owns my home and I like things tidy and well made, so the OXO Hideaway appeals to me most: the canister hides the brush entirely when stored, and it opens automatically when you lift the handle, which is handy given my chronic condition. The ventilated tray that keeps water from pooling is exactly the hygiene detail I want, and at $19.97 with a No.1 Top Rated reputation it feels like solid value without being the cheapest flimsy option."
survey_toilet-brush-choice__NZaP4Ts,persona/datasets/matraix-persona-1m/cohorts/cohort-162f4cf6eb0f/persona_wiki-ceb7492b2d0e.yaml,1.0,oxo_hideaway,OXO Hideaway Compact,19.97,4,hygiene,4,35-44,Value-driven,North America,null,Woman,Mid-life,null,null,Full-time,"I want a clean, minimal look with no visible brush, and the auto-open hideaway canister plus ventilated tray solves the soggy-brush hygiene problem I actually care about. OXO's build quality and top-rated reputation justify the $19.97 far more than cheaper plastic sets that would annoy me daily."
survey_toilet-brush-choice__NcigGbK,persona/datasets/matraix-persona-1m/cohorts/cohort-162f4cf6eb0f/persona_amazon-92b04485ead3.yaml,1.0,oxo_hideaway,OXO Hideaway Compact,19.97,4,hygiene,4,,,North America,,Man,,Nomadic / remote,,Retired,"I want a clean, minimal look where the brush disappears into the canister, and the auto-open lid plus ventilated tray keeps things hygienic without fuss. OXO's reputation and the compact footprint suit my small, frequently-changing living spaces."
survey_toilet-brush-choice__NfbESwe,persona/datasets/matraix-persona-1m/cohorts/cohort-162f4cf6eb0f/persona_gss-57c92d81011a.yaml,1.0,oxo_hideaway,OXO Hideaway Compact,19.97,4,hygiene,4,25-34,,North America,Middle,Man,,,,Full-time,"I want a reliable set from a brand I trust, and the OXO Hideaway is top rated with a canister that hides the brush and a ventilated tray so it stays cleaner. The compact footprint suits my bathroom, and at $19.97 the price is reasonable for the quality."
survey_toilet-brush-choice__NgbojPZ,persona/datasets/matraix-persona-1m/cohorts/cohort-162f4cf6eb0f/persona_wiki-6a0a6f692e59.yaml,1.0,oxo_hideaway,OXO Hideaway Compact,19.97,4,hygiene,4,65+,,North America,High income,Man,Retirement,null,null,Retired,"I want a clean, uncluttered bathroom and the hideaway canister that conceals the brush entirely appeals to me, with the ventilated tray preventing the mildew smell I've dealt with on cheaper sets. OXO is a brand I trust for well-built, no-nonsense tools, and the compact footprint suits a small guest bath."
survey_toilet-brush-choice__NjivGuw,persona/datasets/matraix-persona-1m/cohorts/cohort-162f4cf6eb0f/persona_stackoverflow-241c53b46731.yaml,1.0,oxo_hideaway,OXO Hideaway Compact,19.97,4,hygiene,4,25-34,,North America,,,Early career,,,Full-time,"It's the only one with a genuinely functional design: the hideaway canister auto-opens and the ventilated tray stops water pooling, which is the actual hygiene problem with toilet brushes. OXO is a brand I trust to not cheap out on the mechanism, and at $19.97 it's mid-priced rather than paying $29 for a bronze plastic tube that just looks nice."
survey_toilet-brush-choice__Nk9F5Fs,persona/datasets/matraix-persona-1m/cohorts/cohort-162f4cf6eb0f/persona_wiki-4a612fc897fc.yaml,1.0,oxo_hideaway,OXO Hideaway Compact,19.97,4,hygiene,4,55-64,Indifferent,North America,Middle,Man,Retirement,Rural,$50k-100k,Retired,"I've owned OXO Good Grips tools for years and they hold up — the hideaway canister keeps the brush out of sight, which suits my bathroom, and the ventilated tray means no stagnant water sitting around. At $19.97 it's a fair price for something I'll use daily and not have to replace for a decade."
survey_toilet-brush-choice__P2gKece,persona/datasets/matraix-persona-1m/cohorts/cohort-162f4cf6eb0f/persona_wiki-1ff57338f0ae.yaml,1.0,oxo_hideaway,OXO Hideaway Compact,19.97,4,hygiene,4,65+,Indifferent,North America,Middle,Woman,Mid-life,Dense urban,,Self-employed,"I live in a small city apartment and value a tidy, uncluttered bathroom, so the OXO Hideaway's auto-opening canister that conceals the brush entirely appeals to me. OXO is a brand I trust for well-designed, durable household tools, and the ventilated tray that prevents water pooling addresses hygiene without fuss. At $19.97 it sits comfortably in my budget for something I will use daily for years."
survey_toilet-brush-choice__P4EFjiu,persona/datasets/matraix-persona-1m/cohorts/cohort-162f4cf6eb0f/persona_wiki-d6d3ef549b00.yaml,1.0,oxo_hideaway,OXO Hideaway Compact,19.97,4,hygiene,4,65+,null,North America,Middle,Woman,Retirement,Small town,null,Retired,"The hideaway canister keeps the brush out of sight, which suits my tidy bathroom, and the ventilated tray prevents the pooling water that makes brushes unhygienic. OXO is a brand I trust, and at $19.97 the price is reasonable for a well-rated, compact set that will last."
survey_toilet-brush-choice__P6RNQAd,persona/datasets/matraix-persona-1m/cohorts/cohort-162f4cf6eb0f/persona_stackoverflow-ec4544bd96a0.yaml,1.0,oxo_hideaway,OXO Hideaway Compact,19.97,4,hygiene,4,35-44,,North America,,,,,$100k-200k,Full-time,"I want a compact, covered set that hides the brush and keeps the bathroom looking clean, and the auto-opening canister plus ventilated tray solves the dripping-water problem I've had with cheaper holders. OXO's reputation and the No.1 Top Rated badge give me confidence it'll hold up, and ~$20 is reasonable for something I'll use daily for years."
survey_toilet-brush-choice__P7ETsnf,persona/datasets/matraix-persona-1m/cohorts/cohort-162f4cf6eb0f/persona_wiki-f4a2cb03a4f2.yaml,1.0,oxo_hideaway,OXO Hideaway Compact,19.97,4,design,4,,,North America,,Woman,Mid-life,,,Full-time,"I want a set that looks clean and intentional in a guest-visible bathroom, and the OXO Hideaway's canister conceals the brush entirely, which matters for a polished look. It's a trusted brand with a No.1 Top Rated track record, and the ventilated tray plus compact footprint fit my space and hygiene standards at a fair mid-range price."
survey_toilet-brush-choice__PAPgkRh,persona/datasets/matraix-persona-1m/cohorts/cohort-162f4cf6eb0f/persona_gss-26ae612f9dd6.yaml,1.0,oxo_hideaway,OXO Hideaway Compact,19.97,4,hygiene,4,55-64,,North America,,Woman,,,,Part-time,"I want a compact, tidy set that hides the brush away so the bathroom stays looking clean and guest-ready. OXO is a brand I trust, it's top rated, and the ventilated tray keeps things hygienic without being bulky or overpriced."
survey_toilet-brush-choice__PAnk3a7,persona/datasets/matraix-persona-1m/cohorts/cohort-162f4cf6eb0f/persona_stackoverflow-b0c0d455f944.yaml,1.0,oxo_hideaway,OXO Hideaway Compact,19.97,4,hygiene,4,55-64,,North America,,,,,,Full-time,"I want a brush that stays hidden and doesn't pool water in the base, and the OXO's auto-open canister with ventilated tray solves exactly that. It's a known brand at a mid price, and the compact footprint suits my bathroom without me having to gamble on silicone gimmicks."
survey_toilet-brush-choice__PCGASXD,persona/datasets/matraix-persona-1m/cohorts/cohort-162f4cf6eb0f/persona_gss-4b2ccff88cf5.yaml,1.0,jiga_3pack,JIGA 3-Pack,13.99,5,price,4,25-34,,North America,Lower-middle,Woman,,,,Homemaker,"With three kids and one bathroom, I'm constantly cleaning and replacing worn-out brushes, so getting three sets for $13.99 is the best value here. The stiff nylon bristles and long handles should handle heavy daily scrubbing, and having spares means I'm not rebuying every few months."
survey_toilet-brush-choice__PFopmx8,persona/datasets/matraix-persona-1m/cohorts/cohort-162f4cf6eb0f/persona_gss-bf092bfd40a9.yaml,1.0,boomjoy_tweezer,BOOMJOY Silicone+Tweezers,12.99,5,price,4,25-34,,North America,Lower-middle,Woman,,,,Full-time,"It's cheap at $12.99 and the built-in tweezers are genuinely useful for pulling hair out of the brush, which is the grossest part of the job. The ventilated base should dry faster and the aluminum handle won't rust out like the cheap plastic ones."
survey_toilet-brush-choice__PHHj938,persona/datasets/matraix-persona-1m/cohorts/cohort-162f4cf6eb0f/persona_stackoverflow-ff85faefa336.yaml,1.0,oxo_hideaway,OXO Hideaway Compact,19.97,4,hygiene,4,18-24,,North America,,,Early career,,,Full-time,"I want a compact, clean-looking set where the brush is hidden when stored, and the auto-open ventilated canister solves the dripping-water problem that silicone sets often have. OXO is a brand I trust for functional kitchen/bath gear, and at $19.97 the price is reasonable for something I'll use daily for years."
survey_toilet-brush-choice__PVEaett,persona/datasets/matraix-persona-1m/cohorts/cohort-162f4cf6eb0f/persona_gss-a8844859a7fd.yaml,1.0,jiga_3pack,JIGA 3-Pack,13.99,5,price,4,45-54,,North America,Lower-middle,Man,,,,Full-time,"With three kids and multiple bathrooms, I need brushes for each one, and getting three sets for $13.99 is the practical, budget-friendly pick. The stiff nylon bristles and covered caddy bases are exactly what I want for scrubbing, and I don't care about fancy silicone or designer finishes."
survey_toilet-brush-choice__PcnGgFp,persona/datasets/matraix-persona-1m/cohorts/cohort-162f4cf6eb0f/persona_wiki-aab86f29500d.yaml,1.0,oxo_hideaway,OXO Hideaway Compact,19.97,4,hygiene,4,65+,,North America,null,Man,Retirement,null,null,Retired,"At my age I want something that simply works and lasts — OXO has a reputation for well-designed, durable household tools, and the auto-open hideaway canister keeps the brush out of sight, which suits a tidy bathroom. The ventilated tray that prevents water pooling is the hygiene feature I care about most, and $19.97 is a fair price for a top-rated, compact set."
survey_toilet-brush-choice__PmTvMDu,persona/datasets/matraix-persona-1m/cohorts/cohort-162f4cf6eb0f/persona_gss-415e5556916b.yaml,1.0,clorox_under_rim,Clorox Corner Under-Rim,15.5,4,cleaning,4,75-84,,North America,,Man,Retirement,,,Retired,"I want a simple, well-priced set from a brand I recognize and trust. The under-rim scrubber and corner storage are practical touches that suit my bathroom, and at $15.50 the price is reasonable."
survey_toilet-brush-choice__PuErqkx,persona/datasets/matraix-persona-1m/cohorts/cohort-162f4cf6eb0f/persona_stackoverflow-647cf8d5366b.yaml,1.0,oxo_hideaway,OXO Hideaway Compact,19.97,4,hygiene,4,45-54,,North America,,,,,,Full-time,"OXO's Hideaway is the only option with a genuinely functional, well-reviewed design: the canister opens automatically on lift and the ventilated tray stops water pooling, which matters more to me than gimmicks like tweezers or a 3-pack of cheap plastic. At $19.97 it's mid-priced, and OXO is a brand I trust for durable, no-nonsense household tools."
survey_toilet-brush-choice__PxpeR7V,persona/datasets/matraix-persona-1m/cohorts/cohort-162f4cf6eb0f/persona_stackoverflow-c46fffea353e.yaml,1.0,oxo_hideaway,OXO Hideaway Compact,19.97,4,hygiene,4,18-24,,North America,,,Student,,,Self-employed,"I want a hygienic, compact set that hides the brush and drains water rather than pooling it, and OXO's reputation plus the No.1 top-rated status gives me confidence in build quality. At $19.97 it's a mid-range price I can justify for a well-engineered, space-saving design — silicone sets at $12.99 save money but I'm skeptical of nub heads actually scrubbing, and the 2-packs/3-packs just add clutter I don't need."
survey_toilet-brush-choice__PzYpg2X,persona/datasets/matraix-persona-1m/cohorts/cohort-162f4cf6eb0f/persona_wiki-c5bc2e66fc0d.yaml,1.0,oxo_hideaway,OXO Hideaway Compact,19.97,4,hygiene,4,,,North America,,Man,Retirement,,,,"I want a compact, well-organized set that looks clean and hides the brush when not in use. OXO's hideaway canister, ventilated tray, and strong reputation for durable everyday tools make it the most reliable pick for my bathroom."
survey_toilet-brush-choice__PzpASYH,persona/datasets/matraix-persona-1m/cohorts/cohort-162f4cf6eb0f/persona_amazon-22989014f116.yaml,1.0,oxo_hideaway,OXO Hideaway Compact,19.97,4,hygiene,4,45-54,Value-driven,North America,,,,Suburban,,Self-employed,"I value brand trust and reliability, and OXO is a brand I've had good experiences with. The hideaway canister that opens automatically and the ventilated tray address my hygiene concerns without adding clutter, and at $19.97 it's a reasonable mid-range price for something I'll use daily."
survey_toilet-brush-choice__Q2Y68KF,persona/datasets/matraix-persona-1m/cohorts/cohort-162f4cf6eb0f/persona_stackoverflow-4c5930025bd8.yaml,1.0,oxo_hideaway,OXO Hideaway Compact,19.97,4,hygiene,4,18-24,,North America,,,Early career,,,Full-time,"I want something compact and tidy that hides the brush away, and the OXO Hideaway's auto-opening canister with a ventilated tray solves the dripping-water and clutter problem in a small bathroom. At $19.97 it's mid-range but the brand's reputation and top-rated status make it worth the extra over the cheap silicone sets."
survey_toilet-brush-choice__Q2iVaF8,persona/datasets/matraix-persona-1m/cohorts/cohort-162f4cf6eb0f/persona_amazon-0e8d98b7ba11.yaml,1.0,oxo_hideaway,OXO Hideaway Compact,19.97,4,hygiene,4,45-54,Value-driven,North America,,,,,,,"The hideaway canister that opens automatically when the brush is lifted is the design detail that wins me — no wet brush on display, and the ventilated tray prevents the stagnant water that makes most holders gross. OXO's reputation for durable, well-considered tools plus the No.1 top-rated status justifies the mid-range $19.97, and the compact footprint suits a small bathroom."
survey_toilet-brush-choice__Q5KRNcN,persona/datasets/matraix-persona-1m/cohorts/cohort-162f4cf6eb0f/persona_wiki-923c28eaa8ae.yaml,1.0,oxo_hideaway,OXO Hideaway Compact,19.97,4,hygiene,5,,Value-driven,North America,Upper-middle,Woman,Mid-life,Dense urban,,Full-time,"I keep a tidy, minimal bathroom and dislike seeing a dripping brush on display, so the OXO's hideaway canister that opens on lift and ventilated tray is exactly the design logic I want. It is the top-rated option in the set and $19.97 is a reasonable price for a well-engineered object I will use daily for years."
survey_toilet-brush-choice__Q5z5ezP,persona/datasets/matraix-persona-1m/cohorts/cohort-162f4cf6eb0f/persona_gss-1777273913b2.yaml,1.0,oxo_hideaway,OXO Hideaway Compact,19.97,4,hygiene,4,85+,,North America,Middle,Woman,Retirement,,,Retired,"At my age I want something simple, tidy and trustworthy, and the OXO Hideaway is top rated with a canister that hides the brush and opens automatically when lifted. The ventilated tray keeps it from getting soggy, which matters for hygiene, and the price of $19.97 is reasonable for a brand I recognize."
survey_toilet-brush-choice__Q6AHa5D,persona/datasets/matraix-persona-1m/cohorts/cohort-162f4cf6eb0f/persona_wiki-7f777260daaa.yaml,1.0,oxo_hideaway,OXO Hideaway Compact,19.97,4,hygiene,5,25-34,,North America,Middle,Man,Early career,Small town,null,Full-time,"I want a set that stays clean and out of sight, and the OXO Hideaway's auto-opening canister and ventilated tray prevent the water pooling and mildew smell I've dealt with before. The compact footprint suits my bathroom, and OXO's reputation for durable, well-built tools makes the $19.97 price easy to justify."
survey_toilet-brush-choice__Q94mgUi,persona/datasets/matraix-persona-1m/cohorts/cohort-162f4cf6eb0f/persona_stackoverflow-1411924b5661.yaml,1.0,oxo_hideaway,OXO Hideaway Compact,19.97,4,hygiene,4,25-34,,North America,,,Early career,,$200k+,Full-time,"I want a compact, hygienic set that hides the brush and drains water properly, and the OXO Hideaway's auto-open ventilated canister plus top-rated reputation fits that. The $19.97 price is reasonable for a well-reviewed, minimal design that won't look messy in a small bathroom."
survey_toilet-brush-choice__QDc2Gpu,persona/datasets/matraix-persona-1m/cohorts/cohort-162f4cf6eb0f/persona_gss-8d8d5b28b4dc.yaml,1.0,clorox_under_rim,Clorox Corner Under-Rim,15.5,5,cleaning,5,65-74,,North America,Lower-middle,Man,,,,Full-time,"I want a brush that actually gets under the rim where the stains hide, and the Clorox under-rim scrubber does that. The corner caddy saves space in my small bathroom, the price is fair, and Clorox is a brand I trust for cleaning."
survey_toilet-brush-choice__QFGQGJQ,persona/datasets/matraix-persona-1m/cohorts/cohort-162f4cf6eb0f/persona_gss-2f352564a70f.yaml,1.0,oxo_hideaway,OXO Hideaway Compact,19.97,4,hygiene,5,45-54,,North America,Upper-middle,Woman,,,,Part-time,"I want a set that looks tidy and discreet in our guest bathroom, and the OXO Hideaway canister keeps the brush completely out of sight while the ventilated tray prevents that stagnant water smell. OXO is a brand I trust for everyday kitchen and bath tools, and at $19.97 the price is reasonable for something that will last."
survey_toilet-brush-choice__QHLvVc8,persona/datasets/matraix-persona-1m/cohorts/cohort-162f4cf6eb0f/persona_gss-dcd2683e0b86.yaml,1.0,clorox_under_rim,Clorox Corner Under-Rim,15.5,4,cleaning,4,75-84,,North America,,Woman,,,,Homemaker,"I am 75-84, widowed, and live alone, so I want a brush that cleans thoroughly without much bending or scrubbing effort. The Clorox set is a trusted brand name I recognize, has an antibacterial brush and a dedicated under-rim scrubber for the hard-to-reach spots, and at $15.50 it is a reasonable price. The white and gray look is simple and will match my bathroom."
survey_toilet-brush-choice__QJMWxNf,persona/datasets/matraix-persona-1m/cohorts/cohort-162f4cf6eb0f/persona_stackoverflow-e68953097002.yaml,1.0,oxo_hideaway,OXO Hideaway Compact,19.97,4,hygiene,4,45-54,,North America,,,,,,Full-time,"The hideaway canister that opens automatically when lifted is the cleanest design for a small bathroom, and the ventilated tray prevents the stagnant water pooling that makes most brush holders gross. OXO is a brand I trust for durable everyday tools, and at $19.97 the price is reasonable for something I'll use for years. Silicone brushes look trendy but nylon bristles actually scrub; this is the practical pick."
survey_toilet-brush-choice__QPz4zHg,persona/datasets/matraix-persona-1m/cohorts/cohort-162f4cf6eb0f/persona_wiki-5f92e892f2d1.yaml,1.0,oxo_hideaway,OXO Hideaway Compact,19.97,4,hygiene,4,35-44,Value-driven,North America,Middle,Man,Mid-life,Suburban,null,Self-employed,"The OXO Hideaway's automatic canister and ventilated tray solve the two things I actually care about: the brush stays out of sight and doesn't sit in a puddle of water. It's the top-rated option at a reasonable $19.97, and the compact footprint suits my bathroom."
survey_toilet-brush-choice__QSUP88Z,persona/datasets/matraix-persona-1m/cohorts/cohort-162f4cf6eb0f/persona_wiki-9d086d733ff3.yaml,1.0,oxo_hideaway,OXO Hideaway Compact,19.97,4,design,5,55-64,,North America,Upper-middle,Man,Retirement,Suburban,,Retired,"I value a clean, uncluttered bathroom, and the OXO Hideaway's slim canister hides the brush entirely while opening automatically when lifted, so it looks tidy and is easy to use. OXO's reputation for durable, well-designed tools and its top-rated status give me confidence it will hold up, and the ventilated tray keeps things hygienic."
survey_toilet-brush-choice__QWvopz6,persona/datasets/matraix-persona-1m/cohorts/cohort-162f4cf6eb0f/persona_wiki-5cabd9edbbf7.yaml,1.0,oxo_hideaway,OXO Hideaway Compact,19.97,4,hygiene,4,65+,,North America,null,Man,Retirement,null,null,Retired,"I want a set that stays clean-looking and out of the way, and the OXO Hideaway's canister hides the brush entirely while the ventilated tray keeps things dry and hygienic. OXO has a solid reputation for durable, well-designed tools, and at $19.97 the price is reasonable for that quality."
survey_toilet-brush-choice__QYZAPtA,persona/datasets/matraix-persona-1m/cohorts/cohort-162f4cf6eb0f/persona_amazon-85f953259e86.yaml,1.0,oxo_hideaway,OXO Hideaway Compact,19.97,4,hygiene,4,,,North America,,Man,Mid-life,Suburban,,Self-employed,"I want a clean, minimal look with no visible brush, and OXO's hideaway canister opens automatically and has a ventilated tray so it doesn't pool water. It's a trusted brand at a fair mid-range price, and the compact footprint suits my bathroom."
survey_toilet-brush-choice__QYi9jwe,persona/datasets/matraix-persona-1m/cohorts/cohort-162f4cf6eb0f/persona_gss-9a88b8b7ce06.yaml,1.0,oxo_hideaway,OXO Hideaway Compact,19.97,4,hygiene,4,35-44,,North America,Lower-middle,Woman,,,,Full-time,"I want something that looks tidy and hides the brush away, and OXO is a brand I trust to hold up. The auto-open canister and ventilated tray keep things cleaner and drier, and it's compact for a small bathroom at a fair price."
survey_toilet-brush-choice__QZ7MSkr,persona/datasets/matraix-persona-1m/cohorts/cohort-162f4cf6eb0f/persona_gss-ea3bb824fd40.yaml,1.0,oxo_hideaway,OXO Hideaway Compact,19.97,4,hygiene,4,55-64,,North America,Lower-middle,Man,,,,Full-time,"I want something that looks tidy and hides the brush away, and OXO is a brand I've had good luck with on other kitchen items. The $19.97 price is reasonable for a top-rated set that should last a few years, and the compact footprint fits my small bathroom."
survey_toilet-brush-choice__QaBm6NF,persona/datasets/matraix-persona-1m/cohorts/cohort-162f4cf6eb0f/persona_stackoverflow-a9784dadc4ca.yaml,1.0,oxo_hideaway,OXO Hideaway Compact,19.97,4,hygiene,5,35-44,,North America,,,,,,Full-time,"The OXO Hideaway's auto-open canister keeps the brush fully concealed and its ventilated tray stops water pooling, which addresses the hygiene and tidiness issues I care about most. At $19.97 with a No.1 Top Rated reputation and a compact footprint, it's a well-reviewed, reliable pick without overspending."
survey_toilet-brush-choice__QaqSDr9,persona/datasets/matraix-persona-1m/cohorts/cohort-162f4cf6eb0f/persona_wiki-608adbefd131.yaml,1.0,oxo_hideaway,OXO Hideaway Compact,19.97,4,hygiene,4,65+,,North America,High income,Man,Retirement,Small town,null,Retired,"I want a single, well-built set that stores the brush out of sight and drains properly, and OXO's reputation for durable, functional housewares is well earned. The auto-opening canister with a ventilated tray keeps the bathroom tidy and hygienic, and the compact footprint suits a small bathroom. At $19.97 it is a reasonable price for a product I expect to last years."
survey_toilet-brush-choice__Qh7xLNd,persona/datasets/matraix-persona-1m/cohorts/cohort-162f4cf6eb0f/persona_gss-e7647dfb3edb.yaml,1.0,clorox_under_rim,Clorox Corner Under-Rim,15.5,5,cleaning,4,65-74,,North America,Lower-middle,Woman,,,,Homemaker,"As a homemaker on a tight budget, I want good value and a brand I recognize. The Clorox set is reasonably priced at $15.50, and the under-rim scrubber and antibacterial bristles help me keep the bathroom truly clean, which matters to me."
survey_toilet-brush-choice__Qhy9bph,persona/datasets/matraix-persona-1m/cohorts/cohort-162f4cf6eb0f/persona_wiki-d77564ffa20b.yaml,1.0,oxo_hideaway,OXO Hideaway Compact,19.97,4,hygiene,4,65+,Value-driven,North America,Middle,Woman,Retirement,Dense urban,,Self-employed,"I want a set that looks tidy and disappears into the bathroom rather than announcing itself, and the OXO Hideaway's canister hides the brush completely while the ventilated tray keeps things from getting soggy. OXO is a brand I've trusted in my kitchen for decades, and at $19.97 the price is reasonable for something I'll use daily for years."
survey_toilet-brush-choice__QidEsQa,persona/datasets/matraix-persona-1m/cohorts/cohort-162f4cf6eb0f/persona_gss-05589d72e5c4.yaml,1.0,oxo_hideaway,OXO Hideaway Compact,19.97,4,hygiene,4,65-74,,North America,,Woman,,,,Part-time,"At my age I want something simple and reliable that hides the brush away neatly, and OXO is a brand I trust for sturdy, easy-to-grip kitchen and bath tools. The auto-open canister and ventilated tray keep things tidy and dry without any fuss, and the compact size suits my small bathroom. The price is reasonable for the quality."
survey_toilet-brush-choice__Qocws3E,persona/datasets/matraix-persona-1m/cohorts/cohort-162f4cf6eb0f/persona_stackoverflow-69b2bd70baca.yaml,1.0,oxo_hideaway,OXO Hideaway Compact,19.97,4,hygiene,5,,,North America,,Prefer not to say,,,,Full-time,"I want a hygienic, low-clutter option with a holder that actually dries out, and the OXO Hideaway's auto-open ventilated canister and top-rated track record fit that. At $19.97 it's a reasonable mid-range price for a brand I trust for everyday bathroom hardware."
survey_toilet-brush-choice__QxDzitC,persona/datasets/matraix-persona-1m/cohorts/cohort-162f4cf6eb0f/persona_gss-ae3b8113b614.yaml,1.0,jiga_3pack,JIGA 3-Pack,13.99,5,price,4,25-34,,North America,Middle,Woman,,,,Full-time,"With three kids and a divorced household budget to manage, I need value and I need backups. Three complete sets for $13.99 means every bathroom gets one plus a spare, and stiff nylon bristles actually scrub. The white look is clean and simple, which suits me fine."
survey_toilet-brush-choice__QzTeVKf,persona/datasets/matraix-persona-1m/cohorts/cohort-162f4cf6eb0f/persona_stackoverflow-1f991dbe918d.yaml,1.0,oxo_hideaway,OXO Hideaway Compact,19.97,4,hygiene,4,55-64,,North America,,,Mid-life,,,,"I want a compact, hygienic set that hides the brush and drains water properly, and OXO's auto-open canister with a ventilated tray does exactly that. The brand has a solid reliability record and the $19.97 price is reasonable for something I'll use daily for years."
survey_toilet-brush-choice__QziRqiy,persona/datasets/matraix-persona-1m/cohorts/cohort-162f4cf6eb0f/persona_stackoverflow-05c5ad6a35df.yaml,1.0,oxo_hideaway,OXO Hideaway Compact,19.97,4,hygiene,4,18-24,,North America,,,Student,,,Student,"I want a compact, hygienic set where the brush head isn't sitting in a pool of dirty water, and the OXO's auto-opening ventilated canister solves that with a proven, top-rated design. At $19.97 it's a reasonable middle price for something I'll use daily, and I trust OXO's build quality more than the no-name silicone sets."
survey_toilet-brush-choice__R3ebMNi,persona/datasets/matraix-persona-1m/cohorts/cohort-162f4cf6eb0f/persona_gss-e4f8028c0784.yaml,1.0,oxo_hideaway,OXO Hideaway Compact,19.97,4,hygiene,3,18-24,,North America,Middle,Woman,Student,,,Student,"I want something that actually hides the brush, since a visible wet brush in a small bathroom is gross. OXO is a brand I trust for basic household stuff, and the auto-open canister with a ventilated tray seems like the most hygienic and tidy option. $19.97 is a bit more than I'd like to spend, but it's reasonable for something that lasts."
survey_toilet-brush-choice__RECtWuy,persona/datasets/matraix-persona-1m/cohorts/cohort-162f4cf6eb0f/persona_wiki-8378be84406a.yaml,1.0,oxo_hideaway,OXO Hideaway Compact,19.97,5,hygiene,5,65+,,North America,null,Man,Retirement,null,null,Retired,"At 71 I have bought enough cheap brushes to know they fail at the holder, not the bristles. The OXO Hideaway's auto-open canister and ventilated tray keep the brush concealed and dry, which keeps the bathroom looking tidy and hygienic, and OXO's grip design is dependable. The $19.97 price is fair for a top-rated set that will last."
survey_toilet-brush-choice__REpAD64,persona/datasets/matraix-persona-1m/cohorts/cohort-162f4cf6eb0f/persona_wiki-eb92d01cd6d8.yaml,1.0,oxo_hideaway,OXO Hideaway Compact,19.97,4,hygiene,4,55-64,,North America,Middle,Woman,Mid-life,Small town,,Full-time,"I want a brush that stays out of sight and dries properly, and OXO's hideaway canister plus ventilated tray does exactly that without water pooling in the base. The brand has a solid reputation for durable, well-designed household tools, and at $19.97 the price is reasonable for something I'll use daily for years."
survey_toilet-brush-choice__RH6Dknw,persona/datasets/matraix-persona-1m/cohorts/cohort-162f4cf6eb0f/persona_gss-b51744fa6412.yaml,1.0,oxo_hideaway,OXO Hideaway Compact,19.97,4,hygiene,4,25-34,,North America,Lower-middle,Man,,,,Full-time,"I want a hygienic, quick-drying option and the OXO Hideaway's auto-open ventilated canister keeps the brush out of sight while preventing water pooling. It's a trusted, top-rated brand at a reasonable mid-range price, which fits my budget and small bathroom."
survey_toilet-brush-choice__RLUdBDM,persona/datasets/matraix-persona-1m/cohorts/cohort-162f4cf6eb0f/persona_gss-1c42fafb446f.yaml,1.0,oxo_hideaway,OXO Hideaway Compact,19.97,4,hygiene,4,18-24,,North America,Lower-middle,Woman,,,,Full-time,"With two kids and a small bathroom, I want something that hides the brush away and doesn't leave a wet mess. The OXO's auto-opening canister and ventilated tray keep things tidy and hygienic, and the top-rated brand gives me confidence it'll hold up. At $19.97 it's a fair middle price for the quality."
survey_toilet-brush-choice__RMvNy2m,persona/datasets/matraix-persona-1m/cohorts/cohort-162f4cf6eb0f/persona_wiki-e5677d48b535.yaml,1.0,oxo_hideaway,OXO Hideaway Compact,19.97,4,hygiene,4,35-44,Value-driven,North America,Upper-middle,Woman,Mid-life,Small town,,Full-time,"I want a set that keeps the brush fully hidden when stored, since I care about a tidy, hygienic bathroom and dislike looking at a soiled brush. OXO's hideaway canister opens automatically when lifted, has a ventilated tray to prevent water pooling, and the brand's reputation for durable, well-designed tools gives me confidence. The $19.97 price is reasonable for a set I'll use daily for years."
survey_toilet-brush-choice__RTm839N,persona/datasets/matraix-persona-1m/cohorts/cohort-162f4cf6eb0f/persona_wiki-fbde27dd9aee.yaml,1.0,oxo_hideaway,OXO Hideaway Compact,19.97,4,hygiene,4,65+,Value-driven,North America,Upper-middle,Man,Retirement,Suburban,,Self-employed,"I want a clean, minimal look and a holder that keeps the brush out of sight, and the OXO's auto-opening hideaway canister with a ventilated tray does exactly that while keeping water from pooling. The compact footprint suits my bathroom, and OXO's reputation for well-engineered housewares gives me confidence in the build quality at a fair price."
survey_toilet-brush-choice__RWzDjeM,persona/datasets/matraix-persona-1m/cohorts/cohort-162f4cf6eb0f/persona_wiki-c6f794cc5df7.yaml,1.0,oxo_hideaway,OXO Hideaway Compact,19.97,4,hygiene,4,65+,,North America,null,Man,Mid-life,null,null,Retired,"The OXO Hideaway's auto-open canister keeps the brush fully hidden when stored, which suits a clean, uncluttered bathroom, and the ventilated tray prevents water pooling and odor. OXO is a brand I trust for durable, well-designed tools, and at $19.97 the price is reasonable for the top-rated quality."
survey_toilet-brush-choice__RXCF64k,persona/datasets/matraix-persona-1m/cohorts/cohort-162f4cf6eb0f/persona_gss-4a694a40a300.yaml,1.0,jiga_3pack,JIGA 3-Pack,13.99,5,price,4,45-54,,North America,Middle,Man,,,,Full-time,"I have two bathrooms plus a spare, so a 3-pack covers everything at once for the lowest price per brush. Stiff nylon bristles do the scrubbing job I need, and I don't care about fancy silicone or designer finishes."
survey_toilet-brush-choice__RYcLS67,persona/datasets/matraix-persona-1m/cohorts/cohort-162f4cf6eb0f/persona_wiki-d87a9b0bead2.yaml,1.0,oxo_hideaway,OXO Hideaway Compact,19.97,4,hygiene,4,65-74,Value-driven,North America,High income,Man,Retirement,Suburban,$200k+,Self-employed,"I want a clean, uncluttered look in the guest bath, and the OXO Hideaway's auto-open canister keeps the brush fully out of sight while its ventilated tray prevents standing water. OXO is a brand I trust for durable, well-designed household tools, and at $19.97 the price is reasonable for the quality."
survey_toilet-brush-choice__RYfHptA,persona/datasets/matraix-persona-1m/cohorts/cohort-162f4cf6eb0f/persona_gss-e7162bda88c7.yaml,1.0,jiga_3pack,JIGA 3-Pack,13.99,5,price,4,45-54,,North America,Lower-middle,Woman,,,,Full-time,"With three kids and three bathrooms, a 3-pack for $13.99 is the best value on the shelf and I won't have to re-buy anytime soon. Stiff nylon bristles and covered caddy storage are exactly what I need for everyday scrubbing."
survey_toilet-brush-choice__Ra2PVZS,persona/datasets/matraix-persona-1m/cohorts/cohort-162f4cf6eb0f/persona_gss-6b5356918f04.yaml,1.0,clorox_under_rim,Clorox Corner Under-Rim,15.5,4,cleaning,4,45-54,,North America,Lower-middle,Woman,,,,Full-time,"I have three kids and a big family, so I need something that really cleans under the rim where it gets gross. The Clorox name is one I trust, and at $15.50 with antibacterial bristles and a corner caddy, it's a solid deal without being fancy or overpriced."
survey_toilet-brush-choice__RbPg356,persona/datasets/matraix-persona-1m/cohorts/cohort-162f4cf6eb0f/persona_wiki-74a49a7c93c5.yaml,1.0,oxo_hideaway,OXO Hideaway Compact,19.97,4,hygiene,4,65+,Value-driven,North America,Middle,Man,Mid-life,Small town,null,Retired,"I want a brush that stays out of sight and doesn't leave a puddle of water in the holder, so the OXO's auto-opening canister and ventilated tray are exactly what I look for. It is a well-known brand with firm nylon bristles, and at $19.97 the price is reasonable for something I'll use daily for years."
survey_toilet-brush-choice__Rg5KuBs,persona/datasets/matraix-persona-1m/cohorts/cohort-162f4cf6eb0f/persona_gss-1fb4067e03d6.yaml,1.0,oxo_hideaway,OXO Hideaway Compact,19.97,4,hygiene,4,65-74,,North America,Middle,Man,Retirement,,,Retired,"I trust the OXO brand and the hideaway canister keeps the brush out of sight, which suits my bathroom. The ventilated tray that prevents water pooling matters to me since I want things to stay hygienic without a lot of fuss."
survey_toilet-brush-choice__RiLnn5K,persona/datasets/matraix-persona-1m/cohorts/cohort-162f4cf6eb0f/persona_stackoverflow-0f021b06cd2f.yaml,1.0,oxo_hideaway,OXO Hideaway Compact,19.97,4,hygiene,4,25-34,,North America,,,,,,Self-employed,"I want a compact, well-designed set that hides the brush when not in use and has a ventilated tray so water doesn't pool — that matters more to me than price. OXO's reputation for thoughtful everyday design and its No.1 Top Rated status make it the safest pick for a small bathroom."
survey_toilet-brush-choice__RjGuWXn,persona/datasets/matraix-persona-1m/cohorts/cohort-162f4cf6eb0f/persona_gss-abcf54779233.yaml,1.0,oxo_hideaway,OXO Hideaway Compact,19.97,4,hygiene,4,55-64,,North America,Lower-middle,Woman,,,,Full-time,"I want a compact, tidy set that hides the brush away and doesn't look like a toilet brush sitting out in my small bathroom. OXO is a brand I trust, and the auto-open ventilated canister keeps things dry and hygienic without spending much."
survey_toilet-brush-choice__Rm8xLbE,persona/datasets/matraix-persona-1m/cohorts/cohort-162f4cf6eb0f/persona_amazon-63d7b22e1691.yaml,1.0,oxo_hideaway,OXO Hideaway Compact,19.97,4,hygiene,4,,Value-driven,North America,,,,Suburban,,,"I want a hygienic, low-clutter option for a small bathroom, and the OXO Hideaway's auto-opening canister with ventilated tray keeps the brush out of sight and prevents water pooling. It's a trusted, top-rated brand at a mid-range price that fits my frugal-but-quality-driven budget."
survey_toilet-brush-choice__RoNVu47,persona/datasets/matraix-persona-1m/cohorts/cohort-162f4cf6eb0f/persona_stackoverflow-78d4375c47b2.yaml,1.0,oxo_hideaway,OXO Hideaway Compact,19.97,4,hygiene,4,45-54,,North America,,,,,,Full-time,"I want a brush that stays fully hidden when stored, since I care about the bathroom looking tidy and hygienic. OXO's auto-open canister and ventilated tray address water pooling, and the brand has a strong reliability record, so the $19.97 price is justified for a daily-use item I keep for years."
survey_toilet-brush-choice__RqsidX2,persona/datasets/matraix-persona-1m/cohorts/cohort-162f4cf6eb0f/persona_wiki-962a83de7658.yaml,1.0,oxo_hideaway,OXO Hideaway Compact,19.97,4,hygiene,4,65+,,North America,,Man,,,,,"The OXO Hideaway is top rated and its auto-open canister keeps the brush fully hidden, which suits my preference for a clean, uncluttered bathroom. At $19.97 it's a fair mid-range price for a trusted brand and a compact, hygienic design."
survey_toilet-brush-choice__Rs9yotu,persona/datasets/matraix-persona-1m/cohorts/cohort-162f4cf6eb0f/persona_gss-e3f665fb62c2.yaml,1.0,clorox_under_rim,Clorox Corner Under-Rim,15.5,5,cleaning,4,25-34,,North America,Lower-middle,Man,,,,Full-time,"It's affordable at $15.50, has antibacterial bristles which matters to me for hygiene, and the dedicated under-rim scrubber plus corner caddy design means it actually cleans the spots that get missed. Clorox is also a brand I recognize and trust for bathroom cleaning."
survey_toilet-brush-choice__Rx5BsiG,persona/datasets/matraix-persona-1m/cohorts/cohort-162f4cf6eb0f/persona_wiki-56d3cfb4643d.yaml,1.0,oxo_hideaway,OXO Hideaway Compact,19.97,4,hygiene,4,85+,Value-driven,North America,Middle,Woman,Retirement,Small town,null,Self-employed,"I want a clean, uncluttered look where the brush is hidden away, and the OXO Hideaway does exactly that with an auto-opening canister and a ventilated tray that keeps water from pooling. OXO is a brand I trust for durable, well-designed household tools, and at $19.97 it's a reasonable price for something I'll use daily for years."
survey_toilet-brush-choice__RzAxS2p,persona/datasets/matraix-persona-1m/cohorts/cohort-162f4cf6eb0f/persona_gss-d7df417b4e52.yaml,1.0,clorox_under_rim,Clorox Corner Under-Rim,15.5,5,cleaning,4,25-34,,North America,Lower-middle,Woman,,,,Full-time,"I have two kids and a busy household, so a brush that actually gets under the rim and has antibacterial bristles matters to me. The corner caddy saves space in my small bathroom, and $15.50 fits my budget without feeling cheap."
survey_toilet-brush-choice__S2VgTvf,persona/datasets/matraix-persona-1m/cohorts/cohort-162f4cf6eb0f/persona_gss-99c09da5d0be.yaml,1.0,clorox_under_rim,Clorox Corner Under-Rim,15.5,5,cleaning,4,85+,,North America,Middle,Man,Retirement,,,Retired,"I'm a practical man on a fixed retirement income, so a fair price matters, and Clorox is a brand I've trusted in my home for decades. The corner caddy saves space and the under-rim scrubber means I can get the job done properly without a lot of fuss."
survey_toilet-brush-choice__S2zkWUC,persona/datasets/matraix-persona-1m/cohorts/cohort-162f4cf6eb0f/persona_stackoverflow-d3016fa19da5.yaml,1.0,oxo_hideaway,OXO Hideaway Compact,19.97,4,hygiene,4,25-34,,North America,,,,,,Full-time,"I want a brush that stays hidden and doesn't look like a toilet brush sitting out, and the OXO's auto-open canister plus ventilated tray solves the soggy-bristle hygiene problem I actually care about. OXO is a brand I trust for kitchen/bath tools, and at $19.97 it's a reasonable one-time buy rather than a 2-pack or 3-pack of stuff I don't need."
survey_toilet-brush-choice__S45umQx,persona/datasets/matraix-persona-1m/cohorts/cohort-162f4cf6eb0f/persona_stackoverflow-6836da523da0.yaml,1.0,oxo_hideaway,OXO Hideaway Compact,19.97,4,hygiene,4,35-44,,North America,,,,,,Full-time,"The OXO Hideaway solves the two things I actually care about: the brush stays hidden and out of sight, and the ventilated tray keeps water from pooling in the base, which is where these things get gross. At $19.97 it's mid-priced, and OXO's reputation plus the 'No.1 Top Rated' signal gives me more confidence than the no-name silicone sets I can't verify."
survey_toilet-brush-choice__S5DtBte,persona/datasets/matraix-persona-1m/cohorts/cohort-162f4cf6eb0f/persona_gss-7f1cb4de4795.yaml,1.0,clorox_under_rim,Clorox Corner Under-Rim,15.5,4,cleaning,4,18-24,,North America,Lower-middle,Woman,,,,Full-time,"I trust the Clorox name for cleaning power, and the under-rim scrubber plus antibacterial bristles matter most in a house with a little one. At $15.50 it's affordable, and the corner caddy keeps it tucked out of the way in our small bathroom."
survey_toilet-brush-choice__S5Ns8Ew,persona/datasets/matraix-persona-1m/cohorts/cohort-162f4cf6eb0f/persona_gss-c91819831623.yaml,1.0,oxo_hideaway,OXO Hideaway Compact,19.97,4,hygiene,4,18-24,,North America,Middle,Woman,Student,,,Student,"As a student on a budget, I want something reliable without spending too much. The OXO Hideaway is top-rated, hides the brush neatly for a clean look, and the ventilated tray keeps things hygienic—worth the mid-range price."
survey_toilet-brush-choice__S8ibBiw,persona/datasets/matraix-persona-1m/cohorts/cohort-162f4cf6eb0f/persona_gss-74961734bf55.yaml,1.0,oxo_hideaway,OXO Hideaway Compact,19.97,4,hygiene,4,25-34,,North America,Middle,Woman,Student,,,Student,"I want a compact, tidy set that hides the brush when stored, and OXO's reputation plus the ventilated tray for hygiene makes it worth the higher price. It fits a small bathroom and feels like a durable, well-designed everyday item."
survey_toilet-brush-choice__SEVQ345,persona/datasets/matraix-persona-1m/cohorts/cohort-162f4cf6eb0f/persona_gss-c9fe5779234c.yaml,1.0,oxo_hideaway,OXO Hideaway Compact,19.97,4,hygiene,4,25-34,,North America,Middle,Woman,,,,Full-time,"I want a clean, tidy look in my bathroom and I trust OXO as a brand for everyday household tools. The hideaway canister keeps the brush out of sight and the ventilated tray helps it dry, which matters to me for hygiene. At just under $20, the price feels reasonable for something I'll use daily."
survey_toilet-brush-choice__SHaGejc,persona/datasets/matraix-persona-1m/cohorts/cohort-162f4cf6eb0f/persona_wiki-8193ca7fbff3.yaml,1.0,oxo_hideaway,OXO Hideaway Compact,19.97,4,hygiene,4,,,North America,,Man,Mid-life,,,Retired,"I want a clean, minimal look with the brush fully hidden when stored, and the auto-open canister plus ventilated tray addresses the hygiene and water-pooling issues that bother me most. OXO's reputation for well-engineered household tools and its top-rated status justify the mid-range price for a fixture I'll use daily for years."
survey_toilet-brush-choice__SQqKQRM,persona/datasets/matraix-persona-1m/cohorts/cohort-162f4cf6eb0f/persona_stackoverflow-11b6b67f2b39.yaml,1.0,oxo_hideaway,OXO Hideaway Compact,19.97,4,hygiene,4,35-44,,North America,,,,,,Part-time,"I want a compact, hygienic set that hides the brush when stored and has a ventilated tray so water doesn't pool. OXO's design is minimal, well-reviewed, and fits a small bathroom without looking like a cheap plastic caddy."
survey_toilet-brush-choice__SYVX7pN,persona/datasets/matraix-persona-1m/cohorts/cohort-162f4cf6eb0f/persona_stackoverflow-6746ede97630.yaml,1.0,oxo_hideaway,OXO Hideaway Compact,19.97,4,hygiene,4,65+,,North America,,,Retirement,,,Self-employed,"I prioritize hygiene and reliability over price, and the OXO Hideaway's auto-opening canister and ventilated tray prevent standing water and odor, which is the main thing I care about in a bathroom tool. OXO is also a brand with a track record I trust, and the compact footprint suits a small bathroom."
survey_toilet-brush-choice__SiuqYVr,persona/datasets/matraix-persona-1m/cohorts/cohort-162f4cf6eb0f/persona_gss-f05e2b7ac545.yaml,1.0,oxo_hideaway,OXO Hideaway Compact,19.97,4,hygiene,4,25-34,,North America,Lower-middle,Man,,,,Full-time,"I want something compact and clean-looking that hides the brush when it's not in use, and OXO is a brand I trust for basic household stuff. The ventilated tray that keeps water from pooling matters to me for hygiene, and at $19.97 it's a reasonable middle price for something I'll use every week."
survey_toilet-brush-choice__SmBRoiV,persona/datasets/matraix-persona-1m/cohorts/cohort-162f4cf6eb0f/persona_stackoverflow-82102ceafcd3.yaml,1.0,oxo_hideaway,OXO Hideaway Compact,19.97,4,hygiene,4,45-54,,North America,,,,,,Full-time,"I want something that looks tidy and doesn't show a dripping brush sitting in the open, and OXO's hideaway canister with a ventilated tray solves both without being fussy. It's mid-priced at $19.97, from a brand with a solid reputation for practical design, and the compact footprint suits a small bathroom."
survey_toilet-brush-choice__SqU7RT7,persona/datasets/matraix-persona-1m/cohorts/cohort-162f4cf6eb0f/persona_wiki-da3dce506edc.yaml,1.0,oxo_hideaway,OXO Hideaway Compact,19.97,4,hygiene,4,55-64,,North America,null,Woman,Mid-life,null,null,Retired,"At 62 I want a brush that stays out of sight, dries without pooling water, and doesn't look like a janitor's tool sitting next to the toilet. OXO's hideaway canister opens on lift, the ventilated tray prevents that sour standing-water smell, and the compact footprint suits my smaller guest bath. The brand has earned my trust over decades of kitchen tools, and $19.97 is a fair price for something I'll use weekly for years."
survey_toilet-brush-choice__SsjvjCL,persona/datasets/matraix-persona-1m/cohorts/cohort-162f4cf6eb0f/persona_gss-8faa38dff9a7.yaml,1.0,oxo_hideaway,OXO Hideaway Compact,19.97,5,hygiene,4,75-84,,North America,Middle,Woman,Retirement,,,Retired,"I trust the OXO brand name and the hideaway canister keeps the brush out of sight, which suits my tidy bathroom. The ventilated tray that prevents water pooling matters to me for hygiene, and at under $20 the price is reasonable."
survey_toilet-brush-choice__SvRa2M8,persona/datasets/matraix-persona-1m/cohorts/cohort-162f4cf6eb0f/persona_wiki-5070a28c1184.yaml,1.0,oxo_hideaway,OXO Hideaway Compact,19.97,4,hygiene,4,85+,Value-driven,North America,High income,Man,Retirement,Suburban,$100k-200k,Retired,"At 84 I live alone and keep a tidy, traditional home, so a brush that disappears into a clean, minimal canister appeals to me. OXO's hideaway design is top-rated, the ventilated tray keeps things sanitary, and the compact footprint suits my guest bathroom. I know and trust the OXO name, and $19.97 is a fair price for something that will last."
survey_toilet-brush-choice__SyKRAJ9,persona/datasets/matraix-persona-1m/cohorts/cohort-162f4cf6eb0f/persona_gss-0b4c91107080.yaml,1.0,oxo_hideaway,OXO Hideaway Compact,19.97,4,hygiene,4,35-44,,North America,Middle,Woman,,,,Full-time,"I want a brush that stays hidden and out of sight in a compact, tidy canister, and the OXO's auto-open hideaway design with a ventilated tray keeps things hygienic without looking cluttered. The top-rated reputation and reasonable $19.97 price make it the most practical pick for my bathroom."
survey_toilet-brush-choice__T2Hqdt4,persona/datasets/matraix-persona-1m/cohorts/cohort-162f4cf6eb0f/persona_gss-a7e3946da4d2.yaml,1.0,clorox_under_rim,Clorox Corner Under-Rim,15.5,5,cleaning,4,35-44,,North America,Lower-middle,Man,,,,Full-time,"I want a brush that actually gets under the rim, and the dedicated under-rim scrubber head on this one does that. Clorox is a brand I trust for bathroom cleaning, it's a fair price at $15.50, and the corner caddy keeps it tucked out of the way."
survey_toilet-brush-choice__T4ky5uA,persona/datasets/matraix-persona-1m/cohorts/cohort-162f4cf6eb0f/persona_wiki-5367b820b02e.yaml,1.0,oxo_hideaway,OXO Hideaway Compact,19.97,4,hygiene,4,65+,,North America,,Man,Retirement,,,Retired,"I've spent decades in team sports where good equipment and clean facilities mattered, and OXO has a reputation I trust for well-engineered, durable tools. The hideaway canister keeps the brush out of sight, which suits a tidy bathroom, and the ventilated tray addresses hygiene without any fuss. It's the top-rated pick and reasonably priced for the quality."
survey_toilet-brush-choice__T6nrtZn,persona/datasets/matraix-persona-1m/cohorts/cohort-162f4cf6eb0f/persona_stackoverflow-eca1eb743ed9.yaml,1.0,oxo_hideaway,OXO Hideaway Compact,19.97,4,hygiene,4,45-54,,North America,,,,,,Full-time,"I want a set that looks tidy and doesn't show a dripping brush, and the OXO Hideaway's auto-opening ventilated canister solves that while staying compact for a small bathroom. OXO is a brand I trust for practical household tools, and at $19.97 the price is reasonable for the build quality."
survey_toilet-brush-choice__T7CRjvy,persona/datasets/matraix-persona-1m/cohorts/cohort-162f4cf6eb0f/persona_gss-489060fa3fb9.yaml,1.0,oxo_hideaway,OXO Hideaway Compact,19.97,4,hygiene,4,45-54,,North America,Lower-middle,Woman,,,,Full-time,"I want something that hides the brush so my bathroom stays looking tidy, and OXO is a brand I trust for everyday household items. The auto-open canister and ventilated tray help keep things dry and hygienic, and at $19.97 it's a fair mid-range price."
survey_toilet-brush-choice__T8mDetn,persona/datasets/matraix-persona-1m/cohorts/cohort-162f4cf6eb0f/persona_wiki-03ed64596e6e.yaml,1.0,oxo_hideaway,OXO Hideaway Compact,19.97,4,hygiene,4,,,North America,,Man,Mid-life,,,Self-employed,"I want a clean, uncluttered look in the bathroom, and the OXO's hideaway canister keeps the brush completely out of sight while the ventilated tray stops water pooling at the bottom. It's a well-known brand with a solid reputation, and at under $20 it's a reasonable price for something I'll use every week for years."
survey_toilet-brush-choice__T8rHYjF,persona/datasets/matraix-persona-1m/cohorts/cohort-162f4cf6eb0f/persona_stackoverflow-128552c6ae8e.yaml,1.0,oxo_hideaway,OXO Hideaway Compact,19.97,4,hygiene,4,35-44,,North America,High income,,,,,Full-time,"I want a clean, minimal look with no visible brush when stored, and the auto-open hideaway canister plus ventilated tray addresses the hygiene and water-pooling issues I care about. OXO is a brand I trust for durable, well-designed household tools, and at $19.97 the price is reasonable for a single well-made set rather than a multi-pack I don't need."
survey_toilet-brush-choice__T8xVyB6,persona/datasets/matraix-persona-1m/cohorts/cohort-162f4cf6eb0f/persona_stackoverflow-59e0f6478ffe.yaml,1.0,oxo_hideaway,OXO Hideaway Compact,19.97,4,hygiene,4,35-44,,North America,,,,,,Full-time,"I want a compact, minimal set that hides the brush when stored and has a ventilated tray so water doesn't pool — hygiene matters to me. OXO's build quality and top-rated reputation justify the mid-range $19.97 price, and the auto-open canister means no fiddling with a lid."
survey_toilet-brush-choice__TAprWyN,persona/datasets/matraix-persona-1m/cohorts/cohort-162f4cf6eb0f/persona_gss-3476f02ee3f8.yaml,1.0,clorox_under_rim,Clorox Corner Under-Rim,15.5,4,cleaning,4,55-64,,North America,Lower-middle,Man,Retirement,,,Retired,"I want a brush that actually cleans under the rim, and the Clorox has a dedicated under-rim scrubber plus antibacterial bristles. The corner caddy saves space and the price is reasonable at $15.50."
survey_toilet-brush-choice__TDy3Yw4,persona/datasets/matraix-persona-1m/cohorts/cohort-162f4cf6eb0f/persona_wiki-d5cd714dc75c.yaml,1.0,oxo_hideaway,OXO Hideaway Compact,19.97,4,hygiene,5,,,North America,,Man,Early career,,,,"I want a clean, minimal look that hides the brush entirely when stored, and the OXO auto-open canister with a ventilated tray solves the water-pooling problem I've dealt with before. It's a top-rated brand at a fair price, and the compact footprint suits a tight bathroom."
survey_toilet-brush-choice__TEG9X7q,persona/datasets/matraix-persona-1m/cohorts/cohort-162f4cf6eb0f/persona_amazon-5ecdce4bafed.yaml,1.0,oxo_hideaway,OXO Hideaway Compact,19.97,4,hygiene,5,,,North America,,Woman,Parent of young kids,,,Full-time,"With three young kids and a busy household, I want something that looks tidy and stays hygienic without extra fuss. The OXO Hideaway's auto-open canister hides the brush completely and its ventilated tray prevents water pooling, and OXO is a brand I already trust for quality. At $19.97 it's a reasonable price for a top-rated, compact set that fits our small bathroom."
survey_toilet-brush-choice__TKXVKGF,persona/datasets/matraix-persona-1m/cohorts/cohort-162f4cf6eb0f/persona_wiki-5c1d496a1787.yaml,1.0,oxo_hideaway,OXO Hideaway Compact,19.97,4,hygiene,4,65+,,North America,Upper-middle,Man,Retirement,null,null,Retired,"I want a brush that stays out of sight and doesn't leave a puddle in the bottom of the holder. The OXO Hideaway's auto-opening canister and ventilated tray solve both problems, and a top-rated, well-known brand at under $20 is a reasonable price for something I'll use every week for years."
survey_toilet-brush-choice__TSE7Bcn,persona/datasets/matraix-persona-1m/cohorts/cohort-162f4cf6eb0f/persona_wiki-3d4021db05ac.yaml,1.0,oxo_hideaway,OXO Hideaway Compact,19.97,4,hygiene,4,65+,,North America,null,Man,Mid-life,null,null,Self-employed,"I want a set that looks tidy and stays hygienic without fuss, and the OXO Hideaway's auto-opening canister hides the brush and its ventilated tray keeps water from pooling. OXO's reputation for durable, well-designed household tools gives me confidence it will hold up, and at $19.97 it's a reasonable price for that quality."
survey_toilet-brush-choice__TUXhncL,persona/datasets/matraix-persona-1m/cohorts/cohort-162f4cf6eb0f/persona_gss-84b8383d453c.yaml,1.0,oxo_hideaway,OXO Hideaway Compact,19.97,4,hygiene,4,35-44,,North America,Middle,Man,,,,Full-time,"I want a compact, clean-looking set for a small bathroom, and the OXO Hideaway's auto-open canister keeps the brush out of sight while the ventilated tray stops water pooling. OXO is a brand I trust and it's the top-rated option, so the mid-range price feels justified."
survey_toilet-brush-choice__TVaMni8,persona/datasets/matraix-persona-1m/cohorts/cohort-162f4cf6eb0f/persona_gss-59155dc7055e.yaml,1.0,oxo_hideaway,OXO Hideaway Compact,19.97,4,hygiene,4,55-64,,North America,Lower-middle,Woman,,,,Full-time,"I want a neat, covered set so the brush isn't on display in my bathroom, and OXO is a brand I trust for everyday household items. The hideaway canister that opens when you lift the brush and the ventilated tray that keeps water from pooling sold me, and at $19.97 the price is reasonable."
survey_toilet-brush-choice__TZC8ZQZ,persona/datasets/matraix-persona-1m/cohorts/cohort-162f4cf6eb0f/persona_wiki-550c245ec1d4.yaml,1.0,oxo_hideaway,OXO Hideaway Compact,19.97,4,hygiene,4,65+,Value-driven,North America,Upper-middle,Man,Mid-life,Small town,null,Retired,"I want a brush that stays out of sight and doesn't pool water, and OXO's auto-opening hideaway canister with a ventilated tray does exactly that. The brand has a solid reputation and the $19.97 price is reasonable for a well-built, compact set that suits a small bathroom."
survey_toilet-brush-choice__TbY6W8N,persona/datasets/matraix-persona-1m/cohorts/cohort-162f4cf6eb0f/persona_wiki-23d375b375b2.yaml,1.0,oxo_hideaway,OXO Hideaway Compact,19.97,4,hygiene,4,65+,Value-driven,North America,Upper-middle,Man,Retirement,Suburban,null,Retired,"I want a clean, uncluttered bathroom and the OXO Hideaway's canister conceals the brush entirely when stored, with a ventilated tray that prevents water pooling and mildew — a hygiene detail I care about. OXO's reputation for well-designed, durable household tools and its top-rated status justify the modest premium over the cheapest silicone sets."
survey_toilet-brush-choice__ThMfHTY,persona/datasets/matraix-persona-1m/cohorts/cohort-162f4cf6eb0f/persona_wiki-aef6f2419f2f.yaml,1.0,oxo_hideaway,OXO Hideaway Compact,19.97,4,hygiene,4,,,North America,,Man,Mid-life,,,Full-time,"I want a clean, uncluttered bathroom and the OXO Hideaway hides the brush entirely until you lift it, which suits my preference for a tidy, functional setup. OXO is a brand I trust for durable everyday tools, and at $19.97 the price is reasonable for a top-rated product that will last."
survey_toilet-brush-choice__TiATHiU,persona/datasets/matraix-persona-1m/cohorts/cohort-162f4cf6eb0f/persona_wiki-5fa82eb4bc15.yaml,1.0,oxo_hideaway,OXO Hideaway Compact,19.97,4,hygiene,4,65+,,North America,,Man,Retirement,,,Retired,"At my age I want something that works reliably without fuss, and OXO's hideaway design keeps the brush out of sight and the tray ventilated so it doesn't sit in dirty water. The brand has a solid reputation and the compact footprint fits my guest bathroom perfectly."
survey_toilet-brush-choice__TiGkMNK,persona/datasets/matraix-persona-1m/cohorts/cohort-162f4cf6eb0f/persona_wiki-5e24097c6150.yaml,1.0,oxo_hideaway,OXO Hideaway Compact,19.97,4,hygiene,4,65+,,North America,,Man,Retirement,,,,"I want a clean, uncluttered bathroom and the OXO Hideaway's canister completely conceals the brush when stored, which suits my preference for tidiness. OXO is a brand I trust for durable, well-designed tools, and the ventilated tray that prevents water pooling matters to me for hygiene. At $19.97 it's a fair price for a top-rated, compact set that will hold up to daily use."
survey_toilet-brush-choice__TkvqnwJ,persona/datasets/matraix-persona-1m/cohorts/cohort-162f4cf6eb0f/persona_gss-1d76868211e3.yaml,1.0,oxo_hideaway,OXO Hideaway Compact,19.97,4,hygiene,4,55-64,,North America,Middle,Man,,,,Homemaker,"I want a simple, well-made set from a brand I recognize, and the hideaway canister keeps the brush out of sight which suits a tidy bathroom. The ventilated tray that stops water pooling matters to me for hygiene, and at just under $20 the price is reasonable without being cheap junk."
survey_toilet-brush-choice__TqbVJzA,persona/datasets/matraix-persona-1m/cohorts/cohort-162f4cf6eb0f/persona_gss-7552f65dbfcd.yaml,1.0,oxo_hideaway,OXO Hideaway Compact,19.97,4,hygiene,4,45-54,,North America,Lower-middle,Woman,,,,Full-time,"I have a busy household with three kids and a small bathroom, so a compact set that hides the brush away and has a ventilated tray to prevent water pooling is worth the modest extra cost. OXO is a brand I trust, and the auto-open canister keeps things tidy and hygienic."
survey_toilet-brush-choice__TrMJk6A,persona/datasets/matraix-persona-1m/cohorts/cohort-162f4cf6eb0f/persona_gss-41c099a6a045.yaml,1.0,oxo_hideaway,OXO Hideaway Compact,19.97,4,hygiene,4,25-34,,North America,Middle,Woman,,,,Part-time,"I want a hygienic, tidy bathroom, and the OXO Hideaway's auto-open ventilated canister keeps the brush out of sight and prevents water pooling. It's a trusted, top-rated brand at a reasonable price, which matters more to me than saving a few dollars on a set I'd have to replace sooner."
survey_toilet-brush-choice__TstAdTi,persona/datasets/matraix-persona-1m/cohorts/cohort-162f4cf6eb0f/persona_wiki-c7107039fd39.yaml,1.0,oxo_hideaway,OXO Hideaway Compact,19.97,4,hygiene,4,65+,,North America,High income,Woman,Retirement,Dense urban,null,Full-time,"The OXO Good Grips Hideaway Compact is the best fit for my needs: as a top-rated set from a brand I trust, it keeps the brush fully concealed in a slim canister, which suits a tidy, well-organized bathroom. The auto-open mechanism and ventilated drip tray address hygiene and quick drying without fuss, and at $19.97 the price is reasonable for the build quality and design."
survey_toilet-brush-choice__TyNJKAy,persona/datasets/matraix-persona-1m/cohorts/cohort-162f4cf6eb0f/persona_amazon-68a14a039642.yaml,1.0,clorox_under_rim,Clorox Corner Under-Rim,15.5,3,price,3,,,North America,,,,,,,"No persona-specific answer was produced, so a neutral answer was used."
survey_toilet-brush-choice__U2gggd7,persona/datasets/matraix-persona-1m/cohorts/cohort-162f4cf6eb0f/persona_wiki-4cfd5ce106e4.yaml,1.0,oxo_hideaway,OXO Hideaway Compact,19.97,4,hygiene,4,65+,Value-driven,North America,Middle,Man,Retirement,Small town,null,Retired,"A hideaway canister that opens automatically and keeps the brush out of sight suits my preference for an orderly, tidy bathroom, and the ventilated tray addresses hygiene by preventing water pooling. OXO's reputation for durable, well-designed household tools justifies the mid-range price of $19.97."
survey_toilet-brush-choice__U9Ld6En,persona/datasets/matraix-persona-1m/cohorts/cohort-162f4cf6eb0f/persona_wiki-6789cf420fb6.yaml,1.0,oxo_hideaway,OXO Hideaway Compact,19.97,4,brand,4,65+,Value-driven,North America,High income,Man,Retirement,Small town,null,Retired,"I have bought OXO products for years and their Good Grips line has never let me down; the hideaway canister that opens automatically when you lift the brush is a genuinely clever piece of design, and I appreciate not having a wet brush on display. At $19.97 it is fairly priced for a well-engineered, well-reviewed set that will last."
survey_toilet-brush-choice__UBK9uFZ,persona/datasets/matraix-persona-1m/cohorts/cohort-162f4cf6eb0f/persona_gss-b415022f15a7.yaml,1.0,clorox_under_rim,Clorox Corner Under-Rim,15.5,4,cleaning,4,65-74,,North America,Middle,Woman,,,,Homemaker,I trust the Clorox name and the under-rim scrubber is exactly what I need for the hard-to-reach spots. The corner caddy saves space and the price of $15.50 is reasonable for a brand I know.
survey_toilet-brush-choice__UFNoMBe,persona/datasets/matraix-persona-1m/cohorts/cohort-162f4cf6eb0f/persona_gss-ed2aa75cbff3.yaml,1.0,jiga_3pack,JIGA 3-Pack,13.99,5,price,4,18-24,,North America,Lower-middle,Woman,Student,,,Student,"As a student on a tight budget, getting three complete brush and holder sets for $13.99 is unbeatable value. I can keep one in my bathroom, put one in the guest bathroom, and have a spare, which makes the low price go even further."
survey_toilet-brush-choice__UG7PnFc,persona/datasets/matraix-persona-1m/cohorts/cohort-162f4cf6eb0f/persona_wiki-be02f1035ec9.yaml,1.0,oxo_hideaway,OXO Hideaway Compact,19.97,4,hygiene,4,,null,North America,,Man,Mid-life,,,Full-time,"I want a set that stores the brush out of sight and keeps water from pooling, and OXO's hideaway canister does exactly that with a proven, top-rated design. The compact footprint suits my bathroom, and the firm nylon bristles give the scrubbing power I expect for real cleaning rather than a flimsy silicone head. Brand trust and order matter to me, so the slightly higher price is worth it."
survey_toilet-brush-choice__UNM8FXm,persona/datasets/matraix-persona-1m/cohorts/cohort-162f4cf6eb0f/persona_amazon-14fdb5b27f3f.yaml,1.0,oxo_hideaway,OXO Hideaway Compact,19.97,4,hygiene,4,,,North America,,,,,,,"I want a clean, minimal look where the brush is hidden when stored, and OXO's auto-open canister plus ventilated tray keeps things dry and tidy. It's a top-rated brand at a fair price, so I trust it to hold up."
survey_toilet-brush-choice__USJAqiY,persona/datasets/matraix-persona-1m/cohorts/cohort-162f4cf6eb0f/persona_prism-3768aa2e1613.yaml,1.0,oxo_hideaway,OXO Hideaway Compact,19.97,4,hygiene,4,25-34,Cost-sensitive,North America,,Woman,Parent of young kids,,,Homemaker,"With two young kids, our bathroom gets messy fast, and I want something that looks tidy and doesn't pool water. The OXO Hideaway hides the brush completely and its ventilated tray prevents standing water, which matters for hygiene. I trust OXO's reputation and the $19.97 price feels reasonable for a well-reviewed, durable set."
survey_toilet-brush-choice__UTpkqpG,persona/datasets/matraix-persona-1m/cohorts/cohort-162f4cf6eb0f/persona_gss-1fbb631fc44b.yaml,1.0,jiga_3pack,JIGA 3-Pack,13.99,5,price,4,25-34,,North America,Lower-middle,Woman,,,,Homemaker,"With two kids and multiple bathrooms, getting three brushes for $13.99 is the best value on the shelf and I won't have to rebuy soon. The stiff nylon bristles and covered caddies are simple and practical for everyday cleaning."
survey_toilet-brush-choice__UUQpder,persona/datasets/matraix-persona-1m/cohorts/cohort-162f4cf6eb0f/persona_wiki-88e859c6a610.yaml,1.0,jiga_3pack,JIGA 3-Pack,13.99,5,price,4,45-54,Cost-sensitive,North America,Lower-middle,Woman,Mid-life,Small town,$25k-50k,Full-time,"I rent a small place and money's tight, so three decent brushes with holders for $13.99 is the kind of value I can't pass up — I can keep one in each bathroom and have a spare. Stiff nylon bristles and a covered caddy are all I really need to get the job done."
survey_toilet-brush-choice__UUr25Mz,persona/datasets/matraix-persona-1m/cohorts/cohort-162f4cf6eb0f/persona_wiki-da37e6a2436c.yaml,1.0,oxo_hideaway,OXO Hideaway Compact,19.97,5,hygiene,4,75+,Value-driven,North America,Middle,Man,Retirement,Suburban,Prefer not to say,Retired,"I want a brush that stays out of sight and doesn't drip on the floor, and the OXO Hideaway's auto-open canister with a ventilated tray solves both. It's a trusted brand with a compact footprint, and at $19.97 the price is reasonable for the build quality and top-rated reputation."
survey_toilet-brush-choice__UWHjvYH,persona/datasets/matraix-persona-1m/cohorts/cohort-162f4cf6eb0f/persona_wiki-e3d5cccef83f.yaml,1.0,oxo_hideaway,OXO Hideaway Compact,19.97,4,hygiene,5,65+,,North America,High income,Man,Retirement,null,null,Retired,"The OXO Hideaway is the best-engineered option on this shelf: the canister conceals the brush entirely when stored, and the ventilated tray prevents the standing water that makes most holders unsanitary. At $19.97 from a brand with a solid reputation for durable grips and hardware, it is a fair price for a single well-built set rather than a multi-pack of disposable ones."
survey_toilet-brush-choice__Ubes9dw,persona/datasets/matraix-persona-1m/cohorts/cohort-162f4cf6eb0f/persona_wiki-6c984236ad0b.yaml,1.0,oxo_hideaway,OXO Hideaway Compact,19.97,4,hygiene,4,,,North America,,Man,Mid-life,,,Full-time,"I value reliability and a clean, uncluttered bathroom, and OXO's hideaway canister keeps the brush out of sight while the ventilated tray prevents standing water. It's the top-rated option from a brand I trust, and at $19.97 the price is reasonable for the build quality and compact footprint."
survey_toilet-brush-choice__UcPhcDD,persona/datasets/matraix-persona-1m/cohorts/cohort-162f4cf6eb0f/persona_gss-a168323d0350.yaml,1.0,oxo_hideaway,OXO Hideaway Compact,19.97,4,hygiene,4,55-64,,North America,Middle,Man,,,,,"The OXO Hideaway is the best fit for my situation: it's compact and hides the brush, which keeps things tidy in a small bathroom, and the ventilated tray stops water pooling, which matters for hygiene. OXO is a brand I trust and the price is reasonable for the build quality."
survey_toilet-brush-choice__UdReW2i,persona/datasets/matraix-persona-1m/cohorts/cohort-162f4cf6eb0f/persona_wiki-054605ca835e.yaml,1.0,oxo_hideaway,OXO Hideaway Compact,19.97,4,hygiene,4,65+,,North America,null,Man,Retirement,null,null,Retired,"I want a brush that stays out of sight and dries without a puddle of water in the base. OXO is a brand I trust for solid everyday tools, and the auto-open hideaway canister plus ventilated tray fits my bathroom and my standards. The price is fair for something I'll use daily for years."
survey_toilet-brush-choice__UfDkAkp,persona/datasets/matraix-persona-1m/cohorts/cohort-162f4cf6eb0f/persona_gss-97bcac6024af.yaml,1.0,jiga_3pack,JIGA 3-Pack,13.99,5,price,4,35-44,,North America,Low income,Woman,,,,Full-time,"With three kids and a tight budget, getting three complete brush and holder sets for $13.99 is the best value on the shelf. I can put one in each bathroom and still have a spare, and the stiff nylon bristles and covered caddy are practical for everyday cleaning."
survey_toilet-brush-choice__Ugj6fC8,persona/datasets/matraix-persona-1m/cohorts/cohort-162f4cf6eb0f/persona_wiki-99358743a213.yaml,1.0,oxo_hideaway,OXO Hideaway Compact,19.97,4,hygiene,5,85+,Value-driven,North America,Upper-middle,Man,Mid-life,Rural,null,Self-employed,"I want a set that stays clean and tidy, and the OXO Hideaway's auto-opening canister keeps the brush completely out of sight while its ventilated tray prevents water pooling. It's the top-rated option and the compact footprint suits my bathroom without clutter."
survey_toilet-brush-choice__UieZauR,persona/datasets/matraix-persona-1m/cohorts/cohort-162f4cf6eb0f/persona_stackoverflow-9863eb662e15.yaml,1.0,oxo_hideaway,OXO Hideaway Compact,19.97,4,hygiene,4,45-54,,North America,,,,,,Full-time,"I want a compact, unobtrusive set that hides the brush and dries without pooling water, and OXO's hideaway canister does exactly that. It's a top-rated, well-known brand at a reasonable $19.97, so I trust the build quality over the cheaper no-name silicone sets."
survey_toilet-brush-choice__UsJJjHF,persona/datasets/matraix-persona-1m/cohorts/cohort-162f4cf6eb0f/persona_stackoverflow-b09cf16fe82a.yaml,1.0,oxo_hideaway,OXO Hideaway Compact,19.97,4,hygiene,4,65+,,North America,,,Retirement,,,Full-time,"I've used OXO Good Grips products for years and their ergonomics are consistently thoughtful. The hideaway canister that opens automatically when you lift the brush keeps the bathroom looking tidy, and the ventilated tray addresses the water-pooling problem that makes most brush holders unpleasant. At $19.97 it's mid-priced, but the top-rated reputation and compact footprint suit my small bathroom."
survey_toilet-brush-choice__Uz4tidx,persona/datasets/matraix-persona-1m/cohorts/cohort-162f4cf6eb0f/persona_gss-904491ff2904.yaml,1.0,oxo_hideaway,OXO Hideaway Compact,19.97,4,hygiene,5,35-44,,North America,Upper-middle,Woman,,,,Full-time,"I have two young kids and a small bathroom, so the OXO's hideaway canister that opens automatically and keeps the brush out of sight is exactly what I want. OXO is a brand I trust for good grips and durable everyday tools, and the ventilated tray helps it stay hygienic."
survey_toilet-brush-choice__V4n3Vuo,persona/datasets/matraix-persona-1m/cohorts/cohort-162f4cf6eb0f/persona_gss-8f73f833e253.yaml,1.0,oxo_hideaway,OXO Hideaway Compact,19.97,4,hygiene,4,45-54,,North America,Middle,Man,,,,Full-time,"I want a set that keeps the bathroom looking tidy, and the OXO Hideaway hides the brush completely inside a compact canister that opens automatically. It's from a brand I trust, top rated, and at $19.97 the price is reasonable for the quality and hygiene features."
survey_toilet-brush-choice__VBHo2pB,persona/datasets/matraix-persona-1m/cohorts/cohort-162f4cf6eb0f/persona_gss-78b41170ccf0.yaml,1.0,jiga_3pack,JIGA 3-Pack,13.99,5,price,4,45-54,,North America,Middle,Man,,,,Full-time,"With three kids and multiple bathrooms to keep clean, a 3-pack of stiff nylon brushes for $13.99 is the practical pick — I get one for each bathroom without spending much. The stiff bristles do the scrubbing work I need, and the price fits a middle-income budget."
survey_toilet-brush-choice__VGAYdvj,persona/datasets/matraix-persona-1m/cohorts/cohort-162f4cf6eb0f/persona_gss-71440966dbd0.yaml,1.0,oxo_hideaway,OXO Hideaway Compact,19.97,4,hygiene,4,65-74,,North America,Lower-middle,Woman,Retirement,,,Retired,"I'm widowed and live alone, so I want something tidy and hygienic that hides the brush away rather than leaving it on display. The OXO Hideaway's auto-opening canister with a ventilated tray keeps things dry and neat, and the top-rated reputation at under $20 feels like a sensible, trustworthy buy on my fixed retirement income."
survey_toilet-brush-choice__VSRJohe,persona/datasets/matraix-persona-1m/cohorts/cohort-162f4cf6eb0f/persona_stackoverflow-8a5d052f27ce.yaml,1.0,oxo_hideaway,OXO Hideaway Compact,19.97,4,hygiene,4,35-44,,North America,,,,,,Full-time,"I want a compact, clean-looking set that hides the brush when stored, and the OXO's auto-open canister plus ventilated tray addresses the hygiene and water-pooling issues I care about. It's a well-reviewed, top-rated brand at a reasonable $19.97, and its slim footprint fits a small bathroom without visual clutter."
survey_toilet-brush-choice__VVe6TDg,persona/datasets/matraix-persona-1m/cohorts/cohort-162f4cf6eb0f/persona_gss-c3eb3911125c.yaml,1.0,oxo_hideaway,OXO Hideaway Compact,19.97,4,hygiene,4,18-24,,North America,Lower-middle,Man,,,,Full-time,"I want a brush that keeps things out of sight and stays clean, and the OXO Hideaway's auto-opening canister and ventilated tray mean no standing water or visible mess. It's a trusted brand at a fair price and the compact footprint suits my bathroom."
survey_toilet-brush-choice__VWCvgzM,persona/datasets/matraix-persona-1m/cohorts/cohort-162f4cf6eb0f/persona_wiki-161a505d06d8.yaml,1.0,oxo_hideaway,OXO Hideaway Compact,19.97,4,hygiene,4,,,North America,,Woman,Mid-life,,,Self-employed,"I want a brush that disappears into a clean, minimal canister rather than sitting out as a visual eyesore, and the automatic open-when-lifted mechanism plus ventilated tray addresses the hygiene problem of standing water. OXO's reputation for well-engineered household tools and its top-rated status give me confidence in the build, and at $19.97 the price is reasonable for something I'll use daily for years."
survey_toilet-brush-choice__VWEx8vu,persona/datasets/matraix-persona-1m/cohorts/cohort-162f4cf6eb0f/persona_wiki-59c2a6f47270.yaml,1.0,oxo_hideaway,OXO Hideaway Compact,19.97,4,hygiene,4,65+,,North America,,Man,Retirement,,,Retired,"I'm a retired tradesman who's used OXO tools for years and they hold up. The hideaway canister keeps the brush out of sight and the ventilated tray stops water pooling, which matters for hygiene in a small bathroom. At $19.97 it's a fair price for the top-rated build quality."
survey_toilet-brush-choice__VcnQMmr,persona/datasets/matraix-persona-1m/cohorts/cohort-162f4cf6eb0f/persona_gss-f1ab1ec964da.yaml,1.0,clorox_under_rim,Clorox Corner Under-Rim,15.5,4,cleaning,4,75-84,,North America,Lower-middle,Man,Retirement,,,Retired,"I trust the Clorox name and it is a fair price at $15.50. The corner caddy saves space in my small bathroom, and the under-rim scrubber plus antibacterial bristles suit how I like to keep things properly clean."
survey_toilet-brush-choice__Vdeu4wW,persona/datasets/matraix-persona-1m/cohorts/cohort-162f4cf6eb0f/persona_stackoverflow-1e7833281bd3.yaml,1.0,oxo_hideaway,OXO Hideaway Compact,19.97,4,hygiene,4,45-54,,North America,,,,,,Full-time,"The hideaway canister keeps the brush out of sight, which matters in a small bathroom, and the ventilated tray prevents the stagnant water and odor that plague most holders. OXO's build quality and top-rated reputation justify the modest $19.97 for a set I'll use daily for years."
survey_toilet-brush-choice__VeMFSb4,persona/datasets/matraix-persona-1m/cohorts/cohort-162f4cf6eb0f/persona_wiki-c322ba1044bd.yaml,1.0,oxo_hideaway,OXO Hideaway Compact,19.97,4,hygiene,4,,,North America,,Man,,,,,"I want a clean, uncluttered bathroom and the hideaway canister keeps the brush out of sight while the ventilated tray prevents water pooling, which matters for hygiene. OXO's reputation for durable, well-designed household tools gives me confidence it will hold up to years of regular use in a busy household."
survey_toilet-brush-choice__VgHN6Xm,persona/datasets/matraix-persona-1m/cohorts/cohort-162f4cf6eb0f/persona_gss-75789ceaa30a.yaml,1.0,jiga_3pack,JIGA 3-Pack,13.99,5,price,4,35-44,,North America,Lower-middle,Man,,,,Full-time,"With three kids and multiple bathrooms to keep clean, a 3-pack of sturdy bristle brushes for $13.99 is the practical buy. Stiff nylon bristles scrub well and the non-slip handles are easy for the whole family to use."
survey_toilet-brush-choice__VqNXgb6,persona/datasets/matraix-persona-1m/cohorts/cohort-162f4cf6eb0f/persona_wiki-ea7e6a987a01.yaml,1.0,oxo_hideaway,OXO Hideaway Compact,19.97,4,hygiene,4,65+,Value-driven,North America,null,Man,Retirement,null,null,Retired,"I want a brush that stays out of sight and doesn't leave a puddle of standing water in the holder, and the OXO hideaway canister opens automatically on lift and has a ventilated tray. It is a well-reviewed, no-nonsense design from a brand with a solid reputation, and at $19.97 the price is reasonable for something I'll use daily for years."
survey_toilet-brush-choice__VsC5fUW,persona/datasets/matraix-persona-1m/cohorts/cohort-162f4cf6eb0f/persona_wiki-58a391c89b28.yaml,1.0,oxo_hideaway,OXO Hideaway Compact,19.97,4,hygiene,4,65-74,Indifferent,North America,Upper-middle,Man,Mid-life,Small town,null,Full-time,"I want a tidy, closed unit that keeps the brush out of sight and is built to last, and OXO's reputation for solid, well-designed household tools gives me confidence. The auto-open hideaway canister with a ventilated tray fits my preference for order, hygiene, and durability without fuss."
survey_toilet-brush-choice__VuGb3nk,persona/datasets/matraix-persona-1m/cohorts/cohort-162f4cf6eb0f/persona_gss-fd5b597dce9f.yaml,1.0,oxo_hideaway,OXO Hideaway Compact,19.97,4,brand,4,55-64,,North America,Middle,Woman,,,,Full-time,"I trust the OXO brand and it's the top rated option, so I know it will hold up. The hideaway canister keeps the brush out of sight which suits my traditional bathroom, and the ventilated tray keeps things hygienic without being fussy."
survey_toilet-brush-choice__WBLyrAa,persona/datasets/matraix-persona-1m/cohorts/cohort-162f4cf6eb0f/persona_wiki-6238ff77cc90.yaml,1.0,oxo_hideaway,OXO Hideaway Compact,19.97,4,hygiene,4,65+,,North America,High income,Woman,Retirement,Dense urban,null,Retired,"I want a hygienic, tidy solution that keeps the brush fully concealed and lets the head dry without pooling water, and OXO's design reputation and top-rated status give me confidence in the build quality. At $19.97 it is a reasonable mid-range price for a well-engineered, compact unit that suits a clean modern bathroom."
survey_toilet-brush-choice__WDcHUGQ,persona/datasets/matraix-persona-1m/cohorts/cohort-162f4cf6eb0f/persona_stackoverflow-48c259dd8506.yaml,1.0,oxo_hideaway,OXO Hideaway Compact,19.97,4,hygiene,4,45-54,,North America,,,Mid-life,,,Part-time,"I want a covered, compact set that hides the brush and doesn't pool water, and OXO's hideaway canister with ventilated tray and firm nylon bristles fits that. I trust OXO's build quality and the top-rated reputation more than the no-name silicone sets, and at $19.97 the price is reasonable for a single well-made item."
survey_toilet-brush-choice__WFV6zkk,persona/datasets/matraix-persona-1m/cohorts/cohort-162f4cf6eb0f/persona_gss-125057a7b64a.yaml,1.0,clorox_under_rim,Clorox Corner Under-Rim,15.5,5,cleaning,4,55-64,,North America,Lower-middle,Man,Retirement,,,Retired,"I want something simple and dependable that gets the job done without spending much. The Clorox set is a trusted name, has a corner caddy that saves space, and the under-rim scrubber helps with the hard spots, all for a fair price."
survey_toilet-brush-choice__WGCvYFZ,persona/datasets/matraix-persona-1m/cohorts/cohort-162f4cf6eb0f/persona_wiki-100f8b837587.yaml,1.0,oxo_hideaway,OXO Hideaway Compact,19.97,4,hygiene,4,,,North America,,Man,Retirement,,,Retired,"I want a brush that stays hidden and looks tidy in a small bathroom, and the auto-open canister plus ventilated tray keeps things hygienic and dry. OXO's top-rated reputation and solid build justify the mid-range price for something I'll use daily."
survey_toilet-brush-choice__WGNagQQ,persona/datasets/matraix-persona-1m/cohorts/cohort-162f4cf6eb0f/persona_gss-981367d8162d.yaml,1.0,oxo_hideaway,OXO Hideaway Compact,19.97,4,hygiene,4,65-74,,North America,Middle,Woman,,,,Full-time,"I trust the OXO brand and it's the top-rated option, which matters to me. The hideaway canister keeps the brush out of sight and the ventilated tray prevents water pooling, so it stays hygienic. At $19.97 it's a reasonable price for something that will last in my bathroom."
survey_toilet-brush-choice__WRLTNqt,persona/datasets/matraix-persona-1m/cohorts/cohort-162f4cf6eb0f/persona_amazon-46becd36dc36.yaml,1.0,oxo_hideaway,OXO Hideaway Compact,19.97,4,hygiene,4,,,North America,,Woman,,Suburban,,Part-time,"I want a compact, tidy set that hides the brush so my small bathroom stays looking clean, and the auto-open canister with a ventilated tray addresses the hygiene and quick-drying concerns I care about. The OXO brand's reputation and top-rated status give me confidence in the build quality at a reasonable $19.97."
survey_toilet-brush-choice__WS76cVG,persona/datasets/matraix-persona-1m/cohorts/cohort-162f4cf6eb0f/persona_wiki-2079f70ce45d.yaml,1.0,oxo_hideaway,OXO Hideaway Compact,19.97,4,hygiene,4,85+,null,North America,Upper-middle,Woman,Retirement,Small town,,Full-time,"At 85 I want a brush that sits discreetly in the corner of a small bathroom and doesn't advertise itself, and the OXO hideaway canister does exactly that — the brush disappears when stored and the ventilated tray keeps water from pooling, which matters for hygiene. OXO is a brand I've trusted for years in the kitchen, and at $19.97 the price is sensible for something I'll use daily and expect to last."
survey_toilet-brush-choice__WXVXFRk,persona/datasets/matraix-persona-1m/cohorts/cohort-162f4cf6eb0f/persona_gss-6090b45f77c0.yaml,1.0,jiga_3pack,JIGA 3-Pack,13.99,5,price,4,75-84,,North America,Lower-middle,Man,Retirement,,,Retired,"At my age and on a fixed retirement income, getting three complete brush sets for $13.99 is the best value on the shelf. We have more than one bathroom, so the extra brushes are genuinely useful and I don't need to worry about fancy silicone or stainless steel finishes. Simple white brushes with stiff nylon bristles do the job I need."
survey_toilet-brush-choice__WXvJ3vz,persona/datasets/matraix-persona-1m/cohorts/cohort-162f4cf6eb0f/persona_gss-f8878ce3f794.yaml,1.0,jiga_3pack,JIGA 3-Pack,13.99,5,price,4,45-54,,North America,Lower-middle,Woman,,,,Full-time,"I have two bathrooms and a tight budget, so getting three brushes for $13.99 is the best value on this shelf. Stiff nylon bristles and a covered caddy do the job I need without spending much."
survey_toilet-brush-choice__WZHb8zb,persona/datasets/matraix-persona-1m/cohorts/cohort-162f4cf6eb0f/persona_gss-54961a913659.yaml,1.0,boomjoy_tweezer,BOOMJOY Silicone+Tweezers,12.99,4,price,3,35-44,,North America,Lower-middle,Man,,,,,"At $12.99 it's the cheapest option that still offers something genuinely useful — the built-in tweezers for pulling out tangled hair, plus a ventilated quick-dry base. The lightweight aluminum handle and simple white-gray look suit my small bathroom, and I can't justify spending more given my tight budget."
survey_toilet-brush-choice__WdXc7ce,persona/datasets/matraix-persona-1m/cohorts/cohort-162f4cf6eb0f/persona_gss-a197deffb4c4.yaml,1.0,oxo_hideaway,OXO Hideaway Compact,19.97,4,hygiene,4,65-74,,North America,Middle,Man,Retirement,,,Retired,"I want a simple, tidy set that hides the brush away so the bathroom stays presentable, and OXO is a brand I trust for solid everyday quality. The auto-open ventilated canister keeps things dry and hygienic, and at $19.97 the price is reasonable for something that will last."
survey_toilet-brush-choice__Wj9ee7e,persona/datasets/matraix-persona-1m/cohorts/cohort-162f4cf6eb0f/persona_gss-24a5a74b520a.yaml,1.0,oxo_hideaway,OXO Hideaway Compact,19.97,4,hygiene,4,65-74,,North America,Middle,Woman,Retirement,,,Retired,"I'm retired and keep a tidy, traditional bathroom, so I like that the brush hides away completely in its canister and the holder is ventilated so it doesn't sit in dirty water. OXO is a brand I trust, it's compact enough for a small bathroom, and the price is reasonable for something that will last."
survey_toilet-brush-choice__WoFRHrV,persona/datasets/matraix-persona-1m/cohorts/cohort-162f4cf6eb0f/persona_wiki-38129023e774.yaml,1.0,oxo_hideaway,OXO Hideaway Compact,19.97,4,hygiene,4,65-74,Value-driven,North America,Upper-middle,Woman,Retirement,Dense urban,null,Self-employed,"I keep a tidy, traditional home and prefer a discreet, well-organized bathroom, so the OXO's hideaway canister that conceals the brush entirely and opens automatically appeals to me. OXO is a brand I trust for durable, thoughtfully engineered household tools, and the ventilated tray that prevents water pooling matters for hygiene. At $19.97 it is a fair price for a top-rated, compact set that will last."
survey_toilet-brush-choice__WpDGZn5,persona/datasets/matraix-persona-1m/cohorts/cohort-162f4cf6eb0f/persona_wiki-b12379088a2c.yaml,1.0,oxo_hideaway,OXO Hideaway Compact,19.97,4,hygiene,4,,,North America,,Woman,Mid-life,,,Full-time,"I want a compact, tidy set that hides the brush when not in use, and OXO's auto-open canister with a ventilated tray solves both the look and the water-pooling hygiene problem. It's top rated and reasonably priced at $19.97, and the slim footprint suits a small bathroom without looking cheap."
survey_toilet-brush-choice__WsX2Vy7,persona/datasets/matraix-persona-1m/cohorts/cohort-162f4cf6eb0f/persona_stackoverflow-250ab28071b1.yaml,1.0,oxo_hideaway,OXO Hideaway Compact,19.97,4,hygiene,4,25-34,,North America,,,Early career,,,Full-time,"I want a compact, clean-looking set that hides the brush and won't pool water in the base — the OXO's auto-open canister and ventilated tray solve both without gimmicks. OXO's build quality and top-rated track record make it the least risky pick, and at $19.97 the price is reasonable for something I'll use daily for years."
survey_toilet-brush-choice__WuMs6tW,persona/datasets/matraix-persona-1m/cohorts/cohort-162f4cf6eb0f/persona_gss-7e3d8d0dfa5f.yaml,1.0,oxo_hideaway,OXO Hideaway Compact,19.97,4,hygiene,4,35-44,,North America,,Woman,Student,,,Student,"I want something simple and hygienic that doesn't show a dirty brush, and the OXO hideaway canister opens automatically and has a ventilated tray so water doesn't pool. It's compact for a small bathroom and the brand has a strong reputation, so the $19.97 price feels reasonable."
survey_toilet-brush-choice__WuuNadx,persona/datasets/matraix-persona-1m/cohorts/cohort-162f4cf6eb0f/persona_gss-5a652553ff63.yaml,1.0,clorox_under_rim,Clorox Corner Under-Rim,15.5,5,cleaning,4,85+,,North America,Lower-middle,Woman,Retirement,,,Retired,"I know and trust the Clorox name, and the corner caddy saves space in my small bathroom. The under-rim scrubber and antibacterial bristles give me confidence it actually cleans well, and the price is reasonable on my fixed income."
survey_toilet-brush-choice__Wzh8L7t,persona/datasets/matraix-persona-1m/cohorts/cohort-162f4cf6eb0f/persona_wiki-0208e575535a.yaml,1.0,oxo_hideaway,OXO Hideaway Compact,19.97,4,hygiene,4,65+,Value-driven,North America,Upper-middle,Woman,Retirement,Small town,null,Retired,"I want a hygienic, well-engineered set that hides the brush away and dries without pooling water, and OXO's reputation for durable, thoughtfully designed tools makes it the safest choice for daily use. The compact, minimal white design also suits my bathroom and the price is reasonable for the quality."
survey_toilet-brush-choice__WzynkSU,persona/datasets/matraix-persona-1m/cohorts/cohort-162f4cf6eb0f/persona_gss-48d56128dff0.yaml,1.0,oxo_hideaway,OXO Hideaway Compact,19.97,4,hygiene,4,35-44,,North America,Middle,Woman,,,,Homemaker,"I want something that looks tidy and stays hygienic in a small bathroom, and the OXO hideaway canister hides the brush and has a ventilated tray so water doesn't pool and get gross. It's a brand I trust for everyday kitchen and bath tools, and at $19.97 the price is reasonable for something that will last and not look like an eyesore."
survey_toilet-brush-choice__X8fFXuZ,persona/datasets/matraix-persona-1m/cohorts/cohort-162f4cf6eb0f/persona_wiki-33a5ae7420f6.yaml,1.0,oxo_hideaway,OXO Hideaway Compact,19.97,4,hygiene,5,35-44,Value-driven,North America,Upper-middle,Woman,Early career,Suburban,null,Self-employed,"I want a set that looks tidy and stays hygienic in a small bathroom, and the OXO Hideaway's auto-opening canister hides the brush completely while its ventilated tray prevents water pooling. The brand's reputation and top-rated status give me confidence that it will hold up well, and at $19.97 it's a fair mid-range price for that peace of mind."
survey_toilet-brush-choice__XBWWBaE,persona/datasets/matraix-persona-1m/cohorts/cohort-162f4cf6eb0f/persona_gss-11ed8988fabf.yaml,1.0,oxo_hideaway,OXO Hideaway Compact,19.97,4,hygiene,4,25-34,,North America,Middle,Man,,,,Full-time,"I want a brush that stays hidden and looks tidy in a small bathroom, and the OXO hideaway canister with a ventilated tray keeps things hygienic and dry. The price is mid-range and OXO is a brand I trust to actually hold up."
survey_toilet-brush-choice__XCEhC7w,persona/datasets/matraix-persona-1m/cohorts/cohort-162f4cf6eb0f/persona_wiki-0be50f2ade61.yaml,1.0,oxo_hideaway,OXO Hideaway Compact,19.97,4,hygiene,4,,,North America,,Man,Mid-life,,,,"I want a compact, clean-looking set that keeps the brush hidden and the holder quick to dry — hygiene and neatness matter more to me than saving a few dollars. OXO is a brand I trust, it's top rated, and the auto-open canister with a ventilated tray fits a smaller bathroom well."
survey_toilet-brush-choice__XQuwwkx,persona/datasets/matraix-persona-1m/cohorts/cohort-162f4cf6eb0f/persona_gss-2bc3f4f60ce8.yaml,1.0,oxo_hideaway,OXO Hideaway Compact,19.97,4,hygiene,4,75-84,,North America,Lower-middle,Woman,,,,Part-time,"I'm a widow on a fixed income, so I want something that lasts and looks tidy in a small bathroom. The OXO hideaway canister keeps the brush out of sight and the ventilated tray keeps it from getting smelly, and the brand is one I've trusted for years. At under twenty dollars it's reasonable for the quality."
survey_toilet-brush-choice__XZmWZ7K,persona/datasets/matraix-persona-1m/cohorts/cohort-162f4cf6eb0f/persona_wiki-fbe686fd6e36.yaml,1.0,oxo_hideaway,OXO Hideaway Compact,19.97,4,hygiene,4,35-44,,North America,,Woman,Mid-life,,,,"The hideaway canister keeps the brush out of sight and the ventilated tray stops water from pooling, which matters to me for hygiene. OXO's reputation for durable, well-designed grips and its compact footprint also fit my bathroom and my preference for reliable, top-rated gear."
survey_toilet-brush-choice__XahgcWm,persona/datasets/matraix-persona-1m/cohorts/cohort-162f4cf6eb0f/persona_wiki-a3992d917ea6.yaml,1.0,oxo_hideaway,OXO Hideaway Compact,19.97,4,hygiene,4,,Value-driven,North America,,,,,,,"I care about how things look and function in my space, and the OXO Hideaway's clean minimal canister disappears when stored — no brush on display, which matters to me aesthetically. It's the No.1 top rated, the auto-open mechanism and ventilated tray solve the dripping-water problem, and at $19.97 it's a fair mid-range price for something I'll use daily for years."
survey_toilet-brush-choice__XasX9DF,persona/datasets/matraix-persona-1m/cohorts/cohort-162f4cf6eb0f/persona_wiki-4a9b363ab070.yaml,1.0,oxo_hideaway,OXO Hideaway Compact,19.97,5,hygiene,4,65+,Value-driven,North America,High income,Woman,Retirement,Dense urban,null,Full-time,"The OXO Hideaway appeals to me because the canister conceals the brush entirely when stored, which suits the orderly, uncluttered aesthetic I value in a well-kept home. Its automatic opening mechanism, ventilated tray to prevent water pooling, and top-rated reputation give me confidence in both hygiene and build quality at a reasonable price."
survey_toilet-brush-choice__Xcs5GvG,persona/datasets/matraix-persona-1m/cohorts/cohort-162f4cf6eb0f/persona_stackoverflow-7ec261bab03c.yaml,1.0,oxo_hideaway,OXO Hideaway Compact,19.97,4,hygiene,4,25-34,,North America,,,Early career,,$200k+,Full-time,"I want something compact and tidy since my bathroom is small, and the OXO's hideaway canister keeps the brush out of sight while the ventilated tray prevents water pooling — a real hygiene plus. OXO is a brand I trust for well-designed, durable household tools, and at $19.97 the price is reasonable for that quality."
survey_toilet-brush-choice__XnjtuZw,persona/datasets/matraix-persona-1m/cohorts/cohort-162f4cf6eb0f/persona_stackoverflow-3ff96b631ab4.yaml,1.0,oxo_hideaway,OXO Hideaway Compact,19.97,4,hygiene,4,25-34,,North America,,,,,,Full-time,"The OXO Hideaway's auto-open canister keeps the brush fully hidden when stored, which fits my preference for a clean, minimal bathroom look. It's top rated with a ventilated tray to prevent water pooling, and at $19.97 it's a reasonable price for a design I trust to hold up."
survey_toilet-brush-choice__XoLaeEq,persona/datasets/matraix-persona-1m/cohorts/cohort-162f4cf6eb0f/persona_wiki-cd1892771b8d.yaml,1.0,oxo_hideaway,OXO Hideaway Compact,19.97,4,hygiene,4,65+,Value-driven,North America,High income,Woman,Retirement,Dense urban,$100k-200k,Full-time,"The OXO Hideaway's automatic-opening canister keeps the brush entirely out of sight, which matters to me in a guest-visible bathroom, and the ventilated tray addresses the standing-water problem that makes most holders unsanitary. OXO is a brand I trust for well-engineered, unglamorous household tools, and at $19.97 the price is reasonable for something I will use daily for years."
survey_toilet-brush-choice__XzrFC9N,persona/datasets/matraix-persona-1m/cohorts/cohort-162f4cf6eb0f/persona_gss-19db809a0419.yaml,1.0,clorox_under_rim,Clorox Corner Under-Rim,15.5,4,cleaning,3,75-84,,North America,,Woman,,,,Homemaker,"At my age I want something simple and dependable that gets the job done, and this Clorox set has a corner caddy and a special scrubber for under the rim, so I don't have to bend and strain. The price is reasonable and Clorox is a name I've trusted for cleaning for years."
survey_toilet-brush-choice__Y3kGHQV,persona/datasets/matraix-persona-1m/cohorts/cohort-162f4cf6eb0f/persona_wiki-bc315f12f14f.yaml,1.0,oxo_hideaway,OXO Hideaway Compact,19.97,4,hygiene,4,35-44,,North America,Upper-middle,Woman,Mid-life,Suburban,null,Full-time,"I prioritize hygiene and a clean, uncluttered look in my bathroom, and the OXO's auto-open hideaway canister plus ventilated tray keeps the brush out of sight and prevents standing water. It's a top-rated, well-built set at a fair mid-range price, which fits my preference for quality over the cheapest option."
survey_toilet-brush-choice__Y3sgtpp,persona/datasets/matraix-persona-1m/cohorts/cohort-162f4cf6eb0f/persona_amazon-cc6d842a551a.yaml,1.0,oxo_hideaway,OXO Hideaway Compact,19.97,4,hygiene,4,55-64,,North America,,,Mid-life,,,,"I'm a practical guy and OXO has never let me down — the auto-open canister hides the brush so my bathroom stays looking tidy, and the ventilated tray keeps things from getting gross and smelly. At $19.97 it's a fair price for something well-built that lasts, and the compact size fits my space without any fuss."
survey_toilet-brush-choice__Y7SSKrF,persona/datasets/matraix-persona-1m/cohorts/cohort-162f4cf6eb0f/persona_amazon-697d14cdf441.yaml,1.0,oxo_hideaway,OXO Hideaway Compact,19.97,4,hygiene,4,,,North America,,,,,,,"I want something that looks tidy and hides the brush, and the auto-open canister plus ventilated tray keeps things hygienic without much fuss. It's a well-reviewed, compact option that fits a normal bathroom and a balanced budget."
survey_toilet-brush-choice__YJ88qGo,persona/datasets/matraix-persona-1m/cohorts/cohort-162f4cf6eb0f/persona_gss-631f9b271cff.yaml,1.0,oxo_hideaway,OXO Hideaway Compact,19.97,4,hygiene,4,55-64,,North America,Middle,Woman,,,,Full-time,"I have a small bathroom and I like that the canister hides the brush and opens automatically, so I'm not touching a dripping brush. OXO is a brand I've trusted for kitchen and cleaning tools for years, and at $19.97 the quality feels worth it over the cheap plastic sets."
survey_toilet-brush-choice__YM3UE3F,persona/datasets/matraix-persona-1m/cohorts/cohort-162f4cf6eb0f/persona_stackoverflow-55d2ed3fc882.yaml,1.0,oxo_hideaway,OXO Hideaway Compact,19.97,4,hygiene,4,25-34,,North America,,,Early career,,,Full-time,"I want a brush that stays hidden and doesn't look like a toilet brush sitting out, and the OXO hideaway canister with its ventilated tray solves the pooling-water and hygiene problem I actually care about. OXO is a brand I trust for well-designed basics, and at $19.97 it's a reasonable one-time purchase for something I'll use for years."
survey_toilet-brush-choice__YMgffrt,persona/datasets/matraix-persona-1m/cohorts/cohort-162f4cf6eb0f/persona_stackoverflow-73619ce680b3.yaml,1.0,oxo_hideaway,OXO Hideaway Compact,19.97,4,hygiene,4,25-34,,North America,,,,,,Full-time,"I want a brush that stays out of sight and doesn't leave a puddle of dirty water in the holder, so the OXO's auto-opening hideaway canister and ventilated tray fit how I actually want to use it. OXO is a brand I trust for well-designed, durable household tools, and at $19.97 it's a reasonable middle price rather than the cheapest or the priciest. The compact footprint also suits a normal bathroom without the bulk of a corner caddy or a two-pack I don't need."
survey_toilet-brush-choice__YTmA72T,persona/datasets/matraix-persona-1m/cohorts/cohort-162f4cf6eb0f/persona_gss-b3e5d2a37878.yaml,1.0,jiga_3pack,JIGA 3-Pack,13.99,5,price,4,45-54,,North America,Lower-middle,Woman,,,,Full-time,"With three kids and three bathrooms, I need brushes for every toilet, and getting three sets for $13.99 is the only way this fits my tight budget. The stiff nylon bristles and caddy storage are practical for everyday scrubbing, and white matches everything."
survey_toilet-brush-choice__Yc3LpEY,persona/datasets/matraix-persona-1m/cohorts/cohort-162f4cf6eb0f/persona_wiki-ad9e782ed077.yaml,1.0,oxo_hideaway,OXO Hideaway Compact,19.97,5,hygiene,4,65+,,North America,Upper-middle,Man,Retirement,Suburban,null,Retired,"I want a clean, minimal look and a holder that hides the brush entirely — the OXO Hideaway's auto-open canister and ventilated tray keep things hygienic and tidy in a small bathroom, and OXO is a brand I trust for durable everyday tools. At $19.97 it's a fair price for a top-rated, well-built set rather than chasing the cheapest option."
survey_toilet-brush-choice__YciVg5B,persona/datasets/matraix-persona-1m/cohorts/cohort-162f4cf6eb0f/persona_wiki-dc1c6eba9501.yaml,1.0,clorox_under_rim,Clorox Corner Under-Rim,15.5,5,cleaning,5,65+,,North America,Lower-middle,Man,,Small town,null,Retired,"I spent a career in the service and I know a purpose-built tool when I see one — the dedicated under-rim scrubber gets where ordinary brushes can't, which is where the real grime lives. The corner caddy keeps it tucked out of the way in a small bathroom, and at $15.50 the price is honest for a Clorox product with antibacterial bristles. It's practical, durable, and I don't need anything fancier than that."
survey_toilet-brush-choice__YeyJ777,persona/datasets/matraix-persona-1m/cohorts/cohort-162f4cf6eb0f/persona_wiki-831dabc20880.yaml,1.0,oxo_hideaway,OXO Hideaway Compact,19.97,4,design,4,,Value-driven,North America,High income,Man,Mid-life,Small town,,Self-employed,"I value a clean, uncluttered bathroom and the OXO Hideaway hides the brush entirely when stored, which suits my preference for orderliness. The auto-open canister and ventilated tray address hygiene and drying, and OXO's reputation for durable, well-designed tools gives me confidence in the build quality at a reasonable $19.97."
survey_toilet-brush-choice__YndgGWS,persona/datasets/matraix-persona-1m/cohorts/cohort-162f4cf6eb0f/persona_gss-fb84ca238481.yaml,1.0,oxo_hideaway,OXO Hideaway Compact,19.97,4,hygiene,4,25-34,,North America,Middle,Woman,,,,Full-time,"I want something that looks tidy and disappears into the bathroom rather than showing a brush head, and OXO is a brand I trust to hold up. The hideaway canister with a ventilated tray also seems more hygienic and easier to keep clean, and the price is reasonable for the quality."
survey_toilet-brush-choice__YpPrJEH,persona/datasets/matraix-persona-1m/cohorts/cohort-162f4cf6eb0f/persona_stackoverflow-ea8016e3fd87.yaml,1.0,oxo_hideaway,OXO Hideaway Compact,19.97,4,hygiene,4,18-24,,North America,,,Student,,,Student,"I want a clean, minimal look and the hideaway canister keeps the brush out of sight, which matters in a small shared bathroom. OXO's ventilated tray and No.1 Top Rated status give me confidence in the build quality, and at $19.97 it's a reasonable middle price rather than the cheapest option."
survey_toilet-brush-choice__YtoUzHv,persona/datasets/matraix-persona-1m/cohorts/cohort-162f4cf6eb0f/persona_gss-399a72d46cda.yaml,1.0,oxo_hideaway,OXO Hideaway Compact,19.97,4,hygiene,4,35-44,,North America,Middle,Man,,,,Full-time,"I want a brush that stays hidden and tidy in a small family bathroom, and the OXO's auto-opening canister with a ventilated tray means no standing water or visible mess. The No.1 Top Rated reputation and firm nylon bristles give me confidence it will actually clean well and last, and $19.97 is a fair mid-range price for that quality."
survey_toilet-brush-choice__Z23Rji6,persona/datasets/matraix-persona-1m/cohorts/cohort-162f4cf6eb0f/persona_wiki-dcf4f261ffd1.yaml,1.0,oxo_hideaway,OXO Hideaway Compact,19.97,4,hygiene,4,35-44,Value-driven,North America,Middle,Non-binary,Mid-life,Small town,null,Full-time,"I want a brush that stays out of sight and dries properly, and the OXO Hideaway's auto-opening canister with a ventilated tray solves both without any fuss. At $19.97 it is mid-priced but the compact, minimal white design suits my bathroom, and OXO's reputation for well-engineered household tools gives me confidence in the build."
survey_toilet-brush-choice__Z2V3odn,persona/datasets/matraix-persona-1m/cohorts/cohort-162f4cf6eb0f/persona_wiki-8ab3dc1539f5.yaml,1.0,oxo_hideaway,OXO Hideaway Compact,19.97,5,design,4,65+,Value-driven,North America,Upper-middle,Woman,Retirement,Dense urban,null,Retired,"I live alone in a small urban bathroom, so a compact set that hides the brush entirely when stored suits my aesthetic standards and keeps things tidy. OXO's reputation for well-engineered, functional design and the ventilated tray that prevents water pooling make it the one I'd trust to actually hold up."
survey_toilet-brush-choice__Z4KnCo8,persona/datasets/matraix-persona-1m/cohorts/cohort-162f4cf6eb0f/persona_gss-f7b6b4dc6b1a.yaml,1.0,oxo_hideaway,OXO Hideaway Compact,19.97,4,hygiene,4,55-64,,North America,Middle,Woman,,,,Full-time,"I want something that looks tidy and hides the brush away, and OXO is a brand I've trusted for years in my kitchen. The auto-open canister and ventilated tray mean less mess and odor, and the compact size suits my smaller guest bathroom. At under $20 the price is reasonable for the quality."
survey_toilet-brush-choice__Z6jKP9X,persona/datasets/matraix-persona-1m/cohorts/cohort-162f4cf6eb0f/persona_gss-6932aa9bcdb9.yaml,1.0,oxo_hideaway,OXO Hideaway Compact,19.97,4,hygiene,4,65-74,,North America,Lower-middle,Man,,,,Part-time,"I want a simple, tidy set that hides the brush away and doesn't drip water on the floor. OXO is a brand I recognize and trust, it's compact for my small bathroom, and the price is reasonable for something that will last."
survey_toilet-brush-choice__ZDE64fH,persona/datasets/matraix-persona-1m/cohorts/cohort-162f4cf6eb0f/persona_amazon-a77cdefa924a.yaml,1.0,oxo_hideaway,OXO Hideaway Compact,19.97,4,hygiene,4,25-34,,North America,,Woman,,Suburban,,Self-employed,"I want a brush that stays out of sight and doesn't leave a puddle in the holder, and the OXO's auto-open hideaway canister with a ventilated tray does exactly that. It's from a brand I trust, it's compact for a renter's bathroom, and at $19.97 the price is reasonable for the quality."
survey_toilet-brush-choice__ZFtiHn6,persona/datasets/matraix-persona-1m/cohorts/cohort-162f4cf6eb0f/persona_gss-b89a0e2e82b0.yaml,1.0,oxo_hideaway,OXO Hideaway Compact,19.97,4,hygiene,4,65-74,,North America,Lower-middle,Woman,,,,Part-time,"I'm a widow on a fixed income, so I want something reliable that hides the brush away neatly and keeps things tidy. The OXO is top rated, has a hideaway canister that keeps the brush out of sight and a ventilated tray so it dries without pooling water, and at $19.97 the price is reasonable for a brand I trust."
survey_toilet-brush-choice__ZKDFzUv,persona/datasets/matraix-persona-1m/cohorts/cohort-162f4cf6eb0f/persona_wiki-4c73ba16d660.yaml,1.0,oxo_hideaway,OXO Hideaway Compact,19.97,4,hygiene,4,13-17,,North America,null,Woman,Early career,Dense urban,null,Student,"I want a compact, hygienic set that hides the brush and dries without pooling water, and OXO's reputation for durable, well-designed basics makes it worth the modest premium. Since I'm a student living with family and only need one set for a shared bathroom, a single reliable unit beats a multi-pack or the cheapest option."
survey_toilet-brush-choice__ZMNQHwH,persona/datasets/matraix-persona-1m/cohorts/cohort-162f4cf6eb0f/persona_gss-adc6b7a3caf4.yaml,1.0,oxo_hideaway,OXO Hideaway Compact,19.97,4,hygiene,4,45-54,,North America,Middle,Woman,,,,Full-time,"With three kids and a busy household, I want a brush that stays out of sight and doesn't leave a wet mess in the corner. The OXO Hideaway canister hides the brush, has a ventilated tray to prevent water pooling, and it's the top-rated option, which gives me confidence in the brand."
survey_toilet-brush-choice__ZQkUWMU,persona/datasets/matraix-persona-1m/cohorts/cohort-162f4cf6eb0f/persona_stackoverflow-25dfa7563dd1.yaml,1.0,oxo_hideaway,OXO Hideaway Compact,19.97,4,hygiene,4,35-44,,North America,,,,,,Full-time,"I want a brush that hides the head when stored — less visual clutter and fewer drips in a small bathroom. OXO's hideaway canister with a ventilated tray is a simple, well-known mechanism from a brand with a solid track record, and $19.97 is reasonable for something that won't look like a biohazard sitting next to the toilet. The silicone and 3-pack options feel like false economy; stiff nylon bristles actually scrub."
survey_toilet-brush-choice__ZXDmNmC,persona/datasets/matraix-persona-1m/cohorts/cohort-162f4cf6eb0f/persona_gss-ac1e3a1a5bcb.yaml,1.0,oxo_hideaway,OXO Hideaway Compact,19.97,4,hygiene,4,45-54,,North America,Upper-middle,Man,,,,Full-time,"I want a clean, minimal look and the hideaway canister keeps the brush out of sight, which suits a shared bathroom. OXO's reputation and the ventilated tray that prevents water pooling make it worth the modest premium over the cheapest silicone sets."
survey_toilet-brush-choice__Zb8VL3j,persona/datasets/matraix-persona-1m/cohorts/cohort-162f4cf6eb0f/persona_stackoverflow-dbb3983de2b6.yaml,1.0,oxo_hideaway,OXO Hideaway Compact,19.97,4,hygiene,4,45-54,,North America,,,Mid-life,,,Full-time,"I want a compact, covered set that hides the brush and doesn't pool water, and OXO's auto-open canister plus ventilated tray addresses hygiene without being fussy. At $19.97 it's mid-priced for a brand with a solid reputation, which fits my cautious, quality-first approach."
survey_toilet-brush-choice__Zdir6P3,persona/datasets/matraix-persona-1m/cohorts/cohort-162f4cf6eb0f/persona_gss-8e6ed850990b.yaml,1.0,oxo_hideaway,OXO Hideaway Compact,19.97,4,hygiene,4,55-64,,North America,Middle,Woman,,,,Full-time,"I want a brush that stays hidden and looks tidy in my bathroom, and OXO is a brand I trust for everyday household items. The auto-open canister and ventilated tray mean less mess and no standing water, which matters to me for hygiene, and the under-$20 price is reasonable for something that will last."
survey_toilet-brush-choice__ZfJLdSe,persona/datasets/matraix-persona-1m/cohorts/cohort-162f4cf6eb0f/persona_wiki-9b4210cab796.yaml,1.0,oxo_hideaway,OXO Hideaway Compact,19.97,4,design,4,65+,Value-driven,North America,High income,Woman,Mid-life,Dense urban,$200k+,Homemaker,"I keep a spotless, design-conscious home and prefer a set that looks tidy and disappears when stored, so the OXO Hideaway's slim white canister and automatic opening suit my bathroom perfectly. OXO's reputation for well-made, thoughtfully designed tools gives me confidence in the firm nylon bristles and the ventilated tray that prevents water pooling. At $19.97 it is a reasonable price for something I will use for years."
survey_toilet-brush-choice__Zjg6uoZ,persona/datasets/matraix-persona-1m/cohorts/cohort-162f4cf6eb0f/persona_stackoverflow-98e3a4666e5b.yaml,1.0,oxo_hideaway,OXO Hideaway Compact,19.97,4,hygiene,4,35-44,,North America,,,,,,Full-time,"I want a brush that stays out of sight and doesn't pool water, and the OXO's auto-opening canister with a ventilated tray solves both without a bulky footprint. It's the top-rated option from a brand with a solid track record, and at $19.97 the price is reasonable for a set I'll use daily for years."
survey_toilet-brush-choice__ZmuMU3S,persona/datasets/matraix-persona-1m/cohorts/cohort-162f4cf6eb0f/persona_stackoverflow-31e64c7159f4.yaml,1.0,oxo_hideaway,OXO Hideaway Compact,19.97,4,hygiene,4,25-34,,North America,,,Early career,,,Full-time,"I want a covered, hygienic holder that hides the brush and has a ventilated tray so water doesn't pool — that's the main thing I care about in a bathroom fixture. OXO's hideaway design is compact, top-rated, and the auto-open canister is a genuinely thoughtful mechanism, so I'll pay a bit more for reliability over a cheap 3-pack."
survey_toilet-brush-choice__ZtJ6t3g,persona/datasets/matraix-persona-1m/cohorts/cohort-162f4cf6eb0f/persona_gss-16509664af4b.yaml,1.0,jiga_3pack,JIGA 3-Pack,13.99,5,price,4,45-54,,North America,Lower-middle,Woman,,,,Part-time,"I need a brush for more than one bathroom and I'm on a tight budget, so getting three complete sets for $13.99 is the best value here. The white plastic design is plain but it'll match my bathroom fine, and stiff nylon bristles do the job."
survey_toilet-brush-choice__Zwrtnfw,persona/datasets/matraix-persona-1m/cohorts/cohort-162f4cf6eb0f/persona_gss-428bd8b50614.yaml,1.0,oxo_hideaway,OXO Hideaway Compact,19.97,4,hygiene,4,35-44,,North America,Lower-middle,Man,,,,Full-time,"OXO is a brand I trust to actually hold up, and the hideaway canister keeps things looking tidy with no brush visible. At $19.97 it's a reasonable middle price, and the ventilated tray means less sitting water and mildew."
survey_toilet-brush-choice__a27juVQ,persona/datasets/matraix-persona-1m/cohorts/cohort-162f4cf6eb0f/persona_amazon-311c6827d6d4.yaml,1.0,oxo_hideaway,OXO Hideaway Compact,19.97,4,hygiene,4,,,North America,,,,,,,"I want a compact, tidy set that hides the brush out of sight, and the OXO's auto-opening ventilated canister keeps things hygienic and dry in a small bathroom. The No.1 Top Rated status and $19.97 price feel like a solid, reliable middle ground."
survey_toilet-brush-choice__a5M4jM3,persona/datasets/matraix-persona-1m/cohorts/cohort-162f4cf6eb0f/persona_gss-b6ffb39dd5f3.yaml,1.0,clorox_under_rim,Clorox Corner Under-Rim,15.5,5,cleaning,4,65-74,,North America,Middle,Man,Retirement,,,Retired,"I'm a practical man on a fixed retirement income, and the Clorox set is a trusted name at a fair price of $15.50. The corner caddy saves space and the under-rim scrubber plus antibacterial bristles give me confidence the bowl is truly clean, which matters to me for hygiene."
survey_toilet-brush-choice__a7YEqNL,persona/datasets/matraix-persona-1m/cohorts/cohort-162f4cf6eb0f/persona_wiki-eec89b0e17eb.yaml,1.0,oxo_hideaway,OXO Hideaway Compact,19.97,4,hygiene,4,,Value-driven,North America,Middle,Man,Mid-life,Small town,,Self-employed,"I want a brush that stays completely out of sight and doesn't leave a puddle of standing water in the base, and the auto-opening ventilated canister solves both. OXO is a known quantity for build quality, and at $19.97 for a single well-engineered set it's a fair price rather than paying more for a two-pack I don't need."
survey_toilet-brush-choice__aD5U2aM,persona/datasets/matraix-persona-1m/cohorts/cohort-162f4cf6eb0f/persona_wiki-c52809e25c64.yaml,1.0,oxo_hideaway,OXO Hideaway Compact,19.97,5,hygiene,4,65+,Indifferent,North America,Upper-middle,Woman,Retirement,Dense urban,$100k-200k,Self-employed,"I want a hygienic, well-engineered set that conceals the brush and drains properly, and OXO's reputation for thoughtful design and its top-rated status give me confidence. The automatic hideaway canister and ventilated tray address the water-pooling problem that plagues most holders, and the $19.97 price is entirely reasonable for a durable daily-use item."
survey_toilet-brush-choice__aEb32if,persona/datasets/matraix-persona-1m/cohorts/cohort-162f4cf6eb0f/persona_amazon-d18e6af3aa8e.yaml,1.0,oxo_hideaway,OXO Hideaway Compact,19.97,4,hygiene,4,,,North America,,,,,,,"I trust OXO as a brand and it's the No.1 Top Rated option, which matters to me since I lean on reviews when I'm skeptical of brands. The hideaway canister that opens automatically and the ventilated tray keep things tidy and dry, and at $19.97 it's a reasonable mid-range price for a compact set that fits a small bathroom."
survey_toilet-brush-choice__aEsqBAc,persona/datasets/matraix-persona-1m/cohorts/cohort-162f4cf6eb0f/persona_wiki-dbb94f8e76ce.yaml,1.0,oxo_hideaway,OXO Hideaway Compact,19.97,4,hygiene,5,35-44,,North America,Middle,Man,Mid-life,Suburban,,Retired,"I want a brush that stays out of sight and doesn't pool water, and OXO's hideaway canister that opens automatically when lifted plus a ventilated tray fits that exactly. It's the top-rated option, compact enough for a small bathroom, and OXO's build quality justifies the price for something I'll use daily."
survey_toilet-brush-choice__aFnYBJw,persona/datasets/matraix-persona-1m/cohorts/cohort-162f4cf6eb0f/persona_wiki-b963544fbe33.yaml,1.0,oxo_hideaway,OXO Hideaway Compact,19.97,4,design,4,55-64,Value-driven,North America,Upper-middle,Woman,Mid-life,Suburban,null,Full-time,"I want a brush that disappears into a clean, minimal canister rather than sitting out looking like a cleaning product, and OXO's hideaway design does exactly that. The auto-open mechanism, ventilated tray to prevent standing water, and compact footprint suit my aesthetic standards and my suburban bathroom, and OXO is a brand I trust for well-considered functional design at a fair price."
survey_toilet-brush-choice__aNAjemk,persona/datasets/matraix-persona-1m/cohorts/cohort-162f4cf6eb0f/persona_stackoverflow-232adba5da88.yaml,1.0,oxo_hideaway,OXO Hideaway Compact,19.97,4,hygiene,4,45-54,,North America,,,,,,Full-time,"I want a set that hides the brush completely when stored and has a ventilated tray so it doesn't sit in stagnant water — hygiene and a clean look matter in a bathroom. OXO is a brand I trust for build quality, and at $19.97 the price is reasonable for something I'll use daily for years."
survey_toilet-brush-choice__aTSsNb8,persona/datasets/matraix-persona-1m/cohorts/cohort-162f4cf6eb0f/persona_wiki-77a012f6dd8c.yaml,1.0,oxo_hideaway,OXO Hideaway Compact,19.97,4,hygiene,4,65+,Value-driven,North America,High income,Woman,Retirement,Dense urban,$100k-200k,Self-employed,"I want a set that disappears into the bathroom rather than advertising itself, and the OXO Hideaway's canister conceals the brush entirely while its ventilated tray prevents the stagnant water and odor that plague covered holders. OXO's reputation for well-engineered household tools and the No. 1 Top Rated designation give me confidence the mechanism will hold up, and at $19.97 for a single well-made set it is a sensible purchase rather than a false economy."
survey_toilet-brush-choice__aXfA2mh,persona/datasets/matraix-persona-1m/cohorts/cohort-162f4cf6eb0f/persona_wiki-5d0fa08a13d9.yaml,1.0,oxo_hideaway,OXO Hideaway Compact,19.97,4,hygiene,4,55-64,Value-driven,North America,Upper-middle,Man,Mid-life,Suburban,,Self-employed,"I live alone and value a tidy, uncluttered bathroom, so the hideaway canister that conceals the brush entirely and opens automatically when lifted is exactly what I want. OXO's reputation for well-engineered, durable goods and its top-rated status justify the modest premium over the cheapest silicone options."
survey_toilet-brush-choice__aXjp3FG,persona/datasets/matraix-persona-1m/cohorts/cohort-162f4cf6eb0f/persona_wiki-c579f74e3a8f.yaml,1.0,oxo_hideaway,OXO Hideaway Compact,19.97,4,hygiene,4,65+,,North America,High income,Woman,Mid-life,Dense urban,null,Full-time,"The OXO Hideaway is the best match for my priorities: a trusted brand, a hideaway canister that keeps the brush out of sight and the ventilated tray that prevents standing water, and a compact footprint suited to a small city bathroom. At $19.97 it is reasonably priced for the build quality, and its top-rated standing gives me confidence in durability."
survey_toilet-brush-choice__aXwvfxA,persona/datasets/matraix-persona-1m/cohorts/cohort-162f4cf6eb0f/persona_stackoverflow-422a3f942f18.yaml,1.0,oxo_hideaway,OXO Hideaway Compact,19.97,4,hygiene,4,25-34,,North America,,,Early career,,,Full-time,"I want a brush that stays out of sight but is hygienic, and the OXO Hideaway's auto-open ventilated canister solves both — no pooling water and no visible brush when stored. The No.1 Top Rated status and OXO's reputation for durable, well-designed tools justify the mid-range price for something I'll use daily."
survey_toilet-brush-choice__aZ2oAp7,persona/datasets/matraix-persona-1m/cohorts/cohort-162f4cf6eb0f/persona_gss-0ee314336943.yaml,1.0,oxo_hideaway,OXO Hideaway Compact,19.97,4,hygiene,4,75-84,,North America,Middle,Woman,Retirement,,,Retired,"I want a brush that stays hidden and tidy in the holder, and OXO is a brand I trust for sturdy everyday household tools. The ventilated tray that keeps water from pooling matters to me for hygiene, and the compact size suits my bathroom."
survey_toilet-brush-choice__aaxAQ6D,persona/datasets/matraix-persona-1m/cohorts/cohort-162f4cf6eb0f/persona_stackoverflow-d506a78dc10f.yaml,1.0,oxo_hideaway,OXO Hideaway Compact,19.97,4,hygiene,4,35-44,,North America,,,,,,Full-time,"I want a compact, clean-looking set that hides the brush when not in use, and OXO's auto-open canister plus ventilated tray solves the pooling-water hygiene issue I care about. It's from a brand I trust, is top rated, and at $19.97 the price is reasonable for the design and build quality."
survey_toilet-brush-choice__adHRLZS,persona/datasets/matraix-persona-1m/cohorts/cohort-162f4cf6eb0f/persona_wiki-e67dc8439647.yaml,1.0,oxo_hideaway,OXO Hideaway Compact,19.97,4,hygiene,4,null,,North America,null,Man,,null,null,null,"I want a clean, minimal look in my bathroom, and the hideaway canister keeps the brush out of sight while the ventilated tray prevents water pooling. OXO's top-rated reputation and compact footprint make it worth the modest price bump."
survey_toilet-brush-choice__adzu6QJ,persona/datasets/matraix-persona-1m/cohorts/cohort-162f4cf6eb0f/persona_wiki-7daa518d9c7e.yaml,1.0,oxo_hideaway,OXO Hideaway Compact,19.97,4,hygiene,5,25-34,,North America,,Man,Early career,,,Self-employed,"I want something that looks clean and minimal in my bathroom and actually performs. The OXO hideaway canister keeps the brush out of sight, the ventilated tray stops water pooling, and it's the top-rated option from a brand I already trust for kitchen and cleaning gear. At $19.97 it's a fair price for something I'll use daily."
survey_toilet-brush-choice__agPZFob,persona/datasets/matraix-persona-1m/cohorts/cohort-162f4cf6eb0f/persona_stackoverflow-fe0832f2854a.yaml,1.0,oxo_hideaway,OXO Hideaway Compact,19.97,4,hygiene,4,25-34,,North America,,,Early career,,,Full-time,"I want a brush that stays hidden and tidy, and the OXO Hideaway's auto-opening canister plus ventilated tray solves the dripping-water and visible-brush problems I care about most. It's top-rated, has a compact footprint for a small bathroom, and at $19.97 the price is reasonable for a well-reviewed, durable-feeling set."
survey_toilet-brush-choice__ajYnaC2,persona/datasets/matraix-persona-1m/cohorts/cohort-162f4cf6eb0f/persona_gss-ce232ffae255.yaml,1.0,oxo_hideaway,OXO Hideaway Compact,19.97,4,hygiene,4,25-34,,North America,Middle,Woman,,,,Full-time,"I want a brush that keeps the bathroom looking tidy, and the OXO Hideaway hides the brush completely in a compact canister that opens automatically. OXO is a brand I trust for durable household tools, and at $19.97 the price is reasonable for the quality and top-rated reviews."
survey_toilet-brush-choice__ajxd2Rg,persona/datasets/matraix-persona-1m/cohorts/cohort-162f4cf6eb0f/persona_gss-77abecd33bf3.yaml,1.0,oxo_hideaway,OXO Hideaway Compact,19.97,4,hygiene,4,65-74,,North America,Middle,Woman,Retirement,,,Retired,"I want something simple and tidy that doesn't show the brush, and OXO is a brand I trust for everyday household items. The compact canister suits my small bathroom and the ventilated tray keeps things from getting messy."
survey_toilet-brush-choice__anBdRPa,persona/datasets/matraix-persona-1m/cohorts/cohort-162f4cf6eb0f/persona_wiki-3637a668665e.yaml,1.0,oxo_hideaway,OXO Hideaway Compact,19.97,4,hygiene,4,65+,Value-driven,North America,Upper-middle,Woman,Retirement,Dense urban,,Retired,"I want a brush I can tuck beside the toilet without it looking like a cleaning tool on display, and the OXO Hideaway's canister conceals the brush entirely while the ventilated tray keeps it from sitting in dirty water. OXO is a brand I trust for well-engineered household tools, and at $19.97 the price is reasonable for a set I expect to last years in a well-kept bathroom."
survey_toilet-brush-choice__aw8Jh9h,persona/datasets/matraix-persona-1m/cohorts/cohort-162f4cf6eb0f/persona_stackoverflow-2734ffc70b4e.yaml,1.0,oxo_hideaway,OXO Hideaway Compact,19.97,4,hygiene,4,25-34,,North America,,,Early career,,,Full-time,"I want a compact set that hides the brush out of sight and has a ventilated tray so it doesn't sit in dirty water — the auto-open canister is a genuinely practical design, not a gimmick. OXO's build quality and top-rated track record justify the moderate price, and the small footprint suits a typical bathroom."
survey_toilet-brush-choice__azdK8NZ,persona/datasets/matraix-persona-1m/cohorts/cohort-162f4cf6eb0f/persona_stackoverflow-7ca9bcc0abb5.yaml,1.0,oxo_hideaway,OXO Hideaway Compact,19.97,4,hygiene,4,45-54,,North America,,,,,,Full-time,"I want a brush that stays out of sight and doesn't pool water in the base — the OXO's auto-open canister and ventilated tray solve both, and it's a top-rated brand I already trust. At $19.97 it's a reasonable mid-range price for something I'll use daily for years."
survey_toilet-brush-choice__bB4eNjD,persona/datasets/matraix-persona-1m/cohorts/cohort-162f4cf6eb0f/persona_stackoverflow-4d17b4c3ca76.yaml,1.0,oxo_hideaway,OXO Hideaway Compact,19.97,4,hygiene,4,35-44,,North America,,,,,,Full-time,"The OXO Hideaway's auto-open canister keeps the brush fully concealed when stored, which matters for a clean-looking bathroom, and the ventilated tray prevents the stagnant water pooling that makes most holders gross. At $19.97 it's mid-priced, and OXO's build quality and No.1 Top Rated status give me confidence it will actually last rather than crack in a year like cheap plastic sets."
survey_toilet-brush-choice__bCNPLVA,persona/datasets/matraix-persona-1m/cohorts/cohort-162f4cf6eb0f/persona_wiki-7b6dad0a0fe4.yaml,1.0,oxo_hideaway,OXO Hideaway Compact,19.97,5,hygiene,4,65+,Value-driven,North America,High income,Woman,Retirement,Dense urban,$100k-200k,Self-employed,"I value a tidy, minimal bathroom and the OXO Hideaway's canister conceals the brush entirely while opening automatically on lift — no fumbling. OXO's reputation for well-engineered, durable household tools and its ventilated tray (which prevents standing water) make the $19.97 price easy to justify."
survey_toilet-brush-choice__bESauqr,persona/datasets/matraix-persona-1m/cohorts/cohort-162f4cf6eb0f/persona_gss-e6e0871cf10e.yaml,1.0,oxo_hideaway,OXO Hideaway Compact,19.97,4,hygiene,4,55-64,,North America,Lower-middle,Woman,,,,Full-time,"I want a compact, tidy set that hides the brush away and doesn't pool water, and OXO's hideaway canister with the ventilated tray does exactly that. It's a trusted brand at a reasonable mid-range price, and the slim footprint suits my small bathroom."
survey_toilet-brush-choice__bKARsKM,persona/datasets/matraix-persona-1m/cohorts/cohort-162f4cf6eb0f/persona_gss-cd20e68fb346.yaml,1.0,clorox_under_rim,Clorox Corner Under-Rim,15.5,4,cleaning,4,25-34,,North America,Lower-middle,Woman,,,,Part-time,"It is affordable at $15.50, and the built-in under-rim scrubber would help me clean the hidden spots where germs collect, which matters with three kids in the house. Clorox is a brand I trust for bathroom cleaning, and the corner caddy helps save space in our small bathroom."
survey_toilet-brush-choice__bQdwMC6,persona/datasets/matraix-persona-1m/cohorts/cohort-162f4cf6eb0f/persona_stackoverflow-ab3ef3eb78b9.yaml,1.0,oxo_hideaway,OXO Hideaway Compact,19.97,4,hygiene,4,18-24,,North America,,,Student,,,Part-time,"I want a compact, hygienic set that hides the brush when not in use, so the ventilated auto-open canister and small footprint fit my bathroom well. OXO's strong reputation and top-rated status give me confidence it will actually hold up, and $19.97 is reasonable for that."
survey_toilet-brush-choice__bSqdVsg,persona/datasets/matraix-persona-1m/cohorts/cohort-162f4cf6eb0f/persona_wiki-7dc8c6c9b463.yaml,1.0,oxo_hideaway,OXO Hideaway Compact,19.97,4,hygiene,4,65+,Value-driven,North America,Upper-middle,Man,Retirement,Small town,null,Self-employed,"I want a set that looks tidy and keeps the brush out of sight, and the OXO Hideaway does exactly that with its auto-opening canister and ventilated tray. OXO's reputation for well-built, functional household tools gives me confidence in the durability, and the compact footprint suits a modest bathroom."
survey_toilet-brush-choice__bWj9tPz,persona/datasets/matraix-persona-1m/cohorts/cohort-162f4cf6eb0f/persona_gss-db037a5b8e1f.yaml,1.0,oxo_hideaway,OXO Hideaway Compact,19.97,4,hygiene,4,18-24,,North America,Middle,Man,,,,Part-time,"I want a brush that stays hidden and doesn't look messy in the bathroom, so the OXO Hideaway's auto-open canister and ventilated tray are exactly what I'm after. It's also the top-rated option and a brand I recognize, which gives me confidence it'll last."
survey_toilet-brush-choice__bdguUVo,persona/datasets/matraix-persona-1m/cohorts/cohort-162f4cf6eb0f/persona_wiki-33d4ca751608.yaml,1.0,oxo_hideaway,OXO Hideaway Compact,19.97,4,design,4,,,North America,,Man,Mid-life,,,Self-employed,"I want a clean, minimal look and the hideaway canister keeps the brush out of sight, which matters in a bathroom I care about. OXO's reputation for well-designed, durable housewares plus the ventilated tray for hygiene justifies the modest price."
survey_toilet-brush-choice__bfQqHUL,persona/datasets/matraix-persona-1m/cohorts/cohort-162f4cf6eb0f/persona_gss-e70a1b4a97a4.yaml,1.0,clorox_under_rim,Clorox Corner Under-Rim,15.5,4,cleaning,4,75-84,,North America,Middle,Woman,,,,Part-time,"I trust the Clorox name for cleaning and hygiene, and the corner caddy plus under-rim scrubber means I can actually get at the hard-to-reach spots without bending. The dark-gray grip handle is practical for my hands, and at $15.50 it is a fair price for a well-known brand."
survey_toilet-brush-choice__bqwQnBW,persona/datasets/matraix-persona-1m/cohorts/cohort-162f4cf6eb0f/persona_gss-e3b13b9efa38.yaml,1.0,oxo_hideaway,OXO Hideaway Compact,19.97,4,hygiene,4,,,North America,Middle,Woman,Retirement,,,Retired,"I want a tidy, hygienic set that hides the brush away and doesn't take up much space in my bathroom. OXO is a brand I trust, it's top rated, and the ventilated tray prevents water pooling, which matters for cleanliness."
survey_toilet-brush-choice__bruf3es,persona/datasets/matraix-persona-1m/cohorts/cohort-162f4cf6eb0f/persona_wiki-92eeab676f8c.yaml,1.0,oxo_hideaway,OXO Hideaway Compact,19.97,4,hygiene,4,,Value-driven,North America,Middle,Man,Mid-life,,,Self-employed,"I value order, durability, and a tidy bathroom, and OXO's hideaway canister keeps the brush fully concealed while the ventilated tray prevents standing water and odor. OXO is a brand I trust for solid build quality, and at $19.97 the compact footprint suits a real bathroom without looking cheap."
survey_toilet-brush-choice__bsvJfKk,persona/datasets/matraix-persona-1m/cohorts/cohort-162f4cf6eb0f/persona_wiki-4a2d2f6d568c.yaml,1.0,oxo_hideaway,OXO Hideaway Compact,19.97,4,hygiene,4,65+,Indifferent,North America,Upper-middle,Woman,Retirement,Dense urban,,Retired,"I keep a tidy, orderly home and I've had good luck with OXO products over the years, so the brand trust matters to me. The hideaway canister that opens automatically and keeps the brush out of sight suits my preference for a clean, uncluttered bathroom, and the ventilated tray helps it dry properly, which matters for hygiene."
survey_toilet-brush-choice__c43fGcy,persona/datasets/matraix-persona-1m/cohorts/cohort-162f4cf6eb0f/persona_wiki-7d5998065700.yaml,1.0,oxo_hideaway,OXO Hideaway Compact,19.97,4,hygiene,4,65+,Premium-seeking,North America,High income,Man,Mid-life,Small town,$100k-200k,Self-employed,"I want a brush that stays out of sight and doesn't pool water in the base — the OXO's auto-opening hideaway canister and ventilated tray solve both, and it is the top-rated option on the shelf. At $19.97 the price is reasonable for a well-designed, durable set from a brand with a solid reputation."
survey_toilet-brush-choice__c9FBCFB,persona/datasets/matraix-persona-1m/cohorts/cohort-162f4cf6eb0f/persona_stackoverflow-76282d7f215b.yaml,1.0,oxo_hideaway,OXO Hideaway Compact,19.97,4,hygiene,4,18-24,,North America,,,Early career,,$100k-200k,Full-time,"I want a hygienic, minimal setup where the brush is hidden and the holder actually drains, and OXO's auto-open hideaway canister with a ventilated tray solves both without looking cheap. At $19.97 it's a reasonable mid-range price for a brand with a solid reliability track record, unlike the no-name silicone sets whose durability I can't verify."
survey_toilet-brush-choice__cMGbqyJ,persona/datasets/matraix-persona-1m/cohorts/cohort-162f4cf6eb0f/persona_stackoverflow-1752fdc7a03a.yaml,1.0,oxo_hideaway,OXO Hideaway Compact,19.97,4,hygiene,4,35-44,,North America,,,,,,Self-employed,"The hideaway canister keeps the brush out of sight, which suits a clean, minimal bathroom, and the ventilated tray directly addresses water pooling and odor — a hygiene concern I care about. OXO's No.1 Top Rated status and $19.97 price give me confidence in build quality without overpaying for a two-pack I don't need."
survey_toilet-brush-choice__cMMvDDv,persona/datasets/matraix-persona-1m/cohorts/cohort-162f4cf6eb0f/persona_gss-25a7a703f49e.yaml,1.0,oxo_hideaway,OXO Hideaway Compact,19.97,4,hygiene,4,85+,,North America,Middle,Woman,,,,Homemaker,"At my age I want something simple and tidy that hides the brush away and doesn't need fussing over. OXO is a brand I recognize and trust, and the auto-open canister with a ventilated tray keeps things clean and dry without me bending or fiddling much."
survey_toilet-brush-choice__cMfNrS3,persona/datasets/matraix-persona-1m/cohorts/cohort-162f4cf6eb0f/persona_wiki-a78fc27ebac6.yaml,1.0,oxo_hideaway,OXO Hideaway Compact,19.97,4,hygiene,4,,Value-driven,North America,High income,Woman,Retirement,Small town,$200k+,Self-employed,"I want a brush that looks tidy and disappears into the room rather than sitting out as a visual eyesore — the auto-open hideaway canister does that well, and the ventilated tray addresses the hygiene problem that matters most to me. OXO's reputation for durable, well-designed household tools justifies the modest $19.97 price over the cheaper silicone options."
survey_toilet-brush-choice__cSFbXtk,persona/datasets/matraix-persona-1m/cohorts/cohort-162f4cf6eb0f/persona_stackoverflow-62c2ee1b5f9c.yaml,1.0,oxo_hideaway,OXO Hideaway Compact,19.97,4,hygiene,4,18-24,,North America,,,Early career,,,Full-time,"The OXO Hideaway's auto-open canister keeps the brush fully out of sight, which matters in a small shared bathroom, and the ventilated tray stops water pooling in the base. It's the top-rated option and OXO's build quality is reliable, so the mid-range price feels justified over the cheap silicone sets."
survey_toilet-brush-choice__cVVWSCj,persona/datasets/matraix-persona-1m/cohorts/cohort-162f4cf6eb0f/persona_wiki-bbcf5b432647.yaml,1.0,oxo_hideaway,OXO Hideaway Compact,19.97,4,hygiene,5,65+,,North America,Upper-middle,Man,Retirement,Suburban,$200k+,Retired,"The OXO Good Grips Hideaway is my pick because the canister keeps the brush completely out of sight, which suits a tidy guest bathroom, and the ventilated tray prevents standing water and odor. OXO's reputation for durable, well-engineered household tools gives me confidence it will hold up to daily use, and at $19.97 the price is reasonable for the quality."
survey_toilet-brush-choice__cVfezf7,persona/datasets/matraix-persona-1m/cohorts/cohort-162f4cf6eb0f/persona_gss-3163de894256.yaml,1.0,jiga_3pack,JIGA 3-Pack,13.99,5,price,4,65-74,,North America,Lower-middle,Man,Retirement,,,Retired,"At my age I keep things simple and frugal, and three sturdy white brushes with holders for $13.99 is the best value on the shelf. I have three bathrooms to keep clean, and stiff nylon bristles on a long handle do the job without fuss."
survey_toilet-brush-choice__caVrVvU,persona/datasets/matraix-persona-1m/cohorts/cohort-162f4cf6eb0f/persona_stackoverflow-f1585f856118.yaml,1.0,oxo_hideaway,OXO Hideaway Compact,19.97,4,hygiene,4,18-24,,North America,,,Early career,,,Full-time,"I want a brush that stays hidden and doesn't look like a toilet brush sitting out, and the auto-open canister plus ventilated tray solves the pooling-water hygiene problem. OXO's build quality and top-rated status justify the mid-range price, and the compact footprint fits a small bathroom."
survey_toilet-brush-choice__cd5Q6oy,persona/datasets/matraix-persona-1m/cohorts/cohort-162f4cf6eb0f/persona_wiki-c7dc72dafbdb.yaml,1.0,oxo_hideaway,OXO Hideaway Compact,19.97,4,hygiene,4,65+,,North America,Upper-middle,Man,Retirement,Small town,null,Full-time,"The OXO Hideaway is the only set that keeps the brush fully concealed when stored, which matters for a tidy bathroom, and the auto-open canister and ventilated tray address the hygiene and water-pooling issues I care about. Brand trust, top-rated status, and a sensible $19.97 price make it the practical choice over cheaper silicone sets of unknown quality."
survey_toilet-brush-choice__ci4d4Y6,persona/datasets/matraix-persona-1m/cohorts/cohort-162f4cf6eb0f/persona_gss-4e1b52064984.yaml,1.0,oxo_hideaway,OXO Hideaway Compact,19.97,4,hygiene,4,55-64,,North America,Upper-middle,Man,,,,Full-time,"OXO is a brand I already trust for kitchen and household tools, and the hideaway canister keeps the brush out of sight, which suits a shared bathroom. The ventilated tray that prevents water pooling addresses the hygiene concern I actually care about, and at $19.97 the price is reasonable for the build quality."
survey_toilet-brush-choice__cqhhgjj,persona/datasets/matraix-persona-1m/cohorts/cohort-162f4cf6eb0f/persona_stackoverflow-33c5f7075b91.yaml,1.0,oxo_hideaway,OXO Hideaway Compact,19.97,4,hygiene,4,25-34,,North America,,,Early career,,,Full-time,"The hideaway canister means I never have to look at a wet brush, and the ventilated tray avoids the pooling water that makes cheaper holders gross. OXO is a brand I trust for solid build quality, and at $19.97 it's a fair price for a compact set that actually fits a small bathroom."
survey_toilet-brush-choice__crB4vjA,persona/datasets/matraix-persona-1m/cohorts/cohort-162f4cf6eb0f/persona_gss-c9919adbdc34.yaml,1.0,oxo_hideaway,OXO Hideaway Compact,19.97,4,hygiene,4,18-24,,North America,Middle,Woman,,,,Homemaker,"I want something that looks tidy and hides the brush away, and OXO is a brand I trust to hold up well. The auto-open canister and ventilated tray keep things clean and dry, which matters to me with a little one in the house."
survey_toilet-brush-choice__crgVb6t,persona/datasets/matraix-persona-1m/cohorts/cohort-162f4cf6eb0f/persona_wiki-35f36bd19b33.yaml,1.0,oxo_hideaway,OXO Hideaway Compact,19.97,4,hygiene,4,65+,,North America,High income,Man,Retirement,Small town,null,Retired,"I want a brush that stays out of sight and does its job without fuss. The OXO Hideaway's auto-opening canister and ventilated tray mean the brush head is concealed when stored and never sits in pooled water, and the firm nylon bristles are the proven cleaning design I trust. At $19.97 from a brand with a solid reputation, the price is reasonable for a set that will last years in a small bathroom."
survey_toilet-brush-choice__cvaPnu7,persona/datasets/matraix-persona-1m/cohorts/cohort-162f4cf6eb0f/persona_stackoverflow-fe62ce0e3ce7.yaml,1.0,oxo_hideaway,OXO Hideaway Compact,19.97,4,hygiene,5,35-44,,North America,,,,,,Full-time,"I want a compact, tidy set that hides the brush and dries without pooling water, and OXO's auto-open ventilated canister does exactly that. At $19.97 it's mid-priced but backed by strong reliability and top-rated reviews, which matters more to me than saving a few dollars."
survey_toilet-brush-choice__cxxxqwD,persona/datasets/matraix-persona-1m/cohorts/cohort-162f4cf6eb0f/persona_wiki-dfac7e57fa09.yaml,1.0,oxo_hideaway,OXO Hideaway Compact,19.97,4,hygiene,4,,,North America,Middle,Woman,Mid-life,Small town,,Full-time,"I want a set that keeps the bathroom looking tidy and hygienic, and the OXO Hideaway's auto-opening canister hides the brush completely while its ventilated tray prevents standing water and mildew. It's a well-regarded brand at a reasonable mid-range price, and the compact footprint suits my small bathroom."
survey_toilet-brush-choice__cyRH9Mm,persona/datasets/matraix-persona-1m/cohorts/cohort-162f4cf6eb0f/persona_gss-281f19596ee3.yaml,1.0,oxo_hideaway,OXO Hideaway Compact,19.97,4,hygiene,4,18-24,,North America,Lower-middle,Man,,,,Full-time,"I want something that looks clean and tidy in a small bathroom, and the OXO Hideaway keeps the brush completely out of sight while the canister opens automatically. It's a trusted, top-rated brand at a fair mid-range price, and the ventilated tray means it won't sit in dirty water."
survey_toilet-brush-choice__d3ztABU,persona/datasets/matraix-persona-1m/cohorts/cohort-162f4cf6eb0f/persona_gss-b90c34fbf725.yaml,1.0,sellemer_silicone,Sellemer Silicone,12.99,4,hygiene,4,75-84,,North America,Low income,Woman,Retirement,,,Retired,"On my fixed income I need something cheap but that actually works, and at $12.99 this fits. The flexible flat head reaching under the rim and the ventilated quick-dry holder matter to me because I don't want a smelly wet brush sitting in my bathroom."
survey_toilet-brush-choice__d4covxG,persona/datasets/matraix-persona-1m/cohorts/cohort-162f4cf6eb0f/persona_stackoverflow-fef732bda728.yaml,1.0,oxo_hideaway,OXO Hideaway Compact,19.97,4,hygiene,4,25-34,,North America,,,Early career,,,Full-time,"I want a compact, well-reviewed set with a covered canister so the brush isn't visible and water doesn't pool in the base. OXO's auto-open hideaway design and No.1 Top Rated status suggest reliable build quality at a reasonable $19.97, without gimmicks like tweezers or multi-packs I don't need."
survey_toilet-brush-choice__dGteewZ,persona/datasets/matraix-persona-1m/cohorts/cohort-162f4cf6eb0f/persona_stackoverflow-75573bb09d8c.yaml,1.0,oxo_hideaway,OXO Hideaway Compact,19.97,4,hygiene,4,35-44,,North America,,,,,,Full-time,"I want a compact, well-engineered set that stays tidy in a small bathroom, and the OXO's auto-opening hideaway canister plus ventilated tray solves the dripping-water and visible-brush problems that annoy me most. OXO is a brand I trust for durable, thoughtfully designed household tools, and at $19.97 it's reasonably priced for a single high-quality set rather than a multi-pack I don't need."
survey_toilet-brush-choice__dJKfmWM,persona/datasets/matraix-persona-1m/cohorts/cohort-162f4cf6eb0f/persona_gss-406bc7663fcf.yaml,1.0,oxo_hideaway,OXO Hideaway Compact,19.97,4,hygiene,4,65-74,,North America,Lower-middle,Woman,Retirement,,,Retired,"I trust the OXO brand and its top-rated reputation, and the hideaway canister keeps the brush out of sight, which suits my tidy bathroom. The ventilated tray that prevents water pooling matters to me for hygiene, and at $19.97 the price is reasonable for the quality."
survey_toilet-brush-choice__dMffmbL,persona/datasets/matraix-persona-1m/cohorts/cohort-162f4cf6eb0f/persona_gss-64b95e6e7060.yaml,1.0,oxo_hideaway,OXO Hideaway Compact,19.97,4,hygiene,4,25-34,,North America,Middle,Man,,,,Full-time,"The OXO Hideaway is top rated, has a clean minimal look that fits any bathroom, and the auto-open canister keeps the brush hidden and the tray ventilated so it dries without pooling water. At $19.97 it's a fair mid-range price for a brand I trust to actually hold up."
survey_toilet-brush-choice__dUhryev,persona/datasets/matraix-persona-1m/cohorts/cohort-162f4cf6eb0f/persona_gss-1cbfea5156e8.yaml,1.0,clorox_under_rim,Clorox Corner Under-Rim,15.5,4,cleaning,4,35-44,,North America,Middle,Woman,,,,Full-time,"I want something reliable and affordable that actually cleans well, and the under-rim scrubber head plus antibacterial bristles sold me. The corner caddy saves space, and at $15.50 it's a fair price from a brand I recognize."
survey_toilet-brush-choice__da7p4aj,persona/datasets/matraix-persona-1m/cohorts/cohort-162f4cf6eb0f/persona_stackoverflow-0bd0cd967efc.yaml,1.0,oxo_hideaway,OXO Hideaway Compact,19.97,4,hygiene,4,35-44,,North America,,,Mid-life,,,,"I want a set that stays hygienic and looks tidy in a small bathroom, and the OXO Hideaway's auto-opening canister with a ventilated tray keeps the wet brush concealed and out of the way. It's a well-reviewed, durable-feeling option at a fair mid-range price, and I trust OXO's build quality more than the no-name silicone sets."
survey_toilet-brush-choice__damCDgn,persona/datasets/matraix-persona-1m/cohorts/cohort-162f4cf6eb0f/persona_stackoverflow-e61bff9763f1.yaml,1.0,oxo_hideaway,OXO Hideaway Compact,19.97,4,hygiene,4,35-44,,North America,,,,,,Full-time,"I want a brush that stays out of sight and doesn't pool water in the base — the auto-open hideaway canister and ventilated tray solve both. OXO's design reputation and the No.1 Top Rated badge give me confidence in build quality at a reasonable $19.97, so I don't have to gamble on a cheap silicone set."
survey_toilet-brush-choice__dcQSLQw,persona/datasets/matraix-persona-1m/cohorts/cohort-162f4cf6eb0f/persona_stackoverflow-6f2822e7c34f.yaml,1.0,oxo_hideaway,OXO Hideaway Compact,19.97,4,hygiene,4,18-24,,North America,,,Early career,,$200k+,Full-time,"I want a clean, minimal look where the brush isn't visible when stored, and the auto-open canister plus ventilated tray solves the dripping-water hygiene problem. OXO has a solid reputation for durable everyday tools, and at $19.97 it's a reasonable middle price for something I'll use daily."
survey_toilet-brush-choice__dejE8tf,persona/datasets/matraix-persona-1m/cohorts/cohort-162f4cf6eb0f/persona_wiki-b7a61c08ae2f.yaml,1.0,oxo_hideaway,OXO Hideaway Compact,19.97,4,hygiene,4,65+,Value-driven,North America,High income,Man,Retirement,Suburban,null,Self-employed,"The OXO Hideaway is the only set here that solves the actual problem I care about: a brush that stays out of sight and a ventilated tray that keeps water from pooling in the base. OXO is a brand I trust for well-engineered household tools, and the compact footprint suits a guest bathroom where I don't want a visible brush. It is priced fairly at $19.97 for the build quality and top-rated track record."
survey_toilet-brush-choice__dn6ueby,persona/datasets/matraix-persona-1m/cohorts/cohort-162f4cf6eb0f/persona_stackoverflow-b251683474d5.yaml,1.0,oxo_hideaway,OXO Hideaway Compact,19.97,4,hygiene,4,25-34,,North America,,,Early career,,,Full-time,"I want a brush that stays out of sight and doesn't leave a pool of water in the base, and the OXO's auto-opening hideaway canister with a ventilated tray solves both problems in a small footprint. It's a bit pricier than the silicone options, but the top-rated design and firm nylon bristles feel like the most dependable pick for daily use."
survey_toilet-brush-choice__dsX2scP,persona/datasets/matraix-persona-1m/cohorts/cohort-162f4cf6eb0f/persona_wiki-5ad7e822afc6.yaml,1.0,oxo_hideaway,OXO Hideaway Compact,19.97,4,design,4,65+,Indifferent,North America,Upper-middle,Woman,Retirement,Dense urban,null,Retired,"I want a set that looks tidy and intentional in a small bathroom, and the OXO Hideaway hides the brush entirely until you lift it — no dripping bristles on display. OXO is a name I trust for well-designed everyday tools, and at $19.97 the price is reasonable for something that is both practical and discreetly handsome."
survey_toilet-brush-choice__dwV7F2j,persona/datasets/matraix-persona-1m/cohorts/cohort-162f4cf6eb0f/persona_gss-40d3ad1ee5e3.yaml,1.0,oxo_hideaway,OXO Hideaway Compact,19.97,4,hygiene,4,25-34,,North America,Upper-middle,Woman,,,,Unemployed,"I want a neat, minimal set that hides the brush away and keeps the bathroom looking tidy, and OXO's reputation for quality and its top-rated status give me confidence. The auto-open canister and ventilated tray also help it dry out and stay hygienic, which matters to me."
survey_toilet-brush-choice__dy8fn59,persona/datasets/matraix-persona-1m/cohorts/cohort-162f4cf6eb0f/persona_stackoverflow-f9b654e69042.yaml,1.0,clorox_under_rim,Clorox Corner Under-Rim,15.5,3,price,3,35-44,,North America,,,,,,Full-time,"No persona-specific answer was produced, so a neutral answer was used."
survey_toilet-brush-choice__dyaHP6z,persona/datasets/matraix-persona-1m/cohorts/cohort-162f4cf6eb0f/persona_stackoverflow-f5a81d7a5f5f.yaml,1.0,oxo_hideaway,OXO Hideaway Compact,19.97,4,hygiene,4,35-44,,North America,,,,,,Full-time,"I want a compact, tidy set that hides the brush entirely when stored, and the ventilated tray preventing water pooling matters for hygiene in a small bathroom. OXO is a brand I trust for well-designed, durable household tools, so the $19.97 price feels fair for the build quality."
survey_toilet-brush-choice__dyh6CHs,persona/datasets/matraix-persona-1m/cohorts/cohort-162f4cf6eb0f/persona_wiki-4e2552e89e66.yaml,1.0,oxo_hideaway,OXO Hideaway Compact,19.97,4,hygiene,4,,,North America,,Man,Mid-life,,,Full-time,"I want a set that stays clean and out of sight, and OXO's hideaway canister opens automatically when lifted while the ventilated tray keeps water from pooling in the base. The brand has a strong reputation for durable, well-designed household tools, and at $19.97 the price is reasonable for something I'll use daily for years."
survey_toilet-brush-choice__e62oDMD,persona/datasets/matraix-persona-1m/cohorts/cohort-162f4cf6eb0f/persona_gss-914b154a5c22.yaml,1.0,oxo_hideaway,OXO Hideaway Compact,19.97,4,hygiene,4,25-34,,North America,Lower-middle,Woman,,,,Full-time,"I want a compact, tidy set that hides the brush away so my small bathroom stays looking clean, and OXO's hideaway canister with a ventilated tray keeps things hygienic. It's a trusted brand at a fair mid-range price, so it's worth a few dollars more than the cheapest options."
survey_toilet-brush-choice__e6GjvFs,persona/datasets/matraix-persona-1m/cohorts/cohort-162f4cf6eb0f/persona_gss-9cfbe53b0e1f.yaml,1.0,oxo_hideaway,OXO Hideaway Compact,19.97,4,hygiene,4,55-64,,North America,Middle,Woman,,,,Full-time,"I want a compact, tidy set that hides the brush when it's not in use, and the OXO auto-open canister with a ventilated tray keeps things drier and less smelly. It's from a brand I trust, is top rated, and at $19.97 the price feels reasonable for the quality."
survey_toilet-brush-choice__e9DVkwn,persona/datasets/matraix-persona-1m/cohorts/cohort-162f4cf6eb0f/persona_stackoverflow-633a93183607.yaml,1.0,oxo_hideaway,OXO Hideaway Compact,19.97,4,hygiene,4,25-34,,North America,,,,,,Full-time,"The OXO Hideaway is the only set that solves the two things I actually care about: the brush head is hidden when stored (no visible mess, no drips) and the ventilated tray stops water pooling in the base, which is where the smell and bacteria come from. It's a top-rated, well-reviewed product from a brand with a real track record, and at $19.97 it's a reasonable one-time cost for something I'll use daily for years."
survey_toilet-brush-choice__eAX9Pin,persona/datasets/matraix-persona-1m/cohorts/cohort-162f4cf6eb0f/persona_amazon-96b8afcf2536.yaml,1.0,oxo_hideaway,OXO Hideaway Compact,19.97,4,hygiene,4,55-64,,North America,,,Mid-life,,,,"I want a clean, minimal look and the hideaway canister that opens automatically keeps the brush out of sight, which matters to me for hygiene and tidiness. OXO is a brand I trust and the ventilated tray helps prevent water pooling, so it feels like a sensible, durable choice at a fair price."
survey_toilet-brush-choice__eB8Lkt8,persona/datasets/matraix-persona-1m/cohorts/cohort-162f4cf6eb0f/persona_wiki-d43293156692.yaml,1.0,oxo_hideaway,OXO Hideaway Compact,19.97,4,hygiene,5,65+,Indifferent,North America,Middle,Man,Retirement,Rural,null,Retired,"At 71 I want a brush that works reliably without fuss, and OXO's Good Grips line has never let me down in the kitchen or the garage. The hideaway canister keeps the brush out of sight and the ventilated tray stops water pooling, which matters in a humid bathroom. The price is fair for a tool that will last years."
survey_toilet-brush-choice__eGaFTwP,persona/datasets/matraix-persona-1m/cohorts/cohort-162f4cf6eb0f/persona_stackoverflow-e1ddbd5c428f.yaml,1.0,oxo_hideaway,OXO Hideaway Compact,19.97,4,hygiene,4,35-44,,North America,,,,,,Full-time,"I want a clean, minimal look and a holder that actually stays hygienic, and OXO's hideaway canister with a ventilated tray solves both without visual clutter. At $19.97 it's reasonably priced for a top-rated, well-known brand, and the compact footprint suits my bathroom."
survey_toilet-brush-choice__eJdKurt,persona/datasets/matraix-persona-1m/cohorts/cohort-162f4cf6eb0f/persona_wiki-85cda6a7b3e8.yaml,1.0,oxo_hideaway,OXO Hideaway Compact,19.97,4,hygiene,4,65+,,North America,Upper-middle,Man,Retirement,Small town,,Self-employed,"I have used OXO Good Grips products for years and their build quality has never let me down. The hideaway canister keeps the brush out of sight, which suits my tidy bathroom, and the ventilated tray solves the water-pooling problem that plagues most holders. At $19.97 it is a fair price for a well-reviewed, compact, top-rated set."
survey_toilet-brush-choice__eL4BtfX,persona/datasets/matraix-persona-1m/cohorts/cohort-162f4cf6eb0f/persona_gss-6f0205fa4c58.yaml,1.0,oxo_hideaway,OXO Hideaway Compact,19.97,4,hygiene,4,75-84,,North America,Lower-middle,Woman,Retirement,,,Retired,"I'm 78 and live alone, so I want something simple that hides the brush away and doesn't look messy in the bathroom. OXO is a brand I've seen around for years and the automatic hideaway canister sounds easy to use without bending or fussing. At just under $20 it's a fair price for something that will last."
survey_toilet-brush-choice__eM2S4wB,persona/datasets/matraix-persona-1m/cohorts/cohort-162f4cf6eb0f/persona_gss-56df64d7e170.yaml,1.0,clorox_under_rim,Clorox Corner Under-Rim,15.5,5,cleaning,4,45-54,,North America,Middle,Woman,,,,Homemaker,"With three kids and a busy household, I need a brush that really gets under the rim where stains hide, and the dedicated under-rim scrubber plus antibacterial bristles gives me confidence it's actually clean. The corner caddy saves space in my small bathroom and the price at $15.50 fits my tight budget."
survey_toilet-brush-choice__eNwtceY,persona/datasets/matraix-persona-1m/cohorts/cohort-162f4cf6eb0f/persona_amazon-674bf479b191.yaml,1.0,oxo_hideaway,OXO Hideaway Compact,19.97,4,hygiene,4,,,North America,,,,,,Full-time,"I want a compact, no-nonsense set that hides the brush when stored and has a ventilated tray so water doesn't pool and get gross. OXO's reputation and the top-rated status give me confidence it'll hold up, and $19.97 is reasonable for something I'll use daily."
survey_toilet-brush-choice__ePi999R,persona/datasets/matraix-persona-1m/cohorts/cohort-162f4cf6eb0f/persona_wiki-842adc5a5dbb.yaml,1.0,oxo_hideaway,OXO Hideaway Compact,19.97,4,hygiene,4,85+,Value-driven,North America,Middle,Man,Mid-life,Rural,null,Self-employed,"I'm 85, a career veteran who values order and structure, and I want a tool that simply works without fuss. The OXO Hideaway's auto-open canister keeps the brush hidden and tidy, its ventilated tray stops water pooling, and it's the top-rated pick at a fair $19.97 — reliable design from a brand I trust."
survey_toilet-brush-choice__eU32Kcb,persona/datasets/matraix-persona-1m/cohorts/cohort-162f4cf6eb0f/persona_wiki-0bd61182b009.yaml,1.0,oxo_hideaway,OXO Hideaway Compact,19.97,4,hygiene,4,65+,,North America,Middle,Woman,Mid-life,Small town,null,Full-time,"I want a tidy, well-made set from a brand I trust, and the OXO Hideaway's auto-open canister keeps the brush out of sight, which suits my preference for an orderly bathroom. At just under $20 it is a reasonable price for a top-rated, ventilated design that won't pool water or look untidy."
survey_toilet-brush-choice__eWGco5w,persona/datasets/matraix-persona-1m/cohorts/cohort-162f4cf6eb0f/persona_gss-bb2de7117d3d.yaml,1.0,jiga_3pack,JIGA 3-Pack,13.99,5,price,4,35-44,,North America,Lower-middle,Man,,,,Full-time,"I've got three kids and more than one bathroom, so a 3-pack for $13.99 is the best value here. I don't need silicone gimmicks or fancy finishes — stiff nylon bristles in a simple white caddy do the job."
survey_toilet-brush-choice__eZsRSvg,persona/datasets/matraix-persona-1m/cohorts/cohort-162f4cf6eb0f/persona_wiki-bb815620078d.yaml,1.0,oxo_hideaway,OXO Hideaway Compact,19.97,4,hygiene,4,,Value-driven,North America,High income,Man,Mid-life,Suburban,,Self-employed,"The OXO Hideaway's auto-opening canister keeps the brush fully concealed, which suits a tidy, minimal bathroom, and the ventilated tray stops water pooling at the base. I trust OXO's build quality and the compact footprint works in a small space, so the $19.97 price is easy to justify."
survey_toilet-brush-choice__eegnQiK,persona/datasets/matraix-persona-1m/cohorts/cohort-162f4cf6eb0f/persona_gss-6d530eceb990.yaml,1.0,jiga_3pack,JIGA 3-Pack,13.99,5,price,4,35-44,,North America,Lower-middle,Woman,,,,Full-time,"I have three bathrooms and a house full of kids, so getting three brush sets for $13.99 is unbeatable value. Stiff nylon bristles and a covered caddy are exactly what I need for scrubbing everyday messes without spending much."
survey_toilet-brush-choice__emCdN8z,persona/datasets/matraix-persona-1m/cohorts/cohort-162f4cf6eb0f/persona_amazon-90e83b3e08f9.yaml,1.0,oxo_hideaway,OXO Hideaway Compact,19.97,4,hygiene,4,,,North America,,,,Suburban,,,"I want a compact, hygienic set for a small rented bathroom, and the OXO Hideaway's auto-open canister keeps the brush out of sight while the ventilated tray prevents water pooling. It's top rated, which matches my positive attitude toward online reviews, and the price is reasonable for the quality."
survey_toilet-brush-choice__erhMvgr,persona/datasets/matraix-persona-1m/cohorts/cohort-162f4cf6eb0f/persona_gss-adf1fd226c14.yaml,1.0,jiga_3pack,JIGA 3-Pack,13.99,5,price,4,65-74,,North America,Low income,Woman,Retirement,,,Retired,"On a fixed retirement income, getting three brushes for $13.99 is the practical choice. I have three bathrooms and grandchildren who visit, so having a spare set on hand saves me money and a trip to the store."
survey_toilet-brush-choice__esHfYQe,persona/datasets/matraix-persona-1m/cohorts/cohort-162f4cf6eb0f/persona_gss-9397bfdf3171.yaml,1.0,jiga_3pack,JIGA 3-Pack,13.99,5,price,4,25-34,,North America,Middle,Woman,,,,Unemployed,"With three young kids and multiple bathrooms to keep clean, a 3-pack of brushes means I always have a fresh one ready without spending much. The stiff nylon bristles and caddy storage are practical for everyday scrubbing, and $13.99 for three sets is the best value on the shelf."
survey_toilet-brush-choice__euu5rLD,persona/datasets/matraix-persona-1m/cohorts/cohort-162f4cf6eb0f/persona_wiki-c1787e86dc27.yaml,1.0,oxo_hideaway,OXO Hideaway Compact,19.97,4,hygiene,4,65+,Value-driven,North America,Upper-middle,Man,Mid-life,Small town,null,Self-employed,"I want a single, well-built set that looks tidy in a guest-visible bathroom, and the OXO's hideaway canister keeps the brush out of sight with a ventilated tray so it dries rather than pools water. OXO is a name I trust for durable everyday goods, and at $19.97 the price is reasonable for a top-rated product I'll use for years."
survey_toilet-brush-choice__ewFUjoK,persona/datasets/matraix-persona-1m/cohorts/cohort-162f4cf6eb0f/persona_gss-22b82b5c6b71.yaml,1.0,oxo_hideaway,OXO Hideaway Compact,19.97,4,hygiene,4,25-34,,North America,Middle,Man,,,,Unemployed,"I want something that keeps the brush hidden so my bathroom stays looking tidy, and the auto-open canister plus ventilated tray means it won't sit in dirty water. OXO is a brand I trust to actually hold up, and at $19.97 the price is reasonable for the quality."
survey_toilet-brush-choice__f2a6bPL,persona/datasets/matraix-persona-1m/cohorts/cohort-162f4cf6eb0f/persona_gss-22c42e09b171.yaml,1.0,oxo_hideaway,OXO Hideaway Compact,19.97,4,hygiene,4,35-44,,North America,Lower-middle,Man,,,,Full-time,"I want a simple, clean-looking set that hides the brush when it's not in use, and OXO is a brand I trust to hold up. The ventilated tray and compact footprint suit my small bathroom, and the price is reasonable for the quality."
survey_toilet-brush-choice__f6ug3X3,persona/datasets/matraix-persona-1m/cohorts/cohort-162f4cf6eb0f/persona_gss-40009315ade9.yaml,1.0,oxo_hideaway,OXO Hideaway Compact,19.97,4,hygiene,4,45-54,,North America,Middle,Woman,,,,Full-time,"I want a clean-looking bathroom and the OXO hides the brush entirely in a compact canister that opens automatically, so there's no dripping mess or ugly brush on display. OXO is a brand I trust for everyday household items, and at $19.97 the price is reasonable for something that will last and look tidy."
survey_toilet-brush-choice__f8RtD2q,persona/datasets/matraix-persona-1m/cohorts/cohort-162f4cf6eb0f/persona_wiki-10311d78a227.yaml,1.0,oxo_hideaway,OXO Hideaway Compact,19.97,4,hygiene,4,,Value-driven,North America,Lower-middle,Woman,Mid-life,Rural,,Self-employed,"I want something that disappears visually into my bathroom rather than looking like a cleaning tool on display, and the hideaway canister with the auto-open lid does exactly that. OXO's reputation and the ventilated tray that prevents water pooling seal it for me at a mid-range price."
survey_toilet-brush-choice__f9wLMvJ,persona/datasets/matraix-persona-1m/cohorts/cohort-162f4cf6eb0f/persona_gss-e01feb8a124c.yaml,1.0,jiga_3pack,JIGA 3-Pack,13.99,5,price,4,45-54,,North America,Lower-middle,Woman,,,,Full-time,"I have three bathrooms to keep clean and money is tight, so getting three brushes and holders for $13.99 is the practical choice. Stiff nylon bristles and non-slip handles cover what I actually need, and I don't care about fancy finishes."
survey_toilet-brush-choice__fB2oPBn,persona/datasets/matraix-persona-1m/cohorts/cohort-162f4cf6eb0f/persona_wiki-97342e0b0a52.yaml,1.0,oxo_hideaway,OXO Hideaway Compact,19.97,4,hygiene,4,65+,Value-driven,North America,Middle,Man,Retirement,Rural,,Retired,"At 65+ with a rural home and a lifetime of running practical operations, I want a brush that works and doesn't make a mess. The OXO Hideaway's auto-open canister keeps the brush out of sight and the ventilated tray stops water pooling, which matters for hygiene and for keeping the bathroom tidy. It's a trusted, top-rated brand at a fair mid-range price, so I'm not paying for bronze styling I don't need."
survey_toilet-brush-choice__fBgNjMB,persona/datasets/matraix-persona-1m/cohorts/cohort-162f4cf6eb0f/persona_wiki-7af82bed2841.yaml,1.0,oxo_hideaway,OXO Hideaway Compact,19.97,4,hygiene,4,65+,Value-driven,North America,Upper-middle,Man,Retirement,Rural,null,Retired,"I am 65 and no longer interested in fussing over a bathroom accessory. The OXO Hideaway has a canister that conceals the brush entirely and opens automatically when lifted, which means no bending, no dripping water on the floor, and no visible mess between cleanings. It is the top-rated option from a brand with a long track record, and the price is reasonable for something I will use daily for years."
survey_toilet-brush-choice__fG3Ygge,persona/datasets/matraix-persona-1m/cohorts/cohort-162f4cf6eb0f/persona_gss-29bb7191f75a.yaml,1.0,oxo_hideaway,OXO Hideaway Compact,19.97,4,hygiene,4,65-74,,North America,Middle,Woman,Retirement,,,Retired,"I'm divorced and live alone now, so I want something tidy and simple that hides the brush away instead of leaving a wet, ugly thing sitting out. OXO is a brand I've trusted in my kitchen for years, it's the top-rated pick, and the auto-open canister with a ventilated tray keeps things cleaner and drier. At $19.97 it's a fair middle price — not the cheapest, but I'd rather pay a little more for something that lasts."
survey_toilet-brush-choice__fHxcKtw,persona/datasets/matraix-persona-1m/cohorts/cohort-162f4cf6eb0f/persona_wiki-4e2a96efc816.yaml,1.0,oxo_hideaway,OXO Hideaway Compact,19.97,4,hygiene,4,65+,Value-driven,North America,Upper-middle,Man,Retirement,Small town,null,Self-employed,"At 71 I want a brush that stores out of sight and doesn't leave a wet, dripping canister on the floor, and the OXO's auto-opening hideaway design with a ventilated tray addresses exactly that. The brand has a solid reputation for durable, well-designed household tools, and the compact footprint suits my small bathroom. The $19.97 price is reasonable for something I'll use daily for years."
survey_toilet-brush-choice__fJPgAQw,persona/datasets/matraix-persona-1m/cohorts/cohort-162f4cf6eb0f/persona_stackoverflow-f9f28ae1b18b.yaml,1.0,oxo_hideaway,OXO Hideaway Compact,19.97,4,hygiene,4,35-44,,North America,,,,,,Full-time,"I want a brush that stays hidden and looks tidy, and the OXO hideaway canister opens automatically when lifted while its ventilated tray keeps water from pooling. OXO's build quality and the No.1 Top Rated track record make the $19.97 price feel justified for something I'll use daily."
survey_toilet-brush-choice__fUP6ABa,persona/datasets/matraix-persona-1m/cohorts/cohort-162f4cf6eb0f/persona_stackoverflow-2fbe05b6de4f.yaml,1.0,oxo_hideaway,OXO Hideaway Compact,19.97,4,hygiene,4,45-54,,North America,,,Mid-life,,,Full-time,"As a veteran engineer who values reliability and clean design, I trust OXO's reputation for durable, well-engineered products. The hideaway canister keeps the brush out of sight and the ventilated tray prevents water pooling, which matters for hygiene and longevity. It's a mainstream, no-nonsense choice at a fair price without gimmicky features I don't need."
survey_toilet-brush-choice__fXafbaH,persona/datasets/matraix-persona-1m/cohorts/cohort-162f4cf6eb0f/persona_gss-fc69fafe8f46.yaml,1.0,clorox_under_rim,Clorox Corner Under-Rim,15.5,5,cleaning,4,45-54,,North America,Middle,Woman,,,,Full-time,"I want a set that actually cleans well and stays tidy, and the Clorox corner brush has an under-rim scrubber plus antibacterial bristles at a fair $15.50. The corner caddy saves space in my bathroom and I trust the Clorox name."
survey_toilet-brush-choice__fYyqtZc,persona/datasets/matraix-persona-1m/cohorts/cohort-162f4cf6eb0f/persona_stackoverflow-0ea99a2fce05.yaml,1.0,oxo_hideaway,OXO Hideaway Compact,19.97,4,hygiene,4,45-54,,North America,,,,,,Full-time,"OXO is a brand I've had consistently good experiences with, and the hideaway canister design means the brush isn't visible when stored, which keeps the bathroom looking tidy. The ventilated tray that prevents water pooling addresses the main hygiene issue I care about with these products, and at $19.97 the price is reasonable for the build quality."
survey_toilet-brush-choice__faTkmnb,persona/datasets/matraix-persona-1m/cohorts/cohort-162f4cf6eb0f/persona_gss-56fe07f8988d.yaml,1.0,jiga_3pack,JIGA 3-Pack,13.99,5,price,5,25-34,,North America,Lower-middle,Man,,,,Full-time,"With two kids and a busy household, three brushes for $13.99 is unbeatable value and means I can keep one in each bathroom plus a spare. The stiff nylon bristles and covered caddy bases cover the basics without overspending."
survey_toilet-brush-choice__fc6eL3E,persona/datasets/matraix-persona-1m/cohorts/cohort-162f4cf6eb0f/persona_prism-da48c0e47f26.yaml,1.0,oxo_hideaway,OXO Hideaway Compact,19.97,4,hygiene,4,55-64,,North America,,Man,Empty nester,,,Retired,"I want a compact, hygienic set that hides the brush and drains properly, and OXO's reputation for well-designed, durable household tools gives me confidence. The auto-opening canister and ventilated tray address the two things I care about most: tidiness and quick drying."
survey_toilet-brush-choice__fcYqaRK,persona/datasets/matraix-persona-1m/cohorts/cohort-162f4cf6eb0f/persona_stackoverflow-49a15c791071.yaml,1.0,oxo_hideaway,OXO Hideaway Compact,19.97,4,hygiene,4,35-44,,North America,,,Mid-life,,,,"I want a compact, covered set that hides the brush and has a ventilated tray so it dries without pooling water. OXO's reputation for durable, well-designed household tools and its top-rated status justify the mid-range price, and the auto-open canister keeps things tidy in a small bathroom."
survey_toilet-brush-choice__fgwerJM,persona/datasets/matraix-persona-1m/cohorts/cohort-162f4cf6eb0f/persona_wiki-8f6e2a8c6af6.yaml,1.0,oxo_hideaway,OXO Hideaway Compact,19.97,4,hygiene,4,25-34,Value-driven,North America,Upper-middle,Man,Early career,Small town,null,Full-time,"I want a clean, compact setup that hides the brush entirely when not in use, and OXO's auto-open canister with a ventilated tray solves the standing-water and odor problem that cheap holders always have. It's the top-rated option here and $19.97 is a fair price for a brand with a reputation for durable, well-designed household tools."
survey_toilet-brush-choice__fjCZniE,persona/datasets/matraix-persona-1m/cohorts/cohort-162f4cf6eb0f/persona_wiki-81cf0e2a2375.yaml,1.0,oxo_hideaway,OXO Hideaway Compact,19.97,4,hygiene,4,65+,,North America,,Woman,Retirement,,,Retired,"At 65+ I want a brush that stays out of sight and doesn't leave a puddle or a mess in the corner, and the OXO Hideaway's auto-open canister with a ventilated tray does exactly that. OXO is a brand I've trusted in my kitchen for decades, and at $19.97 it's a fair price for something I'll use every week in a small guest bathroom."
survey_toilet-brush-choice__fjGHoBn,persona/datasets/matraix-persona-1m/cohorts/cohort-162f4cf6eb0f/persona_wiki-779a7f8df54d.yaml,1.0,oxo_hideaway,OXO Hideaway Compact,19.97,4,hygiene,4,25-34,,North America,Middle,Man,Mid-life,Small town,$50k-100k,Full-time,"I want a brush that stays out of sight and dries properly, and the OXO Hideaway's auto-opening ventilated canister does exactly that without pooling water. The compact footprint suits my bathroom, and OXO's reputation for durable, well-designed tools gives me confidence in the build quality."
survey_toilet-brush-choice__fjgnU3c,persona/datasets/matraix-persona-1m/cohorts/cohort-162f4cf6eb0f/persona_gss-b9f86f8c2427.yaml,1.0,oxo_hideaway,OXO Hideaway Compact,19.97,4,hygiene,4,65-74,,North America,Middle,Man,Retirement,,,Retired,"I want a simple, tidy set that hides the brush away and doesn't take up much space in my small bathroom. OXO's reputation for sturdy, well-designed everyday tools gives me confidence it will hold up, and the ventilated tray means less standing water and mess."
survey_toilet-brush-choice__foK4s4c,persona/datasets/matraix-persona-1m/cohorts/cohort-162f4cf6eb0f/persona_gss-c9747346ef47.yaml,1.0,oxo_hideaway,OXO Hideaway Compact,19.97,4,hygiene,4,65-74,,North America,Middle,Man,Retirement,,,Retired,"I'm retired and want something simple that works without fuss. The OXO Hideaway keeps the brush out of sight in a compact canister and has a ventilated tray so it won't sit in dirty water, and OXO is a brand I've trusted for years around the house. At $19.97 it's a fair price for the quality."
survey_toilet-brush-choice__fuWNH5p,persona/datasets/matraix-persona-1m/cohorts/cohort-162f4cf6eb0f/persona_gss-8f82fde4f568.yaml,1.0,oxo_hideaway,OXO Hideaway Compact,19.97,4,hygiene,4,35-44,,North America,Upper-middle,Woman,,,,Full-time,"I have three kids and a busy household, so I want something that hides the brush away neatly and actually dries without pooling water. OXO is a brand I trust, the auto-open hideaway canister keeps things tidy and hygienic, and at $19.97 the price is reasonable for the quality."
survey_toilet-brush-choice__fufAUXN,persona/datasets/matraix-persona-1m/cohorts/cohort-162f4cf6eb0f/persona_gss-4ff2b1423698.yaml,1.0,oxo_hideaway,OXO Hideaway Compact,19.97,4,hygiene,4,35-44,,North America,Lower-middle,Woman,,,,Full-time,"I want something simple, hygienic, and reasonably priced that doesn't show a dirty brush sitting out. The OXO Hideaway's auto-opening canister and ventilated tray keep things tidy and dry, and the brand has a solid reputation, so I trust it more than the cheap no-name sets."
survey_toilet-brush-choice__g5GQVAZ,persona/datasets/matraix-persona-1m/cohorts/cohort-162f4cf6eb0f/persona_gss-3bb9caca9946.yaml,1.0,jiga_3pack,JIGA 3-Pack,13.99,5,price,4,35-44,,North America,Lower-middle,Woman,,,,Full-time,"I have one bathroom and a child, so brushes wear out and get dirty fast. Getting three complete sets for $13.99 is the best value here, and the covered caddy keeps things looking tidy. The stiff nylon bristles and non-slip handles cover what I need without spending much."
survey_toilet-brush-choice__g6pez3c,persona/datasets/matraix-persona-1m/cohorts/cohort-162f4cf6eb0f/persona_wiki-2bdbabdc94d3.yaml,1.0,oxo_hideaway,OXO Hideaway Compact,19.97,4,hygiene,4,,,North America,,Man,Mid-life,,,Retired,"I want a clean, minimal setup where the brush is hidden when stored, and OXO's reputation for durable, well-designed tools matches how I've approached gear my whole life. The auto-open canister and ventilated tray keep things hygienic without clutter, which suits a bathroom I actually use daily."
survey_toilet-brush-choice__gAM5ZXa,persona/datasets/matraix-persona-1m/cohorts/cohort-162f4cf6eb0f/persona_gss-12b9ec89e535.yaml,1.0,oxo_hideaway,OXO Hideaway Compact,19.97,4,hygiene,4,35-44,,North America,Middle,Woman,,,,Homemaker,"I want something that looks tidy and hides the brush away, since the toilet brush is the one thing I never want on display in my bathroom. The OXO hideaway canister opens automatically and has a ventilated tray so it stays dry and hygienic, and the $19.97 price is reasonable for a top-rated, well-known brand."
survey_toilet-brush-choice__gAPLZaz,persona/datasets/matraix-persona-1m/cohorts/cohort-162f4cf6eb0f/persona_wiki-54c393f12c06.yaml,1.0,oxo_hideaway,OXO Hideaway Compact,19.97,4,design,4,25-34,Value-driven,North America,Middle,Non-binary,Early career,Dense urban,$50k-100k,Self-employed,"I rent a small apartment with a tight bathroom, so the OXO's compact hideaway canister that conceals the brush entirely is exactly what I want — it looks clean and intentional sitting out, not like a utility object. OXO's build quality and the auto-open ventilated design justify the mid-range price, and the top-rated reputation gives me confidence it won't fall apart."
survey_toilet-brush-choice__gBBZ8Dx,persona/datasets/matraix-persona-1m/cohorts/cohort-162f4cf6eb0f/persona_gss-1143e20d9394.yaml,1.0,oxo_hideaway,OXO Hideaway Compact,19.97,4,hygiene,4,35-44,,North America,,Woman,,,,Part-time,"I want something that looks tidy in our main bathroom, and the hideaway canister keeps the brush out of sight, which matters with two kids around. OXO is a brand I've had good luck with, and the ventilated tray plus compact footprint fits our small space."
survey_toilet-brush-choice__gLSrdem,persona/datasets/matraix-persona-1m/cohorts/cohort-162f4cf6eb0f/persona_wiki-02eeb7dbbb0a.yaml,1.0,oxo_hideaway,OXO Hideaway Compact,19.97,4,hygiene,4,65+,Indifferent,North America,High income,Woman,Retirement,Dense urban,null,Full-time,"I want a hygienic, well-designed set that keeps the brush out of sight and lets the head dry without pooling water. The OXO's auto-opening hideaway canister, ventilated tray, and top-rated reputation justify the mid-range price for a single-bathroom purchase, and its compact footprint suits my space."
survey_toilet-brush-choice__gMrbd8w,persona/datasets/matraix-persona-1m/cohorts/cohort-162f4cf6eb0f/persona_stackoverflow-522065bf072e.yaml,1.0,oxo_hideaway,OXO Hideaway Compact,19.97,4,hygiene,4,25-34,,North America,,,Early career,,,Full-time,"I want a clean, minimal look where the brush is fully hidden when stored, and the auto-open canister plus ventilated tray addresses the hygiene and water-pooling issues that matter most to me. OXO's reputation and the compact footprint fit a small bathroom, and at $19.97 it's a reasonable mid-range price for something I'll use daily."
survey_toilet-brush-choice__gRAoX8V,persona/datasets/matraix-persona-1m/cohorts/cohort-162f4cf6eb0f/persona_wiki-716386b792c6.yaml,1.0,oxo_hideaway,OXO Hideaway Compact,19.97,4,hygiene,4,65+,Value-driven,North America,High income,Woman,Retirement,Dense urban,,Self-employed,"I keep a tidy, design-conscious home and dislike the sight of a dripping brush on display, so the OXO's hideaway canister that opens automatically when lifted appeals to me enormously. OXO is a brand I trust for well-considered ergonomics, and the ventilated tray addresses hygiene without any fuss. At $19.97 it sits comfortably in the middle of the shelf and feels like genuine quality rather than false economy."
survey_toilet-brush-choice__gWSDZFF,persona/datasets/matraix-persona-1m/cohorts/cohort-162f4cf6eb0f/persona_stackoverflow-4f544af2e6c7.yaml,1.0,oxo_hideaway,OXO Hideaway Compact,19.97,4,hygiene,4,25-34,,North America,,,Early career,,,Full-time,"I want a compact, clean-looking set that hides the brush when stored, since I have a small bathroom and prefer a tidy look. OXO's auto-open canister, ventilated tray, and top-rated reputation make it worth the slightly higher price over the budget silicone options."
survey_toilet-brush-choice__gYpWndC,persona/datasets/matraix-persona-1m/cohorts/cohort-162f4cf6eb0f/persona_gss-02d313098760.yaml,1.0,oxo_hideaway,OXO Hideaway Compact,19.97,4,hygiene,4,65-74,,North America,Middle,Man,Retirement,,,Retired,"I want something neat and simple that keeps the brush out of sight, and OXO is a brand I trust for everyday household items. The auto-open canister and ventilated tray also mean less mess and smell in the bathroom, which matters to me at my age."
survey_toilet-brush-choice__gZLuhjr,persona/datasets/matraix-persona-1m/cohorts/cohort-162f4cf6eb0f/persona_gss-6021f1200e56.yaml,1.0,clorox_under_rim,Clorox Corner Under-Rim,15.5,4,cleaning,4,55-64,,North America,Middle,Man,,,,Full-time,"I have three kids and a busy household, so I want a brush that actually gets under the rim where the stains hide. Clorox is a brand I trust for bathroom cleaning, and the corner caddy keeps it tucked away neatly. At $15.50 the price is reasonable for something that will get used daily."
survey_toilet-brush-choice__gbRSECr,persona/datasets/matraix-persona-1m/cohorts/cohort-162f4cf6eb0f/persona_gss-f196df2a1063.yaml,1.0,oxo_hideaway,OXO Hideaway Compact,19.97,4,hygiene,4,45-54,,North America,Middle,Man,,,,Full-time,"I want a brush that stays hidden and tidy in the bathroom rather than sitting out in the open, and OXO is a brand I trust for solid everyday tools. The auto-open canister and ventilated tray keep things clean and dry, which matters to me, and the compact size suits our bathroom."
survey_toilet-brush-choice__gccwsKZ,persona/datasets/matraix-persona-1m/cohorts/cohort-162f4cf6eb0f/persona_wiki-bdbaaabf6316.yaml,1.0,oxo_hideaway,OXO Hideaway Compact,19.97,4,hygiene,4,65+,Value-driven,North America,High income,Woman,Retirement,Dense urban,$100k-200k,Retired,"I would choose the OXO Good Grips Hideaway Compact set. The hideaway canister conceals the brush entirely and opens automatically when lifted, and its ventilated tray prevents water from pooling — a genuine hygiene consideration in a humid bathroom. OXO's reputation for well-engineered household tools, combined with its top-rated status and compact footprint, justifies the modest premium over the cheapest silicone options."
survey_toilet-brush-choice__genNZwc,persona/datasets/matraix-persona-1m/cohorts/cohort-162f4cf6eb0f/persona_stackoverflow-f231a5ed039a.yaml,1.0,oxo_hideaway,OXO Hideaway Compact,19.97,4,hygiene,4,25-34,,North America,,,,,,Full-time,"I want a compact, minimal set that hides the brush entirely when stored, and the ventilated tray that prevents water pooling matters to me for hygiene. OXO is a brand I trust for well-engineered everyday tools, and at $19.97 the price is reasonable for the quality."
survey_toilet-brush-choice__ggkvd6w,persona/datasets/matraix-persona-1m/cohorts/cohort-162f4cf6eb0f/persona_wiki-bbf388ff5b84.yaml,1.0,oxo_hideaway,OXO Hideaway Compact,19.97,4,hygiene,4,65+,,North America,High income,Woman,Retirement,Rural,$100k-200k,Self-employed,"I want a discreet, well-engineered set that keeps the brush out of sight and dries without pooling water, and OXO's hideaway canister does exactly that. The compact footprint suits my bathroom, and at $19.97 the price is reasonable for a top-rated, durable design."
survey_toilet-brush-choice__gk6cajU,persona/datasets/matraix-persona-1m/cohorts/cohort-162f4cf6eb0f/persona_wiki-a66d23c6b1e0.yaml,1.0,oxo_hideaway,OXO Hideaway Compact,19.97,4,hygiene,5,,,North America,,Man,,,,Full-time,"I want a brush that stays out of sight and doesn't pool dirty water in the holder, and the OXO's auto-open canister and ventilated tray solve that while keeping a small footprint. It's top rated and the brand has a solid reputation, so the mid-range price is worth it."
survey_toilet-brush-choice__gnqn59A,persona/datasets/matraix-persona-1m/cohorts/cohort-162f4cf6eb0f/persona_wiki-da8efaae19b8.yaml,1.0,oxo_hideaway,OXO Hideaway Compact,19.97,4,hygiene,4,45-54,Value-driven,North America,Middle,Woman,Mid-life,Small town,null,Full-time,"I want a set that stays tidy and out of sight, and the OXO's hideaway canister with a ventilated tray keeps the brush concealed and prevents water pooling on the floor. It is a well-reviewed, compact design from a brand I trust, and at $19.97 the price is reasonable for the build quality."
survey_toilet-brush-choice__gpKcBjh,persona/datasets/matraix-persona-1m/cohorts/cohort-162f4cf6eb0f/persona_gss-577d417fe91a.yaml,1.0,oxo_hideaway,OXO Hideaway Compact,19.97,4,hygiene,4,25-34,,North America,Middle,Man,,,,Full-time,"The OXO Hideaway is top-rated and its auto-opening canister keeps the brush hidden and tidy, which suits my preference for a clean, minimal bathroom look. The ventilated tray prevents water pooling, and at $19.97 the price is reasonable for a durable, well-reviewed set."
survey_toilet-brush-choice__gq3KeSh,persona/datasets/matraix-persona-1m/cohorts/cohort-162f4cf6eb0f/persona_stackoverflow-5a8cd660a2d8.yaml,1.0,oxo_hideaway,OXO Hideaway Compact,19.97,4,hygiene,4,45-54,,North America,High income,,,,,Full-time,"The hideaway canister keeps the brush out of sight, which matters in a small bathroom, and the ventilated tray addresses the hygiene issue that makes most brush holders gross. OXO's reputation for well-engineered household tools and its No.1 Top Rated status give me confidence in the build quality at a reasonable $19.97."
survey_toilet-brush-choice__gwGyPoc,persona/datasets/matraix-persona-1m/cohorts/cohort-162f4cf6eb0f/persona_stackoverflow-cf447b2ae264.yaml,1.0,oxo_hideaway,OXO Hideaway Compact,19.97,4,hygiene,4,45-54,,North America,,,,,,Full-time,"As someone who values a tidy, functional bathroom, the OXO Hideaway's auto-open canister and ventilated tray solve the two things that annoy me most: visible brush heads and standing water in the base. At $19.97 it's reasonably priced from a brand I trust, and the compact footprint suits a small bathroom without looking cheap."
survey_toilet-brush-choice__h3XW7YG,persona/datasets/matraix-persona-1m/cohorts/cohort-162f4cf6eb0f/persona_gss-14a4d2f8d1b3.yaml,1.0,clorox_under_rim,Clorox Corner Under-Rim,15.5,4,cleaning,4,25-34,,North America,Low income,Man,Student,,,Student,"I'm on a tight budget as a student with a family, so the $15.50 price is reasonable, and the Clorox name is one I trust for cleaning products. The under-rim scrubber and antibacterial bristles are practical for actually getting the bowl clean, and the corner caddy saves space in a small bathroom."
survey_toilet-brush-choice__h3pB67L,persona/datasets/matraix-persona-1m/cohorts/cohort-162f4cf6eb0f/persona_gss-70c419c516fd.yaml,1.0,oxo_hideaway,OXO Hideaway Compact,19.97,4,hygiene,4,65-74,,North America,Middle,Man,Retirement,,,Retired,"I'm retired and on a fixed income, but I've learned that a trusted brand at a fair price is worth it. The OXO Hideaway keeps the brush out of sight, has a ventilated tray so it doesn't sit in dirty water, and it's rated the top pick — that matters more to me than saving a few dollars on an unknown brand."
survey_toilet-brush-choice__h55LEhR,persona/datasets/matraix-persona-1m/cohorts/cohort-162f4cf6eb0f/persona_wiki-f55e30cd7453.yaml,1.0,oxo_hideaway,OXO Hideaway Compact,19.97,4,hygiene,4,45-54,,North America,Upper-middle,Man,Mid-life,Suburban,$200k+,Self-employed,"The hideaway canister keeps the brush fully concealed when stored, which matters to me for a bathroom guests see, and the ventilated tray prevents the standing water and smell that plague cheap open holders. OXO's build quality and top-rated reliability justify the modest premium over the $12-14 silicone sets, and at $19.97 it is still well within budget."
survey_toilet-brush-choice__h5EhNoB,persona/datasets/matraix-persona-1m/cohorts/cohort-162f4cf6eb0f/persona_gss-7ee5e2e78771.yaml,1.0,jiga_3pack,JIGA 3-Pack,13.99,5,price,4,35-44,,North America,Middle,Man,,,,Full-time,"With three kids and multiple bathrooms, a 3-pack of simple white brushes at $13.99 gives the best value and covers every bathroom at once. Stiff nylon bristles and a covered caddy are all I really need, and the plain white look fits any bathroom."
survey_toilet-brush-choice__h7kvtmu,persona/datasets/matraix-persona-1m/cohorts/cohort-162f4cf6eb0f/persona_wiki-3d277ce49c20.yaml,1.0,oxo_hideaway,OXO Hideaway Compact,19.97,5,hygiene,5,65+,,North America,High income,Man,Retirement,Small town,,Self-employed,"I want a brush that stays out of sight and doesn't leave a puddle in the base, and the OXO Hideaway does exactly that with its auto-opening ventilated canister. OXO is a brand I trust for durable, well-designed household tools, and the compact footprint suits my bathroom."
survey_toilet-brush-choice__hCoSzzE,persona/datasets/matraix-persona-1m/cohorts/cohort-162f4cf6eb0f/persona_wiki-e529b87664bd.yaml,1.0,oxo_hideaway,OXO Hideaway Compact,19.97,4,hygiene,4,,,North America,,Man,Mid-life,,,Full-time,"The OXO Hideaway's auto-opening canister means the brush is fully concealed when stored, which keeps a small bathroom looking tidy, and the ventilated tray prevents the stagnant water and odor that plague most holders. OXO's design/build quality and its top-rated reputation justify the mid-range price for something I'll use daily for years."
survey_toilet-brush-choice__hGAR98Y,persona/datasets/matraix-persona-1m/cohorts/cohort-162f4cf6eb0f/persona_wiki-16425bb3a10f.yaml,1.0,oxo_hideaway,OXO Hideaway Compact,19.97,4,hygiene,4,65+,Indifferent,North America,Lower-middle,Man,Retirement,Small town,,Retired,"I want a brush that stores out of sight and stays tidy, and the OXO Hideaway's auto-opening canister with a ventilated tray keeps things dry and hygienic without any fuss. It is a top-rated, well-built set from a brand I trust, and at just under $20 the price is reasonable for the quality."
survey_toilet-brush-choice__hHAdrSg,persona/datasets/matraix-persona-1m/cohorts/cohort-162f4cf6eb0f/persona_gss-466a18cb826a.yaml,1.0,oxo_hideaway,OXO Hideaway Compact,19.97,4,hygiene,4,25-34,,North America,Middle,Woman,,,,Part-time,"I want a brush that stays hidden and looks tidy in my bathroom, and the OXO canister opens automatically so I never have to touch the brush. It's top rated, has a ventilated tray to keep things dry, and the price is reasonable for the quality."
survey_toilet-brush-choice__hHAhwuM,persona/datasets/matraix-persona-1m/cohorts/cohort-162f4cf6eb0f/persona_wiki-7396740eea07.yaml,1.0,oxo_hideaway,OXO Hideaway Compact,19.97,4,hygiene,4,90+,Indifferent,North America,Middle,Man,Retirement,Suburban,,Retired,"I want a clean, uncluttered look and a holder that actually keeps water from pooling, and OXO's hideaway canister does both while hiding the brush entirely. The brand has a long track record with me for sturdy, well-designed tools, and at $19.97 the price is reasonable for something I'll use daily for years."
survey_toilet-brush-choice__hTH59P3,persona/datasets/matraix-persona-1m/cohorts/cohort-162f4cf6eb0f/persona_amazon-ed16a5c479c8.yaml,1.0,oxo_hideaway,OXO Hideaway Compact,19.97,4,hygiene,4,,,North America,,,,,,,"I want a clean-looking bathroom, and the OXO Hideaway keeps the brush completely out of sight in a slim canister that opens automatically when you lift the brush. OXO is a brand I trust for kitchen and household tools, and at $19.97 the price is reasonable for the top-rated quality and small footprint."
survey_toilet-brush-choice__hVQE9EE,persona/datasets/matraix-persona-1m/cohorts/cohort-162f4cf6eb0f/persona_wiki-db4c5e6b8046.yaml,1.0,oxo_hideaway,OXO Hideaway Compact,19.97,4,design,4,55-64,Value-driven,North America,Upper-middle,Woman,Mid-life,Suburban,$100k-200k,Self-employed,"I want a brush that disappears when it's not in use — the auto-open hideaway canister keeps a small bathroom looking intentional rather than utilitarian, and the ventilated tray addresses the hygiene issue that makes most brush holders faintly disgusting. OXO's design reputation and the top-rated status justify the mid-range price, and I'd rather buy one well-considered object than a three-pack of disposables."
survey_toilet-brush-choice__hWzoAai,persona/datasets/matraix-persona-1m/cohorts/cohort-162f4cf6eb0f/persona_wiki-e1b2dca5dea6.yaml,1.0,oxo_hideaway,OXO Hideaway Compact,19.97,4,hygiene,5,65+,Indifferent,North America,High income,Man,Retirement,Small town,$200k+,Full-time,"I want a clean, uncluttered look in the bathroom, and the OXO Hideaway's concealed brush and auto-opening canister deliver that with a proven, top-rated design. The ventilated tray keeps things hygienic, and the compact footprint suits my space without sacrificing cleaning performance."
survey_toilet-brush-choice__hYLWw5V,persona/datasets/matraix-persona-1m/cohorts/cohort-162f4cf6eb0f/persona_amazon-b87259c409f2.yaml,1.0,oxo_hideaway,OXO Hideaway Compact,19.97,4,hygiene,4,,,North America,,,,,,Self-employed,"I want a brush that actually cleans well and doesn't look like a toilet brush sitting out. The OXO hideaway canister keeps the brush out of sight and the ventilated tray stops that gross water pooling at the bottom, which is the main thing that makes these sets nasty. It's a trusted design and only a few bucks more than the cheap silicone ones."
survey_toilet-brush-choice__hZ5Mj7o,persona/datasets/matraix-persona-1m/cohorts/cohort-162f4cf6eb0f/persona_stackoverflow-46fbe1ad2f16.yaml,1.0,oxo_hideaway,OXO Hideaway Compact,19.97,4,hygiene,4,25-34,,North America,,,,,$200k+,Full-time,"The OXO Hideaway's auto-open canister and ventilated tray directly solve the two things I care about most: the brush stays hidden and out of sight, and water doesn't pool in the base to breed funk. At $19.97 it's mid-priced, and OXO's design/build reputation plus the top-rated status makes it the low-risk pick over the cheaper silicone sets with flimsier holders."
survey_toilet-brush-choice__hamtdLb,persona/datasets/matraix-persona-1m/cohorts/cohort-162f4cf6eb0f/persona_wiki-8d957241b4fe.yaml,1.0,oxo_hideaway,OXO Hideaway Compact,19.97,4,hygiene,4,65+,Value-driven,North America,High income,Man,Mid-life,Small town,$100k-200k,Full-time,"I want a tidy, well-engineered set from a brand I trust, and the OXO Hideaway's auto-opening canister keeps the brush out of sight while the ventilated tray prevents standing water. At $19.97 it is reasonably priced for the build quality, and its compact footprint suits my bathroom."
survey_toilet-brush-choice__hcSTk4Q,persona/datasets/matraix-persona-1m/cohorts/cohort-162f4cf6eb0f/persona_amazon-db9e0610bd4e.yaml,1.0,oxo_hideaway,OXO Hideaway Compact,19.97,4,hygiene,4,55-64,,North America,,Woman,Retirement,Rural,,Retired,"I want a tidy, well-made set from a brand I trust, and the OXO Hideaway's canister hides the brush entirely while the ventilated tray keeps things from getting soggy. The compact footprint suits my bathroom, and at $19.97 it's a reasonable price for something that will last."
survey_toilet-brush-choice__hdD9275,persona/datasets/matraix-persona-1m/cohorts/cohort-162f4cf6eb0f/persona_gss-55d2294cfa05.yaml,1.0,oxo_hideaway,OXO Hideaway Compact,19.97,4,hygiene,4,35-44,,North America,Upper-middle,Woman,,,,Homemaker,"I prefer a clean, uncluttered bathroom, so the OXO hideaway canister that conceals the brush when stored is exactly what I want. It is a trusted brand, the ventilated tray keeps things from getting musty, and the price is reasonable for the quality. With three children using the bathroom, I need something hygienic and easy to keep tidy."
survey_toilet-brush-choice__hfvGvqN,persona/datasets/matraix-persona-1m/cohorts/cohort-162f4cf6eb0f/persona_wiki-b23e2a97ef44.yaml,1.0,oxo_hideaway,OXO Hideaway Compact,19.97,4,design,4,,,North America,,Man,,,,Retired,"I want a compact, tidy set that hides the brush and dries without pooling water, and OXO Good Grips has a reputation for durable, well-designed everyday tools. The auto-open canister and ventilated tray make it practical for a small bathroom, and at $19.97 the price is reasonable for the quality."
survey_toilet-brush-choice__hgoCbUY,persona/datasets/matraix-persona-1m/cohorts/cohort-162f4cf6eb0f/persona_wiki-145a6cb1428d.yaml,1.0,oxo_hideaway,OXO Hideaway Compact,19.97,4,hygiene,4,65+,Value-driven,North America,High income,Woman,Mid-life,Dense urban,$100k-200k,Retired,"I want a discreet, well-engineered set that hides the brush entirely and keeps water from pooling in the base — important given my chronic pain and the premium I place on easy, hygienic maintenance. OXO is a brand I trust for thoughtfully designed household tools, and the compact footprint suits my bathroom without visual clutter."
survey_toilet-brush-choice__higFbWi,persona/datasets/matraix-persona-1m/cohorts/cohort-162f4cf6eb0f/persona_stackoverflow-622ba076086f.yaml,1.0,oxo_hideaway,OXO Hideaway Compact,19.97,4,hygiene,4,25-34,,North America,,,Early career,,,Full-time,"I want a clean, minimal look where the brush is hidden when stored, and the auto-open canister plus ventilated tray solves the dripping-water hygiene issue. At $19.97 the OXO is mid-priced, and as the top-rated option from a brand I recognize, it feels like the safest buy for a small bathroom."
survey_toilet-brush-choice__hiq63kY,persona/datasets/matraix-persona-1m/cohorts/cohort-162f4cf6eb0f/persona_wiki-1f70f9f26bcd.yaml,1.0,oxo_hideaway,OXO Hideaway Compact,19.97,4,hygiene,4,65+,Value-driven,North America,Upper-middle,Man,Mid-life,Small town,null,Full-time,"L'OXO Hideaway offre le meilleur équilibre entre hygiène et praticité : son boîtier s'ouvre automatiquement et son plateau ventilé empêche l'eau de stagner, ce qui limite les odeurs et la prolifération bactérienne. La marque OXO est réputée pour la qualité de ses poignées et son encombrement réduit convient bien à ma salle de bain, à un prix raisonnable."
survey_toilet-brush-choice__hn2ACsU,persona/datasets/matraix-persona-1m/cohorts/cohort-162f4cf6eb0f/persona_gss-efd0b8ffbbb7.yaml,1.0,jiga_3pack,JIGA 3-Pack,13.99,5,price,5,18-24,,North America,Lower-middle,Woman,,,,Full-time,"I have one bathroom but a busy household, and getting three full brush and holder sets for $13.99 is unbeatable value. I can keep one in each bathroom and still have a spare, and the stiff nylon bristles and covered caddy do exactly what a toilet brush needs to do without any fuss."
survey_toilet-brush-choice__hnv5Y3s,persona/datasets/matraix-persona-1m/cohorts/cohort-162f4cf6eb0f/persona_gss-436c6ede1eac.yaml,1.0,jiga_3pack,JIGA 3-Pack,13.99,5,price,4,25-34,,North America,Lower-middle,Woman,,,,Homemaker,"With three kids and a tight budget, getting three complete brush and holder sets for $13.99 is the best value here — I can put one in each bathroom and have a spare. The simple white design matches my bathroom and the stiff nylon bristles should scrub well."
survey_toilet-brush-choice__htSpH4k,persona/datasets/matraix-persona-1m/cohorts/cohort-162f4cf6eb0f/persona_wiki-61bc95a0cd69.yaml,1.0,oxo_hideaway,OXO Hideaway Compact,19.97,4,hygiene,4,65+,,North America,Middle,Woman,Mid-life,Small town,null,Full-time,"I want a tidy, hygienic set for a small bathroom, and the OXO Hideaway keeps the brush completely out of sight while its ventilated tray prevents standing water. OXO's reputation for well-designed, durable household tools justifies the mid-range price for me."
survey_toilet-brush-choice__htTstoe,persona/datasets/matraix-persona-1m/cohorts/cohort-162f4cf6eb0f/persona_wiki-4b6960ca22cc.yaml,1.0,clorox_under_rim,Clorox Corner Under-Rim,15.5,5,cleaning,4,65+,Value-driven,North America,Lower-middle,Man,Mid-life,Small town,null,Full-time,"I want a brush that actually gets under the rim and the Clorox set has a dedicated under-rim scrubber plus antimicrobial bristles, which matters in a house with five or more people sharing one bathroom. The corner caddy keeps it tucked out of the way, and at $15.50 it is a fair price for a brand I recognize and trust."
survey_toilet-brush-choice__hx9WdmP,persona/datasets/matraix-persona-1m/cohorts/cohort-162f4cf6eb0f/persona_gss-b263c0fe743b.yaml,1.0,oxo_hideaway,OXO Hideaway Compact,19.97,4,hygiene,4,18-24,,North America,Middle,Woman,Student,,,Student,"I want a hygienic, quick-drying holder that hides the brush and fits a small bathroom, and OXO's auto-open ventilated canister plus top-rated reputation gives me confidence in durability. The $19.97 price is reasonable for a trusted brand, and the minimal white design matches my bathroom."
survey_toilet-brush-choice__i5JcdEB,persona/datasets/matraix-persona-1m/cohorts/cohort-162f4cf6eb0f/persona_gss-4c052fea2f8e.yaml,1.0,oxo_hideaway,OXO Hideaway Compact,19.97,4,hygiene,4,45-54,,North America,Middle,Man,,,,Full-time,"I'm divorced with two kids, so the bathroom gets a lot of use and I want something that looks tidy and actually holds up. The OXO's hideaway canister keeps the brush out of sight and the ventilated tray stops that soggy water pooling at the bottom, and it's the top-rated option at a fair $19.97."
survey_toilet-brush-choice__i5g7cWo,persona/datasets/matraix-persona-1m/cohorts/cohort-162f4cf6eb0f/persona_wiki-c3f55ee8c638.yaml,1.0,oxo_hideaway,OXO Hideaway Compact,19.97,4,hygiene,5,65+,,North America,null,Man,Retirement,null,null,Retired,"I'm a disciplined, practical buyer and OXO has never let me down on grip and build quality. The hideaway canister keeps the brush out of sight and the ventilated tray stops water pooling, which matters for hygiene in a small bathroom. At $19.97 it's a fair price for something I'll use every day for years."
survey_toilet-brush-choice__i7qRtqB,persona/datasets/matraix-persona-1m/cohorts/cohort-162f4cf6eb0f/persona_wiki-3715a27c931a.yaml,1.0,oxo_hideaway,OXO Hideaway Compact,19.97,4,hygiene,4,65+,Value-driven,North America,High income,Man,Mid-life,Small town,null,Retired,"I value a clean, orderly bathroom and a reputable brand, and the OXO Hideaway's auto-opening canister keeps the brush fully concealed while its ventilated tray prevents standing water. At $19.97 it is a reasonable price for a top-rated, well-designed product from a brand I trust. With a large household, durability and hygiene matter more to me than saving a few dollars."
survey_toilet-brush-choice__i9ysuUT,persona/datasets/matraix-persona-1m/cohorts/cohort-162f4cf6eb0f/persona_wiki-2ceaae55ec57.yaml,1.0,oxo_hideaway,OXO Hideaway Compact,19.97,5,hygiene,4,65+,Value-driven,North America,High income,Woman,Retirement,Dense urban,$200k+,Full-time,"I want a hygienic, well-engineered set that hides the brush and drains properly rather than pooling water, and OXO's reputation for durable, thoughtfully designed household tools is one I trust. The auto-opening canister and ventilated tray address the real hygiene problem with toilet brushes, and at $19.97 the price is trivial for a product I'll use for years."
survey_toilet-brush-choice__iA7KLJX,persona/datasets/matraix-persona-1m/cohorts/cohort-162f4cf6eb0f/persona_wiki-29f3321793ca.yaml,1.0,oxo_hideaway,OXO Hideaway Compact,19.97,4,hygiene,4,65+,,North America,Upper-middle,Man,Mid-life,Small town,null,Retired,"I want a tidy, discreet set that keeps the brush out of sight and the holder dry, and OXO's hideaway design does exactly that with a proven reputation for build quality. At $19.97 it is reasonably priced for a durable, well-reviewed product from a brand I trust."
survey_toilet-brush-choice__iAvaHcX,persona/datasets/matraix-persona-1m/cohorts/cohort-162f4cf6eb0f/persona_gss-294299d48ff8.yaml,1.0,oxo_hideaway,OXO Hideaway Compact,19.97,4,hygiene,4,45-54,,North America,Upper-middle,Woman,,,,Homemaker,"With three kids and a busy household, I want something that hides the brush away and keeps things tidy and hygienic. The OXO Hideaway's auto-open canister and ventilated tray mean no standing water or mess, and OXO is a brand I trust for durability."
survey_toilet-brush-choice__iSbr9EA,persona/datasets/matraix-persona-1m/cohorts/cohort-162f4cf6eb0f/persona_gss-8189e689d5e3.yaml,1.0,oxo_hideaway,OXO Hideaway Compact,19.97,4,hygiene,4,55-64,,North America,Lower-middle,Woman,,,,Homemaker,"With a busy household of kids and grandkids, I want something that hides the brush away and keeps things tidy, and OXO is a brand I trust for lasting quality. The auto-open canister and ventilated tray mean less mess and no standing water, which matters to me for hygiene."
survey_toilet-brush-choice__iVN46cn,persona/datasets/matraix-persona-1m/cohorts/cohort-162f4cf6eb0f/persona_gss-ed53021073e0.yaml,1.0,oxo_hideaway,OXO Hideaway Compact,19.97,4,hygiene,4,25-34,,North America,Middle,Woman,,,,Homemaker,"I want a clean, tidy look in my bathroom, and the hideaway canister keeps the brush out of sight while the ventilated tray helps it dry properly, which matters to me for hygiene. OXO is a brand I recognize and trust, and at under $20 the price feels reasonable for something that will last."
survey_toilet-brush-choice__iVYmiBP,persona/datasets/matraix-persona-1m/cohorts/cohort-162f4cf6eb0f/persona_gss-cec330a61256.yaml,1.0,oxo_hideaway,OXO Hideaway Compact,19.97,4,hygiene,4,55-64,,North America,Lower-middle,Man,,,,Unemployed,"I'm on a tight budget being unemployed, but I want something that lasts and looks tidy. The OXO is a trusted name, hides the brush away so the bathroom looks clean, and at under twenty dollars it's a fair middle ground between cheap junk and overpriced sets."
survey_toilet-brush-choice__iX3d8bd,persona/datasets/matraix-persona-1m/cohorts/cohort-162f4cf6eb0f/persona_gss-d5c9a49b8516.yaml,1.0,jiga_3pack,JIGA 3-Pack,13.99,5,price,4,55-64,,North America,Lower-middle,Man,,,,Full-time,"I have three bathrooms and a big family, so getting three brushes for $13.99 is the best deal on this shelf. The stiff nylon bristles and covered caddy bases are exactly what I need for everyday scrubbing without spending much."
survey_toilet-brush-choice__iaoaW4v,persona/datasets/matraix-persona-1m/cohorts/cohort-162f4cf6eb0f/persona_stackoverflow-5ba389a0a2eb.yaml,1.0,oxo_hideaway,OXO Hideaway Compact,19.97,4,hygiene,4,35-44,,North America,,,,,,Full-time,"The hideaway canister that opens automatically when lifted solves the real annoyance of a dripping, visible brush, and the ventilated tray prevents the stagnant water pooling that makes cheap holders gross. OXO's reputation for durable, well-engineered basics plus the No.1 Top Rated signal gives me enough confidence to trust it without having to gamble on an unknown silicone set."
survey_toilet-brush-choice__icW2iAg,persona/datasets/matraix-persona-1m/cohorts/cohort-162f4cf6eb0f/persona_wiki-c68eb4cb0228.yaml,1.0,oxo_hideaway,OXO Hideaway Compact,19.97,4,hygiene,4,85+,Value-driven,North America,Upper-middle,Woman,Mid-life,Small town,,Self-employed,"At my age I want a brush that stores tidily and dries without pooling water, and the OXO hideaway canister opens automatically when lifted and has a ventilated tray — practical and dependable. The OXO name has earned my trust over decades of kitchen and household goods, and the compact footprint suits my small bathroom."
survey_toilet-brush-choice__if9nfU6,persona/datasets/matraix-persona-1m/cohorts/cohort-162f4cf6eb0f/persona_gss-6ebbd7342386.yaml,1.0,oxo_hideaway,OXO Hideaway Compact,19.97,4,hygiene,4,35-44,,North America,,Woman,,,,Full-time,"With three kids and a busy household, I want something that hides the brush away neatly and dries hygienically without pooling water. OXO is a brand I trust, it's compact for our bathroom, and at under $20 the price is reasonable for the quality."
survey_toilet-brush-choice__ij4Q47d,persona/datasets/matraix-persona-1m/cohorts/cohort-162f4cf6eb0f/persona_gss-7ed0e616ccec.yaml,1.0,oxo_hideaway,OXO Hideaway Compact,19.97,4,hygiene,4,55-64,,North America,Middle,Man,,,,Part-time,"The OXO Good Grips Hideaway is a well-known, trusted brand and it's the top-rated option here, which matters to me. I like that the brush stays hidden in the canister and the ventilated tray keeps things from getting messy — a clean, practical pick for the money."
survey_toilet-brush-choice__iovWe8r,persona/datasets/matraix-persona-1m/cohorts/cohort-162f4cf6eb0f/persona_wiki-7dde553c1ccb.yaml,1.0,oxo_hideaway,OXO Hideaway Compact,19.97,4,hygiene,4,65+,,North America,High income,Man,Retirement,,,Retired,"I want a clean, uncluttered bathroom and dislike seeing a wet brush sitting out, so the OXO's hideaway canister that opens automatically and has a ventilated tray fits how I actually maintain a household. OXO has a reputation for well-engineered, durable everyday tools, and at $19.97 the price is reasonable for something I'll use for years. The compact footprint also suits a smaller guest bath."
survey_toilet-brush-choice__iyNMwf8,persona/datasets/matraix-persona-1m/cohorts/cohort-162f4cf6eb0f/persona_gss-c0204c8f6b66.yaml,1.0,clorox_under_rim,Clorox Corner Under-Rim,15.5,5,cleaning,4,45-54,,North America,Lower-middle,Man,,,,Full-time,"I want a brush that actually gets under the rim where the worst buildup is, and the Clorox set has a dedicated under-rim scrubber plus antibacterial bristles. At $15.50 it's affordable, and the corner caddy keeps it tidy in our small bathroom."
survey_toilet-brush-choice__j2T6BZ7,persona/datasets/matraix-persona-1m/cohorts/cohort-162f4cf6eb0f/persona_amazon-036c6131e137.yaml,1.0,oxo_hideaway,OXO Hideaway Compact,19.97,4,hygiene,4,,,North America,,,,,,Full-time,"I want a compact, tidy set that hides the brush and keeps my small bathroom looking clean, and the auto-open canister with a ventilated tray sounds hygienic and easy to use. OXO's reputation and the top-rated status give me confidence it will hold up without being fussy."
survey_toilet-brush-choice__j2pJC3V,persona/datasets/matraix-persona-1m/cohorts/cohort-162f4cf6eb0f/persona_gss-c7ad453f893c.yaml,1.0,jiga_3pack,JIGA 3-Pack,13.99,5,price,4,25-34,,North America,Low income,Man,Student,,,Student,"I'm a student on a tight budget, so getting three complete brush-and-holder sets for $13.99 is unbeatable value. The stiff nylon bristles and caddy storage cover my basic cleaning needs, and having spares for the other bathroom is a practical bonus."
survey_toilet-brush-choice__j5r2rDV,persona/datasets/matraix-persona-1m/cohorts/cohort-162f4cf6eb0f/persona_wiki-56bdde8b1995.yaml,1.0,oxo_hideaway,OXO Hideaway Compact,19.97,4,hygiene,4,65+,,North America,,Woman,Retirement,,,,"I've spent decades trusting OXO's Good Grips line for well-engineered, durable everyday tools, and this set's auto-open hideaway canister and ventilated tray keep things tidy and dry in a small bathroom. The compact footprint and top-rated reputation make it worth the modest extra cost over the budget silicone options."
survey_toilet-brush-choice__j67vPGn,persona/datasets/matraix-persona-1m/cohorts/cohort-162f4cf6eb0f/persona_gss-778f00dd5c67.yaml,1.0,clorox_under_rim,Clorox Corner Under-Rim,15.5,5,brand,4,65-74,,North America,Middle,Woman,,,,Homemaker,"I'm a widow on a fixed budget and I trust the Clorox name for cleaning. The corner caddy saves space in my small bathroom and the under-rim scrubber helps me get the job done without bending too much, which matters since my health isn't what it used to be."
survey_toilet-brush-choice__j6uu7AF,persona/datasets/matraix-persona-1m/cohorts/cohort-162f4cf6eb0f/persona_gss-0bba6902aad3.yaml,1.0,jiga_3pack,JIGA 3-Pack,13.99,5,price,4,35-44,,North America,Middle,Man,,,,Full-time,"With three kids and multiple bathrooms, the 3-pack gives me a brush and holder for each bathroom at a price I can actually afford on one income. Stiff nylon bristles clean well, and having spares on hand means I'm not running to the store when one wears out."
survey_toilet-brush-choice__jC9Gxvi,persona/datasets/matraix-persona-1m/cohorts/cohort-162f4cf6eb0f/persona_wiki-c35ff17400b6.yaml,1.0,oxo_hideaway,OXO Hideaway Compact,19.97,4,hygiene,4,,,North America,,Man,Retirement,,,Retired,"I want a clean, uncluttered look in my bathroom, and the OXO Hideaway's canister conceals the brush entirely when stored. OXO is a brand I trust for solid build quality, and the ventilated tray that prevents water pooling fits my preference for hygiene and durability over saving a few dollars."
survey_toilet-brush-choice__jCzxSmk,persona/datasets/matraix-persona-1m/cohorts/cohort-162f4cf6eb0f/persona_wiki-1494cce2d0a5.yaml,1.0,oxo_hideaway,OXO Hideaway Compact,19.97,4,hygiene,4,65+,Indifferent,North America,Lower-middle,Man,Retirement,Rural,null,Self-employed,"I want a brush that stays out of sight and dries properly, and the OXO hideaway canister opens automatically while the ventilated tray keeps water from pooling. It is a trusted, top-rated design at a fair price, and its compact footprint suits my bathroom without clutter."
survey_toilet-brush-choice__jHEPHfT,persona/datasets/matraix-persona-1m/cohorts/cohort-162f4cf6eb0f/persona_wiki-8ce9bc92f120.yaml,1.0,oxo_hideaway,OXO Hideaway Compact,19.97,4,hygiene,4,65+,,North America,null,Man,Retirement,null,null,Retired,"I want a clean, minimal look and a holder that keeps the brush out of sight and doesn't pool water. OXO's hideaway canister opens automatically on lift and has a ventilated tray, and the brand's build quality and top-rated status give me confidence it will last."
survey_toilet-brush-choice__jKbtD3U,persona/datasets/matraix-persona-1m/cohorts/cohort-162f4cf6eb0f/persona_gss-28cf85eb5db3.yaml,1.0,jiga_3pack,JIGA 3-Pack,13.99,5,price,4,35-44,,North America,Lower-middle,Man,,,,Full-time,"I have two bathrooms and one that gets used hard, so getting three complete sets for $13.99 is the best value on the shelf. Stiff nylon bristles do the scrubbing job fine and I don't need silicone gimmicks or a fancy bronze finish."
survey_toilet-brush-choice__jPpskUN,persona/datasets/matraix-persona-1m/cohorts/cohort-162f4cf6eb0f/persona_wiki-ffe5277feb17.yaml,1.0,oxo_hideaway,OXO Hideaway Compact,19.97,4,hygiene,4,65+,Value-driven,North America,Upper-middle,Man,Retirement,Suburban,null,Self-employed,"The OXO Hideaway's auto-opening canister design is the most functionally sound option here: the brush stays fully concealed, and the ventilated tray addresses the real failure mode of these products — standing water and bacterial growth at the base. OXO's engineering reputation and the 'No.1 Top Rated' signal matter more to me than saving a few dollars, and at $19.97 the price is unremarkable for a tool I'll use daily for years."
survey_toilet-brush-choice__jW3q9M9,persona/datasets/matraix-persona-1m/cohorts/cohort-162f4cf6eb0f/persona_wiki-a00fa8432632.yaml,1.0,oxo_hideaway,OXO Hideaway Compact,19.97,4,hygiene,4,65+,Indifferent,North America,Upper-middle,Woman,Mid-life,Dense urban,null,Full-time,"I want a hygienic, well-designed set that hides the brush away and dries properly rather than sitting in standing water. OXO's auto-opening canister and ventilated tray address that, and the brand's reputation for durable, thoughtfully engineered housewares justifies the mid-range price. The compact footprint also suits my bathroom."
survey_toilet-brush-choice__jWV5PVM,persona/datasets/matraix-persona-1m/cohorts/cohort-162f4cf6eb0f/persona_gss-5b1b571f0102.yaml,1.0,jiga_3pack,JIGA 3-Pack,13.99,5,price,4,25-34,,North America,Lower-middle,Woman,,,,Homemaker,"With two kids and a husband in the house, having three brushes means I can keep one in each bathroom and still have a spare, all for the price of one nicer set. The stiff nylon bristles and non-slip handles sound practical for everyday scrubbing, and white matches my bathroom."
survey_toilet-brush-choice__jXz7LzJ,persona/datasets/matraix-persona-1m/cohorts/cohort-162f4cf6eb0f/persona_amazon-ab17bb1cb583.yaml,1.0,oxo_hideaway,OXO Hideaway Compact,19.97,4,hygiene,4,,,North America,,Woman,Retirement,Suburban,,Retired,"I want something compact and tidy that hides the brush away, and the OXO's auto-opening canister with a ventilated tray keeps things from getting gross. It's a brand I've trusted for kitchen and cleaning tools for years, and the price is reasonable for the quality."
survey_toilet-brush-choice__ja5ULB3,persona/datasets/matraix-persona-1m/cohorts/cohort-162f4cf6eb0f/persona_gss-2ab228ea6935.yaml,1.0,oxo_hideaway,OXO Hideaway Compact,19.97,4,hygiene,4,35-44,,North America,Lower-middle,Woman,,,,Part-time,"I want something that hides the brush away so the bathroom stays tidy, and OXO is a brand I trust for everyday household items. The compact size and ventilated tray that keeps water from pooling matter to me since I clean the bathroom regularly and don't want a soggy holder."
survey_toilet-brush-choice__jaoyNhx,persona/datasets/matraix-persona-1m/cohorts/cohort-162f4cf6eb0f/persona_wiki-d638a7b2c513.yaml,1.0,oxo_hideaway,OXO Hideaway Compact,19.97,5,design,4,55-64,Value-driven,North America,Upper-middle,Woman,Retirement,Suburban,$100k-200k,Full-time,"I live alone and keep a small, tidy bathroom, so a compact canister that hides the brush entirely and opens automatically appeals to my sense of order and aesthetics. OXO's reputation for well-engineered, durable household tools and its top-rated status give me confidence in the purchase without overspending."
survey_toilet-brush-choice__jcoifvG,persona/datasets/matraix-persona-1m/cohorts/cohort-162f4cf6eb0f/persona_gss-1b4a8da0733f.yaml,1.0,oxo_hideaway,OXO Hideaway Compact,19.97,4,hygiene,4,75-84,,North America,Middle,Woman,Retirement,,,Retired,"At my age I want something simple and reliable that doesn't clutter the bathroom, and the OXO hideaway canister keeps the brush out of sight while the ventilated tray prevents that musty water smell. OXO is a brand I've trusted in my kitchen for years, and the compact footprint suits my small guest bathroom. The price is reasonable for the quality."
survey_toilet-brush-choice__jjs82aM,persona/datasets/matraix-persona-1m/cohorts/cohort-162f4cf6eb0f/persona_gss-d26f77d9facc.yaml,1.0,oxo_hideaway,OXO Hideaway Compact,19.97,4,hygiene,4,45-54,,North America,Upper-middle,Woman,,,,Full-time,"I want a brush that stays hidden and tidy since it sits out in the guest bathroom, and the OXO Hideaway's auto-open canister with a ventilated tray keeps things looking neat and dry. OXO is a brand I trust for solid everyday tools, and at $19.97 the price is reasonable for the quality."
survey_toilet-brush-choice__jkkJ8zP,persona/datasets/matraix-persona-1m/cohorts/cohort-162f4cf6eb0f/persona_gss-3043d431b7f5.yaml,1.0,oxo_hideaway,OXO Hideaway Compact,19.97,4,cleaning,4,25-34,,North America,Lower-middle,Man,,,,Full-time,"I want something that actually cleans well and looks tidy in a small bathroom, and the OXO Hideaway hides the brush away in a compact canister that opens automatically. It's a trusted brand, top rated, and at $19.97 it's a fair middle price for the quality."
survey_toilet-brush-choice__jm46D6C,persona/datasets/matraix-persona-1m/cohorts/cohort-162f4cf6eb0f/persona_gss-248efc1b1ae3.yaml,1.0,oxo_hideaway,OXO Hideaway Compact,19.97,4,hygiene,4,65-74,,North America,Lower-middle,Man,Retirement,,,Retired,"I want something tidy and hygienic that hides the brush away, and the OXO canister opens automatically so there's no fuss. It's a trusted brand and the ventilated tray keeps things from getting gross, at a fair price under $20."
survey_toilet-brush-choice__jmttSW9,persona/datasets/matraix-persona-1m/cohorts/cohort-162f4cf6eb0f/persona_wiki-432ee6461983.yaml,1.0,oxo_hideaway,OXO Hideaway Compact,19.97,4,hygiene,4,,,North America,,Man,,,,Full-time,"I want a set that keeps the bathroom looking tidy, and the OXO Hideaway stores the brush completely out of sight in a compact canister. The auto-open lid and ventilated tray are practical hygiene features, and OXO's reputation for durable, well-designed tools justifies the mid-range price."
survey_toilet-brush-choice__jnanYuD,persona/datasets/matraix-persona-1m/cohorts/cohort-162f4cf6eb0f/persona_wiki-d1953df64acb.yaml,1.0,oxo_hideaway,OXO Hideaway Compact,19.97,4,hygiene,4,25-34,,North America,null,Man,Early career,null,null,null,"The OXO Hideaway is top-rated and its auto-open canister keeps the brush fully concealed while the ventilated tray prevents water pooling, which fits my hygiene and clean-look priorities. At $19.97 it is a reasonable mid-range price for a durable, well-reviewed set."
survey_toilet-brush-choice__jwgCaE9,persona/datasets/matraix-persona-1m/cohorts/cohort-162f4cf6eb0f/persona_wiki-7f45928b9cfb.yaml,1.0,oxo_hideaway,OXO Hideaway Compact,19.97,4,hygiene,4,65+,Premium-seeking,North America,High income,Woman,Mid-life,Dense urban,$100k-200k,Full-time,"I want a set that looks intentional and tidy in a small bathroom, and the OXO Hideaway's canister conceals the brush entirely when stored, which suits my aesthetic standards. OXO is a brand I trust for well-engineered household tools, and the ventilated tray addresses the hygiene concern I care about most. At $19.97 it is a reasonable premium for a product I will use daily for years."
survey_toilet-brush-choice__k7fku4w,persona/datasets/matraix-persona-1m/cohorts/cohort-162f4cf6eb0f/persona_gss-7b9d8cd43db8.yaml,1.0,oxo_hideaway,OXO Hideaway Compact,19.97,4,hygiene,4,55-64,,North America,Lower-middle,Woman,,,,Full-time,"I have a small bathroom and I want something that hides the brush away so it isn't an eyesore, and OXO is a brand I recognize and trust. The ventilated tray that keeps water from pooling matters to me for hygiene, and at $19.97 the price is reasonable for a set that should last."
survey_toilet-brush-choice__k83fEQJ,persona/datasets/matraix-persona-1m/cohorts/cohort-162f4cf6eb0f/persona_wiki-80710f06503d.yaml,1.0,oxo_hideaway,OXO Hideaway Compact,19.97,5,hygiene,4,75-84,Value-driven,North America,High income,Woman,Retirement,Small town,$100k-200k,Retired,"At my age and with mobility issues, I need something I can use without bending or fumbling, and the OXO Hideaway's auto-open canister means I never have to touch or see the brush. It's compact enough for my small guest bath, the ventilated tray keeps things sanitary, and OXO is a brand I've trusted in my kitchen for decades. The $19.97 price is entirely reasonable for that combination of hygiene and ease."
survey_toilet-brush-choice__k9drkeu,persona/datasets/matraix-persona-1m/cohorts/cohort-162f4cf6eb0f/persona_gss-298238f9bb70.yaml,1.0,clorox_under_rim,Clorox Corner Under-Rim,15.5,4,brand,4,75-84,,North America,Lower-middle,Man,Retirement,,,Retired,"I've trusted the Clorox name for cleaning products my whole life, and at $15.50 it's a fair price for a brand I know. The corner caddy keeps it tucked out of the way, and the under-rim scrubber is a sensible feature for getting the job done right."
survey_toilet-brush-choice__kB3BQYE,persona/datasets/matraix-persona-1m/cohorts/cohort-162f4cf6eb0f/persona_amazon-730a723aa85d.yaml,1.0,oxo_hideaway,OXO Hideaway Compact,19.97,4,hygiene,4,,Value-driven,North America,,,,Suburban,,,"I want a clean, uncluttered look and a holder that actually dries out instead of pooling water, and OXO's hideaway canister does both while staying compact. The brand has a solid reputation for durable, well-designed household tools, so at $19.97 I trust it to last. The auto-open lid also means less bending and fumbling, which matters to me."
survey_toilet-brush-choice__kCyvrbF,persona/datasets/matraix-persona-1m/cohorts/cohort-162f4cf6eb0f/persona_amazon-a8cd79459a78.yaml,1.0,clorox_under_rim,Clorox Corner Under-Rim,15.5,4,cleaning,3,,,North America,,,,,,,"I want something simple and dependable that actually scrubs under the rim, and Clorox is a brand I recognize and trust. The corner caddy saves space and the price at $15.50 is fair for a name brand."
survey_toilet-brush-choice__kFdSV39,persona/datasets/matraix-persona-1m/cohorts/cohort-162f4cf6eb0f/persona_stackoverflow-862be0b2c527.yaml,1.0,oxo_hideaway,OXO Hideaway Compact,19.97,4,hygiene,4,18-24,,North America,,,Early career,,,Unemployed,"I want a covered, hygienic set that keeps the brush hidden and doesn't pool water, and OXO's auto-open canister with ventilated tray plus its No.1 Top Rated status gives me the reliability I look for. At $19.97 it's mid-priced but justified by the brand's track record and compact footprint for a small bathroom."
survey_toilet-brush-choice__kMh7Ho9,persona/datasets/matraix-persona-1m/cohorts/cohort-162f4cf6eb0f/persona_gss-d4938b73d182.yaml,1.0,oxo_hideaway,OXO Hideaway Compact,19.97,4,hygiene,4,18-24,,North America,Low income,Man,,,,Full-time,"I want something compact and clean-looking that hides the brush away, and the OXO auto-open canister with ventilated tray fits my small bathroom and keeps things from getting gross. It's mid-priced and a well-reviewed brand, so it feels like the best balance of hygiene, looks, and value."
survey_toilet-brush-choice__kSmJntW,persona/datasets/matraix-persona-1m/cohorts/cohort-162f4cf6eb0f/persona_gss-ebcbc3b314fa.yaml,1.0,oxo_hideaway,OXO Hideaway Compact,19.97,4,hygiene,4,35-44,,North America,Lower-middle,Man,,,,Full-time,"I have a small bathroom and I'm divorced with one kid, so I want something compact that hides the brush away and doesn't look gross sitting out. OXO is a brand I trust and the auto-open canister with a ventilated tray sounds like it actually keeps things dry and hygienic, and $19.97 is reasonable for that."
survey_toilet-brush-choice__kSyqaQv,persona/datasets/matraix-persona-1m/cohorts/cohort-162f4cf6eb0f/persona_gss-f2b0bfeb50cd.yaml,1.0,clorox_under_rim,Clorox Corner Under-Rim,15.5,4,cleaning,4,55-64,,North America,Lower-middle,Woman,,,,Full-time,"I've used Clorox cleaning products for years and trust the brand, and at $15.50 it's a fair price for a set that includes a corner caddy and a dedicated under-rim scrubber. The white and gray look will match my bathroom, and I don't need anything fancy — just something that cleans well and lasts."
survey_toilet-brush-choice__kaHx7mZ,persona/datasets/matraix-persona-1m/cohorts/cohort-162f4cf6eb0f/persona_gss-ebc1814dd5b7.yaml,1.0,oxo_hideaway,OXO Hideaway Compact,19.97,4,hygiene,4,35-44,,North America,Lower-middle,Woman,,,,Homemaker,"I want something that looks tidy and hides the brush away, which matters in a small family bathroom. OXO is a brand I trust to hold up, and at $19.97 the price is reasonable for a well-reviewed set that dries without pooling water."
survey_toilet-brush-choice__kcck2mV,persona/datasets/matraix-persona-1m/cohorts/cohort-162f4cf6eb0f/persona_wiki-3452fe2d4a07.yaml,1.0,oxo_hideaway,OXO Hideaway Compact,19.97,4,hygiene,4,,Value-driven,North America,Middle,Man,Mid-life,Small town,,Full-time,"I want a brush that stays discreetly out of sight and dries properly to avoid standing water and odor, and OXO's hideaway canister with a ventilated tray does exactly that. The brand has a solid reputation for durable, well-designed household tools, and at $19.97 it is a reasonable price for something used daily."
survey_toilet-brush-choice__kftMYTB,persona/datasets/matraix-persona-1m/cohorts/cohort-162f4cf6eb0f/persona_wiki-5a1974971a4e.yaml,1.0,oxo_hideaway,OXO Hideaway Compact,19.97,4,hygiene,4,65+,,North America,Middle,Man,,Small town,null,Full-time,"The OXO Hideaway is the one set here that solves the real problem with toilet brushes: the mess of a wet, visible brush. The canister opens automatically when you lift the brush and the ventilated tray keeps water from pooling, so it stays hygienic and looks tidy in a small bathroom. OXO's reputation for well-built, functional housewares and its No.1 Top Rated status justify the modest $19.97 over the cheaper silicone options."
survey_toilet-brush-choice__ki5mfK4,persona/datasets/matraix-persona-1m/cohorts/cohort-162f4cf6eb0f/persona_wiki-5312b64ca6ce.yaml,1.0,oxo_hideaway,OXO Hideaway Compact,19.97,4,hygiene,4,65+,,North America,Middle,Man,Mid-life,Rural,null,Self-employed,"I've learned over the years that buying once from a maker with a real reputation beats saving a few dollars on something I'll have to replace. The OXO Hideaway keeps the brush out of sight, which suits a tidy bathroom, and the ventilated tray means it won't sit in a puddle of stagnant water breeding bacteria. The auto-open canister is a simple, sensible mechanism rather than a gimmick, and at just under twenty dollars it's a fair price for something that will last."
survey_toilet-brush-choice__kirutXH,persona/datasets/matraix-persona-1m/cohorts/cohort-162f4cf6eb0f/persona_wiki-9203816a0fbf.yaml,1.0,oxo_hideaway,OXO Hideaway Compact,19.97,4,design,4,55-64,Value-driven,North America,Upper-middle,Woman,Mid-life,Suburban,$100k-200k,Full-time,"I want a clean, uncluttered look in my bathroom and the OXO Hideaway's canister conceals the brush entirely when stored. The auto-open mechanism and ventilated tray address hygiene without the visual noise of an exposed brush, and OXO's reputation for well-engineered household tools justifies the mid-range price."
survey_toilet-brush-choice__kzA8CFz,persona/datasets/matraix-persona-1m/cohorts/cohort-162f4cf6eb0f/persona_wiki-54c06ec6c96e.yaml,1.0,oxo_hideaway,OXO Hideaway Compact,19.97,4,hygiene,4,65+,,North America,High income,Woman,Mid-life,Dense urban,,Full-time,"The OXO Hideaway solves the two things I actually care about in a bathroom fixture: it conceals the brush entirely when stored, and its ventilated tray prevents the stagnant water that breeds bacteria in a closed holder. OXO is a brand with a long track record of well-engineered household goods, and at $19.97 it is a modest, sensible purchase for a high-use bathroom."
survey_toilet-brush-choice__m3jkjWE,persona/datasets/matraix-persona-1m/cohorts/cohort-162f4cf6eb0f/persona_gss-7c4bca0d87e5.yaml,1.0,clorox_under_rim,Clorox Corner Under-Rim,15.5,5,cleaning,4,35-44,,North America,Lower-middle,Man,,,,Full-time,"I want a brush that actually gets under the rim where the stains hide, and the dedicated under-rim scrubber plus antibacterial bristles sold me. At $15.50 it's affordable, it's a brand I recognize from cleaning products, and the corner caddy saves space without looking cheap."
survey_toilet-brush-choice__m3oDexL,persona/datasets/matraix-persona-1m/cohorts/cohort-162f4cf6eb0f/persona_wiki-dacbb827ea07.yaml,1.0,oxo_hideaway,OXO Hideaway Compact,19.97,5,hygiene,5,65+,Value-driven,North America,High income,Woman,Mid-life,Dense urban,null,Full-time,"The OXO Hideaway's auto-opening canister keeps the brush completely hidden when stored, and the ventilated tray prevents the stagnant water pooling that makes most holders a bacterial incubator. As someone who reads specs before looks, the firm nylon bristles and No.1 Top Rated track record at $19.97 make it the best-engineered option on the shelf."
survey_toilet-brush-choice__m6wqAn7,persona/datasets/matraix-persona-1m/cohorts/cohort-162f4cf6eb0f/persona_gss-cf2880e6d4fa.yaml,1.0,oxo_hideaway,OXO Hideaway Compact,19.97,4,brand,4,75-84,,North America,Middle,Woman,Retirement,,,Retired,"I've trusted the OXO Good Grips brand for years in my kitchen, and at this stage of life I want something simple and tidy that hides the brush away rather than leaving it on display. The auto-open canister and ventilated tray keep things clean and dry, and $19.97 is a reasonable price for a well-reviewed, compact set that fits my small bathroom."
survey_toilet-brush-choice__m8VZBK2,persona/datasets/matraix-persona-1m/cohorts/cohort-162f4cf6eb0f/persona_wiki-5c3effce90cc.yaml,1.0,oxo_hideaway,OXO Hideaway Compact,19.97,4,design,4,65+,Premium-seeking,North America,High income,Man,Mid-life,Small town,$200k+,Self-employed,"I am a widower in my later years with reduced manual dexterity, so a brush that stores hidden and opens automatically when lifted is far easier and tidier than fiddling with a separate lid. OXO's reputation for well-engineered, durable household tools and its top-rated, compact ventilated design justify the modest $19.97 for a single well-made set in my bathroom."
survey_toilet-brush-choice__mLUxa6z,persona/datasets/matraix-persona-1m/cohorts/cohort-162f4cf6eb0f/persona_gss-f45bab9c4307.yaml,1.0,oxo_hideaway,OXO Hideaway Compact,19.97,4,hygiene,4,55-64,,North America,Middle,Woman,Retirement,,,Retired,"At this stage of life I want something reliable, tidy, and easy to keep clean without fuss. The OXO Hideaway is top-rated with a hideaway canister that keeps the brush out of sight and a ventilated tray so it dries instead of sitting in water, and the compact footprint suits my bathroom. The price is reasonable for the quality and the trusted brand."
survey_toilet-brush-choice__mSBCKge,persona/datasets/matraix-persona-1m/cohorts/cohort-162f4cf6eb0f/persona_wiki-ca7beecefef1.yaml,1.0,clorox_under_rim,Clorox Corner Under-Rim,15.5,3,price,3,18-24,Value-driven,North America,Upper-middle,Man,Early career,null,null,Self-employed,"No persona-specific answer was produced, so a neutral answer was used."
survey_toilet-brush-choice__mXEPXVM,persona/datasets/matraix-persona-1m/cohorts/cohort-162f4cf6eb0f/persona_stackoverflow-848968f6ee5a.yaml,1.0,oxo_hideaway,OXO Hideaway Compact,19.97,4,hygiene,4,35-44,,North America,,,,,,Full-time,"I want a compact, clean-looking set where the brush is hidden when stored, and OXO's build quality and top-rated reputation give me confidence it will hold up. The ventilated tray that prevents water pooling matters for hygiene in a small bathroom, and $19.97 is a reasonable mid-range price for something I'll use weekly for years."
survey_toilet-brush-choice__mc2Aufd,persona/datasets/matraix-persona-1m/cohorts/cohort-162f4cf6eb0f/persona_gss-64cb9d4e67bf.yaml,1.0,oxo_hideaway,OXO Hideaway Compact,19.97,4,hygiene,4,55-64,,North America,Lower-middle,Man,,,,Full-time,"I've had cheap brushes before and the bristles splay out and the holder gets scummy. The OXO hideaway canister keeps the brush out of sight and the ventilated tray means it won't sit in a puddle of water, and at $19.97 it's a reasonable middle price. OXO is a brand I trust to last more than a year."
survey_toilet-brush-choice__mgkXwgv,persona/datasets/matraix-persona-1m/cohorts/cohort-162f4cf6eb0f/persona_gss-7af6a94c672d.yaml,1.0,oxo_hideaway,OXO Hideaway Compact,19.97,4,hygiene,4,18-24,,North America,Middle,Woman,,,,Homemaker,"I want something that looks tidy and isn't an eyesore in the bathroom, and the hideaway canister keeps the brush out of sight with a ventilated tray so it doesn't sit in dirty water. OXO is a brand I recognize and trust for household basics, and at $19.97 the price is reasonable for something that will last."
survey_toilet-brush-choice__mj8GVPH,persona/datasets/matraix-persona-1m/cohorts/cohort-162f4cf6eb0f/persona_gss-d2fb61c8ed17.yaml,1.0,oxo_hideaway,OXO Hideaway Compact,19.97,4,hygiene,4,55-64,,North America,Lower-middle,Woman,Retirement,,,Retired,"I like that the brush hides away in the canister so it stays neat and out of sight in my small bathroom. OXO is a brand I trust, it's top rated, and the ventilated tray keeps it from getting gross, all at a reasonable price."
survey_toilet-brush-choice__mkyYW7q,persona/datasets/matraix-persona-1m/cohorts/cohort-162f4cf6eb0f/persona_stackoverflow-50df4907be83.yaml,1.0,oxo_hideaway,OXO Hideaway Compact,19.97,4,hygiene,4,35-44,Value-driven,North America,,,,,,Full-time,"I want a brush that stays out of sight and doesn't pool dirty water, and the OXO hideaway canister opens automatically when lifted with a ventilated tray — exactly the hygiene/order tradeoff I care about. OXO is a brand I trust for durable, well-designed tools, and at $19.97 it's a reasonable one-time buy rather than a cheap multi-pack I'd have to store."
survey_toilet-brush-choice__mtKoqrz,persona/datasets/matraix-persona-1m/cohorts/cohort-162f4cf6eb0f/persona_wiki-bc993864caa6.yaml,1.0,oxo_hideaway,OXO Hideaway Compact,19.97,4,hygiene,4,65+,,North America,,Man,Retirement,,,Retired,"The OXO Hideaway's auto-opening canister keeps the brush completely out of sight, which suits a clean bathroom look, and OXO is a brand I trust for durable, well-built tools. At $19.97 it's a fair price for the top-rated option with a ventilated tray that prevents water pooling."
survey_toilet-brush-choice__mtjhiHE,persona/datasets/matraix-persona-1m/cohorts/cohort-162f4cf6eb0f/persona_wiki-fce0a6bfab2f.yaml,1.0,oxo_hideaway,OXO Hideaway Compact,19.97,4,hygiene,4,65+,Value-driven,North America,Upper-middle,Woman,Retirement,Dense urban,null,Retired,"I want a brush that stays out of sight and looks tidy in a small bathroom, and the OXO Hideaway's auto-opening canister and ventilated tray address both hygiene and appearance. The brand has earned my trust over the years, and at just under $20 the price is reasonable for the quality."
survey_toilet-brush-choice__muwfBjX,persona/datasets/matraix-persona-1m/cohorts/cohort-162f4cf6eb0f/persona_gss-147be543c4d4.yaml,1.0,jiga_3pack,JIGA 3-Pack,13.99,5,price,4,25-34,,North America,Lower-middle,Woman,,,,Homemaker,"With one bathroom and a family, I want good value and a spare on hand. Three stiff-bristle brushes with holders for $13.99 is the best deal here, and the simple white design fits my bathroom."
survey_toilet-brush-choice__mviXmVw,persona/datasets/matraix-persona-1m/cohorts/cohort-162f4cf6eb0f/persona_stackoverflow-557856f7631f.yaml,1.0,oxo_hideaway,OXO Hideaway Compact,19.97,4,hygiene,4,25-34,,North America,,,Early career,,,Full-time,"I want a brush that stays out of sight and doesn't pool water, and OXO's hideaway canister auto-opens on lift with a ventilated tray — exactly the hygiene and tidy-look combo I care about. It's top rated and from a brand I trust, and at ~$20 it's a reasonable price for the build quality."
survey_toilet-brush-choice__mwfLzwD,persona/datasets/matraix-persona-1m/cohorts/cohort-162f4cf6eb0f/persona_gss-fc0a095cdd38.yaml,1.0,clorox_under_rim,Clorox Corner Under-Rim,15.5,4,cleaning,4,25-34,,North America,Lower-middle,Woman,,,,Part-time,"I want something that actually cleans well without spending much, and the Clorox under-rim scrubber plus corner caddy does more than the cheap silicone ones. At $15.50 it's affordable and from a brand I trust for bathroom cleaning."
survey_toilet-brush-choice__mxRY4aK,persona/datasets/matraix-persona-1m/cohorts/cohort-162f4cf6eb0f/persona_amazon-0e21f27c958b.yaml,1.0,oxo_hideaway,OXO Hideaway Compact,19.97,4,hygiene,4,,,North America,,,,,,,"The OXO Hideaway keeps the brush completely out of sight when stored, which suits a small bathroom and looks clean. It's top-rated, reasonably priced at $19.97, and the ventilated tray addresses the hygiene issue I care about most."
survey_toilet-brush-choice__n9kT4uT,persona/datasets/matraix-persona-1m/cohorts/cohort-162f4cf6eb0f/persona_amazon-9a5913210471.yaml,1.0,clorox_under_rim,Clorox Corner Under-Rim,15.5,4,cleaning,4,,Value-driven,North America,,Man,,Rural,,Full-time,"I want a brush that actually gets under the rim, and this one has a dedicated under-rim scrubber head plus antimicrobial bristles — that's real cleaning function, not just a pretty handle. The corner caddy design saves floor space and the $15.50 price is reasonable for a name I recognize, so it wins over the silicone gimmicks and overpriced two-packs."
survey_toilet-brush-choice__nD27cmd,persona/datasets/matraix-persona-1m/cohorts/cohort-162f4cf6eb0f/persona_gss-cc94efa71998.yaml,1.0,oxo_hideaway,OXO Hideaway Compact,19.97,4,hygiene,4,65-74,,North America,Middle,Man,Retirement,,,Retired,"I want a simple, well-made set from a brand I recognize, and the hideaway canister keeps the brush out of sight which suits my wife's preference for a tidy bathroom. The ventilated tray that prevents water pooling matters to me for hygiene, and at under $20 the price is reasonable for something that will last."
survey_toilet-brush-choice__nEyEonW,persona/datasets/matraix-persona-1m/cohorts/cohort-162f4cf6eb0f/persona_stackoverflow-8f253de9e25b.yaml,1.0,oxo_hideaway,OXO Hideaway Compact,19.97,4,hygiene,4,25-34,,North America,,,Early career,,,Full-time,"I want a set that keeps the brush fully hidden in a ventilated canister so it dries without pooling water and looks tidy in a small bathroom. OXO's hideaway design, top-rated reputation, and $19.97 price hit the balance of hygiene, build quality, and value I'm looking for."
survey_toilet-brush-choice__nFV7HDZ,persona/datasets/matraix-persona-1m/cohorts/cohort-162f4cf6eb0f/persona_wiki-122825cf3176.yaml,1.0,oxo_hideaway,OXO Hideaway Compact,19.97,4,hygiene,4,65+,Value-driven,North America,Upper-middle,Woman,Mid-life,Dense urban,null,Self-employed,"The hideaway canister keeps the brush fully out of sight, which suits a small, tidy bathroom, and the ventilated tray addresses the hygiene concern I care about most. OXO's reputation for well-designed household tools gives me confidence in the build quality at a reasonable $19.97."
survey_toilet-brush-choice__nFaCpbQ,persona/datasets/matraix-persona-1m/cohorts/cohort-162f4cf6eb0f/persona_gss-41f52fdaf552.yaml,1.0,oxo_hideaway,OXO Hideaway Compact,19.97,4,hygiene,4,55-64,,North America,Low income,Man,,,,Full-time,"I want a compact set with a covered canister so the brush isn't visible and doesn't drip on the floor. The OXO auto-open design, ventilated tray, and top-rated reputation make it worth the extra few dollars over the cheapest options."
survey_toilet-brush-choice__nG3R7TV,persona/datasets/matraix-persona-1m/cohorts/cohort-162f4cf6eb0f/persona_wiki-f3d1f1c2f40f.yaml,1.0,oxo_hideaway,OXO Hideaway Compact,19.97,4,hygiene,4,45-54,,North America,,Woman,Mid-life,,,,"I want a clean, minimal look with no visible brush when stored, and OXO's hideaway canister with a ventilated tray addresses hygiene without being fiddly. At $19.97 it's reasonably priced for a top-rated, well-built set that fits a compact bathroom."
survey_toilet-brush-choice__nMK66S4,persona/datasets/matraix-persona-1m/cohorts/cohort-162f4cf6eb0f/persona_gss-e4c551bd650e.yaml,1.0,oxo_hideaway,OXO Hideaway Compact,19.97,4,hygiene,4,85+,,North America,Middle,Woman,,,,Homemaker,"At my age I want something simple and tidy that hides the brush away and doesn't take up much room in a small bathroom. OXO is a brand I trust, the auto-open canister and ventilated tray keep things dry and hygienic, and the price is reasonable for the quality."
survey_toilet-brush-choice__nNFn4cF,persona/datasets/matraix-persona-1m/cohorts/cohort-162f4cf6eb0f/persona_wiki-c4782abbe38b.yaml,1.0,oxo_hideaway,OXO Hideaway Compact,19.97,4,hygiene,4,65+,,North America,Middle,Man,Mid-life,Suburban,,Self-employed,"The OXO Hideaway's auto-opening canister keeps the brush completely out of sight, which suits a tidy suburban bathroom, and the ventilated tray prevents the standing water that breeds odor. At $19.97 it is a fair mid-range price from a brand I trust, and its compact footprint fits the space beside the toilet without clutter."
survey_toilet-brush-choice__nNyeraW,persona/datasets/matraix-persona-1m/cohorts/cohort-162f4cf6eb0f/persona_wiki-4404fe40cec6.yaml,1.0,oxo_hideaway,OXO Hideaway Compact,19.97,4,hygiene,4,65+,Indifferent,North America,High income,Woman,Retirement,Small town,,Full-time,"The OXO Hideaway's auto-opening canister and ventilated tray address the two things I care about most: the brush stays concealed and out of sight, and water doesn't pool in the base where it breeds odor and bacteria. At $19.97 from a brand with a strong reliability record, it's a sensible, well-engineered choice for a small bathroom."
survey_toilet-brush-choice__naP7DPw,persona/datasets/matraix-persona-1m/cohorts/cohort-162f4cf6eb0f/persona_gss-528fb9e0fc71.yaml,1.0,oxo_hideaway,OXO Hideaway Compact,19.97,4,hygiene,4,55-64,,North America,Lower-middle,Man,,,,Full-time,"I want a brush that stays out of sight and doesn't sit in a puddle of dirty water, and the OXO hideaway canister opens on its own and has a ventilated tray. It's a brand I've had good luck with and the price is reasonable for something that should last."
survey_toilet-brush-choice__nbvY4wX,persona/datasets/matraix-persona-1m/cohorts/cohort-162f4cf6eb0f/persona_wiki-d28510e8a2dc.yaml,1.0,oxo_hideaway,OXO Hideaway Compact,19.97,4,hygiene,4,65+,,North America,Upper-middle,Man,Retirement,Suburban,$100k-200k,Retired,"I've owned OXO Good Grips tools for years and their ergonomics are consistently excellent. The hideaway canister that opens automatically when lifted keeps the brush out of sight, and the ventilated tray solves the soggy-base problem that plagues most sets. At $19.97 it's a reasonable price for a brand with a track record and a design that actually fits a suburban bathroom without clutter."
survey_toilet-brush-choice__ndDfBCt,persona/datasets/matraix-persona-1m/cohorts/cohort-162f4cf6eb0f/persona_gss-1bc890d85e08.yaml,1.0,clorox_under_rim,Clorox Corner Under-Rim,15.5,4,price,4,45-54,,North America,Low income,Man,,,,Unemployed,"It's the cheapest option that still has a real brand name and a useful under-rim scrubber, and the corner caddy saves space. Being on a tight budget, I don't want to spend thirty dollars on a toilet brush."
survey_toilet-brush-choice__nfBygBc,persona/datasets/matraix-persona-1m/cohorts/cohort-162f4cf6eb0f/persona_gss-f4f16c70c187.yaml,1.0,jiga_3pack,JIGA 3-Pack,13.99,5,price,4,45-54,,North America,Lower-middle,Woman,Retirement,,,Retired,"I'm retired on a fixed income with three kids and grandchildren who visit often, so three brushes for one low price is the practical choice. With multiple bathrooms, having a brush for each is worth more to me than fancy features."
survey_toilet-brush-choice__ngaayhL,persona/datasets/matraix-persona-1m/cohorts/cohort-162f4cf6eb0f/persona_stackoverflow-dd6f3690b81a.yaml,1.0,oxo_hideaway,OXO Hideaway Compact,19.97,4,hygiene,4,35-44,,North America,,,Parent of young kids,,,Self-employed,"I want a compact, tidy set where the brush head is fully hidden when stored — that matters in a small bathroom and looks cleaner. OXO's auto-open canister and ventilated tray address the hygiene/water-pooling issue, and at $19.97 it's a reasonable price for a top-rated, well-reviewed design from a brand I trust."
survey_toilet-brush-choice__nrfQASi,persona/datasets/matraix-persona-1m/cohorts/cohort-162f4cf6eb0f/persona_gss-b70b3cd5b81d.yaml,1.0,clorox_under_rim,Clorox Corner Under-Rim,15.5,4,brand,4,45-54,,North America,Middle,Woman,,,,Full-time,"I trust the Clorox brand name and it's a reasonable price at $15.50. The corner caddy and under-rim scrubber are practical features that would help me keep the bathroom clean, and the white and gray look fits my bathroom."
survey_toilet-brush-choice__nteawMD,persona/datasets/matraix-persona-1m/cohorts/cohort-162f4cf6eb0f/persona_wiki-8a68d61ff7d7.yaml,1.0,oxo_hideaway,OXO Hideaway Compact,19.97,4,hygiene,4,65+,,North America,Upper-middle,Man,Retirement,Suburban,null,Retired,"I want a clean, minimal look and the OXO brand has a strong reputation for well-designed, durable household tools. The hideaway canister keeps the brush out of sight and the ventilated tray prevents standing water, which matters to me for hygiene. At $19.97 it's a reasonable price for the quality."
survey_toilet-brush-choice__nubeH7Q,persona/datasets/matraix-persona-1m/cohorts/cohort-162f4cf6eb0f/persona_amazon-61c1d8f1deab.yaml,1.0,oxo_hideaway,OXO Hideaway Compact,19.97,4,hygiene,4,,,North America,,,,,,Full-time,"The OXO Hideaway is the most practical pick for a bathroom I actually maintain: the canister hides the brush head when stored, which keeps the look clean, and the auto-open lid with ventilated tray means less standing water and odor. It's a well-known brand with a strong reputation for durable, well-designed household tools, and at $19.97 it's a reasonable mid-range price for that reliability."
survey_toilet-brush-choice__nxo5mU6,persona/datasets/matraix-persona-1m/cohorts/cohort-162f4cf6eb0f/persona_wiki-e298b1af99cd.yaml,1.0,oxo_hideaway,OXO Hideaway Compact,19.97,4,hygiene,4,65+,Value-driven,North America,High income,Woman,Mid-life,Dense urban,$100k-200k,Self-employed,"I want a discreet, well-engineered set that keeps the brush out of sight and the tray dry, and OXO's hideaway canister with ventilated tray does exactly that. The brand's reputation for durable, thoughtfully designed tools justifies the modest price, and the compact footprint suits my bathroom."
survey_toilet-brush-choice__nzc4RtM,persona/datasets/matraix-persona-1m/cohorts/cohort-162f4cf6eb0f/persona_wiki-c74acc581280.yaml,1.0,oxo_hideaway,OXO Hideaway Compact,19.97,4,hygiene,5,25-34,,North America,,Man,Early career,,,,"I want a compact, well-built set that keeps the brush hidden and doesn't pool water, and OXO's hideaway canister with a ventilated tray fits that perfectly. It's the top-rated option and the ~$20 price is reasonable for something I'll use daily and want to last."
survey_toilet-brush-choice__o2opqg9,persona/datasets/matraix-persona-1m/cohorts/cohort-162f4cf6eb0f/persona_wiki-40c38eb760aa.yaml,1.0,oxo_hideaway,OXO Hideaway Compact,19.97,5,hygiene,4,65+,Value-driven,North America,High income,Woman,Retirement,Dense urban,null,Retired,"The OXO Hideaway's auto-opening canister keeps the brush fully concealed and its ventilated tray prevents standing water, which matters most to me for hygiene in a small bathroom. OXO's design reputation and its No.1 top-rated status justify the modest premium over the budget silicone options."
survey_toilet-brush-choice__oCPARnW,persona/datasets/matraix-persona-1m/cohorts/cohort-162f4cf6eb0f/persona_wiki-b9a59475e5bf.yaml,1.0,oxo_hideaway,OXO Hideaway Compact,19.97,4,hygiene,5,65+,Value-driven,North America,Middle,Woman,Retirement,Dense urban,null,Self-employed,"I want a set that looks tidy and doesn't show a dripping brush, and the OXO Hideaway's auto-opening canister and ventilated tray solve exactly that. It's from a brand I trust for kitchen and bath tools, and at $19.97 the price is reasonable for something that will sit out in my bathroom every day."
survey_toilet-brush-choice__oPX3sxk,persona/datasets/matraix-persona-1m/cohorts/cohort-162f4cf6eb0f/persona_gss-b7325ea270f0.yaml,1.0,oxo_hideaway,OXO Hideaway Compact,19.97,4,hygiene,4,18-24,,North America,Lower-middle,Woman,,,,Homemaker,"I have a small bathroom and a toddler, so a compact set that hides the brush away and keeps things tidy matters to me. OXO is a brand I trust and it's top rated, and at under $20 it's a reasonable price for something that will last."
survey_toilet-brush-choice__oQvJsJG,persona/datasets/matraix-persona-1m/cohorts/cohort-162f4cf6eb0f/persona_gss-f71e9597e70d.yaml,1.0,oxo_hideaway,OXO Hideaway Compact,19.97,4,hygiene,4,25-34,,North America,Middle,Man,Student,,,Student,"I want a clean, tidy look in my bathroom and the OXO Hideaway's canister hides the brush completely when stored, which keeps things looking neat. The ventilated tray that prevents water pooling matters to me for hygiene, and OXO is a brand I trust for solid build quality at a fair price."
survey_toilet-brush-choice__oTcwprr,persona/datasets/matraix-persona-1m/cohorts/cohort-162f4cf6eb0f/persona_amazon-d8fe1542a602.yaml,1.0,oxo_hideaway,OXO Hideaway Compact,19.97,4,hygiene,4,,,North America,,Woman,,Suburban,,,"I want a clean, minimal look in my bathroom, and the OXO's hideaway canister means I never have to look at a dirty brush. It's from a brand I trust, it's the top-rated option, and the ventilated tray addresses the hygiene issue that matters most to me."
survey_toilet-brush-choice__okdwyiq,persona/datasets/matraix-persona-1m/cohorts/cohort-162f4cf6eb0f/persona_gss-f5dc05b1f2af.yaml,1.0,jiga_3pack,JIGA 3-Pack,13.99,5,price,4,75-84,,North America,Middle,Woman,,,,Homemaker,"I am a widow on a fixed income, so value matters greatly to me. Getting three sturdy white brush sets with caddy storage for $13.99 is practical, and I can keep one in my bathroom and have spares for the other bathrooms and for when family visits. The simple white design suits my traditional home and the price is one I can afford without worry."
survey_toilet-brush-choice__ooZkNLV,persona/datasets/matraix-persona-1m/cohorts/cohort-162f4cf6eb0f/persona_gss-2a1bc3b464b9.yaml,1.0,oxo_hideaway,OXO Hideaway Compact,19.97,4,hygiene,4,35-44,,North America,Middle,Woman,,,,Full-time,"OXO is a brand I trust for household basics, and the hideaway canister keeps the brush out of sight which suits my traditional, tidy bathroom. The ventilated tray and compact footprint make it practical for our family bathroom, and the price is reasonable."
survey_toilet-brush-choice__otHU7z6,persona/datasets/matraix-persona-1m/cohorts/cohort-162f4cf6eb0f/persona_gss-4d4f092555a1.yaml,1.0,oxo_hideaway,OXO Hideaway Compact,19.97,4,hygiene,4,55-64,,North America,Middle,Man,,,,Full-time,"I want a brush that stays out of sight and doesn't leave a wet, smelly puddle in the holder. The OXO Hideaway's auto-open canister and ventilated tray solve that, and it's top rated at a fair $19.97."
survey_toilet-brush-choice__owpsDbx,persona/datasets/matraix-persona-1m/cohorts/cohort-162f4cf6eb0f/persona_amazon-80f625e5d18b.yaml,1.0,oxo_hideaway,OXO Hideaway Compact,19.97,4,hygiene,4,65+,,North America,,,Mid-life,,,,"I'm in my 60s and value a tidy, no-fuss bathroom, so the OXO's hideaway canister that opens automatically and keeps the brush out of sight appeals to me. It's a trusted brand, top rated, and the ventilated tray means less standing water and mess, which matters for hygiene and stability."
survey_toilet-brush-choice__oyyDWyx,persona/datasets/matraix-persona-1m/cohorts/cohort-162f4cf6eb0f/persona_gss-c306c67a2a62.yaml,1.0,jiga_3pack,JIGA 3-Pack,13.99,5,price,4,18-24,,North America,Lower-middle,Woman,Student,,,Student,"I'm a student on a tight budget, so getting three complete brush-and-holder sets for $13.99 is unbeatable value — I can keep one in my bathroom and have spares for the other bathroom and for when one wears out. Stiff nylon bristles and non-slip handles cover the basics well, and white matches any bathroom."
survey_toilet-brush-choice__oz3bRMx,persona/datasets/matraix-persona-1m/cohorts/cohort-162f4cf6eb0f/persona_wiki-56b3f509b9ec.yaml,1.0,oxo_hideaway,OXO Hideaway Compact,19.97,4,hygiene,4,65+,Value-driven,North America,High income,Woman,Mid-life,Dense urban,$200k+,Self-employed,"I am buying for a small, well-kept bathroom and I want the brush out of sight without fuss. The OXO Hideaway's canister opens automatically when lifted and its ventilated tray prevents water pooling, which is exactly the hygiene and tidiness I care about. It is a trusted, top-rated brand at a sensible price, and the compact footprint suits my space."
survey_toilet-brush-choice__p7gyhNP,persona/datasets/matraix-persona-1m/cohorts/cohort-162f4cf6eb0f/persona_gss-8073d1eccda6.yaml,1.0,jiga_3pack,JIGA 3-Pack,13.99,5,price,4,45-54,,North America,Lower-middle,Woman,,,,Part-time,"With three bathrooms to keep clean, a three-pack for $13.99 is the best value on the shelf and means I don't have to buy another brush for a long while. The stiff nylon bristles and non-slip handles are exactly what I need for everyday scrubbing, and I don't care about fancy finishes."
survey_toilet-brush-choice__p8ZtVxr,persona/datasets/matraix-persona-1m/cohorts/cohort-162f4cf6eb0f/persona_gss-385ca5af82ff.yaml,1.0,jiga_3pack,JIGA 3-Pack,13.99,5,price,4,35-44,,North America,Lower-middle,Man,,,,Unemployed,"Money is tight right now, so getting three complete brush-and-holder sets for $13.99 is the best value on the shelf. I can put one in each bathroom and keep a spare, and stiff nylon bristles are what I'm used to for actually scrubbing."
survey_toilet-brush-choice__p9UZasA,persona/datasets/matraix-persona-1m/cohorts/cohort-162f4cf6eb0f/persona_wiki-ea2b48559b20.yaml,1.0,oxo_hideaway,OXO Hideaway Compact,19.97,4,hygiene,4,65+,,North America,Upper-middle,Woman,Retirement,Dense urban,null,Retired,"At this stage of life I want a bathroom that looks tidy and functions without fuss, and the OXO Hideaway's canister conceals the brush entirely while opening automatically when lifted. OXO is a brand I trust for well-engineered household tools, and the ventilated tray that prevents water pooling addresses the hygiene concern that matters most to me. The $19.97 price is reasonable for a durable, top-rated product from a reputable manufacturer."
survey_toilet-brush-choice__pF63UUA,persona/datasets/matraix-persona-1m/cohorts/cohort-162f4cf6eb0f/persona_gss-c8408312b21b.yaml,1.0,oxo_hideaway,OXO Hideaway Compact,19.97,4,hygiene,4,18-24,,North America,Lower-middle,Woman,,,,Full-time,"I want a brush that stays out of sight and looks tidy in a small bathroom, and the hideaway canister keeps things neat while the ventilated tray helps it dry out. OXO is a brand I trust and the top-rated status plus reasonable $19.97 price makes it feel like a safe, practical buy."
survey_toilet-brush-choice__pMLnQbd,persona/datasets/matraix-persona-1m/cohorts/cohort-162f4cf6eb0f/persona_gss-f1cbd89b95e0.yaml,1.0,clorox_under_rim,Clorox Corner Under-Rim,15.5,5,cleaning,4,25-34,,North America,Low income,Woman,,,,Full-time,"I have two kids and a busy household, so I need a brush that actually cleans well without spending much. The Clorox set is a trusted brand name I recognize, and at $15.50 it's affordable while the under-rim scrubber and corner caddy make it practical for our small bathroom."
survey_toilet-brush-choice__pRdVHdW,persona/datasets/matraix-persona-1m/cohorts/cohort-162f4cf6eb0f/persona_gss-87be13c58208.yaml,1.0,jiga_3pack,JIGA 3-Pack,13.99,5,price,4,45-54,,North America,Lower-middle,Woman,,,,Part-time,"With three kids and three bathrooms to keep clean, a 3-pack for $13.99 gives me a brush for each bathroom at a price that fits our tight budget. Stiff nylon bristles and covered caddy bases are simple and practical, and I don't have to keep re-buying."
survey_toilet-brush-choice__pSYUha4,persona/datasets/matraix-persona-1m/cohorts/cohort-162f4cf6eb0f/persona_gss-697245e594c0.yaml,1.0,clorox_under_rim,Clorox Corner Under-Rim,15.5,4,cleaning,4,25-34,,North America,Lower-middle,Man,,,,Full-time,"I want a brush that actually scrubs under the rim, and the Clorox set has a dedicated under-rim scrubber plus antibacterial bristles. It's a trusted brand at a fair price, and the corner caddy keeps things tidy in a small bathroom."
survey_toilet-brush-choice__pTKo3tA,persona/datasets/matraix-persona-1m/cohorts/cohort-162f4cf6eb0f/persona_wiki-b105256c1894.yaml,1.0,oxo_hideaway,OXO Hideaway Compact,19.97,4,hygiene,4,65+,Value-driven,North America,High income,Man,Retirement,Small town,$200k+,Full-time,"I want a set that keeps the brush fully concealed when stored, since visible brushes and pooled water are both unappealing in a guest bathroom. The OXO's automatic-opening canister and ventilated tray solve both problems, and the brand's reputation for durable, well-designed household goods justifies the modest price premium over the cheapest silicone sets."
survey_toilet-brush-choice__pX7vGGE,persona/datasets/matraix-persona-1m/cohorts/cohort-162f4cf6eb0f/persona_wiki-463b0c5c0725.yaml,1.0,oxo_hideaway,OXO Hideaway Compact,19.97,5,hygiene,4,65+,Indifferent,North America,High income,Man,Retirement,Small town,$200k+,Retired,"I value order and a tidy, uncluttered bathroom, so the hideaway canister that conceals the brush entirely appeals to me. OXO is a reputable brand, and its ventilated tray and compact footprint suit my needs without gimmicks."
survey_toilet-brush-choice__pcTMbRN,persona/datasets/matraix-persona-1m/cohorts/cohort-162f4cf6eb0f/persona_gss-e6503692cdd9.yaml,1.0,oxo_hideaway,OXO Hideaway Compact,19.97,4,hygiene,4,25-34,,North America,Low income,Woman,,,,Homemaker,"I'm a homemaker on a tight budget, so I want something that lasts and looks tidy in a small bathroom. The OXO Hideaway is top rated, hides the brush completely so it looks clean, and the ventilated tray keeps it from getting gross — worth the $19.97 to me."
survey_toilet-brush-choice__ph3SXSF,persona/datasets/matraix-persona-1m/cohorts/cohort-162f4cf6eb0f/persona_wiki-bb1a9b04974a.yaml,1.0,oxo_hideaway,OXO Hideaway Compact,19.97,4,hygiene,3,65+,Indifferent,North America,Lower-middle,Woman,Mid-life,Rural,,,"I live alone and keep a small, tidy bathroom, so the hideaway canister that conceals the brush and opens automatically appeals to me. OXO's reputation for well-made, thoughtfully designed household tools matters more to me than saving a few dollars, and the ventilated tray helps keep things dry and hygienic."
survey_toilet-brush-choice__piwik7s,persona/datasets/matraix-persona-1m/cohorts/cohort-162f4cf6eb0f/persona_wiki-7db0cdc66a8b.yaml,1.0,oxo_hideaway,OXO Hideaway Compact,19.97,4,hygiene,4,65+,Indifferent,North America,Middle,Man,Retirement,Suburban,null,Retired,"The OXO Hideaway's auto-opening canister keeps the brush fully concealed when stored, which suits a tidy, low-clutter bathroom, and its ventilated tray addresses the water-pooling and hygiene problem that plagues most holders. OXO's reputation for durable, well-engineered household tools and its top-rated status make the $19.97 price easy to justify over cheaper sets with flimsier mechanisms."
survey_toilet-brush-choice__pjfUSEd,persona/datasets/matraix-persona-1m/cohorts/cohort-162f4cf6eb0f/persona_gss-2c6e50adefb6.yaml,1.0,clorox_under_rim,Clorox Corner Under-Rim,15.5,4,cleaning,4,45-54,,North America,Lower-middle,Man,,,,Full-time,"I want something that actually cleans well without spending much, and the dedicated under-rim scrubber plus corner caddy covers the spots that are usually hardest to reach. Clorox is a brand I recognize and trust, and $15.50 fits my budget."
survey_toilet-brush-choice__pjmPYZW,persona/datasets/matraix-persona-1m/cohorts/cohort-162f4cf6eb0f/persona_gss-3b338e4f3e0c.yaml,1.0,jiga_3pack,JIGA 3-Pack,13.99,5,price,4,65-74,,North America,Middle,Woman,,,,Homemaker,"With a large household and three bathrooms to keep clean, the JIGA 3-pack gives me a brush for each bathroom at a very reasonable price. The stiff nylon bristles and covered caddy bases are exactly what I want for everyday scrubbing, and white matches my bathroom fixtures."
survey_toilet-brush-choice__pmaBHrp,persona/datasets/matraix-persona-1m/cohorts/cohort-162f4cf6eb0f/persona_wiki-112c3b1253e8.yaml,1.0,oxo_hideaway,OXO Hideaway Compact,19.97,4,hygiene,5,,Value-driven,North America,High income,Man,Mid-life,,,Self-employed,"I want a clean, minimal, covered set that hides the brush and keeps water from pooling, and OXO's reputation for durable, well-designed household tools gives me confidence in build quality. At $19.97 it's a reasonable price for a set I'll use daily for years, and the compact footprint suits a standard bathroom."
survey_toilet-brush-choice__pwCHZuB,persona/datasets/matraix-persona-1m/cohorts/cohort-162f4cf6eb0f/persona_wiki-02e0e5d2af0a.yaml,1.0,oxo_hideaway,OXO Hideaway Compact,19.97,5,hygiene,5,65+,Value-driven,North America,Upper-middle,Man,Mid-life,Small town,$100k-200k,Full-time,"I want a set that keeps the brush out of sight and does not leave a puddle of standing water in the holder, and OXO's hideaway canister with a ventilated tray does exactly that. The brand has a solid reputation for durable, well-designed household tools, and at $19.97 the price is reasonable for something I will use daily for years."
survey_toilet-brush-choice__pwH8C3L,persona/datasets/matraix-persona-1m/cohorts/cohort-162f4cf6eb0f/persona_wiki-9e0077756fde.yaml,1.0,oxo_hideaway,OXO Hideaway Compact,19.97,4,hygiene,4,65+,,North America,High income,Man,Mid-life,Small town,null,Retired,"I want a clean, unobtrusive look in my bathroom and a holder that does not pool stagnant water, and OXO's hideaway canister with a ventilated tray addresses both while carrying a strong reputation for durable, well-designed household goods. At $19.97 it is reasonably priced for the quality, and its compact footprint suits a small bathroom."
survey_toilet-brush-choice__pz6RRb9,persona/datasets/matraix-persona-1m/cohorts/cohort-162f4cf6eb0f/persona_stackoverflow-d037e51679c6.yaml,1.0,oxo_hideaway,OXO Hideaway Compact,19.97,4,hygiene,4,55-64,,North America,,,,,$100k-200k,Full-time,"I want a compact, tidy set that hides the brush when stored so the bathroom looks clean, and OXO's build quality and top-rated reputation give me confidence it will hold up. The auto-open canister and ventilated tray address the hygiene and water-pooling issues that bother me most, and at $19.97 the price is reasonable for a durable, well-designed product."
survey_toilet-brush-choice__pz99uTj,persona/datasets/matraix-persona-1m/cohorts/cohort-162f4cf6eb0f/persona_gss-8293c59453a4.yaml,1.0,jiga_3pack,JIGA 3-Pack,13.99,5,price,4,65-74,,North America,Middle,Man,Retirement,,,Retired,"I'm a widower on a fixed retirement income, so getting three brushes for the price of one is sensible value. The plain white design matches my bathroom, and having spares on hand means I won't need to shop again for years."
survey_toilet-brush-choice__pzBszjK,persona/datasets/matraix-persona-1m/cohorts/cohort-162f4cf6eb0f/persona_amazon-ae9e5c4d404f.yaml,1.0,oxo_hideaway,OXO Hideaway Compact,19.97,4,hygiene,4,,,North America,,Woman,,,,Full-time,"I want something compact and tidy for a small bathroom, and the hideaway canister that opens automatically when lifted plus the ventilated tray keeps things clean and out of sight. OXO is a brand I trust and the $19.97 price is reasonable for the quality."
survey_toilet-brush-choice__pzos9W9,persona/datasets/matraix-persona-1m/cohorts/cohort-162f4cf6eb0f/persona_gss-a5b9d36ba690.yaml,1.0,clorox_under_rim,Clorox Corner Under-Rim,15.5,4,cleaning,4,55-64,,North America,Lower-middle,Man,,,,Part-time,"Clorox is a brand I trust for bathroom cleaning, and the under-rim scrubber head actually gets at the hard-to-reach spots where buildup happens. At $15.50 it's a fair price for a practical set that stores neatly in the corner."
survey_toilet-brush-choice__qAPiWe2,persona/datasets/matraix-persona-1m/cohorts/cohort-162f4cf6eb0f/persona_wiki-baa1be2d9359.yaml,1.0,oxo_hideaway,OXO Hideaway Compact,19.97,4,hygiene,4,65+,,North America,Upper-middle,Man,Mid-life,Small town,null,Retired,"I want a brush that stays out of sight and doesn't leave a puddle of standing water in the holder — the auto-opening hideaway canister and ventilated tray solve both, and OXO's reputation for durable, well-engineered household goods is worth the modest premium. It's compact enough for a small bathroom and the top-rated status gives me confidence in the build quality."
survey_toilet-brush-choice__qBcRFNg,persona/datasets/matraix-persona-1m/cohorts/cohort-162f4cf6eb0f/persona_gss-83f9a23fa4e8.yaml,1.0,jiga_3pack,JIGA 3-Pack,13.99,5,price,4,65-74,,North America,Lower-middle,Woman,,,,Part-time,"I have three bathrooms and I'm on a tight budget, so getting three complete brush and holder sets for $13.99 is unbeatable value. The stiff nylon bristles and simple white design will do the job fine, and having spares means I don't have to shop again for a long time."
survey_toilet-brush-choice__qBdep2e,persona/datasets/matraix-persona-1m/cohorts/cohort-162f4cf6eb0f/persona_gss-adca26f94e44.yaml,1.0,oxo_hideaway,OXO Hideaway Compact,19.97,4,hygiene,4,65-74,,North America,Middle,Man,,,,Full-time,"I want a brush that stays hidden and looks tidy in the bathroom, and OXO is a brand I trust for everyday household items. The auto-open canister and ventilated tray keep things cleaner, and at $19.97 the price is reasonable for the quality."
survey_toilet-brush-choice__qDxU9Jp,persona/datasets/matraix-persona-1m/cohorts/cohort-162f4cf6eb0f/persona_amazon-0e64cf1007da.yaml,1.0,oxo_hideaway,OXO Hideaway Compact,19.97,4,hygiene,4,55-64,,North America,,,,Suburban,,Retired,"I've had good luck with OXO products over the years — they're sturdy and well-designed. The hideaway canister keeps the brush out of sight, which I like for a guest bathroom, and the ventilated tray means it won't sit in a puddle of water. At just under twenty dollars, it's a fair price for something that's top rated and will last."
survey_toilet-brush-choice__qKDpkch,persona/datasets/matraix-persona-1m/cohorts/cohort-162f4cf6eb0f/persona_gss-c717b73516dc.yaml,1.0,oxo_hideaway,OXO Hideaway Compact,19.97,4,hygiene,4,55-64,,North America,Middle,Man,,,,Full-time,"I want something simple and tidy that doesn't show the brush sitting out, and OXO is a brand I've had good luck with in the kitchen. The hideaway canister and ventilated tray make sense for keeping things dry and out of sight, and the price is reasonable."
survey_toilet-brush-choice__qML3Cp2,persona/datasets/matraix-persona-1m/cohorts/cohort-162f4cf6eb0f/persona_stackoverflow-7749c4ecf01b.yaml,1.0,oxo_hideaway,OXO Hideaway Compact,19.97,4,hygiene,4,25-34,,North America,,,Early career,,,Full-time,"I want a brush that stays out of sight and doesn't leave a puddle in the holder, and the OXO Hideaway's auto-open canister with a ventilated tray solves both while keeping a small footprint. OXO's reputation for durable, well-designed tools plus its top-rated status gives me confidence it will hold up, and $19.97 is reasonable for a buy-once item."
survey_toilet-brush-choice__qPTzQcs,persona/datasets/matraix-persona-1m/cohorts/cohort-162f4cf6eb0f/persona_gss-067ee27bb9db.yaml,1.0,oxo_hideaway,OXO Hideaway Compact,19.97,4,hygiene,4,18-24,,North America,,Woman,,,,Full-time,"I want something compact and tidy that hides the brush away, and OXO's hideaway canister opens automatically when you lift the brush, which keeps things clean and out of sight. It's top rated, reasonably priced at $19.97, and the ventilated tray prevents water pooling, which matters for hygiene in a small bathroom."
survey_toilet-brush-choice__qRCoXhW,persona/datasets/matraix-persona-1m/cohorts/cohort-162f4cf6eb0f/persona_wiki-4ac4c8e19a3e.yaml,1.0,oxo_hideaway,OXO Hideaway Compact,19.97,4,hygiene,4,,,North America,,,,,,,"I want a compact, minimal set that keeps the brush fully hidden when stored, and OXO's auto-open canister with a ventilated tray solves the dripping-water problem cleanly. It's top rated, from a brand I trust, and at $19.97 the price is reasonable for the build quality and small-bathroom footprint."
survey_toilet-brush-choice__qbFfJ43,persona/datasets/matraix-persona-1m/cohorts/cohort-162f4cf6eb0f/persona_wiki-838b4a4795fc.yaml,1.0,clorox_under_rim,Clorox Corner Under-Rim,15.5,4,cleaning,4,,Indifferent,North America,Middle,Man,Early career,Small town,,Self-employed,"The corner caddy shape fits neatly in a small bathroom, and the dedicated under-rim scrubber head is the feature I actually care about for real cleaning performance. Clorox is a brand I trust, and at $15.50 it is a fair price for the utility."
survey_toilet-brush-choice__qi7JsUG,persona/datasets/matraix-persona-1m/cohorts/cohort-162f4cf6eb0f/persona_wiki-95c269158c73.yaml,1.0,oxo_hideaway,OXO Hideaway Compact,19.97,4,hygiene,4,65+,Indifferent,North America,Lower-middle,Woman,Retirement,Small town,null,Retired,"I keep a small, tidy bathroom and value durability and thoughtful design over a low price. The OXO Hideaway's auto-opening canister keeps the brush out of sight and its ventilated tray stops water from pooling, which suits my standards for cleanliness and order. A trusted, top-rated brand at a fair mid-range price makes it the set I would actually bring home."
survey_toilet-brush-choice__qkDpvmL,persona/datasets/matraix-persona-1m/cohorts/cohort-162f4cf6eb0f/persona_gss-79c9fe1998bf.yaml,1.0,jiga_3pack,JIGA 3-Pack,13.99,5,price,4,55-64,,North America,Lower-middle,Man,Retirement,,,Retired,"I have three bathrooms to keep up with, so a 3-pack at $13.99 gives me a set for each one without spending much. The stiff nylon bristles and covered caddy are what I'm used to, and the price fits a retired budget."
survey_toilet-brush-choice__qmGtpAo,persona/datasets/matraix-persona-1m/cohorts/cohort-162f4cf6eb0f/persona_stackoverflow-4a09abb4030c.yaml,1.0,oxo_hideaway,OXO Hideaway Compact,19.97,4,hygiene,4,25-34,,North America,,,Early career,,,Full-time,"I want a compact, minimal set that hides the brush entirely so it doesn't look unsightly in a small bathroom, and the auto-open canister plus ventilated tray solves the pooling-water hygiene problem I care about. OXO's reputation and its No.1 Top Rated status give me confidence in build quality at a reasonable $19.97."
survey_toilet-brush-choice__qmqX2jJ,persona/datasets/matraix-persona-1m/cohorts/cohort-162f4cf6eb0f/persona_stackoverflow-57781143e94c.yaml,1.0,oxo_hideaway,OXO Hideaway Compact,19.97,4,hygiene,4,55-64,,North America,,,,,,Full-time,"The OXO Hideaway's auto-open canister and ventilated tray are exactly the hygiene features I care about, and the brush stays fully hidden when stored so it looks clean and minimal in the bathroom. At $19.97 it's a fair mid-range price from a brand with a solid reputation for durable, well-designed tools."
survey_toilet-brush-choice__qpHyuGM,persona/datasets/matraix-persona-1m/cohorts/cohort-162f4cf6eb0f/persona_wiki-4ecb078e953f.yaml,1.0,oxo_hideaway,OXO Hideaway Compact,19.97,5,hygiene,4,65+,Premium-seeking,North America,High income,Man,Mid-life,Rural,$200k+,Retired,"I want a discreet, well-engineered set that keeps the brush out of sight and the holder dry, and OXO's reputation for durable, thoughtfully designed housewares gives me confidence in the build. The auto-open canister and ventilated tray address the hygiene concern directly, and at $19.97 the price is immaterial to me — I would rather pay a bit more for a product that lasts and looks tidy than chase the cheapest option."
survey_toilet-brush-choice__qrmkjZp,persona/datasets/matraix-persona-1m/cohorts/cohort-162f4cf6eb0f/persona_gss-e89f7e0d01ff.yaml,1.0,oxo_hideaway,OXO Hideaway Compact,19.97,4,hygiene,4,75-84,,North America,Upper-middle,Woman,Retirement,,,Retired,"I trust OXO's Good Grips line from decades of reliable kitchen tools, and the auto-open hideaway canister keeps the brush out of sight and the ventilated tray prevents water pooling — a hygiene feature I care about. At $19.97 it's a reasonable mid-range price for a top-rated, compact design that suits my bathroom."
survey_toilet-brush-choice__qx3ELKA,persona/datasets/matraix-persona-1m/cohorts/cohort-162f4cf6eb0f/persona_gss-79e9d2ab9bad.yaml,1.0,clorox_under_rim,Clorox Corner Under-Rim,15.5,5,cleaning,4,65-74,,North America,Lower-middle,Woman,Retirement,,,Retired,"I want a dependable, familiar brand at a fair price, and the under-rim scrubber and corner caddy suit my small bathroom well. The antibacterial bristles and non-slip grip matter to me at my age, since I need something easy to hold and keep clean."
survey_toilet-brush-choice__qzwWmpv,persona/datasets/matraix-persona-1m/cohorts/cohort-162f4cf6eb0f/persona_wiki-c26d6ce158d8.yaml,1.0,oxo_hideaway,OXO Hideaway Compact,19.97,4,hygiene,5,,Indifferent,North America,,Man,Mid-life,,,Full-time,"I want a brush that stays out of sight and holds up to daily use, and OXO's hideaway canister with its ventilated tray and firm nylon bristles does exactly that. The brand has never let me down on build quality, and at $19.97 it's a fair price for something I'll use every week."
survey_toilet-brush-choice__r4bWXVB,persona/datasets/matraix-persona-1m/cohorts/cohort-162f4cf6eb0f/persona_wiki-189c4f32d4cc.yaml,1.0,oxo_hideaway,OXO Hideaway Compact,19.97,4,hygiene,4,45-54,Value-driven,North America,Upper-middle,Man,Mid-life,Small town,$100k-200k,Full-time,"The OXO Hideaway is top-rated and its auto-open canister keeps the brush fully hidden when stored, which suits a tidy, guest-visible bathroom. At $19.97 it's a reasonable mid-range price for a durable, well-reviewed brand I trust, and the ventilated tray prevents the water pooling and odor issues common with cheap holders."
survey_toilet-brush-choice__r8NqUA6,persona/datasets/matraix-persona-1m/cohorts/cohort-162f4cf6eb0f/persona_wiki-96f28fcfd60b.yaml,1.0,clorox_under_rim,Clorox Corner Under-Rim,15.5,5,cleaning,4,55-64,Value-driven,North America,Lower-middle,Woman,Mid-life,Small town,<$25k,Self-employed,"I want a brush that actually reaches the under-rim area where buildup hides, and the dedicated under-rim scrubber head does that. The corner caddy saves space in a small bathroom, the antimicrobial bristles suit my hygiene standards, and at $15.50 it is a sensible price for a brand I recognize."
survey_toilet-brush-choice__rCVPryL,persona/datasets/matraix-persona-1m/cohorts/cohort-162f4cf6eb0f/persona_amazon-bfa78fa7d0c1.yaml,1.0,oxo_hideaway,OXO Hideaway Compact,19.97,4,hygiene,4,55-64,,North America,,,Mid-life,,,,"I trust OXO as a brand and the hideaway canister is the cleanest look for a small bathroom — nothing visible when stored. The ventilated tray that keeps water from pooling matters to me for hygiene, and at $19.97 the price is fair for a top-rated, well-built set."
survey_toilet-brush-choice__rPmskX6,persona/datasets/matraix-persona-1m/cohorts/cohort-162f4cf6eb0f/persona_wiki-6ef77829f6bb.yaml,1.0,oxo_hideaway,OXO Hideaway Compact,19.97,4,design,4,65+,Value-driven,North America,Middle,Man,Retirement,Suburban,null,Self-employed,"I value a clean, uncluttered bathroom, and the OXO Hideaway's slim canister conceals the brush entirely, which suits my aesthetic standards. As a long-time practitioner of design, I trust OXO's reputation for thoughtful, well-engineered products, and the ventilated tray that prevents water pooling addresses hygiene without gimmicks. At $19.97 it is a reasonable price for a durable, top-rated set that will simply work."
survey_toilet-brush-choice__rSAmaiD,persona/datasets/matraix-persona-1m/cohorts/cohort-162f4cf6eb0f/persona_gss-7e09866c2da2.yaml,1.0,jiga_3pack,JIGA 3-Pack,13.99,5,price,4,65-74,,North America,Low income,Woman,Retirement,,,Retired,"With three bathrooms in my home and a fixed retirement budget, getting three brushes for $13.99 is the sensible choice. The stiff nylon bristles and covered caddy bases are simple and practical, and white matches everything."
survey_toilet-brush-choice__rSxKD5x,persona/datasets/matraix-persona-1m/cohorts/cohort-162f4cf6eb0f/persona_stackoverflow-b9d58acc2684.yaml,1.0,oxo_hideaway,OXO Hideaway Compact,19.97,4,hygiene,4,18-24,,North America,,,Student,,,Student,"The OXO Hideaway's auto-open canister hides the brush entirely, which keeps my small bathroom looking tidy, and the ventilated tray stops water from pooling in the base. It's mid-priced but OXO is a brand I trust for durable everyday tools, and the compact footprint suits a tight space."
survey_toilet-brush-choice__rV73FEJ,persona/datasets/matraix-persona-1m/cohorts/cohort-162f4cf6eb0f/persona_wiki-9db4558a1719.yaml,1.0,oxo_hideaway,OXO Hideaway Compact,19.97,4,hygiene,4,85+,Indifferent,North America,Lower-middle,Man,Retirement,Suburban,null,Full-time,"I'm 85 with a chronic condition and a big household, so I want something simple, hygienic, and dependable rather than gimmicky. The OXO Hideaway's auto-opening canister keeps the brush out of sight and the ventilated tray stops water pooling, and OXO is a brand I've trusted for years of household tools. At $19.97 it sits comfortably in the middle of this shelf."
survey_toilet-brush-choice__rV8BdVF,persona/datasets/matraix-persona-1m/cohorts/cohort-162f4cf6eb0f/persona_wiki-121cf2427268.yaml,1.0,oxo_hideaway,OXO Hideaway Compact,19.97,4,hygiene,4,65+,,North America,Middle,Man,Retirement,Small town,null,Retired,"I want a brush that stays out of sight and doesn't leave a puddle of standing water in the holder, and the OXO Hideaway's auto-open canister and ventilated tray solve both. OXO is a brand I trust for well-built household tools, and at $19.97 the price is reasonable for something I'll use daily for years."
survey_toilet-brush-choice__rWTEbfi,persona/datasets/matraix-persona-1m/cohorts/cohort-162f4cf6eb0f/persona_wiki-4cf0c6c34478.yaml,1.0,oxo_hideaway,OXO Hideaway Compact,19.97,4,hygiene,4,65+,,North America,,Man,Retirement,,,,"The OXO Hideaway's auto-open canister and ventilated tray keep things tidy and dry, which matters to me for hygiene. It's compact, from a brand I trust, and at $19.97 the price is reasonable for the quality."
survey_toilet-brush-choice__rbZhtGX,persona/datasets/matraix-persona-1m/cohorts/cohort-162f4cf6eb0f/persona_gss-48356899068e.yaml,1.0,jiga_3pack,JIGA 3-Pack,13.99,5,price,4,35-44,,North America,Lower-middle,Woman,,,,Full-time,"With two kids and a tight budget, getting three brushes for $13.99 means I can have one for each bathroom and a spare without spending much. Stiff nylon bristles and covered caddies are all I really need for everyday cleaning."
survey_toilet-brush-choice__rfSdgBg,persona/datasets/matraix-persona-1m/cohorts/cohort-162f4cf6eb0f/persona_gss-91fc15b9b8aa.yaml,1.0,oxo_hideaway,OXO Hideaway Compact,19.97,4,hygiene,4,25-34,,North America,Middle,Man,,,,Full-time,"I want a clean, minimal look where the brush is hidden when stored, and OXO is a brand I trust for durable everyday tools. The auto-open canister and ventilated tray also address hygiene, which matters to me in a bathroom, and at $19.97 the price is reasonable for the quality."
survey_toilet-brush-choice__rjT8BdF,persona/datasets/matraix-persona-1m/cohorts/cohort-162f4cf6eb0f/persona_wiki-035d5bb0684b.yaml,1.0,oxo_hideaway,OXO Hideaway Compact,19.97,4,hygiene,4,65+,Value-driven,North America,Upper-middle,Woman,Retirement,Dense urban,null,Self-employed,"At this stage of life I want a bathroom that stays clean and uncluttered, and the OXO's hideaway canister means I never have to look at a dripping brush. The ventilated tray that prevents water pooling is exactly the hygiene detail I care about, and the compact footprint suits a small bathroom. OXO is a brand I've trusted for years, and at $19.97 the price is reasonable for something I'll use daily."
survey_toilet-brush-choice__rnv97LQ,persona/datasets/matraix-persona-1m/cohorts/cohort-162f4cf6eb0f/persona_gss-6f27c7c2da75.yaml,1.0,jiga_3pack,JIGA 3-Pack,13.99,5,price,4,45-54,,North America,Low income,Man,,,,Unemployed,"Money is tight right now, so getting three complete brush-and-holder sets for $13.99 is the best deal on the shelf. I only need one for my bathroom, but the spares mean I won't have to buy another for a long time."
survey_toilet-brush-choice__rpdTpvp,persona/datasets/matraix-persona-1m/cohorts/cohort-162f4cf6eb0f/persona_wiki-4cd4fbff37d2.yaml,1.0,oxo_hideaway,OXO Hideaway Compact,19.97,5,hygiene,4,45-54,,North America,Upper-middle,Man,Mid-life,Small town,,Full-time,"I want a set that looks tidy and stays hygienic without fuss, and the OXO Hideaway's auto-opening canister hides the brush entirely while its ventilated tray prevents water pooling. It's the top-rated option from a brand I trust, and the compact footprint suits my bathroom."
survey_toilet-brush-choice__rpeqvwi,persona/datasets/matraix-persona-1m/cohorts/cohort-162f4cf6eb0f/persona_wiki-ed3d85a796f4.yaml,1.0,oxo_hideaway,OXO Hideaway Compact,19.97,4,hygiene,4,65+,Value-driven,North America,Upper-middle,Woman,Retirement,Dense urban,null,Retired,"I want a set that looks tidy and disappears into a small bathroom, and the OXO hideaway canister conceals the brush entirely while its ventilated tray prevents water pooling. The brand has a strong reputation for well-designed, durable household tools, and at just under $20 the price is reasonable for the quality."
survey_toilet-brush-choice__rtxyLBK,persona/datasets/matraix-persona-1m/cohorts/cohort-162f4cf6eb0f/persona_wiki-3300f95de1be.yaml,1.0,oxo_hideaway,OXO Hideaway Compact,19.97,4,hygiene,5,,,North America,,Man,Retirement,,,Self-employed,"I'm retired, disciplined about keeping a tidy, functional home, and I've learned that a brand like OXO with a No.1 top-rated track record earns its price. The hideaway canister keeps the brush out of sight and the ventilated tray stops water pooling, which matters for hygiene in a small bathroom. At $19.97 it's a fair middle price for something I'll use daily for years."
survey_toilet-brush-choice__rv3QA3q,persona/datasets/matraix-persona-1m/cohorts/cohort-162f4cf6eb0f/persona_gss-dd012b1729e0.yaml,1.0,oxo_hideaway,OXO Hideaway Compact,19.97,4,hygiene,4,55-64,,North America,Lower-middle,Man,,,,,"I want a simple, tidy set that hides the brush away and won't look messy in the bathroom. OXO is a brand I've had good luck with, and the auto-open canister with a ventilated tray keeps things cleaner and drier. At about twenty dollars it's a fair price for something that should last."
survey_toilet-brush-choice__s6SaiJj,persona/datasets/matraix-persona-1m/cohorts/cohort-162f4cf6eb0f/persona_wiki-10703e7b0f43.yaml,1.0,oxo_hideaway,OXO Hideaway Compact,19.97,4,hygiene,4,65+,Value-driven,North America,Lower-middle,Woman,Retirement,Dense urban,,Self-employed,"I want a brush that disappears into a clean, minimal canister so my small bathroom doesn't look cluttered, and the auto-open lid plus ventilated tray means less standing water and less mess. OXO's reputation and the top-rated status give me confidence it will actually hold up, and at $19.97 it's a fair price for something I'll use every week."
survey_toilet-brush-choice__s7DVC68,persona/datasets/matraix-persona-1m/cohorts/cohort-162f4cf6eb0f/persona_stackoverflow-103fbc625b55.yaml,1.0,oxo_hideaway,OXO Hideaway Compact,19.97,4,hygiene,4,35-44,,North America,,,Mid-life,,,Full-time,"I want a hidden, ventilated design that doesn't pool water and keeps things dry and hygienic, and OXO's reputation for durable, well-engineered basics plus the No.1 top-rated status gives me confidence. At $19.97 it's a fair mid-range price for a compact canister that opens automatically and looks clean in a small bathroom."
survey_toilet-brush-choice__s7WeNeR,persona/datasets/matraix-persona-1m/cohorts/cohort-162f4cf6eb0f/persona_gss-bbbc7735a235.yaml,1.0,jiga_3pack,JIGA 3-Pack,13.99,5,price,5,35-44,,North America,Middle,Woman,,,,Part-time,"With three kids and multiple bathrooms, a 3-pack of brushes for $13.99 is the best value on the shelf — I can put one in each bathroom and replace them without worrying about cost. The stiff nylon bristles and covered caddy bases are exactly what I need for everyday cleaning, and the simple white design fits anywhere."
survey_toilet-brush-choice__s889fSN,persona/datasets/matraix-persona-1m/cohorts/cohort-162f4cf6eb0f/persona_stackoverflow-322488245149.yaml,1.0,oxo_hideaway,OXO Hideaway Compact,19.97,4,hygiene,4,45-54,,North America,,,,,,Full-time,"As a researcher who reads specs carefully, I value the OXO's functional design: the hideaway canister opens automatically when lifted, and the ventilated tray prevents water pooling, which addresses the hygiene issues I care about. It's a top-rated, well-reviewed mainstream product at a reasonable price, and the compact footprint suits a real bathroom without gimmicks like tweezers or 3-packs I don't need."
survey_toilet-brush-choice__sERavuX,persona/datasets/matraix-persona-1m/cohorts/cohort-162f4cf6eb0f/persona_gss-aff5647d6b7c.yaml,1.0,oxo_hideaway,OXO Hideaway Compact,19.97,4,hygiene,4,45-54,,North America,Middle,Man,,,,Full-time,"I want a brush that stays out of sight and looks tidy, and the OXO hideaway canister does that while keeping the brush head ventilated so it doesn't sit in dirty water. OXO is a brand I trust for everyday household tools, and at $19.97 the price is reasonable for something that will last and look clean in the bathroom."
survey_toilet-brush-choice__sHv8Vkk,persona/datasets/matraix-persona-1m/cohorts/cohort-162f4cf6eb0f/persona_gss-1ff865aa4a1e.yaml,1.0,oxo_hideaway,OXO Hideaway Compact,19.97,4,hygiene,4,45-54,,North America,Lower-middle,Woman,,,,Part-time,"I want a set that keeps the bathroom looking tidy, and the OXO Hideaway hides the brush completely in a slim canister that opens automatically. It's a brand I trust for everyday durability, and at $19.97 the price is reasonable for something that will last and not look unsightly."
survey_toilet-brush-choice__sLMR9xs,persona/datasets/matraix-persona-1m/cohorts/cohort-162f4cf6eb0f/persona_gss-59eecfffde92.yaml,1.0,jiga_3pack,JIGA 3-Pack,13.99,5,price,4,25-34,,North America,Middle,Man,,,,Part-time,"I have one bathroom and a kid, so brushes get gross and need replacing often. Three decent stiff-bristle sets for $13.99 is the best value here, and I don't care much about fancy looks in a toilet brush."
survey_toilet-brush-choice__sM8dM79,persona/datasets/matraix-persona-1m/cohorts/cohort-162f4cf6eb0f/persona_gss-acbf1f5e95c3.yaml,1.0,oxo_hideaway,OXO Hideaway Compact,19.97,4,hygiene,4,18-24,,North America,Lower-middle,Woman,,,,Full-time,"I want a compact set that looks tidy since I don't have much bathroom space, and the hideaway canister that opens automatically and stays ventilated means less mess and less smell. OXO is a brand I trust for everyday household items, and at under $20 it's a reasonable price for something I'll use daily."
survey_toilet-brush-choice__sMQBkcG,persona/datasets/matraix-persona-1m/cohorts/cohort-162f4cf6eb0f/persona_stackoverflow-130139304442.yaml,1.0,oxo_hideaway,OXO Hideaway Compact,19.97,4,hygiene,4,35-44,,North America,,,,,,Full-time,"I want a set that stays tidy and out of sight in a small bathroom, and the OXO Hideaway's auto-opening canister plus ventilated tray keeps the brush hidden and dry rather than sitting in a puddle. OXO's reputation as a top-rated, reliable brand matters to me, and at $19.97 the price is reasonable for that durability and hygiene."
survey_toilet-brush-choice__sPJquWf,persona/datasets/matraix-persona-1m/cohorts/cohort-162f4cf6eb0f/persona_gss-2586ba75238b.yaml,1.0,clorox_under_rim,Clorox Corner Under-Rim,15.5,4,cleaning,4,55-64,,North America,Lower-middle,Woman,,,,Part-time,"I want a brush that actually gets under the rim and cleans well, and Clorox is a brand I know and trust. The corner caddy saves space in my small bathroom, and at $15.50 the price is reasonable for an antibacterial set."
survey_toilet-brush-choice__sRsu8z8,persona/datasets/matraix-persona-1m/cohorts/cohort-162f4cf6eb0f/persona_wiki-a7d7d887e26c.yaml,1.0,oxo_hideaway,OXO Hideaway Compact,19.97,4,hygiene,5,65+,,North America,High income,Man,Retirement,Small town,null,Retired,"I value order, hygiene, and a tidy appearance in a small bathroom, and the OXO Hideaway's auto-opening canister conceals the brush entirely while its ventilated tray prevents standing water. OXO is a brand I trust for durable, well-engineered household goods, and at $19.97 the price is reasonable for a top-rated set I expect to last years. The compact footprint and clean minimal look suit my preference for neat, functional design without gimmicks."
survey_toilet-brush-choice__sS77vdv,persona/datasets/matraix-persona-1m/cohorts/cohort-162f4cf6eb0f/persona_stackoverflow-0d6c0f9d2386.yaml,1.0,oxo_hideaway,OXO Hideaway Compact,19.97,4,hygiene,4,25-34,,North America,,,Early career,,,Full-time,"The OXO Hideaway is the only option with a fully covered canister that hides the brush and opens automatically, which keeps the bathroom looking tidy and avoids the dripping-wet-brush problem I hate. At $19.97 it's mid-priced, and OXO's No.1 Top Rated status gives me confidence in the build quality and bristle performance."
survey_toilet-brush-choice__sXMhGwE,persona/datasets/matraix-persona-1m/cohorts/cohort-162f4cf6eb0f/persona_gss-23fda9039b83.yaml,1.0,oxo_hideaway,OXO Hideaway Compact,19.97,4,hygiene,4,35-44,,North America,Middle,Man,,,,Full-time,"I want a set that keeps the bathroom looking tidy, and the OXO Hideaway's canister hides the brush completely when stored, which suits a traditional, orderly household. OXO is a brand I trust for durable everyday tools, and the ventilated tray that prevents water pooling matters for hygiene in a family bathroom with two kids. At $19.97 it's a reasonable middle price for the quality."
survey_toilet-brush-choice__sZpTnPe,persona/datasets/matraix-persona-1m/cohorts/cohort-162f4cf6eb0f/persona_gss-3a73571beb0e.yaml,1.0,oxo_hideaway,OXO Hideaway Compact,19.97,4,hygiene,4,25-34,,North America,Lower-middle,Man,,,,Full-time,"I want a brush that stays hidden and looks tidy in a small shared bathroom, and the OXO's auto-open canister plus ventilated tray keeps things from getting gross. It's top-rated and a trusted brand, and at $19.97 the price is reasonable for something I'll use daily for years."
survey_toilet-brush-choice__sdKit4x,persona/datasets/matraix-persona-1m/cohorts/cohort-162f4cf6eb0f/persona_gss-7bbde1bd4639.yaml,1.0,oxo_hideaway,OXO Hideaway Compact,19.97,4,hygiene,4,35-44,,North America,Lower-middle,Man,,,,Full-time,"I want a clean, compact set that hides the brush away between uses, and OXO's auto-open ventilated canister keeps things hygienic without taking up much space. At $19.97 it's a fair price for a top-rated, well-built option that should last."
survey_toilet-brush-choice__sfiVhxH,persona/datasets/matraix-persona-1m/cohorts/cohort-162f4cf6eb0f/persona_stackoverflow-45805ea8cb5b.yaml,1.0,oxo_hideaway,OXO Hideaway Compact,19.97,4,hygiene,4,35-44,,North America,,,,,,Full-time,"I value accuracy and durability over saving a few dollars, so the OXO's hideaway canister that opens automatically and its ventilated tray (which prevents water pooling and bacterial growth) fits how I want a bathroom tool to work. It's the No.1 top-rated set on the shelf and from a brand with a solid track record, which matters more to me than the silicone trend or a multi-pack I don't need. The compact footprint also suits a small bathroom without looking like a cheap plastic caddy."
survey_toilet-brush-choice__skU3nhG,persona/datasets/matraix-persona-1m/cohorts/cohort-162f4cf6eb0f/persona_wiki-c3b88c4effdc.yaml,1.0,oxo_hideaway,OXO Hideaway Compact,19.97,4,hygiene,4,55-64,,North America,Upper-middle,Woman,Mid-life,Suburban,null,Retired,"I want a brush that stays out of sight and looks tidy in a guest-visible bathroom, and the OXO hideaway canister opens automatically when lifted and has a ventilated tray so water doesn't pool. OXO's reputation for durable, well-designed household tools and the top-rated status justify the $19.97 price over the cheaper silicone sets."
survey_toilet-brush-choice__skuEPEt,persona/datasets/matraix-persona-1m/cohorts/cohort-162f4cf6eb0f/persona_gss-516b50eb2b61.yaml,1.0,oxo_hideaway,OXO Hideaway Compact,19.97,4,hygiene,4,55-64,,North America,Middle,Man,Retirement,,,Retired,"I want a simple, tidy set that hides the brush away and doesn't look cheap or flashy in the bathroom. OXO is a brand I recognize and trust, the auto-open canister keeps things clean and out of sight, and at $19.97 the price is reasonable for the quality."
survey_toilet-brush-choice__srsR2mX,persona/datasets/matraix-persona-1m/cohorts/cohort-162f4cf6eb0f/persona_wiki-18d70cec9cb8.yaml,1.0,oxo_hideaway,OXO Hideaway Compact,19.97,4,design,4,,,North America,Upper-middle,Woman,Mid-life,Dense urban,,Self-employed,"I want a brush that disappears into a clean, minimal canister when stored, and the OXO hideaway mechanism plus ventilated tray solves the standing-water hygiene problem without looking clinical. The compact footprint suits a small bathroom, and OXO's design and build quality justify the mid-range price for something I'll use daily for years."
survey_toilet-brush-choice__t2z9BNZ,persona/datasets/matraix-persona-1m/cohorts/cohort-162f4cf6eb0f/persona_wiki-4422a9c13211.yaml,1.0,oxo_hideaway,OXO Hideaway Compact,19.97,4,hygiene,5,65+,Value-driven,North America,Upper-middle,Man,Mid-life,Small town,null,Self-employed,"I want a set that keeps the bathroom looking tidy and hygienic, and the OXO Hideaway's auto-opening canister hides the brush entirely while its ventilated tray stops water pooling. The OXO name has earned my trust over the years, and at just under $20 the price is reasonable for something I'll use daily for years."
survey_toilet-brush-choice__t5oje4G,persona/datasets/matraix-persona-1m/cohorts/cohort-162f4cf6eb0f/persona_wiki-35c3dfafa5c8.yaml,1.0,oxo_hideaway,OXO Hideaway Compact,19.97,4,hygiene,4,65+,,North America,High income,Man,Retirement,Small town,,Full-time,"I value durable, well-designed tools from a brand with a strong reputation for quality, and OXO's Hideaway set fits that bill at a sensible price. The auto-open canister keeps the brush out of sight and the ventilated tray prevents standing water, which suits a tidy, functional bathroom."
survey_toilet-brush-choice__t99cofV,persona/datasets/matraix-persona-1m/cohorts/cohort-162f4cf6eb0f/persona_stackoverflow-e55d176c51d2.yaml,1.0,oxo_hideaway,OXO Hideaway Compact,19.97,4,hygiene,4,45-54,,North America,,,,,,Full-time,"I want a compact, tidy set that hides the brush when not in use, and OXO's auto-open canister with ventilated tray solves the dripping-water and looks problem in one go. The $19.97 price is reasonable for a well-reviewed, durable design from a brand with a solid track record."
survey_toilet-brush-choice__t9sVncb,persona/datasets/matraix-persona-1m/cohorts/cohort-162f4cf6eb0f/persona_gss-738648d12fc4.yaml,1.0,jiga_3pack,JIGA 3-Pack,13.99,5,price,4,55-64,,North America,Lower-middle,Woman,,,,Full-time,"I have three bathrooms and a tight budget, so getting three complete brush and holder sets for $13.99 is the best value here. The stiff nylon bristles and covered caddy bases are exactly what I need for everyday cleaning, and I don't need anything fancy."
survey_toilet-brush-choice__tAwqoKD,persona/datasets/matraix-persona-1m/cohorts/cohort-162f4cf6eb0f/persona_gss-885024e47fb0.yaml,1.0,oxo_hideaway,OXO Hideaway Compact,19.97,4,hygiene,4,65-74,,North America,Upper-middle,Woman,,,,Homemaker,"I prefer a tidy, covered brush that hides away and keeps the bathroom looking neat, and OXO is a brand I trust for everyday household items. The auto-open canister and ventilated tray also mean it stays cleaner and dries better between uses."
survey_toilet-brush-choice__tG6dktc,persona/datasets/matraix-persona-1m/cohorts/cohort-162f4cf6eb0f/persona_wiki-67de024fbc6b.yaml,1.0,oxo_hideaway,OXO Hideaway Compact,19.97,4,hygiene,4,70+,,North America,,Man,Retirement,,,Retired,"I want a clean, uncluttered look in the bathroom, and the OXO Hideaway's canister hides the brush entirely when stored while the ventilated tray keeps things dry and hygienic. OXO is a brand I trust for well-designed, durable household tools, and at $19.97 it is a fair price for something I will use for years."
survey_toilet-brush-choice__tJQdYGV,persona/datasets/matraix-persona-1m/cohorts/cohort-162f4cf6eb0f/persona_stackoverflow-5cb6483e5e03.yaml,1.0,oxo_hideaway,OXO Hideaway Compact,19.97,4,hygiene,4,55-64,,North America,,,,,,Full-time,"I want a covered, hideaway canister that keeps the brush out of sight and a ventilated tray so it doesn't sit in dirty water — hygiene and tidiness matter more to me than saving a few dollars. OXO's reputation for well-designed, durable household tools plus the compact footprint makes the $19.97 price reasonable for something I'll use daily."
survey_toilet-brush-choice__tW4yWxG,persona/datasets/matraix-persona-1m/cohorts/cohort-162f4cf6eb0f/persona_stackoverflow-07d7e2c311bd.yaml,1.0,oxo_hideaway,OXO Hideaway Compact,19.97,4,hygiene,4,25-34,,North America,,,Early career,,,Full-time,"I want a compact, clean-looking set that hides the brush when not in use, and the OXO's auto-open canister plus ventilated tray addresses hygiene without clutter. It's from a brand I trust for kitchen and bath tools, and at $19.97 the price is reasonable for the build quality and top-rated reputation."
survey_toilet-brush-choice__tZ4AYxX,persona/datasets/matraix-persona-1m/cohorts/cohort-162f4cf6eb0f/persona_gss-4103b4ae772c.yaml,1.0,oxo_hideaway,OXO Hideaway Compact,19.97,4,hygiene,4,45-54,,North America,Middle,Man,,,,Full-time,"I want a brush that stays out of sight and doesn't leave a wet, smelly mess in the holder. The OXO Hideaway's auto-opening canister and ventilated tray solve that, and OXO is a brand I trust for solid, functional design at a fair price."
survey_toilet-brush-choice__teizNhu,persona/datasets/matraix-persona-1m/cohorts/cohort-162f4cf6eb0f/persona_wiki-859597bb5635.yaml,1.0,oxo_hideaway,OXO Hideaway Compact,19.97,4,hygiene,5,65+,Value-driven,North America,High income,Woman,Retirement,Dense urban,,Retired,"The OXO Hideaway's auto-opening canister and ventilated tray address hygiene and tidiness, which matter most in a bathroom. It is compact, well-reviewed, and from a brand with a reliable design reputation, and at $19.97 the price is reasonable for the quality."
survey_toilet-brush-choice__tiVDtjb,persona/datasets/matraix-persona-1m/cohorts/cohort-162f4cf6eb0f/persona_gss-44cf2cb7e82d.yaml,1.0,oxo_hideaway,OXO Hideaway Compact,19.97,4,hygiene,4,65-74,,North America,Middle,Woman,Retirement,,,Retired,"I'm a widow living on my own now, and I want something simple, tidy, and trustworthy rather than flashy. The OXO Hideaway's canister hides the brush completely and the ventilated tray keeps things from getting smelly, which matters to me at my age. It's a well-known brand and the price is reasonable for the quality."
survey_toilet-brush-choice__trEdsVo,persona/datasets/matraix-persona-1m/cohorts/cohort-162f4cf6eb0f/persona_stackoverflow-abe33e001df7.yaml,1.0,oxo_hideaway,OXO Hideaway Compact,19.97,4,hygiene,4,25-34,,North America,,,Early career,,,Full-time,"OXO's Hideaway is the only option with a genuinely practical design: the canister opens automatically when you lift the brush, so there's no fumbling with a lid, and the ventilated tray stops water pooling in the base — the main reason toilet brush holders get gross. It's a well-reviewed, well-known brand at a reasonable $19.97, and the compact footprint suits a normal bathroom without the gimmicks (tweezers, 3-packs, corner caddies) I don't need."
survey_toilet-brush-choice__ty6hcUN,persona/datasets/matraix-persona-1m/cohorts/cohort-162f4cf6eb0f/persona_stackoverflow-9dc34f8254b4.yaml,1.0,oxo_hideaway,OXO Hideaway Compact,19.97,4,hygiene,4,35-44,,North America,,,,,,Full-time,"I prefer a covered, hideaway design so the brush isn't visible and water doesn't pool in the base, and OXO's ventilated tray plus automatic opening addresses the main hygiene annoyance I have with cheap open holders. It's a well-reviewed, top-rated set from a brand I trust, and at $19.97 it's reasonable for something I'll use for years."
survey_toilet-brush-choice__tykyumS,persona/datasets/matraix-persona-1m/cohorts/cohort-162f4cf6eb0f/persona_wiki-a728976b84b7.yaml,1.0,oxo_hideaway,OXO Hideaway Compact,19.97,4,hygiene,4,18-24,Indifferent,North America,null,Man,Early career,Small town,null,Self-employed,"I've seen OXO Good Grips stuff hold up forever, and the hideaway canister means I'm not staring at a dirty brush in the corner of my bathroom. The auto-open lid and ventilated tray solve the two things that actually annoy me about toilet brushes — gross looks and water pooling in the base."
survey_toilet-brush-choice__tzpcH67,persona/datasets/matraix-persona-1m/cohorts/cohort-162f4cf6eb0f/persona_wiki-276fb4a61853.yaml,1.0,oxo_hideaway,OXO Hideaway Compact,19.97,4,hygiene,4,65+,,North America,null,Man,Retirement,null,null,Retired,"I'm retired and want something simple and reliable that keeps the bathroom looking tidy. The OXO hides the brush entirely in a compact canister that opens automatically and has a ventilated tray, and it's the top-rated pick at a fair price."
survey_toilet-brush-choice__u4CkhHn,persona/datasets/matraix-persona-1m/cohorts/cohort-162f4cf6eb0f/persona_wiki-a2c53be11f37.yaml,1.0,oxo_hideaway,OXO Hideaway Compact,19.97,4,hygiene,4,65+,Indifferent,North America,Upper-middle,Woman,Mid-life,Dense urban,null,Full-time,"I keep a tidy, minimal bathroom and dislike seeing a brush head on display, so the OXO's hideaway canister that opens automatically and ventilated tray suits me. It is a well-regarded, compact design from a brand I trust, and at just under $20 the price is reasonable for the build quality."
survey_toilet-brush-choice__uQwTVQk,persona/datasets/matraix-persona-1m/cohorts/cohort-162f4cf6eb0f/persona_gss-79ffe06bd978.yaml,1.0,oxo_hideaway,OXO Hideaway Compact,19.97,4,hygiene,4,35-44,,North America,Middle,Man,,,,Full-time,"I want a brush that stays out of sight and dries properly, and the OXO hideaway canister opens automatically while the ventilated tray keeps it hygienic. It is a trusted, top-rated brand and the compact footprint suits my bathroom without looking cluttered."
survey_toilet-brush-choice__uR68Lfn,persona/datasets/matraix-persona-1m/cohorts/cohort-162f4cf6eb0f/persona_gss-0d9904c7a183.yaml,1.0,clorox_under_rim,Clorox Corner Under-Rim,15.5,5,cleaning,4,65-74,,North America,Middle,Woman,Retirement,,,Retired,"I want something simple and dependable that hides away neatly in a corner and doesn't cost much. The dedicated under-rim scrubber and antibacterial bristles appeal to me for keeping things clean, and the Clorox name is one I trust from years of household shopping."
survey_toilet-brush-choice__uS4Vvtc,persona/datasets/matraix-persona-1m/cohorts/cohort-162f4cf6eb0f/persona_amazon-4e6a895f223a.yaml,1.0,oxo_hideaway,OXO Hideaway Compact,19.97,4,hygiene,4,,Value-driven,North America,,,Mid-life,Suburban,,,"I want a brush that stays hidden and doesn't pool water in the holder, and the OXO auto-open canister with a ventilated tray does exactly that. It's a trusted brand at a reasonable mid-range price, and the compact footprint suits my bathroom."
survey_toilet-brush-choice__uTXbXBW,persona/datasets/matraix-persona-1m/cohorts/cohort-162f4cf6eb0f/persona_gss-ba79dc1c551a.yaml,1.0,oxo_hideaway,OXO Hideaway Compact,19.97,4,hygiene,4,45-54,,North America,Middle,Woman,,,,Homemaker,"I want something tidy and hygienic that hides the brush away in a covered canister, and OXO is a brand I trust for household goods. The auto-open canister and ventilated tray keep things neat and dry, and at under $20 the price is reasonable for the quality."
survey_toilet-brush-choice__uToLtre,persona/datasets/matraix-persona-1m/cohorts/cohort-162f4cf6eb0f/persona_gss-39a27153c7e6.yaml,1.0,oxo_hideaway,OXO Hideaway Compact,19.97,4,hygiene,4,65-74,,North America,Middle,Woman,,,,Homemaker,"I like that the brush hides away completely in its canister, which keeps the bathroom looking tidy and is more hygienic. OXO is a brand I trust, and the ventilated tray that prevents water pooling matters to me."
survey_toilet-brush-choice__uUE9Doh,persona/datasets/matraix-persona-1m/cohorts/cohort-162f4cf6eb0f/persona_gss-6b5d895694ce.yaml,1.0,clorox_under_rim,Clorox Corner Under-Rim,15.5,4,cleaning,4,75-84,,North America,Lower-middle,Woman,Retirement,,,Retired,"I want a brush that actually cleans under the rim, and the Clorox name is one I've trusted for years. The corner caddy saves space in my small bathroom, and at $15.50 the price is sensible for something that will last."
survey_toilet-brush-choice__uUnnjgs,persona/datasets/matraix-persona-1m/cohorts/cohort-162f4cf6eb0f/persona_stackoverflow-3fd63ef5a319.yaml,1.0,oxo_hideaway,OXO Hideaway Compact,19.97,4,hygiene,4,25-34,,North America,,,Early career,,,Part-time,"The OXO Hideaway is the best fit for me: it's a well-known, top-rated brand with a hideaway canister that keeps the brush out of sight and a ventilated tray that prevents water pooling, which matters for hygiene in a small bathroom. At $19.97 it's a reasonable mid-range price for reliable build quality and a clean, minimal look that won't clash with my decor."
survey_toilet-brush-choice__uVCakif,persona/datasets/matraix-persona-1m/cohorts/cohort-162f4cf6eb0f/persona_stackoverflow-8a889c985985.yaml,1.0,oxo_hideaway,OXO Hideaway Compact,19.97,4,hygiene,4,45-54,,North America,,,,,,Full-time,"The OXO Hideaway is top-rated and its auto-open canister hides the brush head completely, which keeps the bathroom looking tidy. The ventilated tray prevents water pooling at the bottom, which is the hygiene issue that ruins most brush holders."
survey_toilet-brush-choice__uVFezhU,persona/datasets/matraix-persona-1m/cohorts/cohort-162f4cf6eb0f/persona_wiki-9817f22927ac.yaml,1.0,oxo_hideaway,OXO Hideaway Compact,19.97,4,design,4,,,North America,,Man,,,,,"I want a brush that keeps the bathroom looking tidy, and the OXO Hideaway stores the brush completely out of sight while the canister opens automatically when lifted. OXO's reputation for solid, well-designed tools and its top-rated status make it worth the modest price for something I'll use daily."
survey_toilet-brush-choice__ueuJu2H,persona/datasets/matraix-persona-1m/cohorts/cohort-162f4cf6eb0f/persona_gss-1bda185f8dde.yaml,1.0,oxo_hideaway,OXO Hideaway Compact,19.97,4,hygiene,4,25-34,,North America,Lower-middle,Woman,,,,Full-time,"With two kids and a busy full-time schedule, I want something reliable that hides the brush and keeps things tidy. OXO is a brand I trust, it's top rated, has a ventilated tray that prevents water pooling, and at under $20 the price is fair for the quality."
survey_toilet-brush-choice__uo77CW8,persona/datasets/matraix-persona-1m/cohorts/cohort-162f4cf6eb0f/persona_gss-051dc61137ce.yaml,1.0,jiga_3pack,JIGA 3-Pack,13.99,5,price,4,25-34,,North America,Low income,Woman,,,,,"With three kids and one bathroom, I need a brush for each bathroom and backups on hand, so a 3-pack at $13.99 is the best value for my tight budget. Stiff nylon bristles and non-slip handles are simple and get the job done without spending extra on features I don't need."
survey_toilet-brush-choice__urVpqmY,persona/datasets/matraix-persona-1m/cohorts/cohort-162f4cf6eb0f/persona_amazon-ae93fdef1f11.yaml,1.0,oxo_hideaway,OXO Hideaway Compact,19.97,4,hygiene,4,,,North America,,,,Suburban,,Full-time,"I want a tidy, hygienic setup that doesn't show the brush and won't pool water, and the OXO's auto-open hideaway canister with ventilated tray fits that perfectly. At $19.97 it's mid-priced but a trusted, top-rated design, which suits my cautious, analytical approach to buying household basics."
survey_toilet-brush-choice__uzVzpVn,persona/datasets/matraix-persona-1m/cohorts/cohort-162f4cf6eb0f/persona_wiki-0979d9690ee4.yaml,1.0,oxo_hideaway,OXO Hideaway Compact,19.97,4,hygiene,4,65+,Indifferent,North America,null,Man,Mid-life,Small town,null,null,"I want a set that keeps the brush out of sight and dries properly, and the OXO hideaway canister does both without fuss. The automatic opening lid and ventilated tray mean less standing water and odor, and the compact footprint suits a small bathroom. I've learned to trust a plain, well-made tool over gimmicks."
survey_toilet-brush-choice__uzmyziY,persona/datasets/matraix-persona-1m/cohorts/cohort-162f4cf6eb0f/persona_gss-5e8d7769a920.yaml,1.0,oxo_hideaway,OXO Hideaway Compact,19.97,4,hygiene,4,25-34,,North America,Middle,Woman,,,,Full-time,"I want something compact and tidy since our bathroom is small and I don't want a brush visible when it's not in use. OXO is a brand I trust, the hideaway canister keeps things looking clean, and the price is reasonable for the quality."
survey_toilet-brush-choice__v7nDQi2,persona/datasets/matraix-persona-1m/cohorts/cohort-162f4cf6eb0f/persona_stackoverflow-3cfa9573ff9a.yaml,1.0,oxo_hideaway,OXO Hideaway Compact,19.97,4,hygiene,4,45-54,,North America,High income,,,,,Full-time,"OXO is a brand I trust for well-engineered household tools, and the hideaway canister keeps the brush fully concealed — important for a clean bathroom look. The auto-open mechanism and ventilated tray that prevents water pooling address the hygiene and durability issues that matter most to me, and at $19.97 the price is reasonable for the build quality."
survey_toilet-brush-choice__v9JVL2J,persona/datasets/matraix-persona-1m/cohorts/cohort-162f4cf6eb0f/persona_stackoverflow-80fb44d4cf40.yaml,1.0,oxo_hideaway,OXO Hideaway Compact,19.97,4,hygiene,4,18-24,,North America,,,Early career,,,,"I want a brush that disappears into a clean canister so my bathroom doesn't look cluttered, and the auto-open hideaway design plus ventilated tray addresses the hygiene and water-pooling issues I care about. OXO is a brand I trust for well-engineered household tools, and at $19.97 the price feels reasonable for the build quality and top-rated track record."
survey_toilet-brush-choice__v9jyEXb,persona/datasets/matraix-persona-1m/cohorts/cohort-162f4cf6eb0f/persona_gss-a65d86a15d93.yaml,1.0,oxo_hideaway,OXO Hideaway Compact,19.97,4,hygiene,4,55-64,,North America,Middle,Man,,,,Full-time,"I'm single and keep a tidy, traditional bathroom, so I want something that looks clean and hides the brush away. The OXO Hideaway's auto-open canister and ventilated tray keep things hygienic, and the top-rated reputation from a brand I trust justifies the mid-range price."
survey_toilet-brush-choice__vA6m4Vp,persona/datasets/matraix-persona-1m/cohorts/cohort-162f4cf6eb0f/persona_amazon-3d6d8c55b23b.yaml,1.0,oxo_hideaway,OXO Hideaway Compact,19.97,4,hygiene,4,,,North America,,,,Suburban,,Full-time,"I want something that looks tidy and doesn't show a dirty brush sitting out, and the OXO canister opens automatically when you lift the brush, which is convenient. It's top rated and the ventilated tray keeps water from pooling, so it stays cleaner between uses. The price is reasonable for a brand I trust."
survey_toilet-brush-choice__vBG3QbT,persona/datasets/matraix-persona-1m/cohorts/cohort-162f4cf6eb0f/persona_wiki-f42c349a5b3b.yaml,1.0,clorox_under_rim,Clorox Corner Under-Rim,15.5,3,price,3,65+,Value-driven,North America,Upper-middle,Man,Mid-life,Small town,,Full-time,"No persona-specific answer was produced, so a neutral answer was used."
survey_toilet-brush-choice__vL3EtAY,persona/datasets/matraix-persona-1m/cohorts/cohort-162f4cf6eb0f/persona_wiki-55d7df435817.yaml,1.0,oxo_hideaway,OXO Hideaway Compact,19.97,4,hygiene,4,,Value-driven,North America,High income,Man,Mid-life,,,Full-time,"I want a hygienic, well-engineered set that keeps the brush fully hidden and lets it dry without pooling water, and OXO's reputation for durable, thoughtfully designed household tools makes it the safest bet for daily use. The auto-open canister and compact footprint suit a clean, uncluttered bathroom, and at $19.97 it's a reasonable price for the quality."
survey_toilet-brush-choice__vNuyzAK,persona/datasets/matraix-persona-1m/cohorts/cohort-162f4cf6eb0f/persona_wiki-10a89801a29e.yaml,1.0,oxo_hideaway,OXO Hideaway Compact,19.97,4,hygiene,5,,,North America,,Man,Mid-life,,,Full-time,"I want a clean, uncluttered bathroom and the OXO Hideaway keeps the brush completely out of sight while its auto-open canister and ventilated tray address hygiene and water pooling. It's a trusted brand with a top-rated reputation, and at $19.97 the price is reasonable for the design quality and compact footprint."
survey_toilet-brush-choice__vQT8gvC,persona/datasets/matraix-persona-1m/cohorts/cohort-162f4cf6eb0f/persona_wiki-a82500f024ad.yaml,1.0,oxo_hideaway,OXO Hideaway Compact,19.97,4,hygiene,4,35-44,Value-driven,North America,Upper-middle,Man,Mid-life,Suburban,$200k+,Retired,"I want a brush that stays out of sight and doesn't leave a puddle in the base — the OXO's auto-open hideaway canister and ventilated tray solve both, and it's the top-rated option from a brand I trust. At $19.97 it's a reasonable price for something I'll use daily for years."
survey_toilet-brush-choice__vSJzzqi,persona/datasets/matraix-persona-1m/cohorts/cohort-162f4cf6eb0f/persona_gss-4578977c077b.yaml,1.0,oxo_hideaway,OXO Hideaway Compact,19.97,4,hygiene,4,35-44,,North America,Middle,Woman,,,,Full-time,"The OXO Hideaway's auto-opening canister keeps the brush fully concealed, which suits my preference for a tidy, hygienic bathroom, and its ventilated tray prevents standing water. OXO is a brand I trust for well-designed, durable household tools, and the compact footprint fits my space at a fair price."
survey_toilet-brush-choice__vXMw7EX,persona/datasets/matraix-persona-1m/cohorts/cohort-162f4cf6eb0f/persona_wiki-ee0a11b5cc3a.yaml,1.0,oxo_hideaway,OXO Hideaway Compact,19.97,4,hygiene,4,75-84,Value-driven,North America,Upper-middle,Woman,Mid-life,Small town,null,Full-time,"I want a set that keeps the brush out of sight and dries properly, and OXO's hideaway canister opens automatically while its ventilated tray prevents water pooling. OXO is a brand I trust for well-engineered household tools, and at $19.97 the quality is worth it for something I'll use daily."
survey_toilet-brush-choice__vaDxsL3,persona/datasets/matraix-persona-1m/cohorts/cohort-162f4cf6eb0f/persona_wiki-01d80eb3a936.yaml,1.0,oxo_hideaway,OXO Hideaway Compact,19.97,4,hygiene,4,75-84,Indifferent,North America,null,Woman,Retirement,null,null,null,"I want something that looks tidy and doesn't show a wet brush sitting in the open, and the OXO hideaway canister solves that with an auto-open lid and a ventilated tray that prevents water pooling. OXO's reputation for well-designed, durable household tools and its top-rated status make the $19.97 price easy to justify."
survey_toilet-brush-choice__vf8B8Fg,persona/datasets/matraix-persona-1m/cohorts/cohort-162f4cf6eb0f/persona_gss-91ce34483246.yaml,1.0,oxo_hideaway,OXO Hideaway Compact,19.97,4,hygiene,5,55-64,,North America,Lower-middle,Woman,,,,Part-time,"I want a compact, tidy set that keeps the brush out of sight and dries without pooling water, and OXO's build quality and top-rated reputation justify the mid-range price for something I'll use daily. The hideaway canister suits a small bathroom and the ventilated tray addresses hygiene, which matters more to me than saving a few dollars."
survey_toilet-brush-choice__vnXMLrb,persona/datasets/matraix-persona-1m/cohorts/cohort-162f4cf6eb0f/persona_wiki-8f523fb46f04.yaml,1.0,oxo_hideaway,OXO Hideaway Compact,19.97,4,hygiene,4,65+,Value-driven,North America,High income,Woman,Retirement,Dense urban,null,Full-time,"I want a brush that is hygienic and unobtrusive rather than decorative, and the OXO Hideaway's auto-opening canister with a ventilated tray prevents the standing water that makes most holders unpleasant. OXO is a brand I trust for well-designed household tools, and at $19.97 the price is reasonable for something I will use daily for years. The compact footprint suits a small bathroom, and the firm nylon bristles will actually clean rather than smear."
survey_toilet-brush-choice__vnzBPrv,persona/datasets/matraix-persona-1m/cohorts/cohort-162f4cf6eb0f/persona_gss-7480f6867cd4.yaml,1.0,oxo_hideaway,OXO Hideaway Compact,19.97,4,hygiene,4,65-74,,North America,Upper-middle,Man,Retirement,,,Retired,The OXO Hideaway is the top-rated option and its auto-opening canister hides the brush entirely while the ventilated tray keeps things dry and hygienic. At $19.97 it is a reasonable price for a trusted brand that fits neatly in a small bathroom.
survey_toilet-brush-choice__vpiJ7jM,persona/datasets/matraix-persona-1m/cohorts/cohort-162f4cf6eb0f/persona_stackoverflow-1eb136ddc4e7.yaml,1.0,oxo_hideaway,OXO Hideaway Compact,19.97,4,hygiene,4,55-64,,North America,,,,,,Full-time,"The OXO Hideaway is the top-rated option and its auto-opening canister keeps the brush fully out of sight, which suits a clean minimal bathroom. At $19.97 it's a reasonable mid-range price for a well-reviewed, compact design that hides the brush head and drains water properly."
survey_toilet-brush-choice__vpiy7hi,persona/datasets/matraix-persona-1m/cohorts/cohort-162f4cf6eb0f/persona_stackoverflow-04ebbb98f975.yaml,1.0,oxo_hideaway,OXO Hideaway Compact,19.97,4,hygiene,4,35-44,,North America,,,,,,Full-time,"OXO is a brand I've used for years and trust for durable, well-designed household tools, and the hideaway canister plus ventilated tray directly addresses the hygiene problem I actually care about (standing water and visible gunk). At $19.97 it's mid-priced, but the auto-open mechanism and compact footprint justify it over the cheaper silicone sets whose nubbed heads I'm skeptical actually scrub."
survey_toilet-brush-choice__vzog7wE,persona/datasets/matraix-persona-1m/cohorts/cohort-162f4cf6eb0f/persona_wiki-11d7c6ef8d8e.yaml,1.0,oxo_hideaway,OXO Hideaway Compact,19.97,4,hygiene,4,,,North America,,Man,Retirement,,,Retired,"I've spent my career around teams and equipment where reliability and clean design matter, and OXO's reputation for well-engineered everyday tools earns my trust. The hideaway canister keeps the brush out of sight and the ventilated tray stops water pooling, which fits my preference for a tidy, hygienic bathroom. At $19.97 it's reasonably priced for a top-rated set that will simply work without fuss."
survey_toilet-brush-choice__w4MWXbG,persona/datasets/matraix-persona-1m/cohorts/cohort-162f4cf6eb0f/persona_gss-788073d47a30.yaml,1.0,clorox_under_rim,Clorox Corner Under-Rim,15.5,5,cleaning,4,55-64,,North America,Upper-middle,Man,,,,Unemployed,"I want something reliable and affordable that actually cleans under the rim, and this one has a dedicated under-rim scrubber plus antibacterial bristles. The corner caddy design saves space and Clorox is a brand I trust."
survey_toilet-brush-choice__wDDXNaF,persona/datasets/matraix-persona-1m/cohorts/cohort-162f4cf6eb0f/persona_stackoverflow-63ae28592f83.yaml,1.0,oxo_hideaway,OXO Hideaway Compact,19.97,4,hygiene,4,45-54,,North America,High income,,,,,Full-time,"The OXO Hideaway is the best fit for me: the auto-open canister keeps the brush fully concealed and the ventilated tray stops water pooling, which matters for hygiene in a small bathroom. OXO's build quality and the No.1 Top Rated signal justify the mid-tier $19.97 price over the cheaper plastic sets."
survey_toilet-brush-choice__wE7UQ7F,persona/datasets/matraix-persona-1m/cohorts/cohort-162f4cf6eb0f/persona_wiki-2a7019699a47.yaml,1.0,oxo_hideaway,OXO Hideaway Compact,19.97,4,hygiene,4,35-44,,North America,Middle,Woman,Early career,Suburban,null,Self-employed,"I rent a small suburban bathroom and value a clean, uncluttered look, so the OXO's hideaway canister that conceals the brush entirely appeals to me. The ventilated tray that prevents water pooling addresses my hygiene concerns, and at $19.97 it sits comfortably in my budget while being a top-rated, trustworthy brand."
survey_toilet-brush-choice__wPVjxnR,persona/datasets/matraix-persona-1m/cohorts/cohort-162f4cf6eb0f/persona_stackoverflow-523f79b703a3.yaml,1.0,oxo_hideaway,OXO Hideaway Compact,19.97,4,hygiene,4,25-34,,North America,,,Early career,,,Full-time,"I want a brush that is fully concealed when stored, since a visible dirty brush head is the main hygiene and appearance problem with these sets. OXO is a brand I trust for durable, well-engineered household tools, and the auto-open canister with a ventilated tray addresses water pooling directly. At $19.97 for a single well-built set, it is reasonable value without paying for a two- or three-pack I do not need."
survey_toilet-brush-choice__wRE2yzv,persona/datasets/matraix-persona-1m/cohorts/cohort-162f4cf6eb0f/persona_gss-c95198f622d7.yaml,1.0,oxo_hideaway,OXO Hideaway Compact,19.97,4,hygiene,4,25-34,,North America,,Man,,,,,"I want something compact and clean-looking that hides the brush when it's not in use, and the OXO auto-open canister does exactly that. It's a trusted brand with a ventilated tray to prevent water pooling, and at $19.97 it's a reasonable mid-range price for the quality."
survey_toilet-brush-choice__wSyRJET,persona/datasets/matraix-persona-1m/cohorts/cohort-162f4cf6eb0f/persona_wiki-9c937095d567.yaml,1.0,oxo_hideaway,OXO Hideaway Compact,19.97,4,hygiene,4,18-24,,North America,Upper-middle,Woman,Student,Dense urban,null,Student,"I want a set that stays clean and looks tidy in a shared bathroom, and the OXO's auto-open hideaway canister keeps the brush out of sight while its ventilated tray stops water pooling. It's the top-rated option from a brand I trust, and at $19.97 the price is reasonable for the build quality."
survey_toilet-brush-choice__wUDbVSP,persona/datasets/matraix-persona-1m/cohorts/cohort-162f4cf6eb0f/persona_stackoverflow-224e2097c924.yaml,1.0,oxo_hideaway,OXO Hideaway Compact,19.97,4,hygiene,4,35-44,,North America,,,,,,Full-time,"I want a compact, clean-looking set that hides the brush entirely when stored, and the ventilated tray solves the standing-water problem that makes most holders gross. OXO's design reputation and the No.1 Top Rated status give me confidence in the build quality, and at $19.97 it's a fair mid-range price for something I'll use daily."
survey_toilet-brush-choice__wVkpbuw,persona/datasets/matraix-persona-1m/cohorts/cohort-162f4cf6eb0f/persona_gss-0fcbf457536c.yaml,1.0,clorox_under_rim,Clorox Corner Under-Rim,15.5,4,cleaning,4,55-64,,North America,Lower-middle,Woman,Retirement,,,Retired,"I've always trusted Clorox for bathroom cleaning, and the under-rim scrubber is exactly the kind of practical feature I need for the hard-to-reach spots. At $15.50 the price is reasonable for a retired widow on a fixed income, and the corner caddy keeps things tidy without taking up much space."
survey_toilet-brush-choice__wWKFbvb,persona/datasets/matraix-persona-1m/cohorts/cohort-162f4cf6eb0f/persona_amazon-55288622dbb8.yaml,1.0,oxo_hideaway,OXO Hideaway Compact,19.97,4,hygiene,4,55-64,,North America,,,Mid-life,,,,"I prefer a compact, tidy look where the brush is hidden when stored, and the auto-open canister with a ventilated tray addresses my hygiene concerns. OXO's reputation and top-rated status give me confidence in the build quality, and at $19.97 the price is reasonable for a set I'll use daily."
survey_toilet-brush-choice__wbp5eTe,persona/datasets/matraix-persona-1m/cohorts/cohort-162f4cf6eb0f/persona_gss-df1b7e340603.yaml,1.0,jiga_3pack,JIGA 3-Pack,13.99,5,price,4,35-44,,North America,,Woman,,,,Full-time,"I have three bathrooms and three kids, so having three brushes for $13.99 is the practical choice for my house. The stiff nylon bristles and caddy storage cover what I need without spending much."
survey_toilet-brush-choice__weXjziE,persona/datasets/matraix-persona-1m/cohorts/cohort-162f4cf6eb0f/persona_wiki-be3eb610c0ed.yaml,1.0,oxo_hideaway,OXO Hideaway Compact,19.97,4,hygiene,4,65+,Value-driven,North America,Upper-middle,Man,Retirement,Suburban,null,Self-employed,"I have had excellent results with OXO Good Grips tools over the years, and their design philosophy — functional, restrained, well-engineered — matches how I furnish a home. The hideaway canister conceals the brush entirely, which suits a guest-visible bathroom, and the ventilated tray addresses the hygiene concern that matters most to me. At $19.97 for a top-rated, compact, well-reviewed set, the price is reasonable for the build quality."
survey_toilet-brush-choice__woapmUQ,persona/datasets/matraix-persona-1m/cohorts/cohort-162f4cf6eb0f/persona_wiki-fbb0ffc128bc.yaml,1.0,oxo_hideaway,OXO Hideaway Compact,19.97,4,hygiene,4,65+,Value-driven,North America,High income,Woman,Retirement,Dense urban,null,Full-time,"I value a well-engineered, hygienic design from a brand with a strong reputation for thoughtful household products. The hideaway canister keeps the brush out of sight and the ventilated tray prevents standing water, which matters for cleanliness in a small bathroom. At $19.97 it is reasonably priced for the quality and top-rated track record."
survey_toilet-brush-choice__wyEoxBR,persona/datasets/matraix-persona-1m/cohorts/cohort-162f4cf6eb0f/persona_stackoverflow-d4aaa8f8862d.yaml,1.0,oxo_hideaway,OXO Hideaway Compact,19.97,4,hygiene,4,45-54,,North America,,,Mid-life,,,Full-time,"I want a brush that hides the head when stored, so the bathroom doesn't look like it's displaying a used toilet brush. OXO is a brand I've had good luck with, the ventilated tray addresses the standing-water problem that makes most holders gross, and $19.97 is reasonable for something I'll use for years. Silicone and gimmick heads (tweezers, under-rim scrubbers) are harder for me to trust to actually scrub."
survey_toilet-brush-choice__wzGp3ZW,persona/datasets/matraix-persona-1m/cohorts/cohort-162f4cf6eb0f/persona_stackoverflow-1ee6fad91904.yaml,1.0,oxo_hideaway,OXO Hideaway Compact,19.97,4,hygiene,4,25-34,,North America,,,Early career,,,Full-time,"I want a brush that stays hidden and doesn't look like a toilet brush sitting in my bathroom. The OXO hideaway canister opens automatically when lifted, has a ventilated tray so water doesn't pool, and is compact for a small bathroom. OXO is a brand I trust for practical, well-designed household tools."
survey_toilet-brush-choice__x2HhyBh,persona/datasets/matraix-persona-1m/cohorts/cohort-162f4cf6eb0f/persona_gss-a1ec2a92a48e.yaml,1.0,sellemer_silicone,Sellemer Silicone,12.99,5,hygiene,4,18-24,,North America,Lower-middle,Woman,Student,,,Student,"As a student on a tight budget, $12.99 is affordable, and the silicone head with a ventilated quick-dry base feels more hygienic than bristle brushes that stay damp. The flexible flat head reaching under the rim and the wall-mount option suit a small shared bathroom."
survey_toilet-brush-choice__x34qWdj,persona/datasets/matraix-persona-1m/cohorts/cohort-162f4cf6eb0f/persona_wiki-eec057ace8b3.yaml,1.0,oxo_hideaway,OXO Hideaway Compact,19.97,4,hygiene,4,65-74,null,North America,null,Man,Mid-life,null,null,null,"At 68 with a chronic condition and a busy household, I want something that looks tidy and is easy to use without bending and fussing. The OXO Hideaway's auto-open canister keeps the brush out of sight and the ventilated tray stops water pooling, and OXO's reputation for well-made everyday tools makes the $19.97 price feel fair."
survey_toilet-brush-choice__x3GoK4n,persona/datasets/matraix-persona-1m/cohorts/cohort-162f4cf6eb0f/persona_stackoverflow-abd5b0f1cef9.yaml,1.0,oxo_hideaway,OXO Hideaway Compact,19.97,4,hygiene,4,35-44,,North America,,,,,,Full-time,"As an educator who values reliability and clean design, I trust the OXO brand and its No.1 Top Rated status. The hideaway canister that opens automatically and the ventilated tray for preventing water pooling address hygiene concerns well, and the compact footprint suits a small bathroom. At $19.97 it's a reasonable middle-ground price for the quality."
survey_toilet-brush-choice__x9vjhTU,persona/datasets/matraix-persona-1m/cohorts/cohort-162f4cf6eb0f/persona_wiki-a5e9d0c7c06d.yaml,1.0,oxo_hideaway,OXO Hideaway Compact,19.97,4,hygiene,4,,Value-driven,North America,,,,,,,"I value order, hygiene, and reliability in my home, and the OXO Hideaway's auto-opening canister keeps the brush out of sight and the ventilated tray prevents standing water. It is a trusted, top-rated brand at a fair mid-range price, which fits my preference for durable, well-organized household items."
survey_toilet-brush-choice__xAZqceB,persona/datasets/matraix-persona-1m/cohorts/cohort-162f4cf6eb0f/persona_wiki-8000f06147e7.yaml,1.0,oxo_hideaway,OXO Hideaway Compact,19.97,4,hygiene,4,65-74,Value-driven,North America,Middle,Woman,Mid-life,Dense urban,$50k-100k,Self-employed,"I want a set that looks tidy and disappears into the corner of a small bathroom, and the OXO hideaway canister does exactly that while being top rated. The ventilated tray that prevents water pooling matters more to me than saving a few dollars, since I have spent enough of my life managing a household on my own and prefer things that simply work."
survey_toilet-brush-choice__xDLCoBY,persona/datasets/matraix-persona-1m/cohorts/cohort-162f4cf6eb0f/persona_wiki-3c69181534aa.yaml,1.0,oxo_hideaway,OXO Hideaway Compact,19.97,4,hygiene,4,65+,Indifferent,North America,Middle,Man,Mid-life,Small town,null,Self-employed,"I value order, durability, and a tidy appearance, and the OXO Hideaway's concealed canister and ventilated tray mean no visible brush and no standing water. OXO's reputation for well-engineered household goods and its top-rated status give me confidence in the build quality. At $19.97 it is a fair price for something that will last and look respectable in a small bathroom."
survey_toilet-brush-choice__xHXQJj5,persona/datasets/matraix-persona-1m/cohorts/cohort-162f4cf6eb0f/persona_wiki-89fde163b91d.yaml,1.0,oxo_hideaway,OXO Hideaway Compact,19.97,4,hygiene,5,65+,Value-driven,North America,Upper-middle,Woman,Mid-life,Dense urban,$100k-200k,Self-employed,"I want a brush that stores discreetly and dries properly, and the OXO Hideaway's auto-open ventilated canister does both without a fussy footprint. OXO is a brand I trust for durable, well-designed household tools, and at just under $20 the price is reasonable for something I'll use daily for years."
survey_toilet-brush-choice__xLfUYjN,persona/datasets/matraix-persona-1m/cohorts/cohort-162f4cf6eb0f/persona_gss-db0abd39e1fe.yaml,1.0,oxo_hideaway,OXO Hideaway Compact,19.97,4,hygiene,4,35-44,,North America,Lower-middle,Man,,,,Full-time,"I want something simple and reliable that doesn't look messy in the bathroom, and the OXO hideaway design keeps the brush out of sight while the ventilated tray keeps it from sitting in water. It's a well-known brand at a reasonable price, and the compact size works well for our small bathroom with kids."
survey_toilet-brush-choice__xPwJxxz,persona/datasets/matraix-persona-1m/cohorts/cohort-162f4cf6eb0f/persona_gss-4fdf26ecdfa5.yaml,1.0,oxo_hideaway,OXO Hideaway Compact,19.97,4,hygiene,4,45-54,,North America,Middle,Man,,,,Full-time,"With three kids and a busy household, I want something that hides the brush and dries cleanly rather than sitting out wet and grimy. The OXO's auto-opening hideaway canister and ventilated tray solve the hygiene problem, and the brand has a solid reputation for durable everyday tools at a fair price."
survey_toilet-brush-choice__xQm9VdL,persona/datasets/matraix-persona-1m/cohorts/cohort-162f4cf6eb0f/persona_gss-7d539ac100b7.yaml,1.0,oxo_hideaway,OXO Hideaway Compact,19.97,4,hygiene,4,45-54,,North America,Middle,Man,,,,,"With three kids and a busy household bathroom, I want something that hides the brush and doesn't leave a puddle of dirty water sitting in the base. OXO is a brand I've had good luck with, the auto-open canister keeps things looking tidy, and at under $20 the price is fair for the quality."
survey_toilet-brush-choice__xRGgGak,persona/datasets/matraix-persona-1m/cohorts/cohort-162f4cf6eb0f/persona_gss-39e5b9a0c971.yaml,1.0,jiga_3pack,JIGA 3-Pack,13.99,5,price,4,55-64,,North America,Lower-middle,Woman,,,,Full-time,"I have three bathrooms and a tight budget, so getting three brushes with holders for $13.99 is the best value here. They're simple white sets that will match any bathroom and I won't have to worry about replacing them for a long while."
survey_toilet-brush-choice__xRYkMps,persona/datasets/matraix-persona-1m/cohorts/cohort-162f4cf6eb0f/persona_wiki-23e55f43715f.yaml,1.0,oxo_hideaway,OXO Hideaway Compact,19.97,4,hygiene,4,75+,,North America,,Man,Retirement,,,Retired,"I'm a practical guy and I've learned over decades that OXO's Good Grips line just works — the auto-open canister keeps the brush out of sight and the ventilated tray stops water pooling, which matters for hygiene. At $19.97 it's a fair middle price for something I'll use every day, and the compact footprint suits my bathroom."
survey_toilet-brush-choice__xRfgzht,persona/datasets/matraix-persona-1m/cohorts/cohort-162f4cf6eb0f/persona_gss-535ad02c9860.yaml,1.0,oxo_hideaway,OXO Hideaway Compact,19.97,4,hygiene,4,25-34,,North America,Lower-middle,Woman,,,,Full-time,"With two young kids and a full-time job, I want something that stays tidy and is easy to keep clean without fuss. The OXO Hideaway hides the brush away, has a ventilated tray so it doesn't sit in dirty water, and it's a well-reviewed, trusted brand at a fair price."
survey_toilet-brush-choice__xSD5RnZ,persona/datasets/matraix-persona-1m/cohorts/cohort-162f4cf6eb0f/persona_gss-595eb9a52b7c.yaml,1.0,clorox_under_rim,Clorox Corner Under-Rim,15.5,5,cleaning,4,65-74,,North America,Middle,Man,Retirement,,,Retired,"At $15.50 it is affordable on a fixed retirement budget, and the corner caddy saves space in my small bathroom. The under-rim scrubber and antibacterial bristles make cleaning easier on my hands and knees, and Clorox is a brand I recognize and trust."
survey_toilet-brush-choice__xbepM2R,persona/datasets/matraix-persona-1m/cohorts/cohort-162f4cf6eb0f/persona_gss-f3cefe3e6fbb.yaml,1.0,oxo_hideaway,OXO Hideaway Compact,19.97,4,hygiene,4,45-54,,North America,Low income,Man,,,,Full-time,"I want a set that keeps the brush hidden so the bathroom looks tidy, and OXO is a brand I trust to hold up. The hideaway canister and ventilated tray mean less mess and smell, and at $19.97 it's a fair price for something that lasts."
survey_toilet-brush-choice__xcrfK2h,persona/datasets/matraix-persona-1m/cohorts/cohort-162f4cf6eb0f/persona_wiki-cd4b41fd59b5.yaml,1.0,oxo_hideaway,OXO Hideaway Compact,19.97,4,hygiene,4,25-34,,North America,Upper-middle,Man,Early career,Suburban,,Full-time,"I want a clean, minimal look and the hideaway canister means no visible brush or standing water, which matters for a bathroom I keep tidy. OXO's reputation for durable, well-designed tools and its top-rated status make the $19.97 price easy to justify over cheaper silicone sets."
survey_toilet-brush-choice__xfNKHjb,persona/datasets/matraix-persona-1m/cohorts/cohort-162f4cf6eb0f/persona_wiki-8a3757f6d599.yaml,1.0,oxo_hideaway,OXO Hideaway Compact,19.97,4,hygiene,4,45-54,,North America,Middle,Man,Retirement,Small town,,Retired,"The OXO Hideaway's auto-opening canister keeps the brush fully concealed and ventilated, which suits a tidy, hygienic bathroom and a compact footprint. It's the top-rated pick and the $19.97 price is reasonable for the build quality and OXO's reputation."
survey_toilet-brush-choice__xhQ4jwk,persona/datasets/matraix-persona-1m/cohorts/cohort-162f4cf6eb0f/persona_wiki-967571852f7f.yaml,1.0,oxo_hideaway,OXO Hideaway Compact,19.97,4,hygiene,4,65+,Value-driven,North America,Upper-middle,Man,Retirement,Suburban,null,Retired,"I want a clean, uncluttered look in the guest bathroom, and the OXO Hideaway's canister conceals the brush entirely until lifted, with a ventilated tray that prevents the standing water and odor problems I've dealt with in cheaper holders. OXO's reputation for durable, well-designed household tools and its top-rated status justify the modest premium over the budget silicone sets."
survey_toilet-brush-choice__xiirCUa,persona/datasets/matraix-persona-1m/cohorts/cohort-162f4cf6eb0f/persona_wiki-42213fb6021b.yaml,1.0,oxo_hideaway,OXO Hideaway Compact,19.97,4,hygiene,4,65+,,North America,,Man,Retirement,,,Retired,"I want a clean, uncluttered look in my bathroom, and the OXO Hideaway hides the brush entirely in a compact canister that opens automatically when lifted. It's top rated, from a brand I trust, and the ventilated tray keeps things from getting gross — worth the $19.97."
survey_toilet-brush-choice__xpDMH34,persona/datasets/matraix-persona-1m/cohorts/cohort-162f4cf6eb0f/persona_stackoverflow-305a77afcbd0.yaml,1.0,oxo_hideaway,OXO Hideaway Compact,19.97,4,hygiene,4,25-34,,North America,,,Early career,,,Full-time,"I want a compact, minimal set that hides the brush when stored, and OXO's hideaway canister with a ventilated tray solves the water-pooling and looks problem in one go. At $19.97 it's a reasonable mid-range price for a brand with a solid reputation, and the slim footprint suits a small bathroom."
survey_toilet-brush-choice__xqHG4Kd,persona/datasets/matraix-persona-1m/cohorts/cohort-162f4cf6eb0f/persona_gss-3fbae33f9ef4.yaml,1.0,clorox_under_rim,Clorox Corner Under-Rim,15.5,4,cleaning,4,35-44,,North America,Middle,Woman,,,,Full-time,"I want a brush that actually gets under the rim where the worst buildup hides, and the dedicated under-rim scrubber plus antimicrobial bristles gives me confidence it's cleaning properly. The corner caddy keeps it tucked out of the way, and at $15.50 it's a fair price from a brand I recognize."
survey_toilet-brush-choice__xsYogwg,persona/datasets/matraix-persona-1m/cohorts/cohort-162f4cf6eb0f/persona_wiki-90f965b92947.yaml,1.0,oxo_hideaway,OXO Hideaway Compact,19.97,5,hygiene,4,,Value-driven,North America,High income,Man,,,,Self-employed,"I want a set that looks clean and disappears into the bathroom rather than advertising itself, and OXO's hideaway canister does exactly that while keeping the brush head ventilated so it dries instead of sitting in a puddle. The auto-open mechanism is a genuinely better piece of engineering than a plastic cup, and at $19.97 the price is trivial against the years of daily use it will get."
survey_toilet-brush-choice__xt8ZMKZ,persona/datasets/matraix-persona-1m/cohorts/cohort-162f4cf6eb0f/persona_wiki-a8adc41fab12.yaml,1.0,oxo_hideaway,OXO Hideaway Compact,19.97,4,hygiene,4,65+,,North America,Upper-middle,Man,Mid-life,Small town,null,Self-employed,"I want a covered, compact set that keeps the brush out of sight and lets it drain properly rather than sitting in a puddle of water. OXO is a brand I trust for solid, functional household tools, and the auto-open canister with ventilated tray is exactly the low-fuss, hygienic design I look for at a reasonable price."
survey_toilet-brush-choice__y3Rf83c,persona/datasets/matraix-persona-1m/cohorts/cohort-162f4cf6eb0f/persona_wiki-260c0729d13a.yaml,1.0,oxo_hideaway,OXO Hideaway Compact,19.97,4,hygiene,4,65+,Value-driven,North America,Upper-middle,Woman,Retirement,Dense urban,,Self-employed,"I want a brush that stays discreet and hygienic in a small bathroom, and the OXO Hideaway's auto-opening canister keeps the brush completely out of sight while its ventilated tray prevents water pooling. The brand's reputation for well-designed, durable kitchen and bath tools gives me confidence it will hold up, and at $19.97 the price is reasonable for the quality."
survey_toilet-brush-choice__y5L5Esa,persona/datasets/matraix-persona-1m/cohorts/cohort-162f4cf6eb0f/persona_gss-9b8c8a443871.yaml,1.0,clorox_under_rim,Clorox Corner Under-Rim,15.5,5,cleaning,4,65-74,,North America,Middle,Man,Retirement,,,Retired,"I'm a practical man and I trust the Clorox name for bathroom cleaning. The corner caddy saves space and the under-rim scrubber is a sensible feature for getting the job done right, all at a fair price."
survey_toilet-brush-choice__y9oVnsE,persona/datasets/matraix-persona-1m/cohorts/cohort-162f4cf6eb0f/persona_stackoverflow-54582e5057ea.yaml,1.0,oxo_hideaway,OXO Hideaway Compact,19.97,4,hygiene,4,35-44,,North America,,,,,,Full-time,"I want a brush that stays out of sight and doesn't leave a puddle of water in the holder, and the OXO Hideaway's auto-opening canister with a ventilated tray solves both without being bulky. OXO is a brand I trust for durable, well-designed household tools, and at $19.97 it's a reasonable one-time purchase for something I'll use daily for years."
survey_toilet-brush-choice__yAKsf4y,persona/datasets/matraix-persona-1m/cohorts/cohort-162f4cf6eb0f/persona_gss-bca5aba84886.yaml,1.0,jiga_3pack,JIGA 3-Pack,13.99,5,price,4,45-54,,North America,Lower-middle,Woman,,,,Homemaker,"With two kids and three bathrooms to keep clean, the JIGA 3-pack gives me a brush for each bathroom at a price I can actually afford on our budget. The stiff nylon bristles and covered caddy bases are simple and practical, and I don't need anything fancy to get the job done."
survey_toilet-brush-choice__yD8jQgj,persona/datasets/matraix-persona-1m/cohorts/cohort-162f4cf6eb0f/persona_wiki-476c77f8ce98.yaml,1.0,oxo_hideaway,OXO Hideaway Compact,19.97,4,hygiene,4,,Indifferent,North America,Low income,Woman,Mid-life,Small town,,Self-employed,"I want a brush that disappears when it's not in use — the hideaway canister keeps the bathroom looking tidy and the ventilated tray means it dries instead of sitting in dirty water. OXO's reputation and the top-rated status give me confidence it will last, and the compact footprint suits a small shared bathroom."
survey_toilet-brush-choice__yDCXuZh,persona/datasets/matraix-persona-1m/cohorts/cohort-162f4cf6eb0f/persona_wiki-9a77c5c94382.yaml,1.0,oxo_hideaway,OXO Hideaway Compact,19.97,4,hygiene,4,65+,Value-driven,North America,Middle,Man,Mid-life,Small town,$50k-100k,Full-time,"I want a set that looks tidy and stays hygienic, and the OXO Hideaway's auto-opening canister hides the brush while the ventilated tray keeps water from pooling in the base. It's a trusted brand with a compact footprint and top-rated reviews, and at $19.97 the price is reasonable for the build quality."
survey_toilet-brush-choice__yEpwitD,persona/datasets/matraix-persona-1m/cohorts/cohort-162f4cf6eb0f/persona_stackoverflow-d67a69fd773c.yaml,1.0,oxo_hideaway,OXO Hideaway Compact,19.97,4,hygiene,4,35-44,,North America,,,,,,Full-time,"I want a hygienic, well-designed set with a ventilated tray that prevents water pooling, and the OXO hideaway canister keeps the brush out of sight in a small bathroom. The brand has a solid track record and it's the top-rated option, so at $19.97 it's a reasonable one-time buy rather than gambling on a cheap 3-pack."
survey_toilet-brush-choice__yLK8WKN,persona/datasets/matraix-persona-1m/cohorts/cohort-162f4cf6eb0f/persona_gss-e727582c9558.yaml,1.0,oxo_hideaway,OXO Hideaway Compact,19.97,4,hygiene,4,55-64,,North America,Upper-middle,Woman,,,,Full-time,"I want a clean, uncluttered look in my guest bathroom, and the OXO Hideaway keeps the brush completely out of sight with an automatic-opening canister and a ventilated tray that prevents water pooling. OXO is a brand I trust for sturdy, well-made household items, and at $19.97 the price is reasonable for the quality and top-rated reputation."
survey_toilet-brush-choice__yMHALyG,persona/datasets/matraix-persona-1m/cohorts/cohort-162f4cf6eb0f/persona_gss-71ec60c811cb.yaml,1.0,oxo_hideaway,OXO Hideaway Compact,19.97,4,hygiene,4,25-34,,North America,Middle,Man,,,,Full-time,"I have three kids and a small bathroom, so a compact set that hides the brush and doesn't pool water matters more than saving a few bucks. OXO is a brand I trust and it's the top-rated pick, so $19.97 feels like a fair middle-of-the-road price for something that will last."
survey_toilet-brush-choice__yPxbLjP,persona/datasets/matraix-persona-1m/cohorts/cohort-162f4cf6eb0f/persona_amazon-3116f36638a8.yaml,1.0,oxo_hideaway,OXO Hideaway Compact,19.97,4,hygiene,4,,,North America,,Man,,Suburban,,,"I've had good luck with OXO products and this one hides the brush away so my bathroom stays looking clean, which matters to me. The auto-open canister and ventilated tray mean less standing water and gunk, and at under $20 the price is fair for something top rated."
survey_toilet-brush-choice__yT5AbBu,persona/datasets/matraix-persona-1m/cohorts/cohort-162f4cf6eb0f/persona_wiki-cd2e621668c0.yaml,1.0,oxo_hideaway,OXO Hideaway Compact,19.97,4,hygiene,4,55-64,Value-driven,North America,Middle,Man,Retirement,Suburban,null,Self-employed,"I value a clean, uncluttered bathroom and the OXO Hideaway's auto-opening canister keeps the brush completely out of sight while its ventilated tray prevents standing water. OXO's reputation for durable, well-designed household tools justifies the mid-range price, and the compact footprint suits my space."
survey_toilet-brush-choice__yWicagM,persona/datasets/matraix-persona-1m/cohorts/cohort-162f4cf6eb0f/persona_gss-16e06f8c5047.yaml,1.0,jiga_3pack,JIGA 3-Pack,13.99,5,price,4,18-24,,North America,Lower-middle,Woman,,,,Homemaker,"With two kids and a tight budget, getting three brushes for $13.99 is the best value here — I can keep one in each bathroom and have a spare. Stiff nylon bristles and a covered caddy are all I really need, and the white design blends in fine."
survey_toilet-brush-choice__ye4eKD8,persona/datasets/matraix-persona-1m/cohorts/cohort-162f4cf6eb0f/persona_gss-3022bf422463.yaml,1.0,oxo_hideaway,OXO Hideaway Compact,19.97,4,hygiene,4,25-34,,North America,,Man,,,,Full-time,"I want a clean, minimal look where the brush is hidden away rather than sitting out, and the auto-open ventilated canister keeps things from getting gross. OXO's reputation for well-built, functional housewares and the top-rated status make the $19.97 price feel justified over the cheaper silicone options."
survey_toilet-brush-choice__yfPopwz,persona/datasets/matraix-persona-1m/cohorts/cohort-162f4cf6eb0f/persona_amazon-999eb6f9a54b.yaml,1.0,oxo_hideaway,OXO Hideaway Compact,19.97,4,cleaning,4,,,North America,,,,Suburban,,Self-employed,"I've had cheap plastic brushes fall apart and flimsy silicone heads that just smear stuff around. The OXO has firm nylon bristles that actually scrub, and the hideaway canister means I'm not looking at a nasty brush sitting in a puddle of water. Top-rated and compact is worth the extra few bucks to me."
survey_toilet-brush-choice__ygw5LPX,persona/datasets/matraix-persona-1m/cohorts/cohort-162f4cf6eb0f/persona_stackoverflow-c8babedc00fa.yaml,1.0,oxo_hideaway,OXO Hideaway Compact,19.97,4,hygiene,4,25-34,Value-driven,North America,,,Early career,,,Full-time,"I want a covered, hygienic brush that hides the head and stays clean, and OXO's auto-open canister with a ventilated tray solves the main problem I have with toilet brushes — sitting water and visible gunk. It's compact for a small bathroom, the design is minimal and unobtrusive, and at $19.97 it's a reasonable one-time buy from a brand with a decent track record rather than a cheap multi-pack I'd have to replace."
survey_toilet-brush-choice__yobYXdD,persona/datasets/matraix-persona-1m/cohorts/cohort-162f4cf6eb0f/persona_wiki-aa4a1d8ea357.yaml,1.0,oxo_hideaway,OXO Hideaway Compact,19.97,4,hygiene,4,65+,Value-driven,North America,High income,Man,Mid-life,Small town,$100k-200k,Self-employed,"The OXO Hideaway is the only set here that solves the actual problem: it conceals the brush entirely when stored, and the auto-open canister with a ventilated tray keeps water from pooling and breeding odor. I am buying one set for a guest bathroom, so I want a proven, top-rated design rather than a two- or three-pack of cheap plastic I will never use. At $19.97 the price is unremarkable, but the engineering and the reputation justify it."
survey_toilet-brush-choice__yt5LxM3,persona/datasets/matraix-persona-1m/cohorts/cohort-162f4cf6eb0f/persona_stackoverflow-f8e1b4ab8bf8.yaml,1.0,oxo_hideaway,OXO Hideaway Compact,19.97,4,hygiene,4,35-44,,North America,,,,,,Full-time,"I want a brush that hides the dirty head so the bathroom doesn't look gross, and OXO's auto-open canister plus ventilated tray solves the water-pooling problem that makes cheap holders disgusting. At $19.97 it's mid-priced but the brand has a track record, and a compact footprint matters in my small bathroom. I distrust flashy gimmicks like tweezers or 3-packs — I'd rather buy one thing that works."
survey_toilet-brush-choice__z2dbvsp,persona/datasets/matraix-persona-1m/cohorts/cohort-162f4cf6eb0f/persona_gss-278b5ad033e2.yaml,1.0,jiga_3pack,JIGA 3-Pack,13.99,5,price,5,55-64,,North America,Lower-middle,Woman,,,,Full-time,"I'm on a tight budget and a 3-pack at $13.99 gives me a brush for each bathroom plus a spare, which is the best value here. The stiff nylon bristles and covered caddy are all I really need for everyday cleaning."
survey_toilet-brush-choice__z8KRYNW,persona/datasets/matraix-persona-1m/cohorts/cohort-162f4cf6eb0f/persona_stackoverflow-b4f04e2bb082.yaml,1.0,oxo_hideaway,OXO Hideaway Compact,19.97,4,hygiene,4,25-34,,North America,,,,,,Full-time,"I want a slim, minimal set that hides the brush when stored and doesn't pool water — the auto-open hideaway canister and ventilated tray solve the gross drippy-brush problem, and it's the No.1 top rated option from a brand I trust at a reasonable $19.97. The compact footprint also suits a small bathroom."
survey_toilet-brush-choice__zBvRLgr,persona/datasets/matraix-persona-1m/cohorts/cohort-162f4cf6eb0f/persona_amazon-159f82bd8e58.yaml,1.0,oxo_hideaway,OXO Hideaway Compact,19.97,4,hygiene,4,,,North America,,,,,,,"I want a compact, tidy setup for a rented bathroom, and the OXO Hideaway's auto-open canister keeps the brush fully out of sight while the ventilated tray stops water pooling. It's top rated, brand-trusted, and at $19.97 it's a fair mid-range price for the build quality."
survey_toilet-brush-choice__zChK5ty,persona/datasets/matraix-persona-1m/cohorts/cohort-162f4cf6eb0f/persona_gss-6c79048bdee9.yaml,1.0,oxo_hideaway,OXO Hideaway Compact,19.97,4,hygiene,4,35-44,,North America,Middle,Woman,,,,Full-time,"I want a clean, minimal look and a holder that keeps the brush hidden and lets it dry without pooling water. OXO's hideaway canister, ventilated tray, and strong reputation for quality make it worth the $19.97 for a bathroom I care about."
survey_toilet-brush-choice__zKeA3Dt,persona/datasets/matraix-persona-1m/cohorts/cohort-162f4cf6eb0f/persona_gss-eee1dbe948d6.yaml,1.0,oxo_hideaway,OXO Hideaway Compact,19.97,4,hygiene,4,18-24,,North America,Middle,Man,Student,,,Student,"I'm a student on a tight budget but I want something that actually works and doesn't look messy in a shared bathroom. The OXO Hideaway is top-rated, hides the brush when stored, and has a ventilated tray so it won't get gross — worth the extra few dollars over the cheap silicone ones."
survey_toilet-brush-choice__zMa7YJQ,persona/datasets/matraix-persona-1m/cohorts/cohort-162f4cf6eb0f/persona_amazon-d813ab5afcd7.yaml,1.0,oxo_hideaway,OXO Hideaway Compact,19.97,4,hygiene,4,,,North America,,,,,,,"I want a brush set that stays out of sight and doesn't look like a toilet brush sitting in my bathroom, and the OXO Hideaway's auto-opening canister does exactly that. OXO is a brand I trust, the ventilated tray prevents gross standing water, and at $19.97 the price is reasonable for something I'll use for years."
survey_toilet-brush-choice__zPT2axd,persona/datasets/matraix-persona-1m/cohorts/cohort-162f4cf6eb0f/persona_amazon-a4fc61ad1876.yaml,1.0,oxo_hideaway,OXO Hideaway Compact,19.97,4,hygiene,4,,Cost-sensitive,North America,,,,,,,"I want something compact and tidy that hides the brush away, and OXO is a brand I trust for durability. At $19.97 it's a reasonable middle price for a set that should last and keep the bathroom looking clean."
survey_toilet-brush-choice__zQSGYdB,persona/datasets/matraix-persona-1m/cohorts/cohort-162f4cf6eb0f/persona_wiki-f55d7cf86bcc.yaml,1.0,oxo_hideaway,OXO Hideaway Compact,19.97,4,hygiene,4,65+,,North America,null,Man,Retirement,null,null,null,"At 65+ I value a tidy, functional bathroom and a trusted brand. The OXO Hideaway keeps the brush completely out of sight, opens automatically when lifted, and its ventilated tray prevents water pooling, so it stays hygienic and looks clean between uses."
survey_toilet-brush-choice__zXsmmCg,persona/datasets/matraix-persona-1m/cohorts/cohort-162f4cf6eb0f/persona_stackoverflow-76ff771fa66c.yaml,1.0,clorox_under_rim,Clorox Corner Under-Rim,15.5,3,price,3,45-54,,North America,,,,,,Full-time,"No persona-specific answer was produced, so a neutral answer was used."
survey_toilet-brush-choice__zdSebXK,persona/datasets/matraix-persona-1m/cohorts/cohort-162f4cf6eb0f/persona_gss-0d0312a2b72f.yaml,1.0,oxo_hideaway,OXO Hideaway Compact,19.97,4,hygiene,4,55-64,,North America,Middle,Man,,,,Full-time,"I want something simple and reliable for my bathroom, and the OXO Hideaway keeps the brush out of sight in a neat canister that opens automatically. The ventilated tray helps it dry out, and the $19.97 price is reasonable for a top-rated, well-made set."
survey_toilet-brush-choice__ziXT5Cc,persona/datasets/matraix-persona-1m/cohorts/cohort-162f4cf6eb0f/persona_gss-7f8c3cfb2255.yaml,1.0,oxo_hideaway,OXO Hideaway Compact,19.97,4,hygiene,4,35-44,,North America,Middle,Woman,,,,Full-time,"With three kids and a busy full-time schedule, I want something simple and reliable that keeps the bathroom looking tidy. The OXO Hideaway hides the brush away in a compact canister that opens automatically, and the ventilated tray keeps things from getting gross. It's a trusted brand at a reasonable price."
survey_toilet-brush-choice__zjN5m8g,persona/datasets/matraix-persona-1m/cohorts/cohort-162f4cf6eb0f/persona_gss-9782fe842350.yaml,1.0,clorox_under_rim,Clorox Corner Under-Rim,15.5,4,cleaning,3,55-64,,North America,Lower-middle,Man,,,,Unemployed,"I want something reliable and reasonably priced, and the Clorox set is a trusted brand name I recognize. The under-rim scrubber and corner caddy storage make it practical for keeping my bathroom clean without spending too much."
survey_toilet-brush-choice__zku3kNZ,persona/datasets/matraix-persona-1m/cohorts/cohort-162f4cf6eb0f/persona_wiki-ba8499e83fee.yaml,1.0,oxo_hideaway,OXO Hideaway Compact,19.97,4,hygiene,4,55-64,Value-driven,North America,Upper-middle,Woman,Mid-life,Small town,$100k-200k,Full-time,"I want a set that keeps the bathroom looking tidy and hygienic, and the OXO Hideaway's auto-opening canister hides the brush entirely while its ventilated tray prevents water pooling. OXO is a brand I trust, it has a compact footprint for my bathroom, and at $19.97 the price is reasonable for the build quality and top-rated reliability."
survey_toilet-brush-choice__zrhtPiq,persona/datasets/matraix-persona-1m/cohorts/cohort-162f4cf6eb0f/persona_gss-de77af43b96b.yaml,1.0,oxo_hideaway,OXO Hideaway Compact,19.97,4,hygiene,4,55-64,,North America,,Man,,,,Full-time,"I want a brush that stays out of sight and keeps the bathroom looking tidy, and the OXO Hideaway's auto-opening canister does exactly that. OXO is a brand I trust for well-built household tools, and the ventilated tray that prevents water pooling matters to me for hygiene. At $19.97 the price is reasonable for the quality."
survey_toilet-brush-choice__zvTAtyL,persona/datasets/matraix-persona-1m/cohorts/cohort-162f4cf6eb0f/persona_gss-ec40bc45f4ce.yaml,1.0,oxo_hideaway,OXO Hideaway Compact,19.97,4,hygiene,4,65-74,,North America,Middle,Woman,Retirement,,,Retired,"I want a tidy, no-fuss set that hides the brush away and dries without pooling water, and OXO has a reputation I trust for everyday household items. The compact footprint suits my smaller bathroom, and at $19.97 the price is reasonable for the quality."
survey_toilet-brush-choice__zyUXwGh,persona/datasets/matraix-persona-1m/cohorts/cohort-162f4cf6eb0f/persona_stackoverflow-3f935eeb4ced.yaml,1.0,oxo_hideaway,OXO Hideaway Compact,19.97,4,hygiene,4,35-44,,North America,,,,,,Full-time,"I want something compact and tidy that hides the brush when not in use, and the auto-open canister plus ventilated tray addresses the hygiene concern I care most about. OXO's reputation and its No.1 top-rated status give me confidence it will hold up, and $19.97 is reasonable for a well-reviewed everyday bathroom tool."
