choice,choice_why,reject_A,reject_B,reject_C,reject_D,reject_E,reject_F,display_position_influence
A,"I'll go with the AmazerBath Rainbow Emerald liner. It has the strongest review base (4.5★, 4,156 reviews), a luxury soft-touch EVA material that's BPA-free and odor-free, and the weighted bottom plus reinforced header suggest it will actually hold up. The emerald-green semi-transparent look is pretty and the price is fair for a liner I'll use every day.",already_chosen,look|material|price_suspicious,look|price_suspicious|brand,few_reviews|material,look|few_reviews,availability|few_reviews|size,slightly
A,"I'm cautious about anything that hangs in a steamy bathroom and touches water daily, so the AmazerBath's 4,156 reviews at 4.5 stars give me the evidence I need that it actually holds up. It's BPA-free and odor-free with brass grommets and a weighted hem, which addresses the durability and chemical-smell worries I have with cheap liners. At $18.99 it costs more, but I'd rather pay once for a liner I trust than replace a $7 one twice a year.",already_chosen,price_suspicious|brand|few_reviews,price_suspicious|brand|few_reviews,few_reviews|material,look|few_reviews|availability,availability|few_reviews|size,slightly
A,"I'm a cautious, detail-oriented shopper and I weight evidence heavily, so the 4,156 reviews at 4.5 stars on Option A give me the confidence the others can't. It's also the only liner with fully documented specs I care about — BPA-free odor-free EVA, brass grommets, reinforced header, weighted hem — and the emerald semi-transparent look suits my bathroom. The higher price is worth it to me for a product this well-proven.",already_chosen,brand|few_reviews|price_suspicious|look,brand|few_reviews|price_suspicious|look,few_reviews|material|brand|pack,look|few_reviews|availability|brand,availability|few_reviews|pack,slightly
C,"I want a waterproof, odor-free EVA liner with magnets that stays put, and Option C has the highest rating (4.6) with a solid review count near 1,000 at the lowest price ($7.09). The Art-Deco wave look is understated and tidy enough, and it's in stock.",price_too_high|look|transparency|brand,look|material|brand,already_chosen,few_reviews|material|pack,look|availability|rating,availability|few_reviews|transparency,slightly
C,"I want a liner that's odor-free EVA, stays put with magnets, and looks nice without spending much — and this one at $7.09 has a strong 4.6 rating with nearly a thousand reviews. The Art-Deco wave pattern suits my taste, and the tear-proof header and anti-rust grommets suggest it will hold up.",price_too_high|look,look|rating,already_chosen,few_reviews|look|pack,look|rating,availability|few_reviews|size,slightly
A,"I want a liner I can trust to last and stay in place, and AmazerBath has the strongest evidence base with 4,156 reviews at 4.5 stars, plus brass grommets, a weighted hem, and BPA-free odor-free EVA. The $18.99 price is higher than the others, but for something that hangs in a humid bathroom daily I'd rather pay once for proven quality than gamble on a $7 liner with an unfamiliar brand.",already_chosen,brand|price_suspicious|few_reviews,brand|price_suspicious|few_reviews,few_reviews|material|brand,look|transparency|few_reviews,availability|few_reviews,slightly
C,"It has the highest rating (4.6★) with a solid ~974 reviews, comes in at the lowest price ($7.09), and includes the weighted magnets I want so the liner stays against the tub. The blue water-wave texture looks nice without being loud, and EVA is the material I trust for odor-free, quick-dry care.",price_too_high|transparency|availability,look|brand|few_reviews,already_chosen,few_reviews|material|look,look|rating|availability,availability|few_reviews|size,slightly
C,"It has the highest rating (4.6) with a solid review count near 1,000, and the price of $7.09 is very reasonable for a liner. EVA material with magnets, a tear-proof header, and anti-rust grommets covers everything I actually need, and the wave pattern is a pleasant, understated look.",price_too_high|availability|look,look|price_suspicious,already_chosen,few_reviews|pack|material,look|rating|availability,availability|few_reviews|size,slightly
C,"I want a cheap, no-fuss liner that stays put against the tub, and this one has 3 heavy magnets plus a weighted hem. The 4.6 rating with nearly a thousand reviews gives me confidence it'll actually hold up, and at $7.09 I don't mind replacing it down the road.",price_too_high|transparency,look|price_suspicious,already_chosen,few_reviews|pack,rating|look|availability,availability|few_reviews,slightly
C,"It has the highest rating (4.6) among the affordable options with a solid review count (974), and the Art-Deco water-wave look fits my modern bathroom. At $7.09 with magnets, a tear-proof header and odor-free EVA, it's the best combination of value and design for me.",price_too_high,rating|look,already_chosen,few_reviews|material,look|few_reviews,availability|few_reviews,slightly
A,"It's the only one with a large, credible review base (4.5 stars, 4,156 reviews) and the materials/selling points are clearly spelled out — BPA-free EVA, odor-free, rustproof brass grommets, weighted hem. I'd rather pay a bit more for something I trust to hold up and not smell like plastic.",already_chosen,price_suspicious|brand|material|look,price_suspicious|brand|look|few_reviews,few_reviews|material|pack,few_reviews|rating|look|availability,availability|few_reviews|transparency,slightly
C,"It's the cheapest liner on the shelf at $7.09, yet it has the highest rating here (4.6★, 974 reviews) and covers the functional basics I care about: waterproof EVA, odor-free, 3 heavy magnets at the hem, and a tear-proof header with anti-rust grommets. I don't care about premium looks for a liner, so paying $18.99 for the AmazerBath makes no sense when this does the same job for a third of the price.",price_too_high,look,already_chosen,few_reviews|material,look|availability,availability|few_reviews,slightly
C,"It has the best combination of a strong 4.6 rating with a meaningful number of reviews (974) and a very low price of $7.09, so I feel confident it's a low-risk purchase. I also like the water-wave EVA design and the magnets at the bottom that keep it against the tub, which addresses my main functional concern.",price_too_high|look,review_concern|brand,already_chosen,few_reviews|pack|material,look|availability|few_reviews,availability|few_reviews,slightly
B,"It's cheap, has solid reviews (4.4★, 1,872), and EVA is my preferred material. The 3D cube texture and magnets at the bottom are exactly the features I want, and it's actually in stock.",price_too_high|availability,already_chosen,brand|price_suspicious,few_reviews|material,look|rating,availability|few_reviews,slightly
C,"It's the cheapest option at $7.09, has the highest rating on the shelf (4.6★) with a solid 974 reviews, and includes the weighted magnets and tear-proof header I want. EVA is odor-free and the Art-Deco blue wave look is subtle enough for my bathroom.",price_too_high,look|rating,already_chosen,few_reviews|material,look|few_reviews|availability,few_reviews|size,slightly
C,"I've been managing a chronic condition for years and I'm careful about what's in my home, so an odor-free EVA liner with no PVC is what I want. Option C has the highest rating on the shelf (4.6 with nearly a thousand reviews), the magnets and weighted hem keep it against the tub, and at $7.09 I can replace it whenever it starts looking tired instead of scrubbing it.",price_too_high|look,look|rating,already_chosen,few_reviews|material,look|availability,availability|few_reviews,slightly
A,"I value quality and health, and AmazerBath's BPA-free, odor-free EVA with a reinforced header, brass grommets, and weighted hem reads as the most trustworthy, well-made option. Its 4.5 stars from over 4,100 reviews give me the evidence I need, and the emerald semi-transparent look fits my aesthetic even at a higher price.",already_chosen,price_suspicious|brand|few_reviews,price_suspicious|brand|look,few_reviews|material|pack,look|transparency|availability,few_reviews,slightly
C,"It's the cheapest at $7.09, has the highest rating (4.6★) with a solid ~974 reviews, and includes the weighted magnets and tear-proof header I want. The Art-Deco blue wave look fits my bathroom and EVA is odor-free, which matters for a small space.",price_too_high|transparency,price_suspicious|look,already_chosen,few_reviews|pack,transparency|availability,availability|few_reviews|size,slightly
B,"It has a strong 4.4-star rating with nearly 1,900 reviews, so I trust it more than the cheaper, thinly-reviewed options. The 3D blue cube look is fun and modern, and at $7.19 it's a great value with magnets to keep it against the tub.",price_too_high,already_chosen,look,few_reviews|material,look|few_reviews,availability|few_reviews,slightly
A,"I'm retired and I'd rather spend a bit more once on something that feels substantial and well-reviewed. The AmazerBath liner has over 4,000 reviews at 4.5 stars, a soft-touch EVA material that's BPA-free and odor-free, brass grommets, and a weighted bottom — that combination of proven reliability and quality matters more to me than saving ten dollars. The emerald semi-transparent look also suits my bathroom better than the loud 3D patterns.",already_chosen,price_suspicious|look|brand,price_suspicious|look|brand,few_reviews|material|look,look|rating,availability|few_reviews|size,slightly
C,"It's the cheapest option at $7.09 but has the highest rating (4.6) with a solid ~974 reviews, so I'm not sacrificing reliability for price. It has the functional features I care about — 3 heavy magnets, rust-proof grommets, tear-proof header, and odor-free EVA — plus a look I actually like.",price_too_high,rating|look,already_chosen,few_reviews|pack,look|availability,availability|few_reviews,slightly
C,"I want a liner that stays put (magnets), is odor-free and safe (EVA), and doesn't cost much since liners get replaced often. Option C gives me all of that with a strong 4.6★ rating across ~974 reviews, a nice Art-Deco wave look, and the lowest price on the shelf.",price_too_high|look,look|few_reviews,already_chosen,few_reviews|material,look|few_reviews,availability|few_reviews,slightly
B,"I want a liner that's cheap, well-reviewed, and actually stays put against the tub. The jssablo at $7.19 has 1,872 reviews at 4.4 stars, the magnets at the bottom keep it from billowing, and it's EVA so no plastic smell. Good value without gambling on a brand-new listing.",price_too_high|availability,already_chosen,brand|few_reviews,few_reviews|pack,look|brand,availability|few_reviews,slightly
A,"I'm retired and own my home, so I'd rather spend a bit more on something that lasts and looks nice. The AmazerBath has the strongest track record here (4.5 stars, over 4,000 reviews), brass grommets instead of plastic, weighted stones, and it's BPA-free EVA with no odor — all things I care about. The emerald green semi-transparent look would brighten my bathroom without being see-through.",already_chosen,price_suspicious|brand|material|look,price_suspicious|brand|look,few_reviews|material|pack,look|transparency|availability,availability|few_reviews|transparency,slightly
B,"I want an EVA liner with magnets to hold it against the tub, and this one has 12 metal grommets, a weighted hem, and a decent 4.4 rating with nearly 1,900 reviews. At $7.19 it's a solid value without being suspiciously cheap, and it's in stock.",price_too_high,already_chosen,brand|few_reviews,few_reviews|material,look|availability,availability|few_reviews|size,slightly
B,"The jssablo Blue Cube liner has a strong 4.4 rating across 1,872 reviews, a reasonable $7.19 price, EVA material, magnets and weighted hem, and it is in stock. The 3D cube look is more appealing to me than a plain or overly patterned liner, and it gives me confidence without paying premium AmazerBath pricing.",price_too_high,already_chosen,look|brand|few_reviews,few_reviews|material|pack,look|transparency|few_reviews,availability|few_reviews,slightly
B,"It hits the sweet spot for me: strong 4.4★ rating with a solid 1,872 reviews, so I trust it, and at $7.19 it's a low-risk buy. The 3D cube texture looks nicer than a plain liner, and it has the magnets and weighted hem I want to keep it against the tub.",price_too_high|availability,already_chosen,few_reviews|brand,few_reviews|material|pack,look|transparency|availability,availability|few_reviews,slightly
C,"It has the best combination of a strong 4.6 rating from nearly 1,000 reviews and a very low $7.09 price. It ticks my functional boxes too: waterproof EVA, odor-free, 3 heavy magnets at the hem, and anti-rust metal grommets. The wave texture is a bonus I actually like.",price_too_high|look|availability,look|rating|brand,already_chosen,few_reviews|material,look|rating|availability|brand,availability|few_reviews|size,moderately
C,"It's the cheapest at $7.09 and still has a real 4.6 star rating with almost a thousand reviews, so I'm not gambling on a nobody listing. Water-wave look is fine, it's got magnets at the bottom and a weighted hem so it won't stick to me in the shower. I don't need luxury, I need a liner that shows up, hangs right, and costs nothing.",price_too_high|look,price_suspicious|look,already_chosen,few_reviews|material|pack,availability|look,availability|few_reviews,slightly
A,"I want a liner that actually holds up and doesn't stink up the bathroom, and the AmazerBath has thousands of reviews at 4.5 stars with brass grommets and a weighted hem. The emerald green is a pretty touch for our guest bath, and the price is fair for something I'll keep a couple of years. I'd rather pay a little more for EVA that's odor-free and BPA-free than gamble on a no-name liner.",already_chosen,look|brand|price_suspicious,look|brand|price_suspicious,few_reviews|material|brand,look|availability|brand,few_reviews|size,slightly
C,"I want a semi-transparent liner that still lets some light through, and C has the best rating on the shelf (4.6 with a solid 974 reviews) at the lowest price. The Art-Deco wave texture is subtle but pretty, and it has the magnets and weighted hem I need so it doesn't billow against me.",price_too_high|transparency|rating,look|rating,already_chosen,few_reviews|material|pack,transparency|look|availability,availability|few_reviews|size,slightly
C,"I want a semi-transparent, light-filtering liner with magnets and a weighted hem, and this one has the highest rating (4.6★) among the affordable options with a solid review count. The Art-Deco blue wave look is pretty without being busy, and at $7.09 it's an easy value pick.",price_too_high,look,already_chosen,few_reviews,look|transparency,availability|few_reviews,slightly
B,"It offers the best balance of price, material, and real-world function for my needs. The EVA material is odor-free and safer, the magnets keep it against the tub, and 1,872 reviews at 4.4★ give me enough evidence it holds up. At $7.19 it's a low-risk, high-value pick.",price_too_high|availability,already_chosen,brand|few_reviews,few_reviews|material,look|rating,availability|few_reviews|size,slightly
C,"It has the best combination of a high rating (4.6) with a solid review count (974), a low price of $7.09, and the features I actually care about: magnets at the hem, waterproof EVA, and anti-rust grommets. The Art-Deco wave texture in blue also fits the modern look I want without being boring.",price_too_high,price_suspicious|look,already_chosen,few_reviews|pack,look|transparency|availability,availability|few_reviews,slightly
C,"The LQFMEHOT has the highest rating (4.6) with a solid review count (974), the lowest price ($7.09), and it's in stock. It has the features I actually care about — magnets at the hem, waterproof EVA, and rust-proof grommets — without paying a premium for a colored liner.",price_too_high|availability,rating|look,already_chosen,few_reviews|material,look|rating,availability|few_reviews,slightly
B,"The jssablo Blue Cube liner at $7.19 gives me a strong 4.4★ rating backed by nearly 1,900 reviews, which feels reliable at a low price. It has the magnets and weighted hem I want, is in stock, and the 3D cube texture looks nicer than a plain liner. Good balance of value, evidence, and function.",price_too_high,already_chosen,price_suspicious|brand,few_reviews|material,look|few_reviews,availability|few_reviews,slightly
B,"It's cheap enough that I won't feel bad replacing a liner, it has a solid 4.4 with nearly 1,900 reviews so there's real evidence behind it, and the magnets plus weighted hem are the features I actually care about. The 3D cube texture also looks a lot nicer than a plain clear sheet.",price_too_high|look,already_chosen,price_suspicious|brand|few_reviews,few_reviews|material|pack,look|availability|few_reviews,availability|few_reviews|transparency,slightly
B,"I want a liner that stays put against the tub and looks a bit more designed than a plain sheet of plastic, and the jssablo 3D cube texture in blue does that. At $7.19 with 4.4 stars and nearly 1,900 reviews, it's cheap enough to replace without guilt and has enough of a track record that I trust it.",price_too_high|look,already_chosen,brand|look,few_reviews|material|pack,look|transparency|availability,availability|few_reviews|size,slightly
B,"It hits the sweet spot for me: a real EVA liner (healthier than PVC), 3 bottom magnets so it stays against the tub, and a premium-looking 3D cube texture — all for $7.19. With 4.4 stars across ~1,872 reviews it also has enough evidence behind it that I trust it, unlike the thin 2-pack and the barely-reviewed listings.",price_too_high|transparency,already_chosen,brand|look,few_reviews|material,look|availability,availability|few_reviews,slightly
A,"The AmazerBath liner has by far the strongest evidence base — 4.5 stars across 4,156 reviews — plus a soft-touch BPA-free EVA material, 12 brass grommets, a reinforced double-layered header, and a weighted bottom that keeps it in place. The emerald-green semi-transparent look is attractive and light-filtering, which is what I want in a liner. The $18.99 price is higher than the others, but for something I'll look at every day and that has this much proven reliability, it's worth paying for.",already_chosen,price_suspicious|brand|look,price_suspicious|brand|look,few_reviews|pack|material,look|few_reviews|availability,availability|few_reviews,slightly
A,"No persona-specific answer was produced, so a neutral answer was used.",already_chosen,already_chosen,already_chosen,already_chosen,already_chosen,already_chosen,not_at_all
C,"At $7.09 with a 4.6-star rating and nearly 1,000 reviews, the LQFMEHOT wave liner is the best combination of price, evidence and features. It has the weighted magnets and anti-rust grommets I want, plus a blue gradient look that will read nicely in our bathroom without being boring.",price_too_high|transparency,few_reviews|brand,already_chosen,few_reviews|material,look|few_reviews,availability|few_reviews|size,slightly
C,"It's the cheapest option at $7.09 with the highest rating on the shelf (4.6 stars, ~974 reviews), so it's the best value with solid evidence behind it. It has the features I care about — magnets at the hem, waterproof EVA, tear-proof header — and the blue wave look is fine for my bathroom.",price_too_high|availability,look|rating,already_chosen,few_reviews|material,look|availability|rating,availability|few_reviews,slightly
C,"It's the cheapest option at $7.09 but still has a solid 4.6★ with nearly 1,000 reviews, so I'm not gambling on an unknown. It has the weighted magnets and anti-rust grommets I want, and the blue water-wave look is nice without being boring.",price_too_high,few_reviews|rating,already_chosen,few_reviews|material,look|few_reviews,availability|few_reviews,slightly
C,"It's got the best rating on the shelf (4.6 with ~974 reviews, enough to trust), the lowest price at $7.09, and it actually has the features I care about — 3 heavy magnets at the hem, anti-rust grommets, reinforced header, odor-free EVA. I'm a practical buyer: cheap, proven, and functional beats fancy.",price_too_high|look,look,already_chosen,few_reviews|material,look|few_reviews|availability,availability|few_reviews|size,slightly
C,"I want an affordable, odor-free EVA liner with a weighted magnetic hem, and the LQFMEHOT has the strongest rating (4.6) with a solid 974 reviews at just $7.09. The Art-Deco wave look is subtle and modern enough for my bathroom, and it's in stock.",price_too_high|look,look|price_suspicious,already_chosen,few_reviews|pack,look|few_reviews,availability|few_reviews,slightly
C,"It has the highest rating (4.6) with a solid 974 reviews, is the cheapest at $7.09, and includes the weighted magnets I want for staying against the tub. EVA material is odor-free and PVC-free, which fits my safety preference, and it's in stock.",price_too_high|look,look,already_chosen,few_reviews|pack,look|rating,availability|few_reviews|size,slightly
C,"It has the highest rating (4.6) with a solid review count (974), which gives me confidence it actually works. The Art-Deco blue water-wave look is pretty and modern, and at $7.09 it's the best value with the magnets and weighted hem I want. As a parent, I need a liner that's odor-free EVA, easy to wipe clean, and cheap enough to replace when it gets grimy.",price_too_high,look,already_chosen,few_reviews|material,look|rating|availability,few_reviews|size,slightly
A,"I'm a cautious adopter and I'd rather pay a bit more for something I trust. Option A has over 4,000 reviews at 4.5 stars, a reinforced header, brass grommets and weighted stones — the details I actually care about. The emerald green is pretty too, and I like that it's odor-free and BPA-free.",already_chosen,price_suspicious|brand|look,price_suspicious|brand|look,few_reviews|material|pack,rating|review_concern|availability,availability|few_reviews|info_incomplete,slightly
C,"It's the cheapest option at $7.09 but still has a strong 4.6★ rating with ~974 reviews, which feels like solid evidence for a low-risk purchase. It has the weighted magnets, anti-rust grommets, and odor-free EVA that I want, and the blue water-wave look is nice enough for a liner.",price_too_high,look,already_chosen,few_reviews|material|look,look|few_reviews,availability|few_reviews|size,moderately
B,"I want a liner that stays put and looks nice without spending much — the jssablo has 3 magnets at the hem, a real 4.4★ rating with nearly 1,900 reviews, and a premium-looking 3D texture at just $7.19. The 70% EVA material is also reassuring from a safety standpoint. It hits my priorities: magnet/weighted hem, value, and proven reviews.",price_too_high,already_chosen,brand|few_reviews,few_reviews|material,look|transparency,availability|few_reviews|info_incomplete,slightly
B,"I want a liner that stays put and is easy to clean, and this one has magnets at the bottom plus a decent number of reviews at a low price. The blue cube texture is fine and 72x72 fits my tub. I'm not paying $18.99 for a liner, and the cheaper ones with almost no reviews or that I can't even buy aren't worth the risk.",price_too_high,already_chosen,brand|few_reviews,few_reviews|material,few_reviews|look,availability|few_reviews,slightly
A,"I'd rather pay a bit more for a liner that's odor-free, BPA-free, and holds up — the weighted bottom and rustproof brass grommets matter to me, and 4,156 reviews at 4.5 stars is real evidence. The emerald green semi-transparent look is classy enough for my bathroom.",already_chosen,price_suspicious|brand|material,price_suspicious|brand|look,few_reviews|material|pack,look|few_reviews,availability|few_reviews,slightly
C,"It has the best combination of a strong 4.6-star rating with a solid review base (974), an affordable $7.09 price, and all the features I care about — EVA material, magnets at the bottom, and a rust-proof header. The blue wave design looks clean and modern without being too loud.",price_too_high|availability,look|few_reviews,already_chosen,few_reviews|material,look|few_reviews|availability,availability|few_reviews|transparency,slightly
B,"The jssablo Blue Cube liner hits the sweet spot for me: it's cheap at $7.19, has a solid 4.4 rating with nearly 1,900 reviews (enough evidence to trust it), and it's in stock. I like that it has magnets to keep it against the tub and an EVA material that's healthier than PVC, and the 3D cube texture looks nicer than a plain clear liner.",price_too_high|look,already_chosen,price_suspicious|brand,few_reviews|material,look|few_reviews,availability|few_reviews,moderately
C,"I want a liner that's waterproof, odor-free and stays put, and this one has the highest rating on the shelf (4.6 with nearly a thousand reviews) at the lowest price. The wave pattern looks clean and modern without being flashy, and the magnets at the hem mean it won't billow against me in the shower.",price_too_high|look,look|rating,already_chosen,few_reviews|material,look|availability,availability|few_reviews|size,slightly
C,"It's the best combination of a strong 4.6 rating with a meaningful review count (974), a low $7.09 price, EVA material that's odor-free, and the weighted magnets I want so it stays against the tub. The wave texture is a nice look without being gimmicky, and it's in stock.",price_too_high|transparency|size,look|material,already_chosen,few_reviews|material|pack,look|few_reviews|availability,availability|few_reviews|size,slightly
A,"I'm retired and want a liner that lasts and looks nice in my bathroom, so I'll pay a bit more for the AmazerBath. It has by far the most reviews (4,156 at 4.5 stars), a soft-touch EVA that's BPA-free and odor-free, brass grommets, and a weighted hem that stays put. The emerald green semi-transparent look is attractive without being see-through cheap.",already_chosen,price_suspicious|brand|look,price_suspicious|brand|look,few_reviews|material,look|rating|availability,availability|few_reviews,moderately
A,"I want a liner I won't have to think about again, and Option A is the only one with a deep, verifiable review base (4,156 reviews at 4.5★) plus the features I actually care about: 12 rustproof brass grommets, a reinforced double-layered header, and weighted stones instead of just magnets. The $18.99 price is higher than the others, but for something I'll see and handle daily, I'd rather pay once for proven durability and odor-free EVA than gamble on a $7 liner with a thin track record.",already_chosen,price_suspicious|brand|look,price_suspicious|brand|look|few_reviews,few_reviews|material|look|pack,look|few_reviews|availability,availability|few_reviews|size,slightly
A,"I want a liner that's solidly made and won't need replacing in a year, and this one has the strongest track record with over 4,000 reviews at 4.5 stars. The brass grommets, reinforced header, weighted hem, and odor-free BPA-free EVA check the boxes I actually care about, and I'd rather pay a bit more once than re-buy a cheap one.",already_chosen,price_suspicious|brand|look,price_suspicious|brand|look,few_reviews|material|pack,look|rating|availability,availability|few_reviews|size,slightly
A,"I've been burned by cheap liners that get slimy and smell like plastic within weeks, so I'd rather pay a bit more for the AmazerBath. The brass grommets, weighted bottom, and 4.5 stars across 4,000+ reviews give me confidence it'll actually hold up, and the emerald EVA looks nice enough that I won't feel like I need a decorative curtain over it.",already_chosen,price_suspicious|look|brand,price_suspicious|brand|few_reviews,few_reviews|material|pack,look|availability,availability|few_reviews|size,slightly
C,"It has the highest rating (4.6★) among the options with a meaningful number of reviews (974), comes with the functional features I care about (3 heavy magnets, tear-proof header, anti-rust grommets), and at $7.09 it's the cheapest single liner. The Art-Deco wave texture in blue also fits the light-filtering, semi-transparent look I prefer for a bathroom.",price_too_high|transparency,few_reviews|look,already_chosen,few_reviews|pack|material,look|transparency|few_reviews,availability|few_reviews|size,slightly
C,"The LQFMEHOT wave liner is the best blend of price and evidence for me: $7.09 is cheap for a liner, yet it has a 4.6★ rating with ~974 reviews, so it's not an unproven gamble. It has the features I actually care about — EVA material, 3 heavy magnets at the hem, waterproof quick-dry surface — and I like the blue gradient wave look more than a plain solid liner.",price_too_high,brand|look,already_chosen,few_reviews|look,look|few_reviews,availability|few_reviews,moderately
C,"I want a cheap liner that still has good evidence behind it, and the LQFMEHOT has the highest rating on the shelf (4.6★) with a solid ~974 reviews. At $7.09 it has everything I care about: magnets at the bottom, waterproof EVA, tear-proof header, and a nice blue wave look. The 72x72 size fits my standard tub.",price_too_high|transparency,look|rating,already_chosen,few_reviews,look|few_reviews,availability|few_reviews,slightly
C,"It has the highest rating (4.6) with a solid review count near 1,000, so I trust it more than the cheaper unknown brands. The price is very reasonable at $7.09, and it has the weighted magnets and rustproof hardware I want. The blue water-wave look is attractive and light-filtering without being fully clear.",price_too_high|availability,price_suspicious|few_reviews,already_chosen,few_reviews|material,look|few_reviews|availability,availability|few_reviews,slightly
C,"The LQFMEHOT Art-Deco wave liner has the best combination of evidence and price: 4.6 stars from 974 reviews is the strongest social proof on the shelf, and at $7.09 it's the cheapest option. It covers the functional basics I care about — EVA material, magnets at the hem, tear-proof header, waterproof, odor-free — so I'm not paying a premium for a liner I'll replace anyway.",price_too_high|transparency,look|price_suspicious,already_chosen,few_reviews|material|pack,look|transparency|availability,availability|few_reviews|look,moderately
C,"It has the highest rating (4.6) with a solid review count (974), the lowest price at $7.09, and all the functional features I want: rustproof metal grommets, a weighted hem with 3 heavy magnets, and odor-free EVA. The Art-Deco water-wave pattern in gradient blue is a look I find appealing and it is in stock.",price_too_high|look,look|price_suspicious,already_chosen,few_reviews|material|pack,look|few_reviews|availability,availability|few_reviews|size,slightly
B,"It's the best balance of price, material, and evidence: EVA (healthier than PVC/PEVA), 4.4 stars across ~1,900 reviews, magnets at the hem, and only $7.19. I don't need a luxury liner, but I do want proven reliability and a design that won't look cheap.",price_too_high|look,already_chosen,brand|few_reviews,few_reviews|material|pack,look|rating|few_reviews,availability|few_reviews|info_incomplete,moderately
A,"I want a liner that will last and that I can trust, and Option A is the only one with a large, established review base (4,156 reviews at 4.5 stars) plus clearly stated safety and quality details — 100% EVA, BPA-free, odor-free, reinforced double-layered header, 12 rustproof brass grommets and a weighted hem. The $18.99 price is higher than the others, but for something I use every day I would rather pay once for a well-documented, heavier-duty liner than gamble on a $7 product with a thin spec sheet.",already_chosen,price_suspicious|brand|look|material,price_suspicious|brand|look|material,few_reviews|material|pack|brand,look|transparency|rating|brand,availability|few_reviews|size,slightly
C,"It has the highest rating on the shelf (4.6 with ~974 reviews, which is plenty of evidence), it's the cheapest at $7.09, and it has the functional details I actually care about: magnets at the hem, a tear-proof header, and odor-free EVA. The Art-Deco blue wave look is pleasant without being busy, and it's in stock.",price_too_high|transparency,look,already_chosen,few_reviews|pack|material,look|availability,availability|few_reviews|size,slightly
A,"I've been burned by cheap liners that stink up the bathroom and tear at the grommets within months, so I'll pay a bit more for the AmazerBath. It's the only one with a real track record (4,156 reviews at 4.5 stars), brass grommets, a reinforced header, weighted bottom, and it's BPA-free and odor-free. At my age I'd rather buy one good liner than three flimsy ones.",already_chosen,price_suspicious|brand|review_concern,price_suspicious|brand|look,few_reviews|material|rating,transparency|few_reviews|availability,availability|few_reviews|pack,slightly
C,"It has the highest rating (4.6) with a solid near-1,000 review count, and at $7.09 it's the cheapest option while still having the magnets and weighted hem I want. The Art-Deco wave look is a nice bonus over a plain liner.",price_too_high|look|transparency,look|price_suspicious,already_chosen,few_reviews|material|pack,look|few_reviews|availability,availability|few_reviews|size,slightly
C,"It's cheap at $7.09, has a strong 4.6★ from ~1,000 reviews, and the EVA is odor-free with magnets and a weighted hem. The blue wave look is nice enough and it's actually in stock.",price_too_high,look,already_chosen,few_reviews,look|rating,availability|few_reviews,slightly
C,"The LQFMEHOT hits the sweet spot for me: a solid 4.6★ from nearly 1,000 reviewers (enough evidence to trust it), a waterproof wipe-clean EVA surface, and 3 heavy magnets so it actually stays against the tub. The Art-Deco blue wave look is nice enough to not feel like a cheap plastic sheet, and at $7.09 it's an easy, low-risk buy.",price_too_high|transparency|brand,look|price_suspicious|brand,already_chosen,few_reviews|material|pack,look|few_reviews|availability,availability|few_reviews,slightly
C,"Best combination of a strong 4.6 rating with a solid 974 reviews, a genuinely cheap $7.09 price, and all the functional stuff I care about: EVA material, magnets at the hem, rust-proof grommets, and a reinforced header. The water-wave gradient look is nice enough that I don't feel like I'm settling on appearance to save money.",price_too_high|availability,few_reviews|rating|look,already_chosen,few_reviews|material|pack,look|few_reviews|availability,availability|few_reviews|size,slightly
B,"I want a liner that looks decent without spending much — the jssablo 3D cube texture looks premium for only $7.19, it has magnets to stay against the tub, and 1,872 reviews at 4.4★ give me enough confidence it won't be junk. The gradient blue design is fun and it's actually in stock.",price_too_high|availability,already_chosen,brand|few_reviews|look,few_reviews|material|pack,look|availability|rating,availability|few_reviews|transparency,slightly
C,"It's the best combination of price, rating, and features for a liner I'll replace anyway. I want EVA (odor-free, no PVC worries), a weighted hem with magnets so it stays against the tub, and 4.6 stars across nearly 1,000 reviews gives me enough evidence that it actually holds up.",price_too_high,look|price_suspicious,already_chosen,few_reviews|material,look|availability,availability|few_reviews,slightly
C,"It has the highest rating (4.6) with a solid review count (974), and at $7.09 it's the cheapest option while still offering the weighted magnets I want. The Art-Deco wave texture is a nice bonus for a liner I'll mostly see through anyway.",price_too_high|look|availability,look|price_suspicious,already_chosen,few_reviews|material|pack,look|transparency|availability,availability|few_reviews|size,slightly
C,"It's the cheapest option at $7.09 but still has a strong 4.6 rating with nearly 1,000 reviews, plus the magnets and weighted hem I want. The Art Deco blue wave look is nice and light-filtering, which fits my bathroom.",price_too_high|transparency,look|brand,already_chosen,few_reviews|look,look|availability,availability|few_reviews|size,slightly
C,"It's the cheapest option at $7.09 but still has a strong 4.6 rating with nearly 1,000 reviews, which gives me confidence it's not junk. It has the features I care about — 3 heavy magnets, waterproof EVA, odor-free, and rust-proof grommets — so I get the function I want without paying a premium.",price_too_high|availability,look,already_chosen,few_reviews|material,look|few_reviews,availability|few_reviews,slightly
A,"I want a liner I can trust to last and stay clean, and Option A has the strongest evidence base by far (4.5★, 4,156 reviews) plus genuinely useful features: 12 rustproof brass grommets, a reinforced double-layer header, weighted stones, and BPA-free odor-free EVA. The $18.99 price is higher than the others, but for something I use daily and want to avoid re-buying, I'd rather pay once for durability and safety than save $10 on a thin liner with almost no review history.",already_chosen,price_suspicious|look|brand|few_reviews,price_suspicious|look|brand|few_reviews,few_reviews|material|pack,look|few_reviews|availability,few_reviews|size,slightly
A,"I want a liner I can trust in my own bathroom, and the AmazerBath has by far the strongest track record — 4.5 stars across 4,000+ reviews, a soft-touch 100% EVA that's BPA-free and odor-free, brass grommets, and a weighted hem. It costs more than the others, but for something I touch every day and that hangs in a humid room, paying $18.99 for proven quality and no plastic smell is worth it.",already_chosen,brand|look,brand|look,few_reviews|material|pack,look|few_reviews|availability,availability|few_reviews|size,slightly
C,"It's the best balance of everything I care about: 4.6 stars with ~1,000 reviews is the strongest evidence on the shelf, EVA is odor-free and safe, and it has the 3 magnets at the hem I want so it stays against the tub. At $7.09 it's cheap enough to just buy without agonizing, and the waterproof wipe-clean surface is what I need for a liner.",price_too_high|look|transparency,price_suspicious|look|rating,already_chosen,few_reviews|material|pack,look|few_reviews|availability,availability|few_reviews,moderately
A,"I want a liner that's genuinely odor-free, BPA-free and built to last, and the AmazerBath's soft-touch EVA with brass grommets, reinforced header and weighted hem looks the most durable and safest option here. The 4.5 stars across 4,000+ reviews gives me the evidence I need that it holds up in real bathrooms, and I'm fine paying more for something I'll use every day.",already_chosen,price_suspicious|brand|look,price_suspicious|brand|look,few_reviews|material|brand,transparency|rating|few_reviews,availability|few_reviews,slightly
C,"Best combination of a strong 4.6 rating with a solid nearly-1,000 review base, EVA material with magnets and weighted hem, and the lowest price on the shelf at $7.09. I'm frugal and this is a liner, not a design statement, so I don't want to overspend.",price_too_high|transparency|look,look|rating|brand,already_chosen,few_reviews|material|pack,look|few_reviews,availability|few_reviews|size,slightly
C,"I'm a detail guy and this one checks the most boxes for me: a 4.6★ rating off nearly a thousand reviews (most reliable of the cheap options), EVA material that's odor-free, three heavy magnets plus a weighted hem so it stays put, and a tear-proof header. At $7.09 it's the best combination of proven quality and price on the shelf, and Art-Deco wave pattern is a look I can live with.",price_too_high|availability,price_suspicious|brand,already_chosen,few_reviews|material|brand,look|few_reviews,few_reviews,slightly
B,"I want a functional liner that stays put and has strong review evidence behind it. Option B is a single 72x72 EVA liner with 12 metal grommets, 3 magnets at the hem, and 1,872 reviews at 4.4 stars — solid proof of quality at a low $7.19. The 3D cube texture is a nice bonus without being a compromise on function.",price_too_high|transparency,already_chosen,brand|few_reviews,few_reviews|material|pack,look|transparency|availability,availability|few_reviews|size,slightly
A,"No persona-specific answer was produced, so a neutral answer was used.",already_chosen,already_chosen,already_chosen,already_chosen,already_chosen,already_chosen,not_at_all
A,"The AmazerBath has by far the strongest evidence behind it — 4.5 stars across 4,156 reviews — plus a reinforced double-layered header and weighted bottom that tell me it will actually hold up. I'll pay $18.99 for the brass grommets and soft-touch EVA because I've had cheap liners split and get moldy within months. The emerald semi-transparent look also fits my bathroom better than the blue cubes or a plain black liner.",already_chosen,price_suspicious|look|material,price_suspicious|rating|material,few_reviews|material,look|few_reviews|availability,availability|few_reviews|size,slightly
C,"I want a liner that does the two jobs that actually matter to me — stays put and doesn't grow gunk — and the LQFMEHOT at $7.09 does both with three heavy magnets and a waterproof wipe-clean surface. On top of that it's the highest-rated liner on the shelf at 4.6 stars with nearly a thousand reviews, so I'm not gambling on an unknown. The Art-Deco blue wave also looks a heck of a lot nicer than a plain sheet of plastic hanging in my bathroom.",price_too_high|look|transparency,rating|price_suspicious|look,already_chosen,few_reviews|rating|material|look,look|availability,availability|few_reviews|size,moderately
B,"I want a liner that stays put against the tub, and B has the 3 bottom magnets plus a weighted hem at a genuinely low price. The 4.4 stars across 1,872 reviews gives me enough evidence that it holds up, and the 3D cube texture looks nicer than a plain clear sheet. It's in stock and cheap enough that replacing it later isn't painful.",price_too_high|transparency|availability,already_chosen,brand|few_reviews|look,few_reviews|material|pack,look|few_reviews|availability,availability|few_reviews|size,slightly
C,"It has the highest rating (4.6) among the affordable options and a strong review base of 974, so it feels reliable. The EVA material is odor-free and the magnets plus weighted hem keep it in place, and the gradient blue wave look is attractive without costing much.",price_too_high|transparency,rating|look,already_chosen,few_reviews|pack,look|availability,availability|few_reviews,slightly
C,"It has the highest rating among the affordable options (4.6★ with ~974 reviews, enough evidence to trust), it's EVA and odor-free, and it has the weighted magnets and rustproof grommets I want. At $7.09 it's a low-risk purchase for a functional liner.",price_too_high|look,look,already_chosen,few_reviews|material,look|availability,availability|few_reviews,slightly
A,"No persona-specific answer was produced, so a neutral answer was used.",already_chosen,already_chosen,already_chosen,already_chosen,already_chosen,already_chosen,not_at_all
B,"The jssablo Blue Cube liner has a strong 4.4 rating across 1,872 reviews, a genuinely low $7.19 price, and all the functional features I want (12 metal grommets, 3 magnets at the hem, waterproof EVA). It's a single 72x72 liner with a distinctive but tasteful 3D cube texture, and it's in stock — the best balance of evidence, price, and function on this shelf.",price_too_high|look,already_chosen,brand|review_concern|look,few_reviews|material|pack,look|few_reviews|availability,availability|few_reviews|size,slightly
C,"It has the best combination of a strong 4.6 rating with a decent review count (974), a low $7.09 price, and the features I care about most — magnets at the bottom, tear-proof header, and odor-free EVA. The water-wave blue design is a bit decorative for my taste, but at this price with these specs and reviews it's the safest, most sensible buy. I'd rather spend a few dollars more than gamble on a listing with only 10-16 reviews.",price_too_high|look,price_suspicious|brand|look,already_chosen,few_reviews|brand|material,transparency|rating,availability|few_reviews|size,slightly
C,"I want a simple, affordable liner that stays put and is easy to clean, and Option C delivers that with a strong 4.6 rating from nearly 1,000 reviewers at the lowest price on the shelf. The blue water-wave look is subtle enough for my bathroom, and the magnets plus weighted hem are exactly the functional features I need without paying luxury prices.",price_too_high|look,price_suspicious|look,already_chosen,few_reviews|material,look|availability,availability|few_reviews,slightly
B,"It's the best combination of a genuinely low price and a strong track record — 4.4 stars across nearly 1,900 reviews is real evidence, not a brand-new listing. EVA material with magnets at the bottom and a weighted hem is exactly what I want in a liner, and the blue 3D cube texture looks nicer than a plain clear sheet. At $7.19 I can replace it without thinking twice.",price_too_high|transparency,already_chosen,price_suspicious|look|brand,few_reviews|material|look,review_concern|few_reviews|look,availability|few_reviews|size,slightly
A,"I'm willing to pay more for a liner that feels like a real upgrade rather than a flimsy plastic sheet. The AmazerBath has by far the strongest track record on this shelf — 4.5 stars across 4,156 reviews — plus BPA-free, odor-free EVA, brass grommets, and a weighted hem. At 64, I've bought enough cheap liners that yellowed and smelled to know the extra $10 is worth it.",already_chosen,price_suspicious|look|brand,price_suspicious|look|brand,few_reviews|material|look,look|transparency|few_reviews,availability|few_reviews|size,slightly
C,"I want a waterproof EVA liner with magnets to hold it against the tub, and Option C has the highest rating (4.6) at the lowest price ($7.09). The Art-Deco blue wave design fits my modern bathroom and the nearly 1,000 reviews give me reasonable confidence.",price_too_high|look|transparency,look,already_chosen,few_reviews|material|look,look|few_reviews|availability,availability|few_reviews,slightly
C,"It has the highest rating among the affordable options (4.6 stars with nearly 1,000 reviews), which gives me confidence it's reliable. The magnets and weighted hem matter to me since I have a toddler and don't want the liner sticking to us or flapping, and the price is reasonable for something I'll replace periodically.",price_too_high,price_suspicious|review_concern|look,already_chosen,few_reviews|material,look|rating,availability|few_reviews|size,slightly
C,"At $7.09 it's the best value here, and the 4.6-star rating with nearly 1,000 reviews gives me real evidence it holds up. It has the features I actually care about — waterproof EVA, three weighted magnets to keep it against the tub, and rust-resistant grommets — without paying the AmazerBath premium.",price_too_high,look,already_chosen,few_reviews|material,few_reviews|look|availability,availability|few_reviews,slightly
C,"It has the best combination of a strong rating (4.6★) with a solid review count (974), a very low price ($7.09), and the features I care about most — magnets at the bottom, rust-proof grommets, and an odor-free EVA material. The Art Deco wave look is a nice bonus, and it's in stock with no availability worries.",price_too_high|availability,look|price_suspicious,already_chosen,few_reviews|material,look|availability,availability|few_reviews,slightly
A,"I've had good luck with AmazerBath liners before and this one has over 4,000 reviews at 4.5 stars, which tells me it's reliable. The emerald green semi-transparent EVA with brass grommets will look nice in my bathroom, and the weighted bottom means it won't cling to me in the shower. The price is a bit more than the others, but I'd rather pay for something that lasts and looks good.",already_chosen,price_suspicious|look|brand,price_suspicious|look|brand,few_reviews|look|pack,look|rating|availability,availability|few_reviews,slightly
C,"It's the cheapest option at $7.09 and still has a strong 4.6★ rating with a decent 974 reviews, so I trust it more than the cheaper-looking listings with barely any feedback. It has the magnets and weighted hem I want, plus an odor-free EVA material, so it covers the basics without overspending on something as mundane as a liner.",price_too_high,look|brand,already_chosen,few_reviews,look,availability|few_reviews,slightly
B,"The jssablo Blue Cube liner has a strong, reliable review base (4.4★, 1,872 reviews), which matters most to me since I can't inspect it in person. It's EVA, has 3 bottom magnets to hold it against the tub, and at $7.19 it's a low-risk buy. The 3D cube texture looks nicer than a plain liner without being too loud.",price_too_high|look,already_chosen,brand|few_reviews,few_reviews|material,look|availability,availability|few_reviews|size,slightly
C,"It's cheap at $7.09 but still has a strong 4.6 rating across nearly a thousand reviews, plus magnets and a weighted hem so it stays put. The blue water-wave look is nicer than a plain liner, and the EVA material being odor-free matters to me.",price_too_high,look,already_chosen,few_reviews|material,look|few_reviews,availability|few_reviews|size,slightly
A,"I want a liner that feels well-made and safe to use, and the AmazerBath option has the strongest track record with thousands of positive reviews, a soft eco-friendly EVA material, brass grommets, and a weighted bottom hem. The emerald-green semi-transparent look is attractive and the reinforced double-layered header suggests it will hold up. The higher price is reasonable for the quality and peace of mind.",already_chosen,price_suspicious|brand|look,price_suspicious|brand|look,few_reviews|material|pack,look|few_reviews|availability,availability|few_reviews|transparency,slightly
C,"The LQFMEHOT liner hits my sweet spot: $7.09 is a great price, it has the highest rating on the shelf (4.6★ with ~974 reviews, enough to trust), and it has the practical features I want — 3 heavy magnets, anti-rust grommets, and a waterproof quick-dry EVA surface. The Art-Deco blue wave look is a bonus that fits a modern bathroom and I prefer a semi-transparent light-filtering liner over a blackout one.",price_too_high|look,look|rating,already_chosen,few_reviews|material|pack,look|transparency,availability|few_reviews,slightly
A,"I want a liner that feels premium and won't smell like plastic, and the AmazerBath EVA liner is BPA-free, odor-free, and has thousands of solid reviews. The emerald tone and brass grommets also fit the modern look of my bathroom, and at $18.99 it's still reasonable for something that lasts.",already_chosen,look|material|few_reviews|brand,look|material|brand|price_suspicious,look|few_reviews|material|pack,look|material|rating|review_concern,availability|few_reviews|material,slightly
C,"I want a light-filtering liner that keeps the bathroom bright, and this one has a strong 4.6-star rating from nearly 1,000 reviewers with all the functional features I care about — magnets, weighted hem, rust-proof grommets, odor-free EVA — at the lowest price on the shelf. The wave texture looks tasteful without being busy.",price_too_high|look,look|rating,already_chosen,few_reviews|pack|material,look|transparency|few_reviews,availability|few_reviews|size,slightly
C,"I chose C because I want a semi-transparent, light-filtering liner with a weighted/magnetic hem, and it has the strongest evidence base on this shelf (4.6★, 974 reviews) at the lowest price ($7.09). The EVA material and odor-free, waterproof claims match my preference for a simple, low-risk, easy-clean liner.",price_too_high|look,look|few_reviews,already_chosen,few_reviews|material,look|few_reviews,availability|few_reviews,slightly
A,"I want a liner that is genuinely odor-free and safe — EVA with BPA-free brass grommets and a reinforced header is worth paying more for. The 4,156 reviews at 4.5 stars give me solid evidence it holds up, and the weighted hem keeps it from billowing against me. The emerald semi-transparent look is a bonus in my bathroom.",already_chosen,price_suspicious|brand|look,price_suspicious|brand|look,few_reviews|material|look,review_concern|look|availability,availability|few_reviews|size,slightly
B,"The jssablo is cheap at $7.19, has a solid 4.4 stars with 1,872 reviews so I trust it, and it's in stock right now. It's EVA, has magnets to hold it to the tub, and the blue 3D cube look is fine for a liner. Good balance of price, proof, and function.",price_too_high|availability,already_chosen,brand|few_reviews,few_reviews|material,look|availability,availability|few_reviews|size,slightly
C,"It's the cheapest at $7.09 but still has the best rating on the shelf (4.6 stars with ~974 reviews — plenty of evidence) and it hits every functional box I care about: EVA material, waterproof, 3 weighted magnets, rust-proof metal grommets. I like the blue water-wave look and I'd rather not pay $19 for a liner I'm going to replace in a year anyway.",price_too_high,price_suspicious|look,already_chosen,few_reviews|material,few_reviews|rating|look,availability|few_reviews|size,moderately
A,"I'm a literature and interior-design person, so a liner that actually looks good in my bathroom matters to me — the emerald-green EVA with brass grommets and weighted stones reads as a deliberate design choice rather than a plastic sheet. It also has the strongest evidence on the shelf: 4.5 stars across 4,156 reviews, BPA-free, odor-free, and a weighted hem that keeps it from billowing. At $18.99 it's the priciest option, but for something I look at every day I'd rather buy once and be happy.",already_chosen,look|price_suspicious,look|price_suspicious,few_reviews|material|pack,look|transparency,availability|few_reviews|size,slightly
A,"I want a genuinely eco-friendly, odor-free EVA liner with a weighted hem, and this one has the strongest evidence behind it — 4.5 stars across 4,156 reviews — plus reinforced brass grommets and a weighted bottom that will actually stay put. The higher price is fine because I'd rather buy one liner that lasts and doesn't smell like plastic than gamble on a cheap unknown.",already_chosen,brand|price_suspicious|look,brand|price_suspicious|look,few_reviews|material|pack,look|availability|brand,availability|few_reviews|size,slightly
A,"No persona-specific answer was produced, so a neutral answer was used.",already_chosen,already_chosen,already_chosen,already_chosen,already_chosen,already_chosen,not_at_all
C,"It's the cheapest single liner at $7.09 with the highest rating (4.6) and a solid review count (974), plus magnets at the hem, tear-proof header, and odor-free EVA — everything I want functionally without overspending.",price_too_high,look|rating,already_chosen,few_reviews|pack|material,look|rating|few_reviews,availability|few_reviews|size,slightly
C,"It has the strongest combination of a high rating (4.6) with a solid review base (974), a very low price of $7.09, and the features I care about — EVA material, 3 magnets at the bottom, tear-proof header, and odor-free. The blue water-wave pattern is attractive without being loud, and it's in stock.",price_too_high|availability,look|rating,already_chosen,few_reviews|material|pack,look|availability|rating,availability|few_reviews,slightly
C,"I picked C because it has the strongest combination of a high rating (4.6) with a solid review base (974), a very low price, and the features I care about: EVA material, magnets at the bottom, anti-rust grommets, and a look I don't mind. It feels like the best value without the risk of an untested listing.",price_too_high,look,already_chosen,few_reviews|pack,look|availability,availability|few_reviews|size,slightly
C,"It's cheap enough to replace guilt-free, but it has the strongest review evidence of the budget options at 4.6 stars with nearly 1,000 reviews. It also has the functional stuff I actually care about: magnets at the hem, anti-rust grommets, and a tear-proof header. EVA and odor-free matters to me since it's in a steamy bathroom my kids use.",price_too_high|availability|transparency,price_suspicious|look|brand,already_chosen,few_reviews|material,look|availability|few_reviews,availability|few_reviews|size,slightly
B,"I want a liner that stays put against the tub, and this one has 3 magnets at the hem plus a weighted bottom, which is my top functional requirement. At $7.19 with a 4.4-star rating across nearly 1,900 reviews, it's a low-risk buy from a listing with enough evidence behind it, and the 3D cube texture looks tidy and modern rather than cheap.",price_too_high|look,already_chosen,price_suspicious|brand,few_reviews|material,look|availability,availability|few_reviews,slightly
A,"I want a liner I can trust, and the AmazerBath has by far the strongest evidence behind it — 4.5 stars across 4,156 reviews, BPA-free odor-free EVA, brass grommets and a weighted hem. The emerald-green semi-transparent look also suits my bathroom, and at $18.99 a liner is a small enough purchase that I'd rather pay for quality than gamble on a $7 no-name.",already_chosen,price_suspicious|brand|look,price_suspicious|brand|look,few_reviews|material|look,look|few_reviews|availability,availability|few_reviews|size,slightly
C,"I want a light-filtering blue liner that stays put and is easy to keep clean, and Option C gives me that with a strong 4.6 rating and a very low price. The Art-Deco wave texture looks attractive without being busy, and the magnets plus odor-free EVA check my practical boxes.",price_too_high|transparency|look,look|rating,already_chosen,few_reviews|pack,look|rating|availability,availability|few_reviews|size,slightly
C,"It has the strongest rating (4.6★) with a solid review count (~974), a low price at $7.09, EVA material, and the magnets plus weighted hem I want. The Art-Deco wave look is a nice bonus but the evidence quality and value are what seal it.",price_too_high|availability,rating|few_reviews|look,already_chosen,few_reviews|material,look|few_reviews|availability,availability|few_reviews,slightly
B,"It's the best combination of price, looks, and function for me. At $7.19 with a 4.4★ rating and nearly 1,900 reviews, the blue 3D cube EVA liner has the magnets and weighted hem I want, and it doesn't cost $19 like option A.",price_too_high|look,already_chosen,price_suspicious|brand|look,few_reviews|pack,look|availability,availability|few_reviews,slightly
C,"The LQFMEHOT has the highest rating (4.6★) with a solid review count near 1,000, and at $7.09 it's the cheapest option on the shelf. It has the magnets and weighted hem I want, plus a waterproof EVA surface that's easy to wipe clean — good value without paying luxury prices.",price_too_high,rating,already_chosen,few_reviews,look,availability|few_reviews,slightly
C,"It's cheap at $7.09 but still has a solid 4.6★ from nearly 1,000 reviews, which is way more social proof than the other budget picks. I like the blue water-wave look, and it checks my must-haves: EVA (odor-free, no PVC worries), magnets at the bottom, and a tear-proof rust-resistant header. Hard to beat that value for a liner I'll just swap out when it gets gross.",price_too_high|look,look|rating|review_concern,already_chosen,few_reviews|material|pack,look|availability|few_reviews,availability|few_reviews|size,slightly
C,"Best combination of a high rating (4.6 with ~1,000 reviews), a low $7.09 price, and the features I actually want in a liner: odor-free EVA, three heavy magnets, tear-proof header, and rust-proof grommets. The Art-Deco blue wave look is attractive without being loud, and it's in stock.",price_too_high|availability|transparency,brand|few_reviews,already_chosen,few_reviews|material|pack,look|availability,few_reviews,slightly
E,"I want a simple, solid liner without a busy pattern, and E is a plain black PVC-free EVA at a fair $9.99 with magnets, metal grommets and a decent 4.3★ from 116 reviews. A is nicer but I can't justify nearly $19 on a liner, and the two ultra-cheap blue ones feel like a quality gamble to me.",price_too_high,price_suspicious|look|brand|few_reviews,price_suspicious|look|brand|few_reviews,few_reviews|material|pack,already_chosen,availability|few_reviews|transparency,slightly
C,"It's the best combination of a strong 4.6 rating with a decent review count (974), a price I'm happy to pay for a liner, and it has the weighted magnets I want so it stays put against the tub. The Art-Deco wave look is a nice touch without being too busy, and EVA odor-free material is a plus.",price_too_high|look,look|material,already_chosen,few_reviews|material,look|availability,availability|few_reviews,slightly
C,"It's the cheapest at $7.09 but has the best rating on the shelf (4.6 stars) with about a thousand reviews, so I trust it. It has the weighted magnets, tear-proof header, and odor-free EVA I want, and the blue wave look is nice without being too much.",price_too_high,look,already_chosen,few_reviews|material,look|few_reviews,availability|few_reviews,slightly
C,"It has the highest rating (4.6★) among the affordable options and a solid review count (974), so I can trust it more than the cheaper unknown brands. At $7.09 with magnets, a weighted hem, and a waterproof EVA surface, it covers everything I actually need from a liner.",price_too_high|transparency,look|rating,already_chosen,few_reviews|material,look|rating,availability|few_reviews|size,slightly
C,"It has the highest rating (4.6) with a solid near-1,000 review count, which gives me confidence as a novice buyer. The low $7.09 price and the weighted magnets plus waterproof EVA material cover my practical needs without overspending.",price_too_high|availability,look|rating,already_chosen,few_reviews|material,look|rating|availability,availability|few_reviews|size,slightly
C,"It has the best combination of a high rating (4.6) with a meaningful review count (974), a low price, and the features I care about: 3 heavy magnets, a weighted hem, and a tear-proof rust-resistant header. I prefer a semi-transparent, light-filtering liner, and the blue gradient wave design is subtle enough for a tidy bathroom.",price_too_high|look|availability,look|review_concern,already_chosen,few_reviews|material|pack,look|few_reviews|availability,availability|few_reviews|info_incomplete,slightly
B,"It's the best balance of value and evidence: EVA material with 3 magnets and a weighted hem, and a solid 4.4★ across 1,872 reviews at just $7.19. Option C is slightly cheaper with a higher rating but has far fewer reviews, and B's 3D cube texture looks more premium.",price_too_high|availability,already_chosen,few_reviews|brand,few_reviews|material|pack,look|few_reviews|availability,availability|few_reviews,slightly
C,"It has the highest rating (4.6) among the affordable options, a decent review count (974), and the features I actually care about: EVA material, magnets at the bottom, and a tear-proof header. The Art-Deco wave look is a nice bonus and at $7.09 it's a low-risk purchase.",price_too_high|transparency,look|rating,already_chosen,few_reviews|material,look|few_reviews,availability|few_reviews,slightly
C,"It has the highest rating (4.6) with a solid near-1,000 review count, includes the weighted magnets I want, and at $7.09 it's the best value on the shelf. I'm not paying $19 for a liner, and the cheaper options with almost no reviews feel like a gamble.",price_too_high,brand|few_reviews,already_chosen,few_reviews|material,look|few_reviews,availability|few_reviews,slightly
C,"It has the best combination of a strong rating (4.6) with a meaningful review base, a low price, and the features I care about — magnets, weighted hem, and rust-resistant grommets. The wave texture gives it a clean look without being see-through in a way that feels cheap.",price_too_high|look,look|price_suspicious,already_chosen,few_reviews|material|pack,look|availability|few_reviews,availability|few_reviews,slightly
A,"The AmazerBath liner has by far the strongest evidence behind it — 4.5 stars across 4,156 reviews — and it's the only one that's genuinely odor-free, BPA-free EVA with rustproof brass grommets and a reinforced double-layered header. I'd rather pay $18.99 once for something well-made and durable than save ten dollars on a thin liner I'd be replacing in a year. The weighted bottom and wipe-clean care are exactly what I want in a liner.",already_chosen,price_suspicious|brand|look|material,price_suspicious|brand|look|material,few_reviews|material|pack,look|review_concern|availability,availability|few_reviews|size,slightly
C,"At $7.09 it's the cheapest single liner here but still has the highest rating on the shelf (4.6 stars with nearly 1,000 reviews), which makes it the best value with real evidence behind it. It has the weighted magnets I want, EVA material that's odor-free, and a look I don't mind.",price_too_high,rating,already_chosen,few_reviews|rating,look|rating,availability|few_reviews,slightly
A,"I'm a quality-first shopper and I'd rather spend a bit more on something that lasts and looks nice. The AmazerBath has the strongest review base by far (4.5 stars, 4,156 reviews), which tells me it's a proven product. The emerald-green soft-touch EVA with brass grommets and weighted bottom sounds luxurious and low-maintenance, and I like that it's eco-friendly and odor-free.",already_chosen,price_suspicious|brand|look,price_suspicious|brand|look,few_reviews|material|brand,look|availability|rating,availability|few_reviews|size,slightly
C,"I want a liner that stays put against the tub and doesn't look like a plastic bag, and this one has three heavy magnets plus a solid 4.6 stars with nearly a thousand reviews. At $7.09 it's the best combination of price, proven track record, and a look I don't mind in my bathroom.",price_too_high|availability|transparency,look|few_reviews,already_chosen,few_reviews|material,look|few_reviews|availability,few_reviews,slightly
B,"It has the strongest combination of a real review base (1,872 reviews at 4.4★), the features I actually care about — 12 metal grommets, 3 magnets at the hem, waterproof EVA — and a price that is easy to justify for something I'll replace in a year or two. The 3D cube texture in gradient blue looks a bit more considered than a plain clear liner, and it's in stock at $7.19.",price_too_high,already_chosen,brand|review_concern,few_reviews|material|pack,look|rating|availability,availability|few_reviews|size,slightly
A,"I want a liner that stays put and feels well-made, and the AmazerBath's weighted hem, reinforced double-layer header, and 12 brass grommets check those boxes. With 4,156 reviews at 4.5 stars and BPA-free, odor-free EVA, it's the option I trust most to last. The $18.99 is more than I'd normally pay, but the evidence backs it up.",already_chosen,price_suspicious|brand|look,price_suspicious|brand|look,few_reviews|material|pack,look|availability,availability|few_reviews,slightly
C,"I want an EVA liner that stays put and doesn't look institutional, and C hits that at the lowest price with the strongest rating and a solid review count. The Art-Deco wave texture and weighted magnets give me function and a bit of visual interest without paying luxury prices.",price_too_high|availability,look|material,already_chosen,few_reviews|material,look|availability,few_reviews,slightly
A,"I'm retired and buying a liner should last and look nice, not just be cheap. Option A has the strongest review base (4.5 stars, 4,156 reviews), a BPA-free odor-free EVA material I'd feel safe with, and a weighted hem with brass grommets — the emerald color also looks elegant. The $18.99 price is higher, but for something I look at every day and want to keep for a while, the quality and evidence justify it.",already_chosen,brand|price_suspicious|look,brand|price_suspicious|look,few_reviews|brand|material,look|few_reviews,availability|few_reviews,slightly
A,"I care about material safety and a clean modern look in my bathroom, and the AmazerBath emerald EVA liner is BPA-free, odor-free, and has a soft-touch finish with brass grommets and a weighted hem. It also has by far the strongest track record on this shelf (4.5 stars, 4,156 reviews), so I trust it will actually look and perform as advertised.",already_chosen,price_suspicious|look|brand,price_suspicious|look|brand,few_reviews|material|pack,look|transparency|rating,availability|few_reviews|size,slightly
C,"It's the cheapest single liner at $7.09 and still has a 4.6★ rating with nearly 1,000 reviews, so I get proven quality without paying a premium. It has the weighted magnets and anti-rust grommets I want, and the blue water-wave look is fine for a bathroom.",price_too_high|look,few_reviews|brand,already_chosen,few_reviews|material,rating|few_reviews|look,availability|few_reviews,slightly
C,"It's the best combination of strong reviews (4.6★ with ~974 ratings — enough evidence to trust), a look I actually like (blue water-wave gradient fits my aesthetic taste), and a very reasonable $7.09 price. It has the functional features I care about: magnets at the hem, rustproof grommets, waterproof quick-dry EVA, and 72x72 standard fit.",price_too_high,look|rating,already_chosen,few_reviews|material,look|availability,availability|few_reviews,moderately
C,"I want something inexpensive and dependable for a liner, and this one has the highest rating (4.6) with a solid number of reviews, so I trust it more than the cheaper no-name options. The blue wave look is pretty and the magnets at the bottom mean it stays put against the tub, which is what I care about most.",price_too_high|transparency,price_suspicious|look,already_chosen,few_reviews|material,look|rating,availability|few_reviews,slightly
A,"I want a liner that is genuinely odor-free and safe, and the AmazerBath is the only one that states BPA-free, eco-friendly EVA with a reinforced double-layer header, 12 brass grommets and a weighted bottom. With 4,156 reviews at 4.5 stars it has by far the most evidence behind it, and at $18.99 it's still a reasonable one-time purchase for something I'll use daily for years.",already_chosen,price_suspicious|brand|look|material,price_suspicious|brand|look,few_reviews|material|pack|brand,look|transparency|availability,availability|few_reviews|size|material,slightly
C,"It's the best combination of a genuinely low price ($7.09), a strong 4.6-star rating, and a solid review base just under 1,000, which feels trustworthy. It has the weighted magnets and rust-proof grommets I want, and the blue water-wave look is attractive without being gimmicky. The EVA material being odor-free and BPA-conscious matters to me since I care about sustainability and low-odor bathroom products.",price_too_high|look,price_suspicious|look,already_chosen,few_reviews|material|look,look|transparency,availability|few_reviews|size,slightly
C,"The LQFMEHOT has the highest rating (4.6) among options with a solid review base, and at $7.09 it's the cheapest while still including the weighted magnets, rust-proof grommets, and odor-free EVA I want. The blue water-wave look is subtle enough for a bathroom and I don't need to pay nearly $19 for a liner.",price_too_high|transparency,look,already_chosen,few_reviews|pack,transparency|look|availability,availability|few_reviews,slightly
C,"I want a liner that is cheap but not a total gamble, and C has the best rating (4.6) with a decent review base (974) at the lowest price ($7.09). It has the weighted magnets, rustproof grommets and odor-free EVA I care about, and I like the blue water-wave look more than a plain black or busy 3D texture.",price_too_high|transparency,price_suspicious|few_reviews|brand,already_chosen,few_reviews|material|pack,look|availability|few_reviews,availability|few_reviews,slightly
A,"I've had cheap thin EVA liners before and they tear at the grommets within a few months. The AmazerBath has 4,156 reviews at 4.5 stars, brass grommets, a reinforced double-layered header and weighted stones, so it should actually hold up. Yes it's $18.99, but a liner that lasts two years beats buying a $7 one three times.",already_chosen,price_suspicious|brand|look,price_suspicious|brand|look,few_reviews|material,few_reviews|look|availability,availability|few_reviews,moderately
C,"It's cheap, has a high 4.6 rating with a solid ~1,000 reviews, and the Art-Deco wave pattern in gradient blue looks good while still being semi-transparent to let light through. It also has the magnets and weighted hem I want so it stays against the tub.",price_too_high,look,already_chosen,few_reviews|material,look|rating,availability|few_reviews,slightly
B,"It's cheap at $7.19, has solid reviews (4.4★, 1,872), has the 3 magnets at the bottom I want, and it's actually in stock. The 3D cube texture is a nice bonus, but mainly it's the best combo of price, reviews, and function.",price_too_high|availability,already_chosen,brand|few_reviews,few_reviews|material,look|availability,availability|few_reviews,slightly
C,"It has the highest rating (4.6) with a solid review count (974), the lowest price ($7.09), and the Art-Deco wave look appeals to me more than plain or cube textures. It also has the functional features I care about: magnets at the hem, rust-proof metal grommets, and odor-free EVA.",price_too_high|availability,look,already_chosen,few_reviews|pack|material,look|few_reviews|availability,few_reviews|size,slightly
C,"It has the highest rating among the well-reviewed options (4.6★ with 974 reviews) at the lowest price ($7.09), and it includes the features I care about: EVA material, 3 magnets at a weighted hem, waterproof, and a tear-proof/anti-rust header. As a cautious, analytical buyer, the strong review evidence at a low price makes it the safest value pick.",price_too_high|transparency,look|rating,already_chosen,few_reviews|pack,look|rating|availability,availability|few_reviews|size,slightly
C,"It's the best combination of price, evidence, and features for me: 4.6 stars with nearly a thousand reviews, EVA (odor-free, no PVC worries), 3 magnets at the weighted hem, and a waterproof wipe-clean surface for $7.09. The blue water-ripple look is subtle enough for my bathroom, and nothing on the shelf beats that price-to-reliability ratio.",price_too_high,price_suspicious|look,already_chosen,few_reviews|pack|material,look|transparency|availability,availability|few_reviews|size,slightly
C,"It has the highest rating (4.6) among the liners with a meaningful review count (974), it's the cheapest at $7.09, and it has the functional features I need — 3 magnets at the hem, waterproof EVA, anti-rust grommets. The wave pattern is subtle enough for my bathroom and the listing gives me complete specs.",price_too_high|availability,few_reviews,already_chosen,few_reviews|material,transparency|availability|look,availability|few_reviews|transparency,slightly
A,"I'm retired and on a fixed income, but a shower liner is something I keep for a couple years, so I'd rather pay a bit more once and get the one with 4,000+ reviews backing it up. The AmazerBath is odor-free EVA with a weighted hem and brass grommets that won't rust, and the emerald color looks nice without being too dark. That combination of proven reliability and no-fuss care is worth the extra ten bucks to me.",already_chosen,price_suspicious|brand|look,price_suspicious|brand|look,few_reviews|material|brand,rating|few_reviews|look|availability,availability|few_reviews,slightly
C,"I want a simple, no-fuss liner that stays put and won't break the bank. The LQFMEHOT has the highest rating on the shelf (4.6 with nearly a thousand reviews), a fair price at $7.09, EVA material that's odor-free, and the three heavy magnets I care about for keeping it against the tub.",price_too_high|look,price_suspicious|look,already_chosen,few_reviews|material,look|transparency,availability|few_reviews,slightly
C,"It's the best combination of price, rating, and features for me. At $7.09 it's the cheapest option but still has 4.6 stars from nearly a thousand reviews, magnets at the bottom, and a rust-proof header — everything I actually need in a liner.",price_too_high|look,look,already_chosen,few_reviews|pack,transparency|availability,availability|few_reviews,slightly
C,"I want a liner that's functional, affordable, and pleasant to look at, and Option C hits all three: odor-free EVA, magnets and a weighted hem to keep it against the tub, a nice art-deco wave pattern, and a strong 4.6★ from nearly 1,000 reviewers at just $7.09. It's in stock and the listing gives me the specs I need, so I'd feel confident buying it.",price_too_high|look,look|review_concern,already_chosen,few_reviews|material|pack,look|few_reviews|availability,availability|few_reviews|size,slightly
B,"It's the best balance of price, reviews, and features for me: at $7.19 with 4.4 stars from nearly 1,900 reviews, it has real evidence behind it, plus magnets at the hem to keep it against the tub and a 70% EVA material that's odor-free. The 3D cube texture looks nicer than a plain clear liner without being a weird color.",price_too_high|look,already_chosen,price_suspicious|few_reviews|brand,few_reviews|material|pack,look|availability|few_reviews,availability|few_reviews|pack,slightly
C,It's the cheapest option with the best rating (4.6★) and a solid review base of ~974. EVA material with magnets at the bottom and a tear-proof header checks all my functional boxes without paying a premium.,price_too_high,look,already_chosen,few_reviews|material,look|few_reviews,availability|few_reviews|size,slightly
A,"I'll go with the AmazerBath emerald EVA liner. It's the only one with a solid, large review base (4,156 reviews at 4.5★) plus genuinely premium details like brass grommets, a reinforced double-layered header, and weighted stones — I'm willing to pay more for something that will actually last and won't smell like plastic. The eco-friendly, BPA-free, odor-free EVA also matches how I shop.",already_chosen,price_suspicious|brand|few_reviews,price_suspicious|brand|few_reviews|look,few_reviews|material|brand,look|few_reviews|transparency|brand,availability|few_reviews|size,slightly
B,"The jssablo Blue Cube liner is only $7.19, has a solid 4.4 rating with nearly 1,900 reviews, and includes the 3 magnets and weighted hem I want so it stays against the tub. It's EVA (no PVC worry), in stock, and cheap enough that replacing it later is no big deal.",price_too_high|availability,already_chosen,brand|few_reviews,few_reviews|material|pack,look|transparency|few_reviews,availability|few_reviews,slightly
C,"I want a cheap but well-reviewed liner, and C has the best rating (4.6) with a solid review count (974) at the lowest price ($7.09). It has the weighted magnets I want to keep it against the tub, and the blue wave look is nicer than a plain black liner. B is close but C edges it on rating and price.",price_too_high,look,already_chosen,few_reviews,look|few_reviews,availability|few_reviews,moderately
B,"It's the best balance of a price I'm comfortable with ($7.19), a solid 4.4★ across nearly 1,900 reviews, and the features I actually care about — magnets at the bottom and rust-resistant grommets. The 3D cube texture looks nicer than a plain liner, and EVA is odor-free and safe for a bathroom my kids use.",price_too_high|availability,already_chosen,price_suspicious|brand|few_reviews,few_reviews|material,look|availability,availability|few_reviews|size,slightly
C,"It's the cheapest option but still has the highest rating (4.6 stars) with a solid 974 reviews, so I'm not gambling. It has the weighted magnets and metal grommets I want, and the blue wave look is fine for my bathroom.",price_too_high,rating|price_suspicious,already_chosen,few_reviews|material,look|rating,availability|few_reviews,moderately
C,"It's the only option that hits every practical box I care about: a real EVA liner (odor-free, no PVC worries), 3 heavy magnets and a weighted hem so it actually stays against the tub, a tear-proof header with anti-rust metal buttons, 72x72 standard fit, and it's in stock at a genuinely low price. The 4.6★ rating with 974 reviews is the strongest evidence-to-price ratio on the shelf, and the blue water-wave gradient is a look I wouldn't mind looking at every morning. B is close, but C edges it out on rating and the reinforced header detail.",price_too_high|transparency,price_suspicious,already_chosen,few_reviews|material|look|pack,look|availability|few_reviews,availability|few_reviews|size,slightly
B,"I want a liner that stays against the tub and is easy to keep clean, and the jssablo has 3 bottom magnets, a waterproof wipe-clean surface, and a real review base (4.4★, 1,872 reviews). At $7.19 it's the best balance of function, evidence, and value — and the 3D blue cube texture is a nice upgrade over a plain clear liner.",price_too_high|transparency|availability,already_chosen,look|brand|few_reviews,few_reviews|material|pack,transparency|look|availability,availability|few_reviews|size,slightly
C,"It's the cheapest at $7.09 with the best rating on the shelf (4.6 stars) and nearly a thousand reviews, so there's real evidence behind it. EVA with magnets, weighted hem and a rust-proof header covers everything I actually need in a liner, and the blue wave pattern looks fine.",price_too_high|look,look|rating,already_chosen,few_reviews|material|look,look|availability,availability|few_reviews|price_suspicious,slightly
C,"It has the best combination of high rating (4.6) with a solid review count (974), a low price of $7.09, and the features I actually want — magnets at the bottom, waterproof EVA, and a rustproof header. I don't need a fancy look in a liner, so the Art-Deco wave pattern is fine, and the value is hard to beat.",price_too_high|transparency,price_suspicious|look,already_chosen,few_reviews|material,rating|few_reviews|look,availability|few_reviews,slightly
B,"I want a low-cost, well-reviewed EVA liner that stays in place, and B delivers that with 3 magnets, a weighted hem, and a 4.4-star rating from nearly 1,900 reviews at just $7.19. Its 3D cube texture also looks more premium than a plain clear liner without costing more.",price_too_high|look,already_chosen,brand|few_reviews,few_reviews|info_incomplete,look|availability,availability|few_reviews,slightly
B,"It's cheap at $7.19, has a solid 4.4 rating with nearly 1,900 reviews, and the magnets at the bottom keep it against the tub. The 3D cube texture looks nicer than a plain clear liner, and EVA is odor-free and safe.",price_too_high,already_chosen,brand,few_reviews|material,transparency,availability|few_reviews,slightly
C,"The LQFMEHOT water-wave liner has the highest rating on the shelf (4.6★) with a solid ~974 reviews, so there's real evidence behind it rather than a handful of early ratings. It's also the cheapest at $7.09 and still includes the features I'd want — EVA material, magnets at the hem, rust-resistant grommets. The wave pattern is subtle enough not to clash with my bathroom.",price_too_high|availability,price_suspicious|brand|few_reviews,already_chosen,few_reviews,look|few_reviews,availability|few_reviews,slightly
C,"The LQFMEHOT liner hits the sweet spot: the highest rating on the shelf (4.6 with ~974 reviews, enough to trust), the lowest price at $7.09, and it has the functional features I care about — 3 heavy magnets, tear-proof header, anti-rust grommets, odor-free EVA, and easy wipe-clean care. The Art-Deco wave texture in blue is a nice look for a bathroom and the 72x72 size is standard.",price_too_high,look,already_chosen,few_reviews|material,look|availability,availability|few_reviews,slightly
C,"The LQFMEHOT liner has the highest rating (4.6★) among options with a meaningful review base (~974 reviews), plus magnets, a weighted hem, and rust-proof grommets. At $7.09 it's the cheapest option that still looks trustworthy, so it's the best value without the risk of an unproven listing.",price_too_high|look,look,already_chosen,few_reviews|pack,look|availability,availability|few_reviews,slightly
C,"I want a liner that is cheap but still has real evidence behind it, and C has the highest rating on the shelf (4.6★ with 974 reviews) at the lowest price. It also has the functional things I care about — odor-free EVA, a weighted hem with 3 magnets, and a rust-proof header — plus a look I actually like.",price_too_high|look,look|price_suspicious,already_chosen,few_reviews|material,look|review_concern,availability|few_reviews|size,slightly
C,"The LQFMEHOT liner has the highest rating on the shelf (4.6★) with a solid ~974 reviews, so there's real evidence behind it. At $7.09 it's also the cheapest, yet it still has the magnets and weighted hem I want, plus an odor-free EVA material and a blue wave look that suits my bathroom.",price_too_high,look,already_chosen,few_reviews|rating,look|few_reviews,availability|few_reviews,slightly
B,"The jssablo liner offers the best combination of price, proven reliability, and features for my needs. At $7.19 with a 4.4-star rating from nearly 1,900 reviews, it has enough social proof to trust, and it includes the three magnets and weighted hem I want to keep it against the tub. The 3D cube texture looks more premium than a plain liner, and the EVA material is odor-free and safe.",price_too_high|look,already_chosen,brand|look,few_reviews|material,look|availability,availability|few_reviews,slightly
B,"I want an EVA liner that's odor-free and safe, and this one has a strong 4.4★ rating with nearly 1,900 reviews plus three magnets to hold it against the tub. At $7.19 it's an excellent value, and the gradient blue 3D cube texture looks nicer than a plain liner. It's in stock and ready to ship, which matters since I need it soon.",price_too_high|availability,already_chosen,price_suspicious|brand|rating,few_reviews|material|pack,look|availability|few_reviews,availability|few_reviews|size,slightly
A,"I chose the AmazerBath emerald EVA liner because it has the strongest track record on this shelf — 4.5 stars across over 4,000 reviews — and the specs match what I actually want: BPA-free, odor-free EVA, reinforced header, and a weighted bottom that stays put. Yes, $18.99 is more than the others, but for something I'll look at every day and that touches my family's bathroom, I'd rather pay a bit more for a liner that's clearly built well and won't need replacing in six months.",already_chosen,price_suspicious|brand|look,price_suspicious|brand|look,few_reviews|material|pack,look|few_reviews,availability|few_reviews,slightly
C,"The LQFMEHOT liner hits my sweet spot: under $8, a strong 4.6★ from nearly 1,000 reviews, odor-free EVA, magnets at the hem, and a pretty water-wave gradient that suits my bathroom's look. It's in stock and I don't need a 2-pack, so the value and design win out.",price_too_high|look,look|rating,already_chosen,few_reviews|pack,look|few_reviews,availability|few_reviews|size,slightly
C,"I want a liner that stays put, resists odor, and looks decent without spending a lot. The LQFMEHOT water-wave liner has the highest rating on the shelf (4.6 stars with ~974 reviews), magnets at the hem, tear-proof header, and odor-free EVA at just $7.09 — the best combination of value and evidence.",price_too_high|availability,look,already_chosen,few_reviews|material,look|rating,availability|few_reviews|size,slightly
C,"It has the highest rating (4.6) among liners with a solid review base (974), a low $7.09 price, EVA material with magnets and a weighted hem, and a wave texture that looks nicer than a plain liner. The listing details are complete enough for me to feel confident buying.",price_too_high|transparency,price_suspicious|look,already_chosen,few_reviews|material|pack,look|availability,availability|few_reviews,slightly
C,"It's the cheapest at $7.09, has the highest rating (4.6) with a solid ~974 reviews, and the blue water-wave texture looks nice in a bathroom. EVA material, magnets at the bottom, and anti-rust grommets cover everything I actually need from a liner.",price_too_high|availability,price_suspicious|look,already_chosen,few_reviews|pack,look|few_reviews,availability|few_reviews,slightly
A,"I'd go with the AmazerBath emerald EVA liner. It has the strongest review base by far (4.5 stars, 4,156 reviews), it's BPA-free and odor-free EVA with a weighted hem and rustproof brass grommets, and I'd rather pay a bit more for something that will actually hold up and not smell like chemicals. The $18.99 is more than I like spending on a liner, but the track record makes it worth it.",already_chosen,price_suspicious|brand|few_reviews,price_suspicious|brand|look,few_reviews|material|pack,few_reviews|look|brand,availability|few_reviews,slightly
C,"I want a low-cost EVA liner with strong evidence behind it, and C has the highest rating on the shelf (4.6★) with a solid 974 reviews at only $7.09. It also ticks the functional boxes I care about: magnets at the bottom, rust-proof grommets, waterproof, and odor-free EVA.",price_too_high|transparency,price_suspicious|few_reviews,already_chosen,few_reviews|material|pack,look|few_reviews,availability|few_reviews,slightly
C,"I want a liner that's cheap but still has real evidence behind it, and this one has the highest rating (4.6) with a solid 974 reviews. It has magnets to hold it to the tub, an odor-free EVA material, and at $7.09 it's easy on my budget.",price_too_high|look,price_suspicious|look,already_chosen,few_reviews|pack,look|availability,availability|few_reviews,slightly
C,"It has the highest rating (4.6) with a solid review count, costs the least, and includes the weighted magnets I want so it stays against the tub. The blue wave design is a nice look without paying a premium.",price_too_high|look,look,already_chosen,few_reviews|pack,look|availability,availability|few_reviews,moderately
A,"I buy liners rarely, so I'd rather pay a bit more for one that's odor-free EVA with brass grommets, a weighted hem, and 4,000+ reviews backing it up. The emerald green is semi-transparent and looks nicer than the plain or gradient blue options, and I don't need a 2-pack.",already_chosen,price_suspicious|brand|material,price_suspicious|brand|look,few_reviews|material|pack,look|few_reviews|brand,availability|few_reviews,slightly
E,"I want a plain, solid liner that just does its job without a lot of fuss or pattern. The black EVA is PVC-free, has the weighted magnets I want, and the price is reasonable at $9.99. The rating is decent and it's a straightforward, no-nonsense option.",price_too_high|look,look|price_suspicious,look|price_suspicious,few_reviews|look|pack,already_chosen,availability|few_reviews|transparency,slightly
C,"At $7.09 it's the cheapest option but still has a strong 4.6★ rating from nearly 1,000 reviews, which gives me confidence it's not junk. It has the weighted magnets and rustproof grommets I want, and the blue water-wave EVA look is subtle enough for my bathroom.",price_too_high|look,price_suspicious|look,already_chosen,few_reviews|look,look|few_reviews,availability|few_reviews|size,slightly
C,"I want a cheap, odor-free EVA liner that stays put, and this one has the strongest rating on the shelf (4.6 with ~974 reviews) plus magnets and a weighted hem. At $7.09 it's the best value without the risk of an unproven listing.",price_too_high|look,look|info_incomplete,already_chosen,few_reviews|pack,look|few_reviews,availability|few_reviews,slightly
C,"I chose C because it has the strongest combination of a high rating (4.6 stars) and a reasonable price ($7.09), plus it has the magnet/weighted hem I want so it stays against the tub. The 974 reviews give me enough confidence that it is a proven, reliable liner, and the EVA material is odor-free and easy to wipe clean.",price_too_high|look|availability,look|rating|brand,already_chosen,few_reviews|material|pack,look|rating|few_reviews|availability,availability|few_reviews|size,slightly
C,"It has the best combination of a strong 4.6★ rating with a near-1,000 review count and a very low $7.09 price. The Art-Deco blue water-wave texture looks good in a modern bathroom, and it still includes the practical features I care about: 3 heavy magnets, weighted hem, rust-proof grommets, and odor-free EVA. It's the best value with enough review evidence to trust.",price_too_high|look,look|few_reviews,already_chosen,few_reviews|material,few_reviews|look|availability,availability|few_reviews,slightly
C,"It has the best combination of a high rating (4.6★) with a solid review count (974), which makes me trust it, plus it's affordable at $7.09 and has the weighted magnets and tear-proof header I want for security and durability. The Art-Deco blue wave look is also pleasant without being flashy.",price_too_high,few_reviews|brand,already_chosen,few_reviews|material,look|few_reviews,availability|few_reviews,slightly
C,"It has the highest rating (4.6★) with a solid review count (974), a low price of $7.09, and all the features I actually want in a liner: EVA material, magnets at the bottom, weighted hem, and waterproof easy-clean surface. The Art-Deco wave look is a nice bonus without being too busy.",price_too_high|brand|availability,look|brand,already_chosen,few_reviews|material|look,rating|few_reviews|look|availability,availability|few_reviews|size,slightly
C,"It is the cheapest single liner at $7.09 but still has the strongest evidence on the shelf — 4.6 stars from 974 reviews, EVA material, 3 magnets and a weighted hem. The Art-Deco blue wave look is attractive and it is in stock, so I get solid quality signals without paying the $18.99 premium of option A.",price_too_high,price_suspicious|look,already_chosen,few_reviews|material|pack,look|availability,availability|few_reviews|size,slightly
C,"I want a simple, affordable liner that actually stays put and doesn't smell like chemicals, and this one checks those boxes. The 4.6-star rating with nearly a thousand reviews is solid evidence, the three magnets and weighted hem keep it against the tub, and at $7.09 it's an easy, low-risk purchase.",price_too_high|look|availability,look|price_suspicious,already_chosen,few_reviews|material|look,look|rating,availability|few_reviews|size,slightly
C,"It's the cheapest option at $7.09 but still has the most reviews (974) and the highest rating (4.6★) among the low-cost picks. Has the weighted magnets and rust-proof grommets I want, and the blue wave look is fine for a bathroom.",price_too_high,look|price_suspicious,already_chosen,few_reviews|pack,look|few_reviews,availability|few_reviews,slightly
C,"It has the highest rating (4.6★) among options with a solid, meaningful review base (974), a very low price, and it checks the functional boxes I care about — EVA material, magnets at the hem, waterproof and easy to clean. The Art-Deco wave look is also more appealing than a plain black or polka-dot liner.",price_too_high|look,rating|look,already_chosen,few_reviews|pack|material,look|few_reviews|availability,availability|few_reviews,moderately
C,"The LQFMEHOT liner is cheap at $7.09 but has the highest rating on the shelf (4.6) with a solid 974 reviews, so I'm not gambling on an unknown. It has the magnets I want, a weighted hem, odor-free EVA, and the blue water-wave look is more interesting than a plain or clear liner.",price_too_high|availability,look|few_reviews,already_chosen,few_reviews|material|pack,look|few_reviews|availability,availability|few_reviews,slightly
C,"It's the best combination of a strong 4.6 rating with a decent review count (974), a low $7.09 price, EVA material, and the weighted magnets I want. The Art-Deco wave look is attractive without being gaudy, and it's actually in stock.",price_too_high|availability,look|rating,already_chosen,few_reviews|material,look|availability,few_reviews,slightly
C,"At $7.09 it's the best value here — 4.6 stars with nearly 1,000 reviews gives me solid confidence, and it has the weighted magnets I want so the liner stays against the tub. The blue water-wave look is a nice bonus without paying extra for it.",price_too_high|availability,look|brand,already_chosen,few_reviews|material,look|few_reviews,availability|few_reviews,slightly
C,"I want an EVA liner that's odor-free and waterproof, with magnets to hold it against the tub. Option C has the highest rating (4.6) with a solid review count (974), plus a tear-proof header and anti-rust grommets at just $7.09 — the best combination of value and reliability here.",price_too_high|availability,rating|few_reviews|brand|look,already_chosen,few_reviews|material|brand,look|rating|few_reviews,availability|few_reviews,slightly
E,"I want a plain, opaque liner — I don't need a decorative pattern in a liner, and solid black keeps the tub area looking clean and hides any discoloration. The EVA is PVC-free, it has the weighted magnets I need, and at $9.99 the price is reasonable for something I'll replace every year or so.",price_too_high|look,price_suspicious|look,price_suspicious|brand|look,few_reviews|pack|look,already_chosen,availability|transparency|few_reviews,slightly
C,"It's the best balance of price, strong reviews (4.6★ with ~974 ratings), and features I care about — EVA material, magnets at the hem, and a subtle water-wave texture that won't look cheap. At $7.09 it's an easy value pick that ships in stock.",price_too_high,look,already_chosen,few_reviews,look|availability,availability|few_reviews,slightly
A,"I chose the AmazerBath Emerald EVA liner because it has the strongest track record on the shelf — 4.5 stars from over 4,000 reviews — and it's the only one with a full set of features I care about: 12 rustproof brass grommets, reinforced header, weighted bottom, and BPA-free odor-free EVA. The price is higher than the others, but I'd rather pay more once for a liner that's proven and won't need replacing in a few months.",already_chosen,price_suspicious|brand|look,price_suspicious|brand|look,few_reviews|material|pack,look|availability|rating,availability|few_reviews,slightly
C,"I want a cheap, functional liner with a strong track record — the LQFMEHOT has a 4.6 rating from nearly 1,000 reviews, magnets to hold it against the tub, and it's only $7.09. The blue wave pattern is a bit decorative for my taste but it's subtle enough and light-filtering, which I prefer over a plain opaque liner.",price_too_high|look,look|rating,already_chosen,few_reviews|material,look|availability,availability|few_reviews,slightly
A,"I'm going with the AmazerBath Emerald liner because it's the only one on this shelf that feels like a real upgrade rather than a cheap stopgap — soft-touch EVA, brass grommets, weighted stones, and a gorgeous emerald-green drape that'll make my bathroom look intentional. With 4,156 reviews at 4.5 stars, I've got actual evidence it holds up, and I'd rather pay $18.99 once for something lovely than $7 twice for something I resent every morning. 😊",already_chosen,price_suspicious|brand|look,price_suspicious|brand|few_reviews|look,few_reviews|material|pack,look|rating|availability,few_reviews|size,slightly
C,"Cheapest real option at $7.09 with the highest rating on the shelf (4.6) and a solid review count (974). Has magnets, weighted hem, rustproof grommets — all the function I need without paying $19 for a liner.",price_too_high|availability,look|rating,already_chosen,few_reviews|material,few_reviews|availability|look,availability|few_reviews,slightly
C,"It has the highest rating (4.6) among the liners with a solid review base (974 reviews), and at $7.09 it's the cheapest option while still offering the features I care about: weighted magnets at the hem, rust-proof metal grommets, and odor-free EVA. I'd rather spend under $10 on a functional liner than $19 on a luxury one.",price_too_high,look|price_suspicious,already_chosen,few_reviews|pack,look|availability,availability,slightly
C,"The LQFMEHOT liner hits the best balance for me: the highest rating on the shelf (4.6 with a solid 974 reviews), a low $7.09 price, EVA material, magnets at the hem, and a blue water-wave texture I actually find attractive. I'm analytical about value, so a well-reviewed, well-priced liner with the features I want beats the pricier AmazerBath.",price_too_high,few_reviews|rating,already_chosen,few_reviews|material,look|few_reviews,availability|few_reviews|size,slightly
C,"Best combination of strong rating (4.6 with 974 reviews), low price ($7.09), and the features I want: magnets at the bottom, rustproof metal grommets, and odor-free EVA. It's in stock and the listing gives me enough detail to trust it.",price_too_high|availability,look,already_chosen,few_reviews|pack,few_reviews|availability|look,few_reviews,slightly
A,"I'd buy Option A. I'm a details person and I know a liner is something I'll look at every single day, so I want one that's odor-free, well-made, and actually stays put — the brass grommets, reinforced double-layer header, and weighted bottom stones tell me it won't rip or flap against the tub. At $18.99 it's the priciest here, but with 4,156 reviews at 4.5 stars it's the only option with real evidence behind it, and I'd rather pay once for something that lasts than gamble on a $7 liner.",already_chosen,price_suspicious|look|brand|material,price_suspicious|look|brand|few_reviews,few_reviews|material|pack|rating,look|few_reviews|availability|transparency,few_reviews|size,slightly
A,"I chose Option A because it has by far the strongest evidence base — 4,156 reviews at 4.5 stars — which gives me real confidence in a product I'll use every day. The 100% EVA construction, BPA-free and odor-free claims, rustproof brass grommets, and weighted hem all line up with what I care about in a liner, and while $18.99 is more than the budget options, I'd rather pay a bit more for something well-reviewed and safe than gamble on a $7 liner with a thin track record.",already_chosen,price_suspicious|brand|material,price_suspicious|brand|few_reviews,few_reviews|brand|material,look|few_reviews|brand,availability|few_reviews,slightly
C,"It's the best blend of price and proof for me: 4.6 stars across nearly a thousand reviews, an odor-free EVA material, magnets at the hem, and a waterproof wipe-clean surface for just over seven bucks. I don't need a fancy look, so the Art-Deco wave design is a nice extra rather than a reason to pay more.",price_too_high|look,look|price_suspicious,already_chosen,few_reviews|pack,transparency|look|availability,availability|few_reviews,slightly
C,"It has the highest rating (4.6★) with a solid review count (~974), a low $7.09 price, and the features I actually want in a liner (magnets, weighted hem, rust-proof grommets, odor-free EVA). The Art-Deco blue water-wave look is a bonus over a plain clear liner.",price_too_high|transparency,rating|few_reviews|look,already_chosen,few_reviews|material|pack,few_reviews|transparency|look,availability|few_reviews,slightly
A,"No persona-specific answer was produced, so a neutral answer was used.",already_chosen,already_chosen,already_chosen,already_chosen,already_chosen,already_chosen,not_at_all
B,"It's cheap enough to replace without thinking, has a solid 4.4 rating with nearly 1,900 reviews, and the magnets plus weighted hem are exactly what I want so it stays against the tub. The blue cube texture looks decent too, and it's in stock.",price_too_high,already_chosen,brand|few_reviews,few_reviews|material|pack,look|few_reviews|availability,availability|few_reviews|price_suspicious,slightly
C,"It has the highest rating (4.6) with a solid review count (974), costs the least at $7.09, and the EVA material is odor-free and safe. I also like the Art-Deco water-wave look and the 3 heavy magnets that keep it against the tub.",price_too_high|transparency,look,already_chosen,few_reviews|material|pack,look|transparency|availability,availability|few_reviews,slightly
C,"It's the best combination of a high rating (4.6★ with ~974 reviews, solid evidence), a cheap ~$7 price, and all the functional features I want — EVA, 3 bottom magnets, anti-rust grommets, and a wave texture I actually find appealing. B is close, but C's higher rating and slightly lower price edge it out for me.",price_too_high|transparency|info_incomplete,look|brand,already_chosen,few_reviews|material|pack,look|availability|review_concern,availability|few_reviews,slightly
C,"Best balance of value and evidence: at $7.09 it has the highest rating on the shelf (4.6★ with ~974 reviews), EVA material, magnets at the hem, and a waterproof wipe-clean surface. The wave design is subtle enough for my bathroom, and I don't need to pay $18.99 for a liner.",price_too_high|transparency,review_concern|look,already_chosen,few_reviews|material,look|availability,availability|few_reviews,slightly
C,"I want a low-risk, low-cost liner that stays put and won't smell. Option C is the cheapest at $7.09, has the highest rating among the well-reviewed options (4.6★ with 974 reviews), is odor-free EVA with magnets at the hem, and the blue wave pattern looks nice without being loud.",price_too_high|look,look,already_chosen,few_reviews|material|pack,look|availability|rating,availability|few_reviews,moderately
C,"It's the cheapest option at $7.09 with the highest rating (4.6★) and nearly a thousand reviews, so it has solid proof behind it. It's EVA (odor-free, PVC-free), has a weighted hem with 3 magnets, and the blue wave pattern looks clean and modern in a bathroom.",price_too_high,look,already_chosen,few_reviews|material,look|availability,availability|few_reviews,slightly
C,"Best combination of price and social proof: 4.6★ from nearly a thousand reviews at just $7.09, with the magnets, tear-proof header and odor-free EVA I want. The blue wave pattern looks nice without being loud, and it's actually in stock.",price_too_high|availability,look,already_chosen,few_reviews|material|pack,look|few_reviews|availability,availability|few_reviews|size,slightly
B,"I want a liner that stays put and looks decent without spending much. The jssablo has a strong rating with a healthy review count, magnets at the bottom, and a nice 3D texture for only $7.19 — best balance of value and function here.",price_too_high|availability,already_chosen,brand|price_suspicious,few_reviews|pack,look|few_reviews,availability|few_reviews,slightly
C,"As a retired guy on a fixed income, I want a liner that's cheap but proven, and C hits both — $7.09 with a 4.6 rating across nearly a thousand reviews. The blue water-wave pattern looks nice against my white tub, it has the three magnets I want so it stays put, and the listing gives me full specs, so I know exactly what I'm getting.",price_too_high|transparency|look,look|price_suspicious|rating,already_chosen,few_reviews|material|pack,look|transparency|few_reviews,availability|few_reviews|size,slightly
C,"I want a liner that is EVA (odor-free, no PVC worries), has a weighted magnetic hem so it stays put against the tub, and comes from a listing with enough reviews to trust. Option C hits all of those at $7.09 with a 4.6★ rating and nearly a thousand reviews, and the Art-Deco wave look is attractive without being gaudy. The gradient blue also filters light slightly rather than being stark black or fully clear.",price_too_high|look,look|price_suspicious,already_chosen,few_reviews|material,look|few_reviews,availability|few_reviews|size,slightly
C,"I want a waterproof EVA liner with magnets at the bottom so it stays put against the tub, and option C gives me that at the lowest price with a solid 4.6 rating from nearly a thousand reviews. The blue water-wave look is fine for my bathroom and I like that it's odor-free and easy to rinse and wipe down.",price_too_high|look|transparency,rating|few_reviews|look,already_chosen,few_reviews|material|pack,rating|few_reviews|look,availability|few_reviews,slightly
B,"I want a good-looking liner that stays put against the tub, and B has 3 magnets plus a premium 3D cube look at just $7.19. It has a solid 4.4 stars and nearly 1,900 reviews, so I trust it more than the cheaper no-name options. EVA is odor-free and safer, which matters with young kids in the house.",price_too_high|transparency,already_chosen,brand|look,few_reviews|material,look|few_reviews,availability|few_reviews,moderately
C,"The LQFMEHOT is the best overall package for me: a strong 4.6 rating with nearly 1,000 reviews, a fair $7.09 price, and the weighted magnets and rustproof grommets I actually want. The blue water-wave look is pretty without being loud, and EVA is odor-free and easy to wipe down.",price_too_high|availability,look|rating,already_chosen,few_reviews|material,look|few_reviews,availability|few_reviews,slightly
E,"I want a plain, opaque liner that hides the tub mess and looks tidy without a busy pattern. The Dependable Industries black EVA liner is PVC-free, has the weighted magnets I want, a solid 4.3 rating, and at $9.99 the price is fair — though the low stock makes me want to order soon.",price_too_high|transparency|look,look|transparency,look|transparency,few_reviews|look|pack,already_chosen,availability|few_reviews,slightly
C,"It has the highest rating (4.6) with a solid review count, costs only $7.09, and has the features I care about — magnets, weighted hem, waterproof EVA, and rust-proof metal grommets. The Art-Deco blue wave look also fits the semi-transparent, light-filtering style I prefer.",price_too_high|transparency,look,already_chosen,few_reviews|material,transparency|look|availability,availability|few_reviews|size,slightly
C,"It has the best combination of a strong 4.6 rating, nearly 1,000 reviews, and a very low $7.09 price, plus the magnets and weighted hem I want. The Art-Deco wave look is subtle enough for my bathroom, and EVA is odor-free and easy to wipe clean.",price_too_high|transparency|availability,price_suspicious|look|material|brand,already_chosen,few_reviews|material|pack|brand,look|few_reviews|availability|brand,availability|few_reviews|price_suspicious,slightly
A,"I want a liner that actually holds up and doesn't smell like chemicals, and the AmazerBath has the strongest evidence behind it — 4.5 stars across 4,000+ reviews is real proof, not a handful. The brass grommets, weighted hem, and BPA-free odor-free EVA justify the higher price for something I'll use daily. The emerald-green semi-transparent look is a nice bonus over a plain clear liner.",already_chosen,price_suspicious|brand|look,price_suspicious|brand|look,few_reviews|rating|material,few_reviews|look|availability,availability|few_reviews|size,slightly
B,"I want an EVA liner that's odor-free and safe, and B is the cheapest one with a solid, well-reviewed track record (4.4 stars, 1,872 reviews). It has the magnets at the bottom I need to keep it against the tub, and at $7.19 it's easy on my budget. The blue 3D cube look is a nice bonus without being too flashy.",price_too_high,already_chosen,brand|look,few_reviews|material,transparency|availability,availability,slightly
C,"It has the strongest combination of a high rating (4.6) with a solid review base (974) at the lowest price on the shelf. It has the functional features I care about — magnets at the hem, rustproof grommets, odor-free EVA, easy wipe-clean — and the blue water-wave pattern is attractive without being loud.",price_too_high|look,look|price_suspicious,already_chosen,few_reviews|material|pack,look|availability,availability|few_reviews|material,slightly
C,"The LQFMEHOT liner at $7.09 offers the best combination of a strong 4.6-star rating with nearly 1,000 reviews, an attractive Art-Deco wave pattern, and practical features like magnets and a weighted hem. It's affordable, well-reviewed, and in stock, making it the most reliable and best-value choice.",price_too_high,look,already_chosen,few_reviews|pack,look|availability,availability|few_reviews,slightly
C,"At my age I want a liner that's easy to wipe down and doesn't smell like chemicals, and this one is odor-free EVA with magnets to hold it against the tub. The 4.6-star rating with nearly a thousand reviews gives me confidence, and at $7.09 it's a sensible price for something I'll replace in a year or so.",price_too_high|transparency,price_suspicious|look,already_chosen,few_reviews|material|pack,look|availability,availability|few_reviews,moderately
B,"I want a cheap, functional liner that stays put and looks decent without being a plain clear sheet. The jssablo Blue Cube at $7.19 has a solid 4.4 rating with a healthy 1,872 reviews, magnets at the hem, and a 3D texture that looks more premium than the price. It's in stock and 70% EVA, which I'm comfortable with.",price_too_high,already_chosen,price_suspicious|brand|look,few_reviews|material,look|few_reviews,availability|few_reviews|size,slightly
A,"I want a liner I can trust to last, and AmazerBath has the strongest evidence of reliability with 4,156 reviews at 4.5 stars plus BPA-free, odor-free EVA and brass grommets. The higher price is worth it for a durable, weighted liner that won't need replacing soon.",already_chosen,brand|few_reviews|look,brand|few_reviews|look,few_reviews|material|brand,few_reviews|look|brand,availability|few_reviews,slightly
C,"It's the cheapest option with the strongest evidence of quality — 4.6 stars from nearly 1,000 reviews, EVA material, magnets at the hem, and anti-rust metal grommets. The gradient blue wave look is subtle enough for my bathroom, and the price is low enough that replacing it isn't a big deal.",price_too_high|look,price_suspicious|look,already_chosen,few_reviews|pack,few_reviews|transparency|availability,availability|few_reviews,slightly
E,"I want a plain, modern liner that stays put and wipes clean, and this one has weighted magnets at the bottom plus a solid black look that hides water spots and soap scum. The EVA is PVC-free, it's a fair $9.99, and the reviews are solid enough for me to trust it.",price_too_high|look,look|price_suspicious,look|brand|price_suspicious,few_reviews|pack,already_chosen,availability|few_reviews|transparency,slightly
A,"I want a liner that will last and that I can trust around my family, so I'm willing to pay more for the AmazerBath. It's EVA (BPA-free, odor-free), has 12 rustproof brass grommets and a weighted hem, and with 4,156 reviews at 4.5 stars it's the most proven option on the shelf.",already_chosen,price_suspicious|brand|look,price_suspicious|brand|look,few_reviews|material|look,look|rating|review_concern,availability|few_reviews|size,slightly
B,"It has a solid 4.4 rating with 1,872 reviews, which gives me confidence in the quality, and it's priced reasonably at $7.19. The EVA material is odor-free and the 3D cube texture with magnets at the bottom fits my practical needs for a shower liner.",price_too_high|availability,already_chosen,price_suspicious|few_reviews,few_reviews|material,few_reviews|look|availability,availability|few_reviews,slightly
A,"I've bought cheap liners before and they tear or get gross fast, so I'd rather pay a bit more for the AmazerBath. It's got 4,000+ reviews at 4.5 stars, brass grommets, weighted bottom, and it's BPA-free EVA with a reinforced header — that's the stuff that actually holds up. The emerald green semi-transparent look is a nice bonus over plain clear.",already_chosen,price_suspicious|brand|look,price_suspicious|brand|look,few_reviews|material|pack,review_concern|transparency|availability,few_reviews|size,slightly
C,"It has the best combination of a strong rating (4.6 with nearly a thousand reviews), a low price of $7.09, and the features I actually want — magnets at the hem, rust-resistant grommets, and a waterproof wipe-clean surface. I keep a simple, tidy bathroom and the blue wave pattern is understated enough for me, and I'd rather not pay nearly twenty dollars for a liner I'm going to replace in a year or two.",price_too_high|look|transparency,price_suspicious|few_reviews|look,already_chosen,few_reviews|material|pack,transparency|look|few_reviews,availability|few_reviews,moderately
B,"I want a liner that stays put against the tub, and the jssablo has 3 magnets plus a weighted hem at a very fair $7.19. The 4.4 stars across nearly 1,900 reviews gives me enough confidence, and the blue 3D cube look is nicer than a plain clear liner. It's in stock and reasonably priced without being suspiciously cheap.",price_too_high|availability,already_chosen,brand|few_reviews,few_reviews|material,look|few_reviews|availability,availability|few_reviews|size,slightly
C,"It has the highest rating (4.6) with a solid 974 reviews, and at $7.09 it's the cheapest option that still includes the features I care about — three heavy magnets, anti-rust grommets, waterproof EVA, and a reinforced header. The semi-transparent blue wave look is fine for a liner, and it's in stock with no red flags.",price_too_high|transparency,already_chosen,already_chosen,few_reviews|material,look|few_reviews,availability|few_reviews,slightly
C,"It has the highest rating (4.6) among well-reviewed options, a low price of $7.09, magnets and weighted hem to keep it in place, and an odor-free EVA material. The listed features cover everything I need without paying more for a liner.",price_too_high|availability,brand|price_suspicious,already_chosen,few_reviews|pack,look|availability|few_reviews,availability|few_reviews,slightly
A,"I'm retired and cautious, and I'd rather pay a bit more for a liner with 4,000+ reviews and a brand I can verify than gamble on a $7 no-name. The AmazerBath's brass grommets, weighted hem, BPA-free odor-free EVA and reinforced header tick the durability and safety boxes I care about.",already_chosen,price_suspicious|brand|look,price_suspicious|brand|few_reviews,few_reviews|material|pack,look|availability|few_reviews,availability|few_reviews,slightly
A,"I'm accuracy-first and comfort-leaning, so I want a liner I won't have to think about again. Option A has by far the strongest evidence base (4.5 stars across 4,156 reviews), a soft-touch odor-free EVA material with a weighted hem and 12 rustproof brass grommets, and the emerald semi-transparent look suits my bathroom. The $18.99 price is higher than the others, but it's still reasonable for a durable liner I'll use for years.",already_chosen,brand|price_suspicious|look,brand|price_suspicious|look|few_reviews,few_reviews|material|look,look|rating|few_reviews|availability,availability|few_reviews,slightly
C,"I'm a frugal saver, so the $7.09 price point is genuinely appealing, but what seals it is that Option C combines that low price with the strongest evidence on the shelf: a 4.6-star rating from 974 reviewers, which is a solid sample and the highest rating of the six. It also checks my functional boxes — EVA material, waterproof, three heavy magnets at the hem, anti-rust grommets, and a tear-proof header — so I'm not trading quality for price. The Art-Deco wave pattern is a nice bonus, though honestly a semi-transparent blue liner is exactly the light-filtering look I'd want.",price_too_high|transparency|availability,look|few_reviews|price_suspicious,already_chosen,few_reviews|material|look,look|few_reviews|availability,availability|few_reviews,slightly
B,"I want a liner that actually stays put against the tub, and B has 3 magnets plus a strong 4.4★ rating from nearly 1,900 reviewers at a very fair $7.19. The 3D blue cube texture gives it a nicer look than a plain clear liner, and the EVA material being healthier than PEVA/PVC matters to me at this price.",price_too_high|transparency,already_chosen,price_suspicious|brand,few_reviews|material,look|few_reviews,availability|few_reviews,slightly
C,"It's the cheapest liner on the shelf and still has a strong 4.6-star rating with almost a thousand reviews, which gives me confidence. It has the weighted magnets I want so it stays against the tub, and the blue water-wave look is pretty without being flashy.",price_too_high|look,look|brand,already_chosen,few_reviews|material,look|rating,availability|few_reviews,moderately
C,"I chose Option C (LQFMEHOT, $7.09) because it gives me the strongest overall package for the money: a 4.6-star rating from nearly a thousand reviewers is the best evidence on this shelf, and it still has the features I actually need — three heavy magnets at the hem, an anti-rust reinforced header, odor-free EVA, and a waterproof wipe-clean surface. The Art-Deco blue water-wave look is a bonus, but the deciding factor was that it delivers proven reliability and the weighted-hem function at the lowest price here.",price_too_high|transparency|availability,price_suspicious|look|rating,already_chosen,few_reviews|material|pack,look|few_reviews|availability,few_reviews|size,moderately
C,"It's the cheapest option on the shelf at $7.09 but still has a strong 4.6-star rating with nearly 1,000 reviews, so I get value without gambling on an unknown. It has the weighted magnets, waterproof EVA and rustproof grommets I actually need, and the blue water-wave look is clean and modern for our bathroom.",price_too_high|look,look|rating,already_chosen,few_reviews|look|material,transparency|look|few_reviews,availability|few_reviews|size,slightly
C,"It has the strongest combination of a high rating (4.6★) with a healthy review count (~974) at the lowest price ($7.09), and it includes the weighted magnets I want so the liner stays against the tub. The EVA material, odor-free claim, and anti-rust grommets cover my safety and durability concerns better than the cheaper, less-reviewed alternatives.",price_too_high|availability,look|few_reviews,already_chosen,few_reviews|material,look|availability|rating,availability|few_reviews,slightly
C,"It's the best combination of price, rating and evidence for me: only $7.09, 4.6 stars with ~974 reviews, EVA (odor-free, no PVC worries), 3 heavy magnets so it stays put, and a waterproof wipe-clean surface. I also like the blue water-wave look — it reads a bit nicer than a plain clear liner without being loud.",price_too_high|transparency|availability,price_suspicious|look|few_reviews,already_chosen,few_reviews|material|pack,look|few_reviews|availability,availability|few_reviews,slightly
C,"It has the highest rating (4.6★) with a solid review count (~974) of the affordable options, plus the weighted magnets and tear-proof header I want. The Art-Deco blue wave look is pretty and works with my bathroom, and at $7.09 it's an easy, low-risk buy.",price_too_high|transparency,price_suspicious|look|few_reviews,already_chosen,few_reviews|material|pack,few_reviews|look|rating,availability|few_reviews,slightly
B,"It has a strong 4.4 rating across nearly 1,900 reviews, magnets at the bottom to keep it against the tub, rust-resistant metal grommets, and an odor-free 70% EVA material — all at $7.19. The gradient 3D cube look is more interesting than a plain liner, and it's in stock with no price or availability red flags.",price_too_high,already_chosen,brand|look,few_reviews|material,review_concern|transparency,availability|few_reviews,slightly
C,"It has the best combination of price and evidence: 4.6 stars with ~974 reviews, a waterproof EVA build, three heavy magnets at the hem, and an anti-rust header for $7.09. I don't care much about decorative patterns, but the wave texture is inoffensive and the specs check every functional box I need.",price_too_high|transparency|availability,look|price_suspicious|rating,already_chosen,few_reviews|material|pack,look|few_reviews|availability,availability|few_reviews|size,slightly
C,"I want a liner that stays put and cleans up easy, and this one has 3 heavy magnets plus a tear-proof header at a low price. The 4.6-star rating with nearly a thousand reviews gives me the confidence the cheaper options with almost no reviews can't.",price_too_high|availability,rating|few_reviews|brand,already_chosen,few_reviews|material,look|few_reviews|availability,availability|few_reviews|size,slightly
A,"I want a liner that stays put and doesn't feel like cheap plastic, and the AmazerBath has brass grommets, a weighted hem, and a huge 4,156-review track record at 4.5 stars. The $18.99 price is more than I'd normally pay for a liner, but I'd rather buy once and have it last than replace a flimsy one every year. The emerald green semi-transparent look is a nice bonus that matches my bathroom.",already_chosen,price_suspicious|brand|look,price_suspicious|brand|look,few_reviews|material|pack,look|few_reviews|availability,availability|few_reviews|size|material,slightly
C,"It's the cheapest option at $7.09 and still has a solid 4.6 rating with nearly a thousand reviews, so I trust it. EVA material with magnets at the hem and a weighted bottom is exactly what I want in a liner — functional, odor-free, and easy to wipe down.",price_too_high|look,look,already_chosen,few_reviews|pack,look|availability,availability|few_reviews,slightly
C,"It's the cheapest at $7.09 but still has a strong 4.6 rating with nearly 1,000 reviews, so it feels like a safe buy. I like that it has 3 heavy magnets and a tear-proof header, and the blue wave pattern looks nicer than a plain clear liner.",price_too_high|look|transparency,look|few_reviews|brand,already_chosen,few_reviews|material|look,look|few_reviews|transparency,availability|few_reviews,slightly
C,"It's the cheapest at $7.09, has the best rating on the shelf at 4.6 stars with close to a thousand reviews, and it has the magnets and weighted hem I want. Good value without gambling on an unknown listing.",price_too_high|availability,look,already_chosen,few_reviews|brand,look|availability,availability|few_reviews,slightly
C,"It has the highest rating (4.6★) with a solid review count (974), an odor-free EVA material I prefer, and the weighted magnets and rustproof hardware I want. At $7.09 it's an easy price to accept for a liner I'll replace periodically.",price_too_high,look,already_chosen,few_reviews|pack,look|few_reviews,availability|few_reviews|size,slightly
B,"I want a budget-friendly liner that still has good evidence behind it, and the jssablo Blue Cube at $7.19 has 1,872 reviews at 4.4 stars plus the 3 bottom magnets I care about for keeping it against the tub. The 3D cube texture looks nicer than a plain liner, and EVA is odor-free and easy to wipe down, which fits my practical style.",price_too_high,already_chosen,brand|few_reviews,few_reviews|material,look|availability|few_reviews,availability|few_reviews,slightly
C,"It's the cheapest at $7.09, has the highest rating on the shelf (4.6★) with a solid ~974 reviews, and includes the weighted magnets at the hem that I actually care about for keeping the liner against the tub. The Art-Deco wave texture is a nicer look than a plain black or polka-dot liner, and EVA is odor-free and easy to wipe down.",price_too_high|transparency,look|price_suspicious,already_chosen,few_reviews|material,look|few_reviews,availability|few_reviews,slightly
C,"It has the highest rating (4.6★) with a solid review count (974), the lowest price at $7.09, and it checks every box I care about — EVA material, waterproof, magnets, and a clean Art-Deco look that won't clash with my bathroom.",price_too_high,look|rating,already_chosen,few_reviews|material,look|availability,availability|few_reviews,slightly
C,"I want a liner that stays put and looks intentional without spending a lot, and the LQFMEHOT wave liner checks both: 4.6 stars with nearly 1,000 reviews is solid evidence at $7.09, and the three heavy magnets plus weighted hem mean it won't billow against me. The Art-Deco rippled blue is a nicer look than a plain clear sheet, and the EVA is odor-free, which matters to me.",price_too_high|transparency|availability,look|price_suspicious|rating,already_chosen,few_reviews|material|pack,look|rating|availability,availability|few_reviews,slightly
C,"I want a cheap, functional liner that stays put, and C gives me the best combination: a 4.6★ rating backed by ~974 reviews, a $7.09 price, EVA material, and 3 heavy magnets at the weighted hem. The Art-Deco wave texture is a nice bonus over the plainer options without costing more.",price_too_high|brand|transparency,look|brand|review_concern,already_chosen,few_reviews|material|pack,look|rating|availability,availability|few_reviews|size,slightly
C,"It's the cheapest option at $7.09, has the highest rating on the shelf (4.6★ with ~974 reviews, so plenty of evidence), and it already has the weighted magnets and anti-rust grommets I want. The blue water-wave design looks nice enough for a bathroom liner without being boring.",price_too_high,look,already_chosen,few_reviews|pack,look|availability,availability|few_reviews,slightly
B,"I want a liner that stays put against the tub and doesn't look like a cheap sheet of plastic. The jssablo Blue Cube has a 3D texture that reads as more premium than the plain options, plus three magnets at the hem and a strong 4.4★ from nearly 1,900 reviews — and at $7.19 it's the best price-to-evidence ratio on the shelf.",price_too_high|transparency,already_chosen,brand|review_concern|price_suspicious,few_reviews|material|pack,transparency|availability|rating,availability|few_reviews|size,slightly
C,"I want a reliable, well-reviewed liner without paying a premium, and C has the highest rating (4.6★) among options with a meaningful review count (974). It has the features I need — magnets at the hem, rust-proof grommets, odor-free EVA, and wipe-clean care — at the lowest price ($7.09). The blue water-wave look is acceptable and it's in stock.",price_too_high|availability,price_suspicious|look,already_chosen,few_reviews|material,look|availability,availability|few_reviews,slightly
C,"It has the highest rating (4.6) with a solid 974 reviews, which gives me real confidence, and at $7.09 it's a good value. It has the weighted magnets I want, an odor-free EVA material, and a nice blue wave look that fits my bathroom.",price_too_high|availability,price_suspicious|look,already_chosen,few_reviews|material,look|availability|few_reviews,availability|few_reviews,slightly
B,"I want a liner that stays put against the tub, and B has three magnets at the hem plus a weighted bottom, which is the feature I care most about. It has a solid 4.4★ with 1,872 reviews, is in stock, and at $7.19 the price is low enough that replacing it isn't a financial decision. The 3D cube texture also looks clean and modern rather than cheap.",price_too_high|look|transparency,already_chosen,brand|price_suspicious|few_reviews,few_reviews|material|pack,look|transparency|availability,availability|few_reviews|size,slightly
C,"It has the highest rating (4.6) with a solid review count, and the $7.09 price is great value for a waterproof EVA liner with magnets and rust-proof grommets. The blue water-wave look is attractive without being too bold for my bathroom.",price_too_high|transparency,price_suspicious|look,already_chosen,few_reviews|material,brand|few_reviews|look,availability|few_reviews|size,slightly
C,"It offers the best combination of a strong 4.6 rating with nearly 1,000 reviews, a low $7.09 price, and all the functional features I care about (magnets, weighted hem, rust-proof grommets, odor-free EVA). The Art-Deco wave texture and gradient blue look clean and modern, and it is in stock, so it is the most reliable, best-value pick on this shelf.",price_too_high|transparency,look|few_reviews,already_chosen,few_reviews|rating,look|few_reviews|availability,availability|few_reviews|size,slightly
C,"It's the best combination of price and evidence for me — $7.09 with a 4.6 rating and nearly a thousand reviews, plus the magnets and weighted hem I want so it stays against the tub. I don't care much about the wave pattern, but the specs check every box without paying $18.99 for a liner.",price_too_high,look,already_chosen,few_reviews|material,look|availability,availability|few_reviews,slightly
C,"I want a cheap, low-commitment liner that still has strong evidence behind it, and Option C has the highest rating on the shelf (4.6) with a decent 974 reviews. The blue water-wave look is nice without being loud, and at $7.09 it's the lowest price here with the features I care about — magnets at the hem, odor-free EVA, and easy rinse-wipe care.",price_too_high,look,already_chosen,few_reviews|material,look|availability,availability|few_reviews,slightly
C,"It has the highest rating on the shelf (4.6 stars) with a solid ~974 reviews, plus the features I care about — magnets at the hem, rust-proof grommets, odor-free EVA, and easy wipe-clean care. At $7.09 it's the cheapest option, so I get proven quality and everything I need without paying extra.",price_too_high|look|transparency,look,already_chosen,few_reviews|material|pack,look|availability|rating,availability|few_reviews|size|material,slightly
B,"I want a liner that stays put against the tub, and B has 3 magnets plus a weighted hem at a low $7.19. It also has a strong 4.4-star rating from 1,872 reviews, so the evidence feels reliable, and EVA is a material I'm comfortable with.",price_too_high,already_chosen,brand|price_suspicious,few_reviews|pack,availability|look,availability|few_reviews,slightly
C,"It's cheap ($7.09) but still has 4.6 stars with almost 1,000 reviews, which feels way more trustworthy than the other cheap ones. The blue water-wave look is cute and it has magnets at the bottom so it won't stick to me in the shower.",price_too_high|transparency,look|brand,already_chosen,few_reviews|material|pack,look|rating|few_reviews,availability|few_reviews,moderately
A,"I've bought from AmazerBath before and trust the brand, and with over 4,000 reviews at 4.5 stars I feel confident it will hold up. The emerald green semi-transparent look with brass grommets and weighted stones fits my bathroom, and I'd rather pay a bit more for a soft-touch, odor-free EVA liner that actually lasts.",already_chosen,price_suspicious|brand|material|look,price_suspicious|brand|look|few_reviews,few_reviews|material|pack|look,look|availability|few_reviews,availability|few_reviews,slightly
B,"I want a liner that actually looks cute in my bathroom, and the blue 3D cube texture is way more my vibe than a plain clear sheet. It's only $7.19, has magnets to keep it against the tub, and 1,872 reviews at 4.4★ is solid enough evidence for me.",price_too_high|look,already_chosen,look|brand,few_reviews|material,look|availability,availability|few_reviews,slightly
C,"The LQFMEHOT liner has the highest rating among the well-reviewed options (4.6★ with 974 reviews), which gives me confidence as a cautious, evidence-driven buyer. At $7.09 it's the cheapest option, and it still includes the features I actually care about — EVA material, 3 heavy magnets at the hem, tear-proof header, and easy wipe-clean care. The blue water-wave pattern is attractive without being overdone.",price_too_high|transparency,look|rating,already_chosen,few_reviews|material,look|few_reviews|availability,availability|few_reviews,slightly
B,"It gives me the most for my money: a 3D cube texture that looks more expensive than it is, magnets to keep it against the tub, and a good 4.4★ rating with nearly 1,900 reviews. At $7.19 I can replace it whenever it gets grimy without feeling the pinch.",price_too_high,already_chosen,price_suspicious|brand,few_reviews|material,look|transparency,availability|few_reviews,slightly
C,"Best balance of price, rating and features for me. At $7.09 it has the highest rating on the shelf (4.6 with ~974 reviews, enough to trust), plus the magnets and weighted hem I want so it stays against the tub, and a blue gradient look that fits my bathroom.",price_too_high,look,already_chosen,few_reviews|material,look|availability,availability|few_reviews,slightly
C,"It's the cheapest liner on the shelf but has the best rating and a solid review count (4.6★, 974 reviews), so I'm not gambling on an unknown. The blue water-wave texture looks nice, it has magnets and a weighted hem, and EVA is odor-free and easy to wipe down.",price_too_high|look,price_suspicious|look,already_chosen,few_reviews|material,look|availability,availability|few_reviews,slightly
C,"I want a liner that looks nice, stays put, and doesn't cost much. The LQFMEHOT wave liner is only $7.09, has the highest rating on the shelf (4.6 with nearly 1,000 reviews), and includes magnets plus a weighted hem so it won't stick to me in the shower.",price_too_high|look|transparency,look|price_suspicious,already_chosen,few_reviews|material,look|availability|few_reviews,availability|few_reviews,moderately
A,"I have a chronic illness and high health literacy, so I prioritize materials I can trust — the AmazerBath is 100% EVA, BPA-free and odor-free, which matters more to me than saving a few dollars. It also has the strongest review base on the shelf (4.5 stars, 4,156 reviews) and a weighted hem that keeps it against the tub, so I feel confident it will actually work and last.",already_chosen,price_suspicious|brand|rating|transparency|look,price_suspicious|brand|rating|transparency|look,few_reviews|material|brand|transparency|pack,look|transparency|few_reviews|availability,availability|few_reviews|brand|size,slightly
C,"I want a cheap, functional liner with strong review backing, and C has the best rating (4.6) with a decent review count at the lowest price ($7.09). It has the magnets and weighted hem I care about, plus EVA material that's odor-free.",price_too_high|transparency,look,already_chosen,few_reviews|pack,look|rating,availability|few_reviews,slightly
C,"It has the highest rating with a solid review count, costs the least, and includes the weighted magnets and odor-free EVA I want. The blue water-wave pattern looks nice and light-filtering without being fully see-through.",price_too_high|transparency|availability,price_suspicious|look,already_chosen,few_reviews|pack|material,look|rating|few_reviews,availability|few_reviews,slightly
C,"It has the highest rating (4.6★) with a solid review count (974), the lowest price ($7.09), and it checks every functional box I care about: odor-free EVA, waterproof, magnets at the hem, and rust-proof grommets. The Art-Deco wave look is also more interesting than a plain liner, and it's in stock.",price_too_high|transparency|availability,price_suspicious|look,already_chosen,few_reviews|material|pack,look|few_reviews|availability,availability|few_reviews,slightly
C,"I need a liner that actually stays put against the tub with my kids splashing around, and C has 3 heavy magnets plus a weighted hem, a tear-proof header, and anti-rust metal buttons — all for $7.09. It also has the highest rating on the shelf at 4.6★ with a solid 974 reviews, so it feels proven without being the $18.99 splurge. The blue water-wave look is a nice bonus since I don't want a boring plain liner.",price_too_high|transparency|availability,brand|few_reviews|look,already_chosen,few_reviews|material,look|few_reviews|availability,few_reviews,slightly
A,"I've learned the hard way that cheap liners get mildewed and stiff within months, so I'd rather spend a bit more on a quality one. The AmazerBath has a strong 4.5 rating with over 4,000 reviews, a weighted bottom, rustproof brass grommets, and it's BPA-free and odor-free — that's the kind of proven track record I trust for something I use every day.",already_chosen,price_suspicious|brand|look|few_reviews,price_suspicious|brand|look|few_reviews,few_reviews|material|pack|look,look|transparency|few_reviews,availability|few_reviews|size,slightly
C,"It's the cheapest option that still has real evidence behind it — 4.6 stars across nearly a thousand reviews, EVA material, and the 3 heavy magnets I want so it doesn't cling to me in the shower. The wave pattern is a bit much, but at $7.09 I can live with it.",price_too_high|look|transparency|availability,price_suspicious|brand,already_chosen,few_reviews|material|pack,look|availability,availability|few_reviews|size,slightly
C,"I chose the LQFMEHOT liner because it has the best combination of a strong 4.6 rating with a solid review count, a low $7.09 price, and all the functional features I want — EVA material, magnets, weighted hem, and a waterproof wipe-clean surface. The blue water-wave design also looks nice and light-filtering without being too busy.",price_too_high,look|rating,already_chosen,few_reviews|pack,look|rating,availability|few_reviews,slightly
C,"It's the best combination of a strong 4.6 rating with a decent review count (974), a low $7.09 price, odor-free EVA material, and 3 heavy magnets at the hem so it stays against the tub. The blue water-wave look is subtle enough for my bathroom and the tear-proof header with anti-rust buttons addresses my main durability worry.",price_too_high|look,look|few_reviews,already_chosen,few_reviews|material|pack,look|few_reviews|availability,availability|few_reviews|transparency,slightly
C,"It's the best combination of low price ($7.09) and strong evidence — 4.6 stars with nearly 1,000 reviews. It has the weighted magnets and rust-proof grommets I want, and the blue wave look is pleasant without being too dark or too see-through.",price_too_high|look,look|rating,already_chosen,few_reviews|material,look|availability,availability|few_reviews,slightly
C,"It's the cheapest at $7.09 but still has 974 reviews at 4.6 stars, which is the strongest evidence-to-price ratio on the shelf. EVA, magnets at the hem, and a tear-proof header cover what I actually need, and the wave pattern is inoffensive.",price_too_high|availability,look|brand,already_chosen,few_reviews|material,look|rating|review_concern,availability|few_reviews,slightly
A,"I'm a researcher and risk-averse, so I lean on proven reviews and material safety. The AmazerBath has 4,156 reviews at 4.5 stars, eco-friendly BPA-free EVA, brass grommets and a weighted hem. The price is higher, but for something I'll use daily it's worth it.",already_chosen,look|brand|price_suspicious,brand|price_suspicious|look,few_reviews|brand|pack,few_reviews|look|availability,availability|few_reviews|brand,slightly
B,"I want a liner that stays put against the tub, and this one has 3 magnets at the hem plus a weighted bottom, which is exactly the feature I care about most. It's cheap at $7.19, has a solid 4.4 rating with nearly 1,900 reviews, and the 3D cube texture looks nicer than a plain clear liner.",price_too_high|look,already_chosen,brand|few_reviews,few_reviews|material|pack,look|rating|availability,availability|few_reviews|size,slightly
C,"It's the best combination of price and evidence for me: $7.09 with a 4.6-star rating and nearly 1,000 reviews, so I'm not gambling on an unknown. EVA is odor-free and PVC-free, and it has the weighted magnets and rust-proof grommets I actually care about for a liner.",price_too_high|look,look|rating,already_chosen,few_reviews|material|pack,look|few_reviews|availability,availability|few_reviews|size,slightly
B,"It's cheap at $7.19, has a solid 4.4 stars across nearly 1,900 reviews, and the blue 3D cube EVA with magnets ticks my boxes for looks and function. I'm a bargain hunter, so getting a premium look with proven reviews at that price is the win.",price_too_high|look|availability,already_chosen,price_suspicious|brand|few_reviews,few_reviews|material|pack,look|transparency|availability,availability|few_reviews,slightly
C,"The LQFMEHOT liner is only $7.09, has a strong 4.6-star rating with nearly 1,000 reviews, and includes the features I actually care about: EVA material, magnets at the hem, rust-proof grommets, and a nice water-wave look. It's affordable without feeling like a no-name gamble, and it's in stock.",price_too_high|availability,look|rating,already_chosen,few_reviews|material,look|few_reviews|availability,availability|few_reviews,slightly
C,"It has the best combination of a strong 4.6 rating with a solid ~974 reviews, a low $7.09 price, and the features I care about (EVA material, magnets at the hem, waterproof). The Art-Deco blue wave look is a plus without being too flashy, and it's in stock.",price_too_high,look|rating,already_chosen,few_reviews,look|few_reviews,availability|few_reviews,slightly
C,"It has the best combination of strong rating (4.6★) with a solid review count (974), an attractive Art-Deco blue wave look, and a low $7.09 price. It also has the magnets and weighted hem I want plus rust-proof metal grommets, so it fits my needs and budget without the reliability concerns of the newer listings.",price_too_high|look,price_suspicious|rating,already_chosen,few_reviews|material,look|availability|rating,availability|few_reviews,moderately
C,"It has the highest rating (4.6) among the well-reviewed options, a low price of $7.09, and the functional features I care about — magnets at the hem, rust-resistant grommets, and odor-free EVA. The Art-Deco wave look is a nice touch without being loud.",price_too_high,look,already_chosen,few_reviews|pack,look|few_reviews,availability|few_reviews|size,slightly
B,"I want a liner that stays put against the tub and cleans up easily, and Option B has three magnets at the hem plus a waterproof wipe-clean surface. It also has a strong review base (4.4 stars, 1,872 reviews) and is in stock at a low price, so it feels like the safe, sensible pick. I'd rather not pay $18.99 for a liner, and the cheaper Art-Deco pattern isn't my taste.",price_too_high|look,already_chosen,look|brand,few_reviews|material|pack,look|availability|brand,availability|few_reviews,slightly
C,"It has the highest rating (4.6) with a solid review count (974), the lowest price at $7.09, and it has the weighted magnets and rust-resistant grommets I want. The Art-Deco wave look is subtle enough to work in my bathroom, and the odor-free EVA material addresses my health concerns about liner plastics.",price_too_high|few_reviews|availability,look|rating,already_chosen,few_reviews|pack|material,look|availability|few_reviews,availability|few_reviews,moderately
C,"It has the highest rating (4.6) among the options with a solid review base, at the lowest price ($7.09), and it includes the weighted magnets and tear-proof header I want. The blue wave pattern is subtle enough to look clean in my bathroom.",price_too_high|look,look,already_chosen,few_reviews|pack,look|availability,availability|few_reviews|size,slightly
C,"I want a cheap, no-drama liner and this one has the best rating on the shelf (4.6★) with a solid review count, so I trust it. It has the magnets and weighted hem I need to keep it stuck to the tub, and the wave texture looks nicer than a plain black or clear liner.",price_too_high,look|few_reviews,already_chosen,few_reviews|material,look|few_reviews,availability|few_reviews,slightly
C,"It's the cheapest option at $7.09 and still has a solid 4.6-star rating with nearly 1,000 reviews, which is enough evidence for me to trust it. EVA material is odor-free and waterproof, and it has the three heavy magnets at the bottom that I actually want so the liner stays put against the tub.",price_too_high,look|review_concern,already_chosen,few_reviews|material,look|availability,availability|few_reviews|size,slightly
B,"I want a cheap but proven liner that stays put against the tub, and the jssablo has 1,872 reviews at 4.4 stars with magnets at the hem for $7.19. The 3D blue cube texture looks nice enough without being loud, and EVA being odor-free matters since the bathroom is small and I'm sensitive to smells.",price_too_high|transparency,already_chosen,brand|few_reviews,few_reviews|material,look|availability,availability|few_reviews,moderately
B,"The jssablo Blue Cube 3D liner gives me the most for the money — a premium-looking 3D texture, 12 metal grommets, and three magnets at the hem to keep it against the tub, all for just $7.19. It's EVA (no PVC worry), has a solid 4.4 stars over nearly 1,900 reviews, and is in stock, so I can trust it and buy it today.",price_too_high|look|transparency,already_chosen,price_suspicious|brand|look,few_reviews|material|pack,look|few_reviews|availability,availability|few_reviews|size,slightly
A,"I want a liner that feels substantial and lasts, and the AmazerBath has the strongest evidence behind it — 4.5 stars across 4,156 reviews, which is by far the most proof on this shelf. The soft-touch EVA, brass grommets, and weighted hem hit the durability and function boxes I care about, and $18.99 is still reasonable for something I'll use daily for years.",already_chosen,price_suspicious|look|brand,price_suspicious|look|brand|few_reviews,few_reviews|material|look,look|few_reviews|brand,availability|few_reviews,slightly
C,"The LQFMEHOT hits the sweet spot: under $8, 4.6 stars with nearly 1,000 reviews, EVA material I trust, and 3 heavy magnets at the hem which is the one feature I actually care about so it stays against the tub. The blue water-wave look is a nice bonus and it's in stock.",price_too_high|transparency,look|brand,already_chosen,few_reviews|material,look|few_reviews,availability|few_reviews,slightly
B,"The jssablo Blue Cube 3D liner hits the sweet spot for me: it's cheap at $7.19, has a solid 4.4 rating with nearly 1,900 reviews (enough evidence to trust it), and includes the magnets and weighted hem I want so it stays against the tub. The 3D cube texture looks nicer than a plain clear liner, and EVA is odor-free and safe, which matters to me.",price_too_high|look,already_chosen,brand|price_suspicious,few_reviews|material,look|few_reviews,availability|few_reviews|size,slightly
C,"I want a liner that stays put against the tub, and the LQFMEHOT has 3 heavy magnets plus a weighted hem at the lowest price on the shelf. Its 4.6 rating with nearly 1,000 reviews gives me the evidence I need, and EVA is odor-free and wipe-clean, which matters for a shared bathroom.",price_too_high|transparency,look|few_reviews,already_chosen,few_reviews|rating|material,look|few_reviews,availability|few_reviews,slightly
C,"I want a liner that stays put and is easy to keep clean, and C has strong magnets plus a tear-proof header at a very low price. The 4.6-star rating with nearly 1,000 reviews gives me enough confidence, and the blue wave pattern looks nicer than a plain clear liner.",price_too_high|look,price_suspicious|look,already_chosen,few_reviews|material,look|availability,availability|few_reviews,slightly
B,"I'm a hobbyist on a budget, and the jssablo liner hits the sweet spot: a very low $7.19 price with a solid 4.4★ from 1,872 reviews, so I know it's a proven product rather than a gamble. The 3D cube texture looks nicer than a plain liner, and the 3 bottom magnets plus weighted hem mean it'll actually stay against the tub.",price_too_high,already_chosen,brand|review_concern|price_suspicious,few_reviews|material|pack,look|transparency|rating,availability|few_reviews,slightly
C,"It has the highest rating (4.6) with a solid review count near 1,000, a low $7.09 price, and it checks my boxes: EVA material, 3 magnets at the weighted hem, anti-rust grommets, and 72x72 fit. The Art-Deco wave look is a nice bonus without paying a premium.",price_too_high,few_reviews|brand,already_chosen,few_reviews|material,few_reviews|look|availability,availability|few_reviews,slightly
C,"It has the highest rating (4.6) with a solid ~974 reviews, and at $7.09 it's the cheapest option while still offering the features I care about — EVA material, 3 heavy magnets at the weighted hem, anti-rust grommets, and odor-free construction. I like the blue water-wave look, and it's in stock, so I can actually buy it.",price_too_high|look,price_suspicious|look,already_chosen,few_reviews|pack|material,look|availability,availability|few_reviews|size,slightly
C,"It has the highest rating (4.6★) with a solid review count (~974), the lowest price at $7.09, and it still includes the weighted magnets and anti-rust grommets I care about. The Art-Deco wave look in blue is attractive and the EVA material is odor-free and easy to wipe clean.",price_too_high,look,already_chosen,few_reviews,look|few_reviews,availability|few_reviews,slightly
C,"At $7.09 it's the cheapest liner here and still has the strongest review profile of the budget options (4.6 stars, ~974 reviews), plus the magnets, tear-proof header and odor-free EVA give me the function I actually care about. The art-deco wave look is a bonus I'd be happy to have in my bathroom.",price_too_high,look,already_chosen,few_reviews|material,look|availability,availability|few_reviews,slightly
C,"I want a liner that looks nice but doesn't cost a fortune, and C hits the sweet spot — the Art-Deco wave pattern is attractive, it's odor-free EVA with magnets and a weighted hem, and at $7.09 it's the best value on the shelf. The 4.6-star rating with nearly a thousand reviews gives me the confidence the cheap price isn't hiding junk.",price_too_high|availability,look,already_chosen,few_reviews|pack,look|few_reviews,availability|few_reviews,slightly
C,"It has the highest rating (4.6) with a solid review count (974), which gives me confidence in quality and durability. At $7.09 it's excellent value, and the EVA material is odor-free and safe with magnets at the bottom to keep it in place.",price_too_high,rating|review_concern,already_chosen,few_reviews|material,look|few_reviews,availability|few_reviews,slightly
A,"I'm a cautious buyer and I'd rather pay a bit more for a liner with a long track record than gamble on a $7 no-name product. Option A has 4,156 reviews at 4.5 stars, brass grommets, a weighted hem, and BPA-free odor-free EVA — that combination of evidence and specs is what earns my trust. The emerald-green semi-transparent look is fine for my bathroom and the price is acceptable for something I'll use daily.",already_chosen,price_suspicious|brand|few_reviews|material,price_suspicious|brand|few_reviews|look,few_reviews|material|pack,look|transparency|few_reviews|availability,few_reviews|brand|size,slightly
C,"The LQFMEHOT liner hits my sweet spot: at $7.09 it's the cheapest single liner here but still has 4.6 stars across ~974 reviews, so it's well-evidenced rather than a gamble. It has the weighted magnets I want, a tear-proof header, and an odor-free EVA material — plus the Art-Deco wave look is nicer than a plain clear sheet. I don't need a 2-pack or a premium $19 liner for a bathroom liner.",price_too_high,already_chosen,already_chosen,few_reviews,transparency|review_concern,availability|few_reviews,moderately
B,"I want a functional liner that stays put and looks decent without spending much, since liners get replaced often. Option B has strong review volume (1,872 at 4.4★), magnets at the hem to keep it against the tub, EVA material, and a reasonable price at $7.19.",price_too_high|look,already_chosen,brand|few_reviews,few_reviews|material|pack,look|few_reviews,availability|few_reviews,slightly
C,"It's the best combination of a low price and strong social proof — 4.6 stars across nearly 1,000 reviews is solid evidence for something this cheap. It has the features I actually care about (waterproof, 3 magnets at the hem, anti-rust grommets, odor-free EVA), and the blue wave look is fine for a kids' bathroom.",price_too_high|availability,few_reviews|rating,already_chosen,few_reviews|material,look|availability|transparency,availability|few_reviews,slightly
C,"It has the highest rating (4.6★) with a solid review count near 1,000, which gives me confidence it's reliable. At $7.09 it's a great value, it's odor-free EVA, has the 3 bottom magnets I want so it stays against the tub, and the gradient blue water-wave look is attractive without being too dark.",price_too_high|availability,look|rating,already_chosen,few_reviews|material,look|transparency|availability,availability|few_reviews,moderately
A,"I do electrical work for a living, so I know what cheap materials cost you down the road — the AmazerBath is BPA-free, odor-free EVA with brass grommets instead of the plated junk that rusts out in a month. At $18.99 it's the priciest liner here, but with 4,156 reviews at 4.5 stars and a weighted hem, I'm paying once instead of buying another $7 liner next spring. The emerald green also looks nicer than plain clear.",already_chosen,price_suspicious|look|brand,price_suspicious|look|brand|few_reviews,few_reviews|material|pack,look|few_reviews|availability,availability|few_reviews|missing_magnet,slightly
C,"It has the highest rating (4.6★) of the options with a meaningful number of reviews, and at $7.09 it's the cheapest while still offering the magnets and weighted hem I want. I like the blue gradient wave look, and it's in stock so I can actually buy it.",price_too_high|availability|transparency,look,already_chosen,few_reviews|material,look|availability|rating,availability|few_reviews,slightly
A,"I chose the AmazerBath liner because it has by far the strongest track record — 4.5 stars from over 4,100 reviews — and it's the only one with a reinforced double-layered header, weighted bottom stones, and rustproof brass grommets, which tells me it will hold up and stay in place. The emerald semi-transparent EVA lets light through and looks nicer than a plain black liner, and as a BPA-free, odor-free option it feels safer for a bathroom I use every day. At $18.99 it's more than the others, but I'd rather pay once for something reliable than replace a flimsy liner.",already_chosen,price_suspicious|brand|material|look,price_suspicious|brand|few_reviews|material,few_reviews|pack|material,look|rating|few_reviews|availability,availability|few_reviews,slightly
C,"I want a cheap, low-risk liner that still has magnets and a solid rating, and the LQFMEHOT hits that with the highest rating on the shelf (4.6 with nearly 1,000 reviews) at the lowest price. The blue water-wave look is a nice bonus I won't mind in my guest bath, and magnets plus a tear-proof header mean it should actually stay put and last.",price_too_high|transparency,look|brand|few_reviews,already_chosen,few_reviews|material|pack,look|rating|availability,availability|few_reviews,slightly
C,"It has the highest rating (4.6) with a solid review count, a low price, EVA material that's odor-free, and magnets at the weighted hem to keep it against the tub. The blue water-wave look is a nice bonus and fits my bathroom.",price_too_high|look,rating|few_reviews,already_chosen,few_reviews|pack,look|few_reviews,availability|few_reviews|size,slightly
C,"It's cheap, has a high 4.6 rating with a solid ~974 reviews, and the 3 magnets plus weighted hem are exactly what I want so it stays against the tub. The blue water-wave look is nice enough and EVA is odor-free, so it checks every box without overspending.",price_too_high,look,already_chosen,few_reviews|material|pack,look|rating,availability|few_reviews|size,slightly
B,"I want a liner that stays put against the tub and won't tear at the header, and the jssablo has 12 metal grommets plus 3 bottom magnets at a very reasonable $7.19 with a solid 4.4★ from nearly 1,900 reviews. The EVA material is odor-free and easy to wipe down, and it's in stock with no delivery hassle.",price_too_high|availability|transparency,already_chosen,brand|few_reviews,few_reviews|material|pack,look|few_reviews|availability,few_reviews|size,slightly
A,"I want a liner I can trust to last and stay clean, and the AmazerBath has the strongest evidence behind it: 4.5 stars from over 4,000 reviews, eco-friendly BPA-free EVA, rustproof brass grommets, and a weighted hem that keeps it in place. At $18.99 it costs more than the others, but for something I'll look at every day, I'd rather pay once for quality than replace a cheap liner in a few months.",already_chosen,brand|price_suspicious|look,brand|price_suspicious|look|few_reviews,few_reviews|material|pack,look|availability|rating,availability|few_reviews|brand,slightly
C,"It's the best combination of a price I'm comfortable paying ($7.09) and strong evidence it works — 4.6 stars across nearly 1,000 reviews, which is far more reliable than the newer listings. EVA material, magnets at the hem, and a wipe-clean surface are exactly the practical features I need.",price_too_high|availability,price_suspicious|look,already_chosen,few_reviews|pack|material,look|few_reviews,few_reviews|size,slightly
A,"I want a liner I can trust to actually last and not smell like chemicals in a steamy bathroom, and the AmazerBath has the strongest evidence behind it — 4.5 stars across 4,000+ reviews, brass grommets instead of plastic, and a weighted hem. The emerald EVA is BPA-free and odor-free, which matters to me since I'm sensitive to that plasticky off-gassing. At $18.99 it's the priciest here, but for something I see every day and want to keep for a couple years, I'd rather pay once for quality than replace a cheap one twice.",already_chosen,price_suspicious|brand,price_suspicious|brand,few_reviews|material|pack,few_reviews|look|availability,few_reviews|size,slightly
C,"I want an odor-free EVA liner with magnets at the bottom, a 72x72 fit, and a look that isn't boring. Option C has the highest rating on the shelf (4.6★ with 974 reviews), includes 3 heavy magnets, and at $7.09 it's a great value without feeling suspiciously cheap. The Art-Deco blue wave design also fits the modern bathroom look I prefer.",price_too_high|material|transparency,price_suspicious|look,already_chosen,few_reviews|material|pack,look|few_reviews|availability,availability|few_reviews|size,slightly
A,"I want a liner that's actually well-reviewed and safe — 4,156 reviews at 4.5 stars with BPA-free, odor-free EVA and a weighted hem is the only option here I'd trust. The emerald-green semi-transparent look fits my bathroom and the brass grommets should hold up, so the higher price is fine.",already_chosen,price_suspicious|look|brand,price_suspicious|look|brand,few_reviews|material|pack,look|transparency|rating,availability|few_reviews|size,slightly
A,"I chose the AmazerBath Emerald EVA liner because it has by far the strongest evidence base — 4.5 stars across 4,156 reviews — plus the features I actually care about: BPA-free odor-free EVA, a reinforced double-layered header, and weighted bottom stones so it stays put. The semi-transparent emerald look is attractive without being a bold pattern, and at $18.99 I'm paying a bit more for a safer material and proven reliability rather than gambling on a $7 liner.",already_chosen,look|rating|brand,look|brand|price_suspicious,few_reviews|material|pack,look|material|availability,availability|few_reviews|size,slightly
C,"It's the cheapest option at $7.09 but still has the best rating on the shelf (4.6★ with ~974 reviews), plus the weighted magnets and anti-rust grommets I want. The blue wave look is fine for my bathroom and the EVA material is odor-free and easy to wipe down.",price_too_high|look|availability,look|price_suspicious,already_chosen,few_reviews|pack,look|rating|availability,availability|few_reviews|size,slightly
C,"The LQFMEHOT liner hits the sweet spot for me: at $7.09 it's the cheapest single liner but still has a 4.6 rating with ~974 reviews, plus the magnets and weighted hem I actually want in a rental bathroom. The Art-Deco water-wave gradient looks intentional and modern rather than plain, which fits my design-leaning taste without paying the $18.99 premium for the AmazerBath.",price_too_high|transparency,price_suspicious|look,already_chosen,few_reviews|material,look|availability,availability|few_reviews|size,slightly
B,"I want an affordable liner that still looks nice and stays put. The jssablo Blue Cube has a premium 3D look, 3 magnets at the bottom, a strong 4.4-star rating with plenty of reviews, and it's only $7.19.",price_too_high|look,already_chosen,look|brand,few_reviews|material|pack,look|availability,availability|few_reviews|brand,moderately
C,"It has the highest rating (4.6) with a solid 974 reviews, so I trust it more than the cheap unknowns, and at $7.09 it's the best value on the shelf. EVA, magnets, weighted hem, and a clear size — everything I actually need in a liner.",price_too_high,look|rating,already_chosen,few_reviews|material,look|availability,availability|few_reviews|size,slightly
C,"It's the cheapest at $7.09 but has the highest rating on the shelf (4.6★, 974 reviews) and includes the weighted magnets I want. I'm skeptical of unfamiliar brands, so the strong review base with real evidence matters more to me than the pricier AmazerBath.",price_too_high|transparency,look|brand,already_chosen,few_reviews|pack|look,look|availability,availability|few_reviews|size,slightly
A,"I prefer a semi-transparent, light-filtering liner in a soft green tone that will look calm and clean in my bathroom. The AmazerBath has by far the strongest evidence behind it — 4.5 stars from over 4,000 reviews — plus BPA-free EVA, brass grommets and a weighted hem, which fits my cautious, buy-it-once approach even though it costs more.",already_chosen,price_suspicious|brand|look,price_suspicious|brand|look,few_reviews|material|pack,look|availability|rating,availability|few_reviews|size,slightly
C,"The LQFMEHOT liner hits the sweet spot for me: $7.09 is a fair price for something I'll replace in a year or two, and it has the best rating on the shelf (4.6 stars) with nearly a thousand reviews, so I trust it. It's EVA, odor-free, has the magnets at the bottom to hold it against the tub, and the blue wave pattern is easy on the eyes without being see-through blackout.",price_too_high|look,look|rating,already_chosen,few_reviews|pack|material,look|few_reviews|availability,availability|few_reviews|size,slightly
C,"It has the highest rating among the affordable options (4.6 stars) with a solid review count near 1,000, so I trust it more than the cheaper no-name listings. It has the weighted magnets and rust-proof grommets I want, and at $7.09 it's a great value for a liner I'll just replace every year or so.",price_too_high,look,already_chosen,few_reviews|material,look|availability,availability|few_reviews,slightly
C,"It's the cheapest option at $7.09 and has the highest rating on the shelf (4.6★ with 974 reviews), which is solid evidence despite the unfamiliar brand. It has the function I care about — EVA material, 3 heavy magnets at the hem, tear-proof header, and odor-free — so I get proven performance without paying the $18.99 luxury premium.",price_too_high|availability,brand|rating|review_concern,already_chosen,few_reviews|material|brand,look|transparency|availability|rating,availability|few_reviews|size,slightly
C,"I want a lightweight, odor-free EVA liner with magnets to hold it against the tub, and this one has the highest rating (4.6) with a solid review count (974) at the lowest price ($7.09). The Art-Deco wave look is a nice bonus without being too flashy.",price_too_high|look,look,already_chosen,few_reviews|material,look|few_reviews,availability|few_reviews,slightly
B,"I want a liner that stays put against the tub, and Option B has 3 magnets plus a weighted hem, EVA material, and a solid 4.4★ with 1,872 reviews at just $7.19. The 3D cube texture looks nicer than a plain clear liner, and it's in stock and ready to ship.",price_too_high|transparency,already_chosen,brand|price_suspicious,few_reviews|material,look|availability|few_reviews,availability|few_reviews,slightly
C,"I want an odor-free EVA liner with magnets at the bottom, and this one has the highest rating (4.6) with a solid review count near 1,000. At $7.09 it's a great value, and the blue water-wave look is pretty without being too busy for my bathroom.",price_too_high|transparency,look|few_reviews,already_chosen,few_reviews|pack,transparency|look,availability|few_reviews,slightly
A,"I'm cautious about what touches my bathroom and I want a liner with real evidence behind it. Option A has the strongest review base (4.5 stars, 4,156 reviews), is BPA-free and odor-free EVA with rustproof brass grommets and a weighted hem, and the emerald semi-transparent look is attractive. The $18.99 price is higher than the others, but for something I'll use daily for years, I'd rather pay more for quality I can trust.",already_chosen,price_suspicious|brand|few_reviews|look,price_suspicious|brand|few_reviews|look,few_reviews|material|brand|pack,look|rating|few_reviews|availability,availability|few_reviews|size,slightly
C,"It's the cheapest single liner at $7.09 with the strongest evidence behind it: 4.6 stars across 974 reviews, in stock, EVA material, magnets at the hem, and a rust-proof header. The blue water-wave look is subtle enough for my bathroom, and I'd rather buy a well-reviewed cheap liner than pay $18.99 for a luxury one I don't need.",price_too_high,look|price_suspicious,already_chosen,few_reviews|material,look|availability,availability|few_reviews,slightly
C,"I want a liner that stays put, is odor-free EVA, and has strong review evidence without paying a premium. LQFMEHOT has the highest rating (4.6) among the well-reviewed options at the lowest price, with magnets and a weighted hem, so it's the best value for a functional item I don't need to overthink.",price_too_high|look,price_suspicious|look,already_chosen,few_reviews|pack,look|few_reviews,few_reviews,slightly
C,"Best combination of price and proven quality: at $7.09 it's the cheapest option yet has the highest rating (4.6★) with a solid 974 reviews, so it's well-evidenced. It has the features I care about — EVA material, 3 heavy magnets at the hem, rust-proof grommets, and a waterproof wipe-clean surface — and the Art-Deco blue wave look is nicer than a plain liner.",price_too_high|look,rating|look,already_chosen,few_reviews|pack,look|transparency|availability,availability|few_reviews,slightly
C,"It's the cheapest single liner at $7.09, has the best rating on the shelf (4.6) with a solid 974 reviews, and it checks my must-haves: EVA material, rust-proof metal grommets, and 3 heavy magnets at the hem to keep it against the tub. The wave texture is a nice touch but function and value are what sold me.",price_too_high,price_suspicious|look,already_chosen,few_reviews|pack,look|few_reviews,availability|few_reviews,slightly
C,"The LQFMEHOT at $7.09 has the highest rating (4.6) with nearly 1,000 reviews, in stock, and includes the 3 heavy magnets and weighted hem I want. It's EVA, odor-free, and tear-proof, giving me the function and evidence I need at a low price.",price_too_high|availability|transparency,price_suspicious|look,already_chosen,few_reviews|pack,few_reviews|look|availability,availability|few_reviews|size,slightly
C,"I want a low-cost, odor-free EVA liner with magnets to hold it against the tub, and C has the best rating on the shelf (4.6 with a decent review count) at the lowest price. The wave texture is subtle enough for my bathroom, and it's in stock so I can actually buy it.",price_too_high|transparency,look|rating,already_chosen,few_reviews|pack|material,transparency|rating,availability|few_reviews|size,slightly
A,"I'll pick A. It has the most review evidence by far (4.5★, 4,156 reviews), which I weight heavily when verifying a purchase, and its brass grommets, reinforced double-layered header, weighted bottom and BPA-free odor-free EVA give me the durability and material-safety confidence I want. The emerald semi-transparent look also suits my bathroom better than the brighter blue gradients.",already_chosen,price_suspicious|brand|material|look,price_suspicious|brand|look|few_reviews,few_reviews|material|pack,look|few_reviews|availability,availability|few_reviews|size,slightly
A,"I want a liner I can trust not to smell or leach, and this one is BPA-free, odor-free EVA with rustproof brass grommets and a weighted hem that keeps it in place. The 4.5★ rating across 4,156 reviews gives me real evidence it holds up. I'll pay more for something safe and durable rather than gamble on a cheap liner with thin review history.",already_chosen,price_suspicious|brand|few_reviews|look,price_suspicious|brand|few_reviews|look,few_reviews|material|brand,look|brand|few_reviews,few_reviews|brand|size,moderately
C,"It's cheap, has a solid 4.6 rating with nearly a thousand reviews, and the magnets plus tear-proof header cover the functional stuff I actually care about. The blue wave look is fine — I don't need a luxury liner, I need one that does its job and doesn't smell.",price_too_high|look,look|few_reviews|price_suspicious,already_chosen,few_reviews|material|pack,look|few_reviews|rating,availability|few_reviews,slightly
C,"It offers the strongest combination of a high 4.6 rating with nearly 1,000 reviews, a functional feature set I want (3 heavy magnets, tear-proof header, anti-rust grommets), and a very low $7.09 price. The Art-Deco blue water-wave look is attractive without being gaudy, and it's in stock.",price_too_high,look,already_chosen,few_reviews|material,look|availability,availability|few_reviews|size,slightly
C,"It has the highest rating (4.6★) among the affordable options with a solid review count (974), which gives me confidence. The Art-Deco wave look is more interesting than a plain liner, and at $7.09 it's a low-risk buy that still includes the weighted magnets I want.",price_too_high|availability,look,already_chosen,few_reviews|material,look|transparency,availability|few_reviews,slightly
B,"The jssablo Blue Cube liner is the best all-around pick for me: it has a genuinely strong track record (4.4★ across 1,872 reviews) which makes me trust it far more than the newer listings, and at $7.19 it still delivers the features I actually care about — 3 bottom magnets, 12 metal grommets, waterproof EVA, and a 3D cube texture that looks more premium than the price suggests. The gradient blue design is attractive without being loud, and it's in stock right now, so I can just buy it.",price_too_high,already_chosen,look|price_suspicious,few_reviews|material,look|availability|rating,availability|few_reviews|info_incomplete,slightly
C,"It has the strongest combination of a high rating (4.6) with a solid review base (974), a low $7.09 price, and the features I actually care about — 3 heavy magnets, a weighted hem, tear-proof header, and odor-free EVA. The Art-Deco wave look is a nice bonus without paying a premium.",price_too_high|transparency|availability,price_suspicious|brand|few_reviews,already_chosen,few_reviews|material|pack,look|transparency|rating,availability|few_reviews|size,slightly
E,"I want a plain, opaque black liner with a weighted magnetic hem, and EVA/PVC-free construction matters to me since it's in a steamy bathroom my kid uses. The 4.3★ across 116 reviews is enough evidence for a $10 liner, and the look is clean and minimal rather than a loud gradient or 3D pattern.",price_too_high|look|availability,price_suspicious|look|transparency,price_suspicious|look|few_reviews,few_reviews|material|pack,already_chosen,availability|few_reviews|transparency,slightly
C,"Best combination of price, rating, and features for me — $7.09 with a 4.6-star rating and nearly 1,000 reviews is strong evidence, plus it has the weighted magnets and tear-proof header I want. The Art-Deco blue wave look is subtle enough to feel clean and modern without being boring, and the EVA material is odor-free and easy to wipe down.",price_too_high|look|availability,price_suspicious|look,already_chosen,few_reviews|material|pack,look|few_reviews|availability,availability|few_reviews|size,slightly
A,"I'm brand loyal and value-driven, and the AmazerBath liner has by far the strongest track record on this shelf — 4.5 stars across 4,156 reviews, eco-friendly BPA-free EVA that's odor-free, and a weighted hem with 12 rustproof brass grommets. I'm happy to pay $18.99 for something that lasts and doesn't off-gas in my bathroom; the emerald-green semi-transparent look is also attractive and lets in some light.",already_chosen,price_suspicious|brand|look,price_suspicious|brand|few_reviews,few_reviews|material|pack,look|few_reviews|availability,availability|few_reviews|transparency,slightly
B,"The jssablo Blue Cube at $7.19 hits the sweet spot for me — cheap enough that I'm not overpaying for a liner, but it still has the magnets and metal grommets I want. With 1,872 reviews at 4.4 stars, there's enough evidence it actually holds up, unlike the brand-new listings.",price_too_high|brand,already_chosen,brand|few_reviews,few_reviews|material,look|availability,availability|few_reviews,slightly
A,"At my age I want a liner that's odor-free and safe, and the AmazerBath EVA liner has by far the most reviews (4,156 at 4.5 stars), so I trust it. The weighted bottom and rustproof brass grommets mean it will actually stay put and last, and the price is fine for something I'll use every day.",already_chosen,price_suspicious|brand|look,price_suspicious|brand|few_reviews,few_reviews|material|pack,few_reviews|look|availability,availability|few_reviews,slightly
B,"I want an EVA liner with magnets and a weighted hem, and this one has both at a low price. The 3D cube texture looks nicer than a plain liner, and 1,872 reviews at 4.4 stars is enough evidence for me.",price_too_high|availability,already_chosen,brand|few_reviews,few_reviews|material,look|rating,availability|few_reviews,slightly
B,"I want a liner that stays put against the tub, and the jssablo has 3 magnets plus a weighted hem at a very low price. The 4.4★ with 1,872 reviews gives me enough confidence it's a real, tested product, and the gradient blue cube texture looks nicer than a plain clear liner.",price_too_high,already_chosen,brand|rating,few_reviews|material,look|transparency|availability,availability|few_reviews,slightly
C,"It has the highest rating (4.6) with a solid review count (974), which gives me confidence a cheap liner will actually hold up. It has the features I care about — magnets at the hem, anti-rust grommets, tear-proof header, odor-free EVA — at the lowest price on the shelf ($7.09), and it's in stock. The blue wave look is fine and the 72x72 size fits my tub.",price_too_high,price_suspicious|look|rating,already_chosen,few_reviews|material,look|rating|availability,availability|few_reviews|info_incomplete|size,slightly
C,"It has the highest rating on the shelf (4.6★) with a solid review count near 1,000, so there's real evidence behind it. At $7.09 with odor-free EVA, magnets, a weighted hem and a tear-proof header, it covers everything I actually need without paying a premium for looks I don't care about.",price_too_high|look|availability,price_suspicious|look,already_chosen,few_reviews|pack|material,look|availability|few_reviews,availability|few_reviews,slightly
E,"I want a plain, PVC-free liner that stays put and is easy to wipe down, and this one covers all of that for a fair $9.99. It's in stock and the solid black look is simple and clean, which suits my bathroom better than a bright gradient or novelty pattern. The rating is decent at 4.3 stars, though I wish it had more reviews.",price_too_high|look,look|price_suspicious,look|price_suspicious,few_reviews|pack,already_chosen,availability|few_reviews,slightly
C,"It has the highest rating (4.6) among the options with a solid review base (974 reviews), a fair price at $7.09, and the features I care about: EVA material, magnets at the bottom, and a waterproof quick-dry surface. The blue wave design is tasteful and fits my bathroom without being flashy.",price_too_high|look,price_suspicious|brand|look,already_chosen,few_reviews|material,look|few_reviews,availability|few_reviews|size,slightly
A,"I'm retired and not in a rush, so I'd rather pay a bit more for the AmazerBath liner. It has the strongest review base by far (4.5 stars, over 4,000 reviews), a BPA-free odor-free EVA material that feels safer, brass grommets, and a weighted hem that keeps it in place. The emerald green semi-transparent look also suits the calm, modern feel I want in my bathroom.",already_chosen,price_suspicious|brand|material|look,price_suspicious|brand|look|few_reviews,few_reviews|material|look|pack,look|few_reviews|availability|brand,availability|few_reviews|material,slightly
B,"It's the best mix of price, proven reliability, and the magnet feature I actually want. 4.4 stars across nearly 1,900 reviews at $7.19 is a no-brainer, and the 3D cube texture keeps it from looking like a cheap sheet of plastic.",price_too_high|availability,already_chosen,brand|look,few_reviews|material|pack,look|rating|few_reviews,availability|few_reviews,slightly
C,"I want an EVA liner that's odor-free and PVC-free, and this one has the best combination of a strong 4.6 rating with a decent review count at a very low price. The magnets at the bottom and rust-proof grommets are exactly the functional bits I care about, and the wave pattern is a subtle look I don't mind.",price_too_high|transparency|availability,look|brand|few_reviews,already_chosen,few_reviews|material|pack,look|few_reviews|availability,few_reviews|size,slightly
C,"It's the cheapest liner that still has a strong 4.6 rating from nearly 1,000 reviews, plus the magnets and weighted hem I want. The Art-Deco blue wave look is a nice bonus without paying a premium.",price_too_high,price_suspicious|look,already_chosen,few_reviews|material,look|rating,availability|few_reviews,slightly
C,"At 71 years old I've bought plenty of liners and I've learned the cheap ones are usually fine if the reviews back them up. The LQFMEHOT has the highest rating on the shelf (4.6) with nearly a thousand reviews, has the magnets and weighted hem I want, and at $7.09 it's the lowest price here, so it's the best value without gambling on an unknown.",price_too_high,few_reviews|rating,already_chosen,few_reviews|material,look|few_reviews,availability|few_reviews,slightly
B,"It's cheap enough that I can replace it without thinking twice, and 1,872 reviews at 4.4 stars is real evidence it holds up. The bottom magnets and metal grommets are the features I actually care about, and the blue 3D cube look is nicer than a plain clear liner.",price_too_high,already_chosen,price_suspicious|brand,few_reviews,look|few_reviews,availability|few_reviews,slightly
C,"It's got the best combination of a strong 4.6 rating with a decent review count (974), a low $7.09 price, and the features I actually care about — magnets at the bottom, tear-proof header, and odor-free EVA. The Art-Deco wave texture is a nice touch without being loud, and it's in stock. For a liner I'm going to replace every year or so, that's a no-brainer.",price_too_high,look|price_suspicious,already_chosen,few_reviews|pack,look|few_reviews,availability|few_reviews,moderately
C,"It has the highest rating (4.6) with a solid 974 reviews, and at $7.09 it's the cheapest liner on the shelf. The blue water-wave EVA with magnets and a weighted hem gives me the function I want without paying a premium.",price_too_high|availability|brand,price_suspicious|brand|few_reviews,already_chosen,few_reviews|material|pack,look|rating,availability|few_reviews|size,slightly
C,"It's the cheapest single liner on the shelf and has the highest rating (4.6) with a solid ~974 reviews, plus the weighted magnets, rustproof grommets and odor-free EVA I want. The blue water-wave design is a nice look without paying a premium, and it's actually in stock.",price_too_high,look,already_chosen,few_reviews|material,availability|look,availability,slightly
C,"It's the cheapest single liner at $7.09, has the highest rating on the shelf (4.6★) with a solid ~974 reviews, and it has the features I actually care about: magnets at the hem, anti-rust grommets, and odor-free EVA. The blue water-wave look is fine for a liner and the listing info is complete enough to trust.",price_too_high|look,price_suspicious|look,already_chosen,few_reviews|material,look|availability|few_reviews,availability|few_reviews,slightly
C,"The LQFMEHOT liner has the strongest combination of a solid 4.6-star rating with nearly 1,000 reviews, an affordable $7.09 price, EVA material, and the functional features I want like magnets and a weighted hem. The blue water-wave design also looks more interesting than a plain clear liner while still letting light through.",price_too_high|look,few_reviews,already_chosen,few_reviews|material|pack,look|rating|few_reviews,availability|few_reviews|size,slightly
C,"It has the best combination of a high rating (4.6★) with a solid review count (974) at the lowest price ($7.09). It's EVA, odor-free, has 3 magnets at the hem, and a waterproof wipe-clean surface — everything I need without paying a premium.",price_too_high|availability,look,already_chosen,few_reviews|material|pack,look|few_reviews,availability|few_reviews,slightly
C,"It has the highest rating on the shelf (4.6★) with a solid ~974 reviews, so I trust it more than the cheaper unknowns or the sparse-review listings. The Art-Deco blue wave look is attractive, it has magnets and a weighted hem, and at $7.09 it's a low-risk buy for a liner.",price_too_high|look,look|rating,already_chosen,few_reviews|pack,look|few_reviews,availability|few_reviews|size,slightly
B,"It's cheap at $7.19, has a solid 4.4 rating with nearly 1,900 reviews, and the 3D cube texture plus magnets at the bottom gives me the function I want. EVA material is a plus since it's odor-free and safer than PVC.",price_too_high|look|rating,already_chosen,brand|few_reviews|price_suspicious,few_reviews|material|pack,look|few_reviews|availability,availability|few_reviews,slightly
C,"It's the cheapest option at $7.09 but still has the best rating on the shelf (4.6 stars, ~974 reviews), which tells me it's not just cheap junk. The blue water-wave texture looks nice, and it has the magnets and weighted hem I want so it won't stick to me in the shower.",price_too_high,look|rating,already_chosen,few_reviews|material,look|few_reviews,availability|few_reviews|size,slightly
C,"I want a liner that does its job without breaking the bank, and this one has a solid 4.6 rating with nearly a thousand reviews backing it up. The EVA material is odor-free and the magnets plus weighted hem keep it from clinging, which matters to me. At $7.09 it's the best combination of proven reliability and value on this shelf.",price_too_high|transparency,look|price_suspicious,already_chosen,few_reviews|material,look|availability,availability|few_reviews|size,slightly
C,"I want a liner that stays put against the tub and is easy to keep clean, and this one has 3 heavy magnets plus a tear-proof header at only $7.09. The 4.6★ rating with nearly a thousand reviews makes it the best-evidenced, best-value pick on the shelf.",price_too_high|availability,price_suspicious|look,already_chosen,few_reviews|material,look|few_reviews,availability|few_reviews,slightly
C,"It's the best blend of price, proven quality, and looks for me. At $7.09 with a 4.6-star rating and nearly 1,000 reviews, it's cheap enough to replace without guilt but has enough of a track record to trust, and the blue water-wave Art Deco pattern will look nice against my tile.",price_too_high|availability,look|rating,already_chosen,few_reviews|material,look|rating|availability,availability|few_reviews|size,slightly
C,"It has the strongest combination of evidence and value: 4.6 stars from nearly 1,000 reviews at just $7.09, plus the magnets and weighted hem I want so it stays against the tub. The Art-Deco wave look in blue is subtle enough for my bathroom, and EVA is odor-free and easy to wipe clean.",price_too_high|look,look|few_reviews,already_chosen,few_reviews|material|pack,look|few_reviews|availability,availability|few_reviews|size,slightly
B,"I need a liner fast and cheap since I'm on a deadline, and the jssablo Blue Cube has a strong 4.4 rating with nearly 1,900 reviews plus magnets at the bottom to keep it against the tub. At $7.19 it's the best balance of proven reliability and low cost, and it's in stock for immediate delivery.",price_too_high|availability,already_chosen,brand|price_suspicious,few_reviews|material,look|availability,availability|few_reviews,slightly
C,"I want a good-looking liner that stays put without paying a premium. Option C has the highest rating (4.6★) with a solid review count, a nice Art-Deco blue wave look, magnets at the hem, and it's the cheapest at $7.09 — great value with trustworthy evidence.",price_too_high,look,already_chosen,few_reviews,look,availability|few_reviews,slightly
C,"It has the highest rating (4.6) with a solid 974 reviews, and at $7.09 it's the cheapest option that still has real evidence behind it. The EVA material, magnets, and weighted hem cover the practical things I care about, and the blue wave pattern is a look I'd be happy with.",price_too_high|transparency,look|price_suspicious,already_chosen,few_reviews|material,look|rating,availability|few_reviews|size,slightly
C,"I went with Option C because it's the cheapest single liner at $7.09 AND it has the highest rating on the whole shelf at 4.6 stars with 974 reviews, which feels like enough people have actually used it to trust it. It's EVA, has the 3 magnets I want so it won't cling to me in the shower, and the Art-Deco wave pattern is a nice look without being loud. I'm on a tight budget so paying $18.99 for a liner like Option A just seems like throwing money away on something that sits in water all day.",price_too_high|availability,price_suspicious|brand|few_reviews,already_chosen,few_reviews|material|brand,availability|look|rating,few_reviews|size,slightly
C,"It has the best combination of a high rating (4.6★) with a solid review count, a low price of $7.09, and functional features I care about like 3 bottom magnets, a weighted hem, and a tear-proof header. The Art-Deco blue wave look is appealing and it's in stock with no delivery issues.",price_too_high|transparency|material,brand,already_chosen,few_reviews|material|pack,look|availability,availability|few_reviews,slightly
C,"It has the highest rating (4.6) with a solid review base (974), stays put with 3 heavy magnets, and the Art-Deco blue wave look suits my bathroom. At $7.09 it's a low-risk, good-value pick.",price_too_high|transparency|look,look|rating,already_chosen,few_reviews|pack,look|few_reviews,availability|few_reviews,slightly
C,"I want a cheap, low-commitment liner that still looks nice, and C hits the best balance: $7.09, a 4.6★ rating with ~974 reviews, magnets at the hem, and an odor-free EVA material with a pretty blue water-wave look. B is similar but rated slightly lower with a busier 3D cube texture, so C wins on value plus evidence.",price_too_high,look,already_chosen,few_reviews|pack|material,look|few_reviews,availability|few_reviews|size,slightly
B,"I want a cheap, well-reviewed EVA liner that stays put. Option B has 1,872 reviews at 4.4★, magnets at the bottom, and is only $7.19, so it is the best evidence-backed value on the shelf.",price_too_high,already_chosen,brand|few_reviews,few_reviews|material,availability|transparency,availability|few_reviews,slightly
C,"I prefer a semi-transparent EVA liner that is odor-free and lets light through, and C has the highest rating (4.6) among the affordable options with a solid review count (974). It has the wave texture and magnets I want, and at $7.09 it is the best value on the shelf.",price_too_high|look|availability,look|rating,already_chosen,few_reviews|pack|material,look|rating|availability,availability|few_reviews|transparency,slightly
B,"I want a liner that stays put and is easy to keep clean, and jssablo has 3 magnets at the bottom plus a weighted hem, which is exactly what I look for. At $7.19 with a 4.4-star rating across nearly 1,900 reviews, it's a safe, well-evidenced buy and the 3D cube texture looks nicer than a plain clear sheet.",price_too_high,already_chosen,brand|few_reviews,few_reviews|material|pack,look|availability,availability|few_reviews|size,slightly
C,"It's the best combination of a look I actually like (that Art-Deco blue water-wave texture fits my aesthetic), a strong 4.6 rating with a decent review base, magnets and a tear-proof header, and a low $7.09 price. I'd rather spend little on a liner and put money into the fun stuff like my cosplay.",price_too_high|look,look|rating,already_chosen,few_reviews|material,look|few_reviews,availability|few_reviews|size,slightly
A,"I'll pay a bit more for quality I can trust. The AmazerBath has 4,156 reviews at 4.5 stars, a soft-touch EVA that's BPA-free and odor-free, and brass grommets with a weighted hem — it's the safest, best-evidenced pick here even though it's the priciest.",already_chosen,price_suspicious|brand,price_suspicious|brand|transparency,few_reviews|pack|material,look|few_reviews|availability,availability|few_reviews,slightly
B,"I want a liner that stays put against the tub and doesn't cost much, and this one has magnets at the bottom plus a decent 4.4 rating from nearly 1,900 buyers. The blue cube texture gives it a nicer look than a plain clear liner, and at $7.19 it's an easy, low-risk buy.",price_too_high|transparency,already_chosen,brand|few_reviews,few_reviews|pack,look|transparency,availability|few_reviews|size,slightly
C,"It's the best balance of price, looks, and proven reliability for me. At $7.09 with a 4.6-star rating and nearly 1,000 reviews, it's a well-evidenced, odor-free EVA liner with magnets and a tear-proof header, and the blue water-wave design fits my bathroom.",price_too_high|look,rating|few_reviews,already_chosen,few_reviews|material,few_reviews|look|availability,availability|few_reviews,slightly
A,"I want a liner that's genuinely odor-free and safe since I have a managed health condition and a kid in the house, and EVA with BPA-free claims plus 4,000+ reviews gives me confidence. The weighted hem and brass grommets mean it stays put and lasts, and the emerald-green semi-transparent look is a nice upgrade over plain clear. At $18.99 it's the priciest, but a liner I replace rarely is worth spending a bit more on.",already_chosen,price_suspicious|brand|material,price_suspicious|brand|look,few_reviews|material|pack,look|transparency|brand,availability|few_reviews,slightly
B,"I want a cheap-but-not-sketchy liner with a weighted hem and magnets so it stays put against the tub, and the jssablo has 1,872 reviews at 4.4★ which gives me real evidence it holds up. The 3D blue cube texture also looks nicer than a plain clear liner, and at $7.19 it's basically a no-brainer for something I'll replace in a year.",price_too_high|brand,already_chosen,price_suspicious|brand,few_reviews|material|pack,look|few_reviews|availability,availability|few_reviews|size,slightly
C,"It's the cheapest option at $7.09 with the highest rating (4.6★) and a solid 974 reviews, so I trust it. It's EVA, odor-free, has 3 magnets and a weighted hem, and the blue water-wave gradient looks calm and light-filtering in a small bathroom.",price_too_high|transparency,look,already_chosen,few_reviews|material|pack,look|rating,availability|few_reviews|size,slightly
B,"I want a cheap, functional liner with a weighted magnetic hem, and B hits that at $7.19 with a solid 4.4★ from nearly 1,900 reviews. The 3D cube texture looks nicer than a plain clear sheet, and 70% EVA with metal grommets covers the safety and durability basics I care about.",price_too_high,already_chosen,brand|price_suspicious,few_reviews|material,look|few_reviews,availability|few_reviews,moderately
B,"I want a liner that's cheap enough to replace without a second thought, and B has a strong 4.4 rating across nearly 1,900 reviews, so there's real evidence behind it. The 3D cube texture and blue gradient look nicer than a plain liner, and the 3 bottom magnets plus metal grommets cover the practical stuff I care about.",price_too_high|availability,already_chosen,brand|few_reviews,few_reviews|material,look|few_reviews|availability,availability|few_reviews,slightly
A,"It's the only option with a solid review base (4.5★, 4,156 reviews) and specs I can actually trust — 100% EVA, BPA-free, odor-free, 12 rustproof brass grommets, reinforced double-layer header, and a weighted bottom. The price is higher, but I'd rather pay once for something that won't tear or off-gas in three months than gamble on a $7 no-name listing. The emerald look is a bit much, but it's semi-transparent and functional, which is what matters in a liner.",already_chosen,price_suspicious|brand|look|material,price_suspicious|brand|look|few_reviews,few_reviews|material|look|info_incomplete,review_concern|availability|look|material,few_reviews|material,slightly
C,"It's the cheapest at $7.09 but still has a strong 4.6-star rating with close to 1,000 reviews, so I feel good about the quality. EVA material is odor-free and safe, and the 3 heavy magnets plus weighted hem will keep it against the tub — exactly what I want.",price_too_high|transparency,price_suspicious|look,already_chosen,few_reviews|material|pack,look|few_reviews,availability|few_reviews|size,slightly
B,"I want a liner that stays put and won't need replacing soon, and B has 3 magnets, a weighted hem, and 1,872 reviews at 4.4 stars — real evidence it works. At $7.19 it's cheap enough to try without much risk, and EVA is odor-free, which matters to me after a bad experience with a smelly vinyl liner.",price_too_high|availability|transparency,already_chosen,brand|few_reviews|price_suspicious,few_reviews|material|look,rating|availability|look,availability|few_reviews,slightly
C,"It's cheap but has a strong rating (4.6) with a decent review count (974) and the features I actually care about: magnets at the hem, rustproof grommets, and odor-free EVA. The art-deco wave look is a nice bonus over a plain liner, and it's in stock.",price_too_high,rating|review_concern,already_chosen,few_reviews|material,look|few_reviews,availability|few_reviews|size,slightly
C,"It's the cheapest liner on the shelf at $7.09, and it still has the best rating here (4.6 stars) with nearly a thousand reviews, so I'm not gambling on an unknown. EVA is odor-free and easy to wipe down, and it has the weighted magnets I want so it stays put against the tub.",price_too_high|look,price_suspicious|look,already_chosen,few_reviews|material|pack,look|few_reviews,availability|few_reviews|size,slightly
C,"I want a liner that stays put and doesn't cost much, and the LQFMEHOT has the highest rating here (4.6 stars, ~974 reviews) plus three heavy magnets at the hem. The $7.09 price is easy to justify for something that gets replaced regularly.",price_too_high|transparency,look|few_reviews,already_chosen,few_reviews|material,look|few_reviews,availability,slightly
C,"I want a good value liner that still looks nice, and this one has the highest rating (4.6) with a solid number of reviews (974) at the lowest price ($7.09). The blue water-wave pattern and weighted magnets check the boxes I care about, and EVA is odor-free and easy to wipe clean.",price_too_high,look,already_chosen,few_reviews,look|few_reviews,availability|few_reviews,slightly
A,"I want a liner that feels like a real upgrade rather than a cheap disposable — the soft-touch crystal-clear EVA with brass grommets and weighted stones reads as quality, and 4,156 reviews at 4.5 stars gives me confidence in fit and durability. At $18.99 it's the priciest, but it's still cheap enough to buy without thinking twice, and I'd rather pay a bit more for something that lasts and looks good in my bathroom.",already_chosen,price_suspicious|look|material,price_suspicious|look|brand,few_reviews|material|pack,look|few_reviews|rating,availability|few_reviews,moderately
E,"I want a plain, opaque black liner that hides the tub mess and matches my bathroom, and EVA PVC-free with magnets at the hem plus 116 reviews at 4.3 stars is enough evidence for me. The $9.99 price is fair, and the only nagging issue is the low stock, which I'd resolve by ordering right away.",price_too_high|transparency,price_suspicious|look|transparency,price_suspicious|look|transparency|few_reviews,few_reviews|pack|look,already_chosen,availability|few_reviews|price_suspicious|transparency,moderately
C,"It has the highest rating (4.6★) with a solid near-1,000 review count, a reasonable $7.09 price, and EVA material that is odor-free and PVC-free, which matters to me for safety. The Art-Deco water-ripple look in blue is aesthetically pleasing and fits my tidy, light-filled bathroom, and the magnets plus weighted hem keep it in place.",price_too_high|transparency,price_suspicious|look,already_chosen,few_reviews|material|pack,look|transparency|few_reviews,availability|few_reviews|size,slightly
C,"The LQFMEHOT has the highest rating of the bunch at 4.6 with a solid 974 reviews, so I trust it. At $7.09 it's the cheapest, and it has the magnets and weighted hem I want plus a nice blue wave look. For something I'm just going to rinse and wipe, that's plenty good.",price_too_high|look,few_reviews|look,already_chosen,few_reviews|material,look|few_reviews,availability|few_reviews|size,slightly
B,"I chose B because it hits the sweet spot for me: a low $7.19 price with a premium-looking 3D cube texture, a solid 4.4 rating from nearly 1,900 reviews, and functional extras like magnets and a weighted hem. The gradient blue design fits my modern bathroom and the EVA material is safer and odor-free.",price_too_high|look,already_chosen,price_suspicious|look,few_reviews|pack,look|rating,availability|few_reviews,slightly
C,"It has the best rating (4.6) on this shelf, a low $7.09 price, and the features I actually need — magnets at the bottom, waterproof EVA, and easy wipe-clean care. The blue wave look is fine for my bathroom.",price_too_high|look,price_suspicious|look,already_chosen,few_reviews|pack,look|availability,few_reviews,slightly
B,"It has a strong 4.4 rating with nearly 1,900 reviews, which gives me confidence in the quality, and at $7.19 it's an excellent value. It also has the magnets and weighted hem I want to keep it against the tub, plus a nice 3D cube texture.",price_too_high,already_chosen,brand|few_reviews,few_reviews|material,look|rating,availability|few_reviews,moderately
C,"It's the cheapest single liner at $7.09, has the highest rating on the shelf (4.6 stars) with a solid 974 reviews, and it's actually in stock. I like the blue water-wave look and it has the magnets and weighted hem I want, plus odor-free EVA which matters to me.",price_too_high,already_chosen,already_chosen,few_reviews|pack,look|availability,availability|few_reviews,slightly
C,"I want a cheap, no-nonsense EVA liner that stays put, and the LQFMEHOT hits that: $7.09, 4.6 stars with nearly a thousand reviews, magnets at the hem, and an odor-free EVA surface I can just wipe down. The wave texture looks decent without being loud, and it's in stock so I can actually order it today.",price_too_high,price_suspicious|look,already_chosen,few_reviews|material|pack,look|availability,availability|few_reviews,slightly
B,"I want a liner that stays put against the tub and is easy to wipe clean, and the jssablo has 3 magnets, a weighted hem, and a strong review base (4.4 stars, 1,872 reviews) at a very reasonable $7.19. The blue 3D cube texture gives it a more finished look than a plain liner, and EVA being odor-free matters to me since I'm sensitive to chemical smells.",price_too_high|transparency,already_chosen,price_suspicious|brand|few_reviews,few_reviews|material|pack,look|transparency|availability,availability|few_reviews|size,slightly
C,"The LQFMEHOT liner has the highest rating (4.6) with a solid number of reviews, a low price, and the features I care about — waterproof EVA, magnets at the bottom, and a blue wave look that will suit my bathroom. It's the best balance of value, evidence, and function for me.",price_too_high|availability,look,already_chosen,few_reviews|material,look|few_reviews,availability,slightly
C,"It has the highest rating (4.6★) among the liners with a solid review count, at the lowest price ($7.09), and it's in stock. It also has the features I care about — magnets, weighted hem, EVA material, and a clean Art-Deco gradient look.",price_too_high|availability,look,already_chosen,few_reviews|pack,look|few_reviews|availability,availability|few_reviews|look,slightly
C,"It has the highest rating (4.6) with a solid review count, the lowest price at $7.09, and the EVA material is odor-free and waterproof. The Art-Deco wave look suits my bathroom and the magnets keep it against the tub.",price_too_high,look,already_chosen,few_reviews|pack,look|transparency,availability|few_reviews,slightly
C,"I want a cheap, odor-free EVA liner with magnets and it has the best rating of the bunch at 4.6 with a solid 974 reviews, so it feels like the safest low-risk pick. The blue wave look is nicer than a plain clear liner and it's in stock at $7.09.",price_too_high,look|rating|few_reviews,already_chosen,few_reviews,look|rating,availability|few_reviews,slightly
A,"I want a liner that actually lasts and stays put, and this one has the weight, the brass grommets and weighted bottom, plus 4,000+ reviews backing it up. The emerald EVA looks nice and it's BPA-free and odor-free, which matters in a small bathroom. I'll pay a bit more for something I don't have to replace every few months.",already_chosen,price_suspicious|brand|review_concern|look,price_suspicious|brand|look|review_concern,few_reviews|material|brand|pack,look|availability|few_reviews,few_reviews|brand,slightly
C,"It's the cheapest option at $7.09 but still has a solid 4.6-star rating with nearly 1,000 reviews, which gives me confidence. It has the weighted magnets and anti-rust grommets I want, and the blue wave look is fine for my bathroom.",price_too_high|transparency,look,already_chosen,few_reviews|material,transparency|availability,availability|few_reviews,slightly
B,"The jssablo Blue Cube liner hits the best balance for me: at $7.19 it's affordable, it has a solid 4.4★ rating with nearly 1,900 reviews, and the 70% EVA material plus 3 bottom magnets covers the safety and functionality I care about. The 3D cube texture also looks nicer than a plain clear liner, which matters since I want the bathroom to feel a bit styled.",price_too_high|transparency,already_chosen,brand|few_reviews,few_reviews|material|look,look|few_reviews|availability,availability|few_reviews|size,slightly
C,"I want a low-risk, well-reviewed liner at a low price, and C has the highest rating (4.6) with a solid 974 reviews, plus magnets and a rust-proof header. The Art-Deco wave look is a nice bonus without paying a premium. EVA, odor-free, and 72x72 fit my tub.",price_too_high,price_suspicious|rating,already_chosen,few_reviews|material,look|few_reviews,availability|few_reviews,slightly
A,"I'm buying this for my own bathroom and I want it to last and look decent, not be a disposable $7 gamble. AmazerBath has 4,156 reviews at 4.5 stars, brass grommets, a weighted hem, and BPA-free odor-free EVA, which checks every box I actually care about. The $18.99 price is higher than the others but still trivial for something I'll look at every day for a year or more.",already_chosen,price_suspicious|brand|transparency,price_suspicious|brand|look,few_reviews|material|pack,transparency|rating|brand,availability|few_reviews,moderately
C,"I want a waterproof liner with magnets to hold it against the tub, and C has the best combination of high rating (4.6 with nearly 1,000 reviews), low price, and a look I actually like. The Art Deco wave texture feels a little more considered than a plain liner, and the odor-free EVA plus anti-rust buttons address my main durability concerns.",price_too_high|look,look|few_reviews,already_chosen,few_reviews|pack|material,look|few_reviews,availability|few_reviews|size,moderately
C,"It's the cheapest at $7.09, has the highest rating on the shelf (4.6 with nearly 1,000 reviews), and it's in stock — that combination of price and reliable social proof is exactly what I want as a student. The weighted magnets and EVA material also cover the basics I care about.",price_too_high,look,already_chosen,few_reviews|look,look|availability,few_reviews,moderately
C,"I'm a hobbyist shopper who just needs a solid, cheap liner, and C has the best rating (4.6) with a decent review count (974). The wave pattern looks nice, it has magnets, and at $7.09 it's the lowest price on the shelf with real evidence behind it.",price_too_high|look,look,already_chosen,few_reviews|pack,look|availability,availability|few_reviews,slightly
B,"It has strong reviews (4.4★, 1,872) at a very low $7.19, and the blue 3D cube texture looks nicer than a plain clear liner. The 3 bottom magnets and 70% EVA material (healthier than PEVA/PVC) cover what I need, and it's in stock.",price_too_high,already_chosen,brand|price_suspicious,few_reviews|material,look|transparency,availability|few_reviews,slightly
B,"I want a cheap, functional liner and this one has a strong review base (4.4 stars, ~1,900 reviews) at just $7.19. The 3D cube texture looks decent, it's EVA, and the 3 bottom magnets keep it against the tub — everything I need at a frugal price.",price_too_high,already_chosen,price_suspicious|brand,few_reviews|material,look|few_reviews,availability|few_reviews,slightly
C,"I want a simple, cheap liner that does the job — stays against the tub, resists water and mildew, and doesn't cost much. Option C has the best rating on the shelf (4.6 with a solid number of reviews), magnets at the bottom, and it's the lowest price, so it's the safest value pick.",price_too_high|look,look|rating,already_chosen,few_reviews|pack,look|availability,availability|few_reviews,slightly
C,"Cheapest single liner at $7.09 with the best rating on the shelf (4.6 stars, ~974 reviews) and magnets at the hem. It's EVA, odor-free, and 72x72 fits my tub — good enough, no reason to pay more.",price_too_high|look,look|price_suspicious,already_chosen,few_reviews|pack,look|few_reviews,availability|few_reviews,slightly
C,"I want a cheap, reliable liner with lots of magnets and a good rating. Option C has the highest rating (4.6) with a solid ~974 reviews, three heavy magnets, odor-free EVA, and it's the cheapest at $7.09.",price_too_high|transparency,look|few_reviews,already_chosen,few_reviews|material,look|few_reviews,availability|few_reviews,slightly
C,"I'm a frugal saver managing a chronic condition, so I want odor-free EVA, magnets, and a waterproof liner without paying luxury prices. Option C is the cheapest at $7.09 with the best rating (4.6 stars, ~974 reviews), so it's the strongest value and evidence combo on the shelf.",price_too_high|look,price_suspicious|look,already_chosen,few_reviews|material|pack,look|availability|rating,availability|few_reviews|size,slightly
A,"It has the strongest evidence base — 4.5 stars across 4,156 reviews — plus a reinforced double-layered header, 12 rustproof brass grommets and a weighted bottom, which are the durability features I care about most. The eco-friendly, BPA-free odor-free EVA and wipe-clean care fit my preference for low-maintenance, safe materials. The higher price is justified by the build quality and the reliability of the review volume.",already_chosen,brand|price_suspicious|material,brand|price_suspicious|few_reviews,few_reviews|material|pack,look|rating|few_reviews,availability|few_reviews,slightly
B,"It's the best all-around pick for me: a solid 4.4 stars from nearly 1,900 reviewers, EVA material that's odor-free and PVC-free, and three magnets to hold it against the tub. At $7.19 it's inexpensive enough that I can replace it whenever it gets grungy, and the blue 3D cube look is a bit nicer than a plain clear liner.",price_too_high,already_chosen,brand|look,few_reviews|material|pack,look|few_reviews,availability|few_reviews,slightly
A,"I want a liner that feels soft, stays put, and doesn't smell like chemicals — the AmazerBath has 4,156 reviews at 4.5★, BPA-free odor-free EVA, brass grommets and a weighted hem. The higher price is fine since a liner lasts a long time and this one has proven reliability.",already_chosen,price_suspicious|look|brand|few_reviews,price_suspicious|look|brand|few_reviews,few_reviews|material|pack,look|few_reviews|brand|availability,availability|few_reviews|transparency|size,slightly
C,"At $7.09 it's the cheapest option and still has a solid 4.6★ rating with ~974 reviews, so there's enough evidence it actually works. It has the features I care about — EVA material, 3 heavy magnets at the hem, rust-proof grommets, and a waterproof wipe-clean surface — without paying a premium for a liner I'm going to replace in a year anyway.",price_too_high|look,look|review_concern,already_chosen,few_reviews|material|look,look|transparency|availability,availability|few_reviews,slightly
C,"It's the cheapest option at $7.09, has the highest rating (4.6 stars) with a solid 974 reviews, includes the 3 magnets I want at the bottom, and is odor-free EVA which addresses my safety concerns. The Art-Deco wave design in blue looks nice without being gaudy, and it's in stock.",price_too_high,price_suspicious|look,already_chosen,few_reviews|material,look|availability|few_reviews,availability|few_reviews,slightly
C,"I want a semi-transparent, light-filtering liner with magnets and a weighted hem, and C has the best rating on the shelf (4.6★, ~974 reviews) at the lowest price ($7.09). The Art-Deco blue wave look fits my modern bathroom and the EVA material is odor-free and easy to wipe clean, so it's the best combination of value, evidence, and function.",price_too_high,look,already_chosen,few_reviews|material,look|few_reviews,availability|few_reviews|size,slightly
A,"I want a liner I can trust to last and not smell like chemicals, and the AmazerBath has over 4,000 reviews at 4.5 stars with eco-friendly, BPA-free EVA and rustproof brass grommets. The weighted bottom and reinforced header mean it will actually stay put and hold up, which matters more to me than saving a few dollars.",already_chosen,price_suspicious|material|brand|review_concern,price_suspicious|brand|few_reviews|look,few_reviews|material|pack|brand,look|transparency|few_reviews|brand,availability|few_reviews|size,slightly
B,"I want an EVA liner with magnets to hold it against the tub, and this one has both for a great price. The 3D cube texture looks nicer than a plain liner, and 1,872 reviews at 4.4 stars gives me enough confidence it'll hold up.",price_too_high|transparency,already_chosen,brand|few_reviews,few_reviews|material|pack,look|transparency|availability,availability|few_reviews,slightly
B,"It's cheap, in stock, and has a solid 4.4 stars with nearly 1,900 reviews — enough evidence for me. Magnets at the bottom keep it against the tub and the 3D cube texture looks better than a plain liner.",price_too_high|availability,already_chosen,brand|few_reviews|price_suspicious,few_reviews|material,look|few_reviews,availability|few_reviews,slightly
A,"I want a liner that's odor-free and safe, and this EVA one is BPA-free with a reinforced header and weighted bottom that stays put. The 4,156 reviews at 4.5 stars give me real confidence it will hold up, and the emerald-green semi-transparent look still lets light through without being fully see-through. I'm a frugal saver, so $18.99 is more than I'd normally spend on a liner, but the evidence and build quality justify it for something I'll use daily for years.",already_chosen,price_suspicious|brand|look,price_suspicious|brand|look,few_reviews|material|pack,look|transparency|availability,availability|few_reviews,slightly
C,"I want a budget-friendly liner that still has strong evidence behind it, and LQFMEHOT has the highest rating (4.6) with a solid review count (974) at the lowest price ($7.09). It has the weighted magnets and rustproof grommets I care about, plus a nice blue wave look that fits my bathroom.",price_too_high,rating,already_chosen,few_reviews,look|few_reviews,availability|few_reviews,slightly
A,"I want a liner that feels substantial and stays put — the AmazerBath has a weighted bottom, brass grommets and a reinforced header, plus 4,156 reviews at 4.5 stars, which tells me it holds up over time. The emerald EVA is odor-free and wipe-clean, and $18.99 is fine for something I'll use every day.",already_chosen,price_suspicious|look|brand,price_suspicious|look|brand,few_reviews|pack|material,look|rating|availability,availability|few_reviews|size,slightly
B,"The jssablo Blue Cube liner gives me the best balance of price and proven quality: at $7.19 with a 4.4 rating and nearly 1,900 reviews, it has the EVA material I prefer, a weighted magnetic hem, and a clean gradient design that suits my bathroom. Option C is slightly cheaper and rated a touch higher, but B's much larger review base makes it feel like the safer, better-evidenced buy.",price_too_high|look|transparency,already_chosen,few_reviews,few_reviews|material|pack,look|few_reviews|availability,availability|few_reviews|size,slightly
B,"I want a liner that stays put and is easy to wipe down, and this one has 3 magnets at the bottom plus a good 4.4 rating from nearly 1,900 reviewers. At $7.19 it's a low-risk buy, and the blue cube texture will look nicer than a plain clear liner.",price_too_high|availability,already_chosen,price_suspicious|brand|look,few_reviews|material,look|availability|review_concern,availability|few_reviews,moderately
C,"It has the highest rating (4.6) among options with a solid review count, costs the least at $7.09, and includes the weighted magnets and rust-proof grommets I want. The blue water-wave look is pleasant without being fussy.",price_too_high|availability,look|rating,already_chosen,few_reviews|material,look|availability,availability,slightly
A,"I want a liner that looks nice and feels well-made, and the AmazerBath has by far the strongest evidence of quality with 4,156 reviews at 4.5 stars. The soft-touch EVA, brass grommets and weighted bottom sound durable and odor-free, and $18.99 is fine for something I'll look at every day.",already_chosen,price_suspicious|look|brand,price_suspicious|look|brand|few_reviews,few_reviews|material|pack,look|availability|rating,availability|few_reviews|size,slightly
A,"At my age and after my surgery, I don't want to be fighting a flimsy liner that clings and mildews. The AmazerBath has the most reviews by far (4,156 at 4.5 stars), a weighted bottom, rustproof brass grommets, and a BPA-free odor-free EVA material that will actually hold up. I don't mind paying a bit more for something I'll only have to replace once every couple of years.",already_chosen,price_suspicious|brand|look,price_suspicious|brand|look,few_reviews|pack|look,look|few_reviews|availability,availability|few_reviews,slightly
C,"It's the best balance of value and evidence: only $7.09, a 4.6-star rating with nearly 1,000 reviews, EVA material, magnets at the hem, and a look I actually like. For a liner I replace fairly often, that's plenty of quality without overspending.",price_too_high|look,look|price_suspicious,already_chosen,few_reviews|pack,look|availability,availability|few_reviews|size,slightly
C,"It's the cheapest option at $7.09, has the highest rating on the shelf (4.6 stars with nearly 1,000 reviews), and includes the three heavy magnets at the hem that I actually care about. I'm skeptical of paying luxury prices for something that hangs in a wet bathroom, so a well-reviewed cheap EVA liner with magnets and an anti-rust header is the sensible pick.",price_too_high|look,few_reviews|brand|look,already_chosen,few_reviews|material|pack,look|few_reviews|availability,few_reviews,slightly
B,"I'm a cautious shopper who wants a reliable, well-reviewed liner at a fair price. Option B has a strong 4.4 rating with 1,872 reviews, is in stock, and includes the bottom magnets and rustproof grommets I want, all for a low $7.19.",price_too_high,already_chosen,brand|few_reviews,few_reviews|brand,look|availability,availability|few_reviews,moderately
B,"The jssablo Blue Cube liner offers the best balance of price, material, and verified popularity. At $7.19 with 4.4 stars across 1,872 reviews, it's cheap enough that I'm not overpaying for a utility item, yet the review volume gives me confidence it's a reliable product. The 3D cube texture and gradient blue look more intentional than a plain clear liner without being loud, and the magnets plus 70% EVA material address the two things I actually care about — it staying against the tub and not smelling like chemicals.",price_too_high|look,already_chosen,brand|review_concern,few_reviews|material|look,look|rating|availability,availability|few_reviews|transparency,slightly
C,"It has the highest rating (4.6★) with a solid review count (974), the cheapest price at $7.09, and it still ticks my functional boxes — magnets at the hem, rust-proof grommets, tear-proof header, odor-free EVA. The Art-Deco water-wave texture also looks way more interesting than a plain clear liner, which matters to me since I care about aesthetics.",price_too_high|look,look|price_suspicious,already_chosen,few_reviews|pack|material,look|availability|few_reviews,availability|few_reviews|size,slightly
C,"I want an EVA liner that is odor-free, has magnets to hold it against the tub, and has enough reviews to trust. Option C has the highest rating (4.6★ with 974 reviews) at a very reasonable $7.09, and the blue water-wave look is pleasant without being too busy.",price_too_high|look,look,already_chosen,few_reviews,transparency|rating,availability|few_reviews,slightly
C,"The LQFMEHOT liner hits the sweet spot for me: $7.09 is a fair price for something I'll replace in a year or two, the 4.6★ rating with nearly a thousand reviews gives me real confidence, and it still has the 3 magnets and weighted hem I want so it stays put against the tub. The blue water-wave look is pretty without being loud, and EVA is odor-free, which matters in a small bathroom.",price_too_high|transparency,look,already_chosen,few_reviews|material,look|rating,availability|few_reviews|size,slightly
B,"I want a liner that stays put and looks nice without spending much — the jssablo has magnets at the hem, a premium-looking 3D texture, and a strong 4.4★ from nearly 1,900 reviews. At $7.19 it's an easy, low-risk pick that fits my 72x72 tub.",price_too_high,already_chosen,brand|few_reviews,few_reviews|material,look|availability,availability|few_reviews,slightly
B,"I want a liner that stays put against the tub and looks decent without spending much — the jssablo Blue Cube has 3 bottom magnets, a weighted hem, and a 4.4★ rating across nearly 1,900 reviews at just $7.19. The 3D cube texture reads more premium than a plain clear sheet, and the price makes it a no-brainer for something I'll replace in a year or two.",price_too_high,already_chosen,brand|look,few_reviews|material,transparency|rating,availability|few_reviews,slightly
C,"I want a low-cost single liner with strong evidence it works. Option C is the cheapest at $7.09, has the highest rating on the shelf (4.6★ with ~974 reviews), and includes the functional features I care about: waterproof EVA, anti-rust grommets, and 3 heavy magnets at the hem.",price_too_high|look|availability,look|few_reviews|brand,already_chosen,few_reviews|pack|material,look|few_reviews|availability,availability|few_reviews|size,slightly
C,"It's the cheapest option at $7.09 and still has a solid 4.6 rating with ~974 reviews, which is enough evidence for me. It has the features I care about: EVA material, magnets at the hem, and a rust-proof header.",price_too_high|look,look|rating,already_chosen,few_reviews|material,look|rating,availability|few_reviews,slightly
C,"It has the highest rating (4.6) with a solid ~974 reviews, comes in at the lowest price ($7.09), and includes the weighted magnets and rust-proof header I want. The blue wave pattern is attractive without being loud, and it's in stock.",price_too_high,price_suspicious|look,already_chosen,few_reviews|material|pack,transparency|look,availability|size|few_reviews,slightly
C,"It's the cheapest option at $7.09 with the best rating on the shelf (4.6 stars, ~974 reviews), so I get solid proof of quality without spending much. The EVA material is odor-free and the magnets plus weighted hem mean it'll stay put without fuss.",price_too_high|availability,price_suspicious|look,already_chosen,few_reviews|pack|material,look|availability|few_reviews,availability|few_reviews,slightly
C,"It's cheap, has a solid 4.6 rating with ~1,000 reviews, and the magnets plus weighted hem are exactly what I want with two little kids splashing around. The blue wave look is nicer than a plain liner, and EVA odor-free matters since our bathroom is small.",price_too_high|look|availability,price_suspicious|brand|few_reviews,already_chosen,few_reviews|material|pack,look|rating|availability,availability|few_reviews|size,slightly
C,"It's the cheapest single liner at $7.09 with the strongest evidence behind it — 4.6 stars across 974 reviews, better than anything else on the shelf. EVA material, magnets at the hem, and a tear-proof header cover everything I actually need from a liner.",price_too_high|transparency,look|price_suspicious,already_chosen,few_reviews|material|pack,look|few_reviews,availability|few_reviews,slightly
C,"I want a cheap, good-looking liner with strong review evidence, and C hits all three: $7.09, 4.6 stars with 974 reviews, and magnets plus a rust-proof header. The Art-Deco blue wave look is nicer than a plain black or clear liner, and the odor-free EVA claim matters to me.",price_too_high|transparency,look|rating|few_reviews,already_chosen,few_reviews|pack,look|few_reviews|availability,availability|few_reviews|size,slightly
C,"I'm a frugal shopper and this is the cheapest liner on the shelf at $7.09, but it still has the highest rating (4.6 stars) with nearly a thousand reviews, so it's proven. It has the weighted magnets and rust-proof grommets I want, and the blue water-wave look is fine for my bathroom.",price_too_high|look,look|rating,already_chosen,few_reviews|material,look|few_reviews,availability|few_reviews,slightly
B,"I want a cheap, functional liner with a proven track record, and the jssablo Blue Cube has 1,872 reviews at 4.4 stars plus magnets and a weighted hem at only $7.19. It's in stock, EVA (which I prefer over PVC for odor), and the 3D cube look is nicer than a plain clear liner. The price is low enough that if it only lasts a year, I'm fine replacing it.",price_too_high|availability,already_chosen,brand|few_reviews|price_suspicious,few_reviews|material|pack,few_reviews|look|availability,few_reviews,moderately
C,"It has the best combination of a strong 4.6 rating with a solid review count, a low $7.09 price, and the features I want — magnets at the bottom, rust-proof grommets, and odor-free EVA. The blue water-wave look is attractive without being too bold, and it's in stock.",price_too_high,look,already_chosen,few_reviews|look,look|availability,availability|few_reviews,slightly
C,"I want an odor-free EVA liner with magnets and a fully documented listing, and C has the highest rating (4.6★) among the well-reviewed options at a low $7.09. The blue water-wave design is subtle and practical, and the price fits my budget for a liner I'll replace periodically.",price_too_high|look,look|few_reviews,already_chosen,few_reviews|pack|material,look|few_reviews|availability,availability|few_reviews,slightly
C,"I'm on a fixed income and value security, so a $7 liner that does the job beats an $19 one. Option C has the strongest rating on the shelf (4.6) with nearly 1,000 reviews, plus the magnets and weighted hem I want so it doesn't cling to me. The Art-Deco wave look is pretty enough that it doesn't feel like a cheap compromise.",price_too_high|transparency|brand,price_suspicious|brand|few_reviews|material,already_chosen,few_reviews|material,look|transparency|availability,availability|few_reviews,slightly
A,"I want a liner I can trust for years, and the AmazerBath is the only one on this shelf with a real track record: 4.5 stars across 4,156 reviews, 100% EVA that's BPA-free and odor-free, brass grommets that won't rust, a reinforced double-layer header, and weighted stones in the hem. The $18.99 price is higher than the others, but I'd rather pay once for a liner that won't yellow, tear at the grommets, or smell like plastic than replace a $7 liner every season. The emerald EVA also gives me the semi-transparent light-filtering look I want without being a clear film.",already_chosen,price_suspicious|few_reviews|brand,price_suspicious|few_reviews|brand|look,few_reviews|material|pack,look|transparency|few_reviews,availability|few_reviews,slightly
C,"It has the best combination of a strong rating (4.6 with nearly 1,000 reviews) and the lowest price, plus the magnets, rustproof grommets and odor-free EVA I want. The wave pattern is tasteful without being loud, and the listing gives me all the specs I need.",price_too_high|look,rating|brand,already_chosen,few_reviews|material,look|rating|availability,availability|few_reviews|info_incomplete,slightly
C,"Best combo of price, rating and features. 4.6 stars with almost 1,000 reviews at $7.09, and it has the magnets and weighted hem I want.",price_too_high,price_suspicious|look,already_chosen,few_reviews,look|availability,availability|few_reviews,slightly
C,"The LQFMEHOT liner hits the best balance for me: a strong 4.6 rating with a decent 974-review base, EVA material that is odor-free and waterproof, three magnets at the hem to keep it against the tub, and an Art-Deco wave look I actually like — all for the lowest price on the shelf at $7.09. I'm value-driven but not willing to gamble on unknown quality, and this one has enough review evidence to feel safe.",price_too_high|transparency,look,already_chosen,few_reviews|material,look|availability,availability|few_reviews,slightly
C,"It has the best combination of a strong 4.6 rating with a solid review count (974), a low $7.09 price, and the features I actually care about — magnets at the hem, anti-rust grommets, odor-free EVA, and easy rinse-and-wipe care. The Art-Deco wave texture looks decent enough and it's in stock, so there's no reason to pay more.",price_too_high,look,already_chosen,few_reviews|material,look|few_reviews,availability|few_reviews,slightly
C,"I want a liner that stays put and looks interesting without breaking the bank. The LQFMEHOT has the highest rating of the shelf (4.6 with nearly 1,000 reviews), the Art-Deco wave texture appeals to my love of design, and at $7.09 it's a low-risk buy with magnets and a weighted hem.",price_too_high|availability,price_suspicious|look,already_chosen,few_reviews|pack,look|rating|availability,availability,slightly
C,"The LQFMEHOT liner is the best blend of price, proven reliability, and features I actually care about: at $7.09 it's the cheapest option, yet it has a strong 4.6★ rating from nearly 1,000 reviews, odor-free EVA, three heavy magnets at the hem, and a rust-proof reinforced header. The Art Deco water-wave gradient looks nicer than a plain black liner without being as busy as the 3D cube texture.",price_too_high|transparency,price_suspicious,already_chosen,few_reviews|material,availability,availability|few_reviews,slightly
C,"It's the best combination of a price I'm happy to pay for a liner and a strong, well-reviewed listing — 4.6 stars with nearly 1,000 reviews. The blue water-wave look fits the modern bathroom vibe I'm going for, and it has the weighted magnets and reinforced header I want.",price_too_high,look,already_chosen,few_reviews|material,look|availability,availability|few_reviews,slightly
B,"It's cheap at $7.19, has 1,872 reviews at 4.4 stars, and it's actually in stock with a buy box. The 3 magnets at the bottom and metal grommets are the functional features I care about, and the 70% EVA is a safer material than PVC.",price_too_high|availability,already_chosen,price_suspicious|brand|few_reviews,few_reviews|material|pack,look|few_reviews|availability,availability|few_reviews|size,slightly
E,"I want a simple, PVC-free EVA liner that is opaque and doesn't draw attention, and this one has a decent 4.3 rating with enough reviews to feel reasonably reliable. The plain black, minimal design fits my preference for a low-risk, no-fuss purchase, and the price is reasonable.",price_too_high|transparency|look,price_suspicious|look|transparency,price_suspicious|look|brand,few_reviews|pack|look,already_chosen,availability|few_reviews|transparency,slightly
C,"It has the highest rating (4.6★) with a solid ~974 reviews, which gives me the evidence I want, and at $7.09 it's the cheapest option while still offering the weighted magnets, anti-rust grommets, and odor-free EVA I care about. The blue water-wave look is subtle enough for my bathroom and it's in stock.",price_too_high,look|rating|few_reviews,already_chosen,few_reviews|material|pack,look|availability|few_reviews,availability|few_reviews|size,slightly
C,"At $7.09 it's the best value with a solid 4.6 rating and nearly 1,000 reviews, so I have real evidence it holds up. I like the semi-transparent blue wave look, it has the weighted magnets I want, and EVA is odor-free and easy to wipe down.",price_too_high,look,already_chosen,few_reviews|material,transparency|review_concern,availability|few_reviews,slightly
C,"The LQFMEHOT liner has the highest rating (4.6★) with a solid review count near 1,000, a very low $7.09 price, and all the functional features I care about: EVA material (odor-free), 3 heavy magnets at the hem, rust-proof grommets, and a tear-proof header. The Art-Deco wave pattern in gradient blue is attractive without being loud, and it's in stock for immediate purchase.",price_too_high|transparency,look|rating,already_chosen,few_reviews|pack,look|availability|rating,availability|few_reviews,slightly
B,"It's the best combination of low price ($7.19), a solid 4.4★ rating with 1,872 reviews, and the functional features I care about most: 3 bottom magnets to keep it against the tub and a reinforced grommet header. The 3D cube texture looks intentional rather than cheap, and it's in stock.",price_too_high|availability,already_chosen,brand|few_reviews,few_reviews|material,look|availability,availability|few_reviews,slightly
A,"I want a liner that feels well-made and looks nice in my bathroom, and the AmazerBath emerald EVA liner has the strongest track record here with 4.5 stars and over 4,000 reviews. The brass grommets, weighted hem, and BPA-free soft-touch EVA justify the higher price for something I'll look at every day.",already_chosen,price_suspicious|look|brand,price_suspicious|look|brand,few_reviews|pack|material,look|few_reviews|availability,availability|few_reviews|size,slightly
C,"It has the best combination of a strong 4.6 rating with nearly 1,000 reviews, a low $7.09 price, and all the features I need: waterproof EVA, magnets at the bottom, and rust-proof grommets. I like that it's odor-free and easy to wipe clean, and the blue wave pattern is subtle enough for my bathroom.",price_too_high,look,already_chosen,few_reviews,transparency,availability|few_reviews,slightly
C,"It has the strongest combination of evidence and value: 4.6 stars across 974 reviews, EVA material that is odor-free, magnets at the hem, and a tear-proof header — all for $7.09. The Art-Deco blue wave look is pleasant without being loud, and it is in stock.",price_too_high|availability,price_suspicious|look,already_chosen,few_reviews|material,look|availability,availability|few_reviews,slightly
C,"I'm on a deadline and want a cheap, in-stock liner that actually stays put. The LQFMEHOT has the highest rating here (4.6 with ~1,000 reviews), 3 heavy magnets, anti-rust grommets, and a clean blue wave look I don't mind — all for $7.09.",price_too_high|transparency|look,look|price_suspicious,already_chosen,few_reviews|material,look|few_reviews|availability,availability|few_reviews|size,slightly
C,"The LQFMEHOT has the highest rating on the shelf (4.6 with nearly a thousand reviews) at the lowest price ($7.09), and it still has the features I care about — EVA material, magnets at the weighted hem, rust-proof grommets and a wipe-clean surface. The blue water-wave look is a bit decorative for my taste, but for a liner that's hidden behind a curtain most of the time, value and proven reliability win.",price_too_high|few_reviews,look|price_suspicious,already_chosen,few_reviews|pack,look|availability,availability|few_reviews,slightly
B,"I want a cheap, functional liner with magnets to hold it against the tub, and this has strong ratings from a large review base. The blue 3D texture looks clean and modern without being see-through in an unflattering way.",price_too_high|look,already_chosen,price_suspicious|brand,few_reviews|material,look|availability,availability,slightly
B,"I want a single liner with a proven track record and a reasonable price. Option B has a strong 4.4 rating from nearly 1,900 reviews, includes magnets and a weighted hem to keep it against the tub, and at $7.19 it's a low-risk buy with no availability issues.",price_too_high|transparency,already_chosen,brand|few_reviews,few_reviews|pack,look|availability,availability|few_reviews,slightly
C,"I want a liner that stays put against the tub, wipes clean, and doesn't cost much since liners get replaced fairly often. The LQFMEHOT has the highest rating on the shelf (4.6 with a solid ~974 reviews), three heavy magnets, a tear-proof header, and odor-free EVA at $7.09 — that combination of evidence and function at a low price is the best fit for me.",price_too_high|availability,look|brand,already_chosen,few_reviews|material,look|transparency|few_reviews,availability|few_reviews,slightly
A,"I'm a quality-first buyer and I'd rather pay a bit more for a liner that's genuinely well-made. The AmazerBath has the strongest evidence base by far (4.5★, 4,156 reviews), BPA-free odor-free EVA with brass grommets and a weighted bottom, and the emerald semi-transparent look is attractive without being loud. The delivery notice gives me pause, but the listing is complete enough that I'd feel confident ordering it.",already_chosen,price_suspicious|look|brand,price_suspicious|look|brand,few_reviews|material|pack,look|rating|availability,availability|few_reviews|size,slightly
C,"I want a cheap, good-looking liner and this one has the highest rating on the shelf (4.6 stars) plus plenty of reviews. The blue water-wave design and magnets at the bottom are a nice bonus for the price.",price_too_high|transparency,look|rating,already_chosen,few_reviews|pack,look|availability,availability|few_reviews,slightly
C,"The LQFMEHOT liner offers the best balance of value and evidence: at $7.09 it is the cheapest option, yet it has a strong 4.6★ rating from 974 reviews, which is far more reliable than the thin-review listings. It has the functional features I care about (3 heavy magnets, rust-proof grommets, odor-free EVA, tear-proof header), and the blue water-wave gradient is a look I actually find appealing for a bathroom.",price_too_high|transparency,look|rating,already_chosen,few_reviews|material,look|few_reviews|availability,availability|few_reviews,slightly
C,"It's the cheapest option at $7.09 but still has the highest rating (4.6★) with a solid ~974 reviews, plus the weighted magnets and anti-rust grommets I want. The Art-Deco blue wave look is attractive and the EVA material is odor-free and waterproof, so it ticks value, function, and looks at once.",price_too_high|transparency,look,already_chosen,few_reviews|material,look|availability,availability|few_reviews|size,slightly
C,"I want a liner that stays put against the tub, and the LQFMEHOT has three heavy magnets plus a weighted hem at the lowest price on the shelf. Its 4.6★ rating across 974 reviews gives me more confidence than the cheaper no-name or barely-reviewed options, and the EVA material is odor-free and PVC-free, which matters to me.",price_too_high|transparency|brand,price_suspicious|look|brand,already_chosen,few_reviews|material|pack,look|transparency|few_reviews,availability|few_reviews|size,slightly
C,"I want an affordable, odor-free EVA liner with magnets to hold it against the tub, and C has the best rating with a solid review count (4.6★, 974 reviews) at the lowest price ($7.09). The Art-Deco wave look and semi-transparent blue gradient are also appealing without being too dark or too plain.",price_too_high|transparency,few_reviews|rating,already_chosen,few_reviews|pack,look|availability,availability,slightly
C,"I want a liner that looks nice but doesn't cost a lot, and C has both a high rating (4.6 with 974 reviews) and a low price ($7.09). The blue water-wave texture and magnets at the bottom make it feel more considered than a plain cheap liner, and EVA is odor-free and easy to wipe clean.",price_too_high,look,already_chosen,few_reviews|look,look|few_reviews,availability|few_reviews|size,slightly
C,"I want a simple, affordable liner that does its job, and C has the highest rating (4.6) with a solid review count, EVA material, and the weighted magnets I need to keep it against the tub. The blue water-wave look is pleasant without being fussy, and at $7.09 it's easy on my budget.",price_too_high|transparency,look,already_chosen,few_reviews|material,look|availability,availability|few_reviews,slightly
C,"It has the highest rating (4.6) with a solid review count, the lowest price, and a weighted hem with 3 magnets to keep it against the tub. The blue water-wave design is a nice light-filtering look that suits my tidy, practical bathroom.",price_too_high|transparency|availability,look|rating|few_reviews,already_chosen,few_reviews|pack|material,look|few_reviews|availability,availability|few_reviews,slightly
C,"Cheapest option at $7.09 with the highest rating (4.6★) and a solid review count (974). It has the features I care about: EVA material, magnets at the bottom, waterproof, and it's actually in stock.",price_too_high|availability,look,already_chosen,few_reviews|material,look|few_reviews,availability|pack|info_incomplete,slightly
B,"I want a liner that looks nice but doesn't cost much, and this one has a premium 3D cube texture for only $7.19 with 1,872 reviews at 4.4 stars. The magnets at the bottom and 12 metal grommets cover the function I need, and it's in stock.",price_too_high|availability,already_chosen,brand|few_reviews,few_reviews|material,look|availability|rating,availability|few_reviews,moderately
C,"It has the best combination of a strong 4.6 rating with a solid review count (974), a low $7.09 price, and the features I care about — 3 heavy magnets at the hem, anti-rust grommets, and odor-free EVA. I'm cautious about thin cheap liners, but that rating backs it up, and the Art-Deco wave look is a nice bonus without paying extra.",price_too_high,price_suspicious,already_chosen,few_reviews|material,look|few_reviews,availability|few_reviews,slightly
C,"Best combination of price and evidence: $7.09 with a 4.6-star rating and nearly a thousand reviews, which is real proof it works. It has the features I actually need — magnets at the hem, waterproof EVA, odor-free, tear-proof header — and I'm fine with the blue wave look.",price_too_high|availability,rating|few_reviews|brand,already_chosen,few_reviews|material|pack,few_reviews|look|transparency|availability,availability|few_reviews,slightly
C,"I want a simple, reasonably priced liner that does the job and looks tidy, and this one has the strongest rating (4.6) with a solid review base (974). The wave texture and blue gradient give it a clean, modern look without being flashy, and the magnets plus rust-proof grommets cover the function I care about. At $7.09 it's an easy, low-risk buy.",price_too_high,look,already_chosen,few_reviews|material,look|availability,availability|few_reviews,slightly
B,"I want a liner that stays put and doesn't look cheap, and this one has 3 bottom magnets plus a textured look I like. The 4.4 stars across nearly 1,900 reviews gives me confidence, and $7.19 is a fair price for a dedicated hobbyist who just needs the thing to work.",price_too_high|transparency,already_chosen,brand|few_reviews,few_reviews|material,look|availability,availability|few_reviews,slightly
C,"It's the cheapest option at $7.09 but has the highest rating on the shelf (4.6★) with a solid ~974 reviews, so I'm not sacrificing trust for price. It has the features I care about — magnets at the hem, waterproof EVA, odor-free, rust-proof grommets — and I like the blue wave look.",price_too_high|availability,price_suspicious|look,already_chosen,few_reviews|material|look,few_reviews|look,availability|few_reviews,slightly
A,"I want a liner I can trust: 4,156 reviews at 4.5★ is the strongest evidence on this shelf, and the BPA-free, odor-free EVA with brass grommets and a weighted hem fits my preference for safer materials and a liner that actually stays put. The emerald-green semi-transparent look is prettier than the plain or gradient options, and $18.99 is still reasonable for something I'll use daily and can just wipe clean.",already_chosen,price_suspicious|look|brand,price_suspicious|brand|few_reviews,few_reviews|material|pack,look|transparency|few_reviews,availability|few_reviews|size,slightly
C,"It has the highest rating (4.6) with a solid review count, a nice art-deco blue wave look that fits my bathroom, magnets and a weighted hem to keep it against the tub, and it's the lowest price at $7.09. As a busy parent I want something cheap, reliable, and easy to wipe clean.",price_too_high,few_reviews,already_chosen,few_reviews,look|few_reviews,availability|few_reviews,slightly
C,"With a family of 5+ and a tight budget, the LQFMEHOT liner gives me the best combination of a strong 4.6 rating with a meaningful 974 reviews at the lowest price ($7.09). It has the features I care about most for a bathroom shared by kids: EVA material that's odor-free, 3 heavy magnets and a weighted hem to keep it against the tub, and a tear-proof rust-resistant header that should last. The Art-Deco wave look is a nice bonus over a plain liner.",price_too_high|look,price_suspicious|few_reviews|review_concern,already_chosen,few_reviews|material|brand,look|few_reviews|availability,availability|few_reviews,slightly
B,"I want a liner that stays put against the tub and looks decent without spending much — the jssablo has 3 magnets, a weighted hem, metal grommets, and a 4.4★ rating from nearly 1,900 reviews at only $7.19. The 3D cube texture gives it a more premium look than a plain cheap liner, and it's a single 72x72 that fits my tub. At that price I can replace it without thinking twice.",price_too_high|look,already_chosen,price_suspicious|brand|look,few_reviews|material|pack,look|availability|brand,availability|few_reviews|size,slightly
C,"It's the best combination of low price, strong rating (4.6 with a decent 974 reviews), and the features I care about — magnets to hold the hem down and an odor-free EVA material. The Art-Deco wave texture also looks nicer than a plain liner, and at $7.09 it's an easy, low-risk buy.",price_too_high,price_suspicious|look,already_chosen,few_reviews|pack,look|few_reviews,availability|few_reviews,slightly
C,"It's the cheapest per liner at $7.09, has the strongest rating on the shelf at 4.6★ with a solid ~974 reviews, and it still has the features I care about — EVA material, 3 bottom magnets, anti-rust grommets, and a reinforced header. The blue water-wave look is also nicer than a plain clear or black liner.",price_too_high|look,rating|price_suspicious,already_chosen,few_reviews|pack,look|few_reviews|availability,availability|few_reviews,slightly
C,"I like the Art-Deco wave pattern and the gradient blue look, which is more interesting than a plain liner. At $7.09 with a 4.6-star rating and nearly 1,000 reviews, it has strong evidence behind it at a low price, and it has the weighted magnets I want.",price_too_high,look|rating,already_chosen,few_reviews|pack,look|few_reviews,availability|few_reviews,slightly
A,"I want a liner that's genuinely odor-free and safe since it's in a bathroom my grandkids use, and the AmazerBath is the only one with a big, reliable review base (4,156 reviews at 4.5 stars) plus BPA-free EVA and weighted stones. The emerald semi-transparent look is pretty and the $18.99 price is worth it for something that will actually last and not smell like chemicals.",already_chosen,price_suspicious|brand|look,price_suspicious|brand|look,few_reviews|material|pack,look|few_reviews|availability,availability|few_reviews,slightly
C,"It has the highest rating (4.6★) on the shelf with a solid ~974 reviews, it's the cheapest at $7.09, and it still has the features I care about — waterproof EVA, anti-rust grommets, and 3 heavy magnets at the weighted hem. The blue water-wave look fits my modern bathroom and the price makes it an easy, low-risk buy.",price_too_high|availability,rating|price_suspicious,already_chosen,few_reviews|material,look|rating,availability|few_reviews,slightly
A,"As a cautious, analytical buyer, I want a liner with a large, reliable review base and clear safety credentials. Option A has 4,156 reviews at 4.5 stars, is BPA-free and odor-free EVA, and its weighted hem and reinforced header address the durability issues I've had with cheap liners before. The $18.99 price is higher, but for something I look at every day I'd rather pay once for a proven product than replace a flimsy one repeatedly.",already_chosen,brand|few_reviews|price_suspicious,brand|few_reviews|price_suspicious,few_reviews|material|pack,look|rating,availability|few_reviews|size,moderately
A,"I went with the AmazerBath because it has the strongest track record on the shelf — 4.5 stars from over 4,000 reviews, which tells me real people have used it and been happy. The brass grommets and weighted bottom are exactly what I want so it doesn't billow and stick to me in the shower, and the emerald EVA is pretty without being see-through flimsy. Yes, $18.99 is more than the others, but for something I'll look at every single day I'd rather pay once for quality than replace a cheap one twice.",already_chosen,price_suspicious|brand|few_reviews,price_suspicious|brand|few_reviews,few_reviews|material|brand,look|few_reviews|availability,availability|few_reviews,slightly
C,"It has the highest rating (4.6) with a solid ~1,000 reviews, plus the features I care about — magnets at the hem, rust-proof grommets, and odor-free EVA — at the lowest price. The wave pattern is subtle enough to look clean in a family bathroom without being flashy.",price_too_high|look|availability,look|rating,already_chosen,few_reviews|material|pack,look|rating|brand,availability|few_reviews|size,slightly
C,"It's the cheapest option at $7.09, has the highest rating on the shelf at 4.6 with a solid 974 reviews, and includes the weighted magnets I want. The gradient blue wave design is a look I'd actually be fine with.",price_too_high,price_suspicious|look,already_chosen,few_reviews|material,look|availability,availability|few_reviews,slightly
C,"It has the highest rating (4.6) among options with a meaningful number of reviews (974), the lowest price at $7.09, and it includes the weighted magnets and rust-proof grommets I want. The Art Deco wave look is fine for a liner and EVA is odor-free and safe.",price_too_high|look,look,already_chosen,few_reviews|look,look|availability,availability|few_reviews|size,slightly
C,"The LQFMEHOT liner has the highest rating (4.6) among the affordable options with a solid review count (974), a waterproof EVA material with magnets and a weighted hem, and a nice Art-Deco wave look. At $7.09 it's the best combination of price, proven quality, and function for a daily-use liner.",price_too_high|transparency,look|rating,already_chosen,few_reviews|material,look|few_reviews|availability,availability|few_reviews,slightly
C,"It's the best balance of price and evidence for me — only $7.09, a 4.6★ rating, and the magnets plus weighted hem are exactly what I want so it stays against the tub. The blue water-wave look is pretty and light-filtering, and EVA being odor-free matters since my bathroom is small.",price_too_high|transparency|look,price_suspicious|look|rating,already_chosen,few_reviews|material|look,look|availability|transparency,availability|few_reviews,slightly
C,"It has the highest rating (4.6) and a solid review count (974) at the lowest price ($7.09), which is strong evidence of quality for very little money. I like the Art-Deco wave texture — it's attractive without being busy — and it has the functional features I care about: magnets at the hem, tear-proof header, and odor-free EVA.",price_too_high|transparency,look|rating,already_chosen,few_reviews|material,look|review_concern|availability,few_reviews|size,slightly
C,"It's a low-risk price at $7.09 with the strongest evidence on the shelf — 4.6 stars across 974 reviews, and I like that the Art-Deco wave texture hides water spots while the EVA is odor-free. The three heavy magnets and tear-proof header are exactly the functional details I look for in a liner, and it's in stock.",price_too_high|look,look|price_suspicious,already_chosen,few_reviews|material|pack,look|availability,availability|few_reviews,slightly
B,"I picked B because it has a strong review base (4.4 stars, 1,872 reviews) and hits the practical features I want: magnets at the bottom to keep it against the tub, metal grommets, and a wipe-clean waterproof surface. At $7.19 it's a great value for a single liner, and it's in stock so I can actually buy it.",price_too_high|look,already_chosen,brand|few_reviews,few_reviews|material,look|few_reviews,availability|few_reviews,slightly
C,"At $7.09 it's the best value on the shelf, and the 4.6★ rating across nearly 1,000 reviews gives me solid confidence. It has the features I actually care about — waterproof EVA, three heavy magnets at the hem, rust-proof grommets, and odor-free material — and the wave pattern looks a bit nicer than a plain clear liner.",price_too_high|availability,price_suspicious|look,already_chosen,few_reviews|material|pack,look|rating,availability|few_reviews|size,slightly
C,"It's the best combo of a high 4.6 rating with a solid review count, a low $7.09 price, and the features I actually care about — 3 heavy magnets, rust-proof grommets, odor-free EVA, and a clean Art-Deco wave look. Nothing else on the shelf matches that price-to-evidence ratio.",price_too_high,look|rating,already_chosen,few_reviews|material,look|availability,availability|few_reviews|size,slightly
B,"It has a strong 4.4 rating with nearly 1,900 reviews, which gives me confidence it's reliable, and the 3D cube texture in gradient blue looks nicer than a plain liner. At $7.19 with magnets, metal grommets, and waterproof EVA, it's the best balance of price, looks, and function for me.",price_too_high|transparency,already_chosen,price_suspicious|look,few_reviews|material|pack,look|rating|few_reviews,availability|few_reviews,slightly
C,"It's the cheapest option at $7.09 but still has a solid 4.6 rating with nearly 1,000 reviews, and it has the weighted magnets and tear-proof header I want. The blue wave look is fine and EVA is odor-free, so it hits my value-for-money priority without feeling like a gamble.",price_too_high|look,price_suspicious|few_reviews|look,already_chosen,few_reviews|material|pack,look|rating,availability|few_reviews,slightly
B,"The jssablo Blue Cube is the sweet spot for me: cheap at $7.19 but backed by 1,872 reviews at 4.4 stars, so it's not a blind gamble. It's EVA (odor-free, no PVC worries), has a weighted magnetic hem, and the 3D cube texture actually looks premium instead of plain.",price_too_high|availability,already_chosen,brand|few_reviews,few_reviews|material,look|availability|few_reviews,few_reviews|size,slightly
B,"I want a liner that stays put against the tub, and the jssablo has magnets at the bottom plus a real look to it — not just a plain sheet of plastic. At $7.19 with over 1,800 reviews at 4.4 stars, it's cheap enough to try without feeling like I'm gambling.",price_too_high|availability,already_chosen,brand|few_reviews,few_reviews|material,look|transparency,availability|few_reviews,slightly
C,"It has the highest rating among the affordable options (4.6★) with a solid review count, and it checks every functional box I care about: EVA material, odor-free, weighted magnets at the hem, rust-proof grommets, and 72x72 fit. The Art-Deco blue wave pattern is a nice bonus since I like having something visually interesting in a space I see every day.",price_too_high,look|few_reviews,already_chosen,few_reviews|material|pack,look|few_reviews,availability|few_reviews|size,slightly
C,"Best combination of price and proven reliability: 4.6★ from nearly 1,000 reviews at $7.09, with the magnets, weighted hem and tear-proof header I actually want. I don't need a luxury liner — just something that stays put, dries fast and doesn't smell.",price_too_high,price_suspicious,already_chosen,few_reviews|material,review_concern|availability,availability|few_reviews,slightly
A,"I want a liner that lasts and doesn't smell like chemicals, and the AmazerBath EVA with brass grommets and weighted bottom has 4,000+ reviews backing it. The $18.99 is more than I'd normally pay, but for something I'll look at every day and replace rarely, the quality and proven track record are worth it.",already_chosen,price_suspicious|brand|material,price_suspicious|brand|few_reviews,few_reviews|brand|material,look|availability|brand,availability|few_reviews,slightly
B,"I want a liner that's cheap, in stock, and has enough reviews to trust. The jssablo Blue Cube 3D at $7.19 with 4.4 stars and 1,872 reviews hits that sweet spot, and the magnets plus weighted hem keep it against the tub with a dog and kid splashing around.",price_too_high|availability|transparency,already_chosen,brand|few_reviews,few_reviews|material,look|rating|availability,availability|few_reviews|size,slightly
C,"It has the highest rating (4.6) with a solid review count, a reasonable price under $8, and all the features I care about — magnets at the bottom, rust-proof grommets, and an odor-free EVA material. The blue wave pattern is pretty without being too bold for my bathroom.",price_too_high|transparency,look|brand,already_chosen,few_reviews|material,look|rating,availability|few_reviews,slightly
A,"I want a liner that is genuinely odor-free, well-made, and durable, and the AmazerBath EVA liner with 4,156 reviews at 4.5 stars gives me the most confidence. The brass grommets, reinforced header, and weighted bottom suggest it will hold up and stay in place. The emerald-green semi-transparent look is attractive without being gaudy, and the price is reasonable for the quality.",already_chosen,price_suspicious|brand|look,price_suspicious|brand|look,few_reviews|material|pack,look|few_reviews|availability,availability|few_reviews|transparency,slightly
C,"It has the strongest combination I can actually rely on: a 4.6 rating from nearly a thousand reviews, an odor-free EVA material I trust for a bathroom, and magnets plus a weighted hem so it stays put. At $7.09 it's the best value on the shelf, and the blue water-wave look fits the calm, light-filtering style I want.",price_too_high|look,look|few_reviews,already_chosen,few_reviews|material|pack,look|few_reviews|availability,availability|few_reviews|size,slightly
B,"It's cheap at $7.19, has solid reviews for the price (4.4 with nearly 1,900 ratings), and it has the three magnets at the bottom plus metal grommets I want. The blue 3D cube look is fine for a liner and EVA is odor-free and safe.",price_too_high,already_chosen,brand|few_reviews,few_reviews|material,look|few_reviews,availability|few_reviews,slightly
C,"It's the best value on the shelf at $7.09 with the strongest evidence behind it — a 4.6★ rating from 974 reviews. The Art-Deco water-wave pattern in blue is pretty and light-filtering, and it has the weighted magnets and rustproof grommets I want.",price_too_high,rating|brand,already_chosen,few_reviews,look|transparency,availability|few_reviews,slightly
C,"The LQFMEHOT liner at $7.09 has the best combination of a high rating (4.6★ with ~974 reviews, enough to trust) and a look I actually like — the blue water-wave gradient fits my bathroom's modern vibe. It has the weighted magnets and rust-proof grommets I want, is odor-free EVA, and the price is low enough that I can replace it without thinking twice.",price_too_high|look,look|few_reviews,already_chosen,few_reviews|material,look|few_reviews,availability|few_reviews,slightly
C,"The LQFMEHOT wave liner has the highest rating (4.6) with a solid 974 reviews, plus magnets, a weighted hem, and rust-proof grommets — all the functional boxes ticked. At $7.09 it's the best value on the shelf, and the Art-Deco blue ripple look is subtle enough for my bathroom.",price_too_high|availability,look|few_reviews,already_chosen,few_reviews|material|pack,look|transparency|few_reviews,availability|few_reviews|price_too_high,slightly
A,"I want a liner that feels nice, lasts, and doesn't smell like plastic, and the AmazerBath has the strongest evidence of quality with 4.5 stars across 4,156 reviews. The weighted bottom stones and reinforced double-layer header mean it actually stays put instead of billowing. At $18.99 it's the priciest, but for something I touch every day I'd rather buy one good liner than replace a flimsy one twice.",already_chosen,price_suspicious|brand|rating,price_suspicious|brand|review_concern,few_reviews|material|pack,transparency|rating|review_concern,availability|few_reviews|size,slightly
C,"It's the cheapest option on the shelf at $7.09, but it still has the highest rating here (4.6 stars) with a solid 974 reviews, so it doesn't feel like a gamble despite the low price. I also really like the Art-Deco water-wave gradient blue look, plus it has the 3 magnets and weighted hem I want to keep it against the tub.",price_too_high,price_suspicious|rating,already_chosen,few_reviews|material,look|few_reviews,availability|few_reviews|size,slightly
B,"I'm skeptical of thin EVA liners at rock-bottom prices, but B has 1,872 reviews at 4.4 stars, which is enough evidence to trust it, and the 3D cube texture plus 3 bottom magnets covers the function I actually care about. At $7.19 it's cheap enough to replace every few months without thinking about it.",price_too_high|transparency|look,already_chosen,brand|few_reviews|price_suspicious,few_reviews|material|pack,look|few_reviews|availability,availability|few_reviews|info_incomplete,slightly
C,"I chose the LQFMEHOT water-wave liner because it has the strongest combination of a high rating (4.6★) and a solid review base (974) at the lowest price on the shelf ($7.09). The Art-Deco blue wave look is attractive for my bathroom, and it still includes the functional things I care about: EVA material, magnets at the hem, rust-proof grommets, and easy wipe-clean care.",price_too_high,look,already_chosen,few_reviews|material,look|review_concern,availability|few_reviews,slightly
C,"Best balance of price, rating, and features. 4.6 stars with ~1,000 reviews is the strongest evidence on the shelf, and at $7.09 it has the magnets and weighted hem I want without paying the $18.99 luxury markup.",price_too_high|availability,price_suspicious|brand|look,already_chosen,few_reviews|material,few_reviews|look|availability,availability|few_reviews|size,slightly
C,"It has the highest rating (4.6) with a solid near-1,000 review count, which gives me real confidence it holds up in daily use. At $7.09 it's a great value, and the EVA material with magnets and a weighted hem is exactly the functional setup I want. The blue water-wave look is attractive without being loud.",price_too_high|look,look,already_chosen,few_reviews|pack,look|availability,availability|few_reviews|size,slightly
C,"The LQFMEHOT liner is the best combination of price, proven quality, and features for my needs. At $7.09 it's the cheapest option, yet it has the highest rating on the shelf (4.6★) with a solid 974 reviews, and it includes the weighted magnets I want so the liner stays against the tub. I also like the blue water-wave gradient look, which fits a modern bathroom better than a plain black liner.",price_too_high|transparency|pack,look|price_suspicious,already_chosen,few_reviews|material|pack,look|availability|rating,availability|few_reviews,moderately
C,"I want a lightweight, odor-free EVA liner that stays put and looks clean and modern without spending much. LQFMEHOT has the highest rating on the shelf (4.6 with ~974 reviews), has the weighted magnets I need, and at $7.09 it's the best value for a single liner.",price_too_high|look,look,already_chosen,few_reviews|material|pack,look|few_reviews,availability|few_reviews,slightly
C,"It's the best combination of a high rating (4.6 with nearly 1,000 reviews), a genuinely cheap price at $7.09, and the features I actually need: EVA material, three heavy magnets at the hem, rust-resistant metal grommets, and a tear-proof header. The water-wave texture is subtle enough not to be an eyesore, and it's in stock.",price_too_high|look|availability,price_suspicious|look|brand,already_chosen,few_reviews|material|brand,look|few_reviews|availability,availability|few_reviews|size,slightly
A,"At 63, I've bought enough flimsy liners to know that the cheap ones tear at the grommets and smell like a chemical plant for a week. Option A costs more, but it has 4,156 reviews at 4.5 stars, brass grommets instead of painted metal, a reinforced header, and weighted stones — that's the kind of evidence I want before I spend money. EVA that's BPA-free and odor-free is worth the extra ten dollars to me.",already_chosen,brand|few_reviews|price_suspicious,brand|few_reviews|price_suspicious,few_reviews|material|pack,few_reviews|rating|look,availability|few_reviews,slightly
A,"I chose the AmazerBath because it has by far the strongest evidence base (4.5★ from over 4,100 reviews) plus the features I actually care about: a weighted bottom hem, rustproof brass grommets, reinforced header, and BPA-free odor-free EVA. Yes, it's the most expensive option at $18.99, but for something that hangs in a wet bathroom daily, I'd rather pay once for a proven, well-reviewed liner than gamble on $7 listings with thin review counts.",already_chosen,price_suspicious|look|brand|few_reviews,price_suspicious|brand|few_reviews|look,few_reviews|material|pack,look|few_reviews|availability,few_reviews|size,slightly
B,"It hits the sweet spot: a genuinely low price ($7.19) with a solid 4.4★ across nearly 1,900 reviews, so the evidence supports the quality rather than being a brand-new listing. The 3D cube texture gives it a more premium look than a plain liner, and it has the functional details I actually care about — 12 metal grommets and 3 magnets at the hem to keep it against the tub.",price_too_high|look,already_chosen,brand|info_incomplete|price_suspicious,few_reviews|material|pack,look|availability,availability|few_reviews|size,slightly
B,"The jssablo Blue Cube liner hits my sweet spot: it's a real bargain at $7.19, has a solid 4.4★ from nearly 1,900 reviews so I trust it, and it's EVA (odor-free, BPA-free-ish) with 3 magnets at the hem to keep it against the tub. The 3D cube gradient look is fun and modern without being gaudy, and it's in stock right now.",price_too_high|look,already_chosen,brand|price_suspicious|few_reviews,few_reviews|material|info_incomplete,look|few_reviews|availability,availability|few_reviews,slightly
A,"I want a liner I can trust and not have to think about again, so the huge review count (4,156 at 4.5 stars) and the odor-free, BPA-free EVA with brass grommets and weighted bottom sold me. The emerald-green semi-transparent look is a nice bonus that matches my bathroom, and $18.99 is fine for something that lasts.",already_chosen,price_suspicious|brand|look,price_suspicious|brand|look,few_reviews|material|size,few_reviews|look|transparency,availability|few_reviews|size,slightly
C,"I want a liner that is genuinely waterproof, odor-free EVA, and stays put against the tub, and Option C delivers all three at a very fair price with a strong 4.6★ from nearly a thousand buyers. The Art-Deco wave texture also gives it a bit of quiet elegance rather than looking purely utilitarian, and the tear-proof header with anti-rust grommets suggests it will hold up to daily use.",price_too_high|look|transparency,price_suspicious|brand|look,already_chosen,few_reviews|material|pack,look|few_reviews|availability,availability|few_reviews|size,slightly
A,"I want a liner that looks nice and holds up, and this one has the strongest evidence behind it — 4.5 stars from over 4,000 reviewers is a lot of reassurance. The soft-touch EVA is BPA-free and odor-free, which matters to me with kids in the house, and the weighted bottom plus reinforced header means it won't billow or tear. The emerald green semi-transparent look is also just prettier than a plain clear or black liner, and $18.99 is a fair splurge for something I'll look at every single day.",already_chosen,price_suspicious|brand|look,price_suspicious|brand|rating,few_reviews|material|look,look|few_reviews|availability,availability|few_reviews|info_incomplete,slightly
C,"It's the cheapest option at $7.09 but still has the strongest rating on the shelf (4.6★ with ~974 reviews), which gives me real confidence. EVA material, magnets at the bottom, and a waterproof wipe-clean surface cover everything I actually need in a liner, and the blue wave pattern looks nice enough.",price_too_high,look|price_suspicious,already_chosen,few_reviews|material|pack,look|few_reviews,availability|few_reviews,slightly
A,"I want a liner that will actually last and not smell like chemicals, and the AmazerBath has the track record to back it up — over 4,100 reviews at 4.5 stars, BPA-free EVA, brass grommets, and a weighted hem. At $18.99 it's the priciest here, but I've learned the hard way that cheap liners tear at the grommets and cloud up within months, so I'd rather pay once. The semi-transparent emerald green also suits my bathroom better than a solid black or a loud gradient.",already_chosen,price_suspicious|brand|look,price_suspicious|brand|look,few_reviews|material|pack,look|few_reviews|rating,availability|few_reviews,slightly
B,"It has a solid 4.4 rating with nearly 1,900 reviews, so I trust it, and at $7.19 it's the best value of the reliable options. The 3D cube texture looks nice and it has the magnets and weighted hem I want, plus it's in stock.",price_too_high|availability,already_chosen,price_suspicious|few_reviews,few_reviews|pack,look|transparency|rating,availability|few_reviews,slightly
C,"I want an EVA liner that is odor-free and easy to wipe clean, and Option C has the highest rating of the shelf at 4.6 stars with a solid 974 reviews, which feels like real evidence. It also has the weighted magnets and reinforced header I want, plus a blue water-wave look that will read as clean and spa-like in my bathroom, all at $7.09.",price_too_high,look|rating,already_chosen,few_reviews|material,look|rating|availability,availability|few_reviews|size,moderately
A,"The AmazerBath liner has by far the strongest evidence base — 4.5 stars across 4,156 reviews — and the specs I care about are all there: 12 rustproof brass grommets, reinforced double-layered header, and weighted bottom stones so it actually stays put. EVA is odor-free and BPA-free, which matters to me for something sitting in a steamy bathroom all day. At $18.99 it's the priciest, but for a liner I'll keep for a couple of years, the per-use cost is trivial and I'd rather not gamble on a $7 no-name.",already_chosen,brand|few_reviews|price_suspicious,brand|price_suspicious|look,few_reviews|material|pack,transparency|few_reviews|look,availability|few_reviews|size,slightly
A,"I'm retired and on a fixed budget, but I've learned the cheap liners get slimy and tear within months, so I'd rather pay once. The AmazerBath has over 4,000 reviews at 4.5 stars, it's BPA-free and odor-free EVA with brass grommets and a weighted bottom, and the emerald green is pretty without being too dark. The only downside is the delivery notice, but I'd wait for it to come back in stock.",already_chosen,price_suspicious|look|brand,price_suspicious|look|brand,few_reviews|material|pack,look|rating|availability,availability|few_reviews|size,slightly
C,"It has the highest rating (4.6) with a solid review count, EVA is odor-free and I prefer that over PVC, and the magnets plus weighted hem are exactly what I want. The $7.09 price is reasonable and it's in stock.",price_too_high|availability,brand|rating,already_chosen,few_reviews|material,look|few_reviews,availability|few_reviews,moderately
A,"I want a liner that will actually last and feel decent, and the AmazerBath has the strongest evidence base by far — 4.5 stars across 4,156 reviews, which is real proof rather than a handful of early ratings. The EVA material is BPA-free and odor-free, the brass grommets and weighted hem address the two things that always fail on cheap liners, and I'll happily pay $18.99 for that rather than replace a flimsy one in six months.",already_chosen,price_suspicious|brand|look,price_suspicious|brand|look,few_reviews|material|look,transparency|availability|few_reviews,few_reviews,slightly
C,"It's the cheapest option with the highest rating (4.6) and a solid review count (974), so I get good evidence and a weighted magnetic hem without paying a premium. The Art-Deco wave look is fine for my bathroom and EVA is odor-free and easy to wipe down.",price_too_high|availability,price_suspicious|look|few_reviews,already_chosen,few_reviews|material,look|few_reviews|availability,availability|few_reviews,moderately
C,"It's the best balance of everything I care about: a high 4.6 rating with a solid ~974 reviews, odor-free EVA material, 3 heavy magnets so it stays put against the tub, and a look (blue water-wave gradient) I actually find pretty. At $7.09 it's cheap enough to try without much risk, and it's in stock.",price_too_high|availability,look|few_reviews,already_chosen,few_reviews|pack,look|few_reviews,availability|few_reviews,slightly
C,"I'm not paying near twenty dollars for a shower liner, and C gives me a solid 4.6 stars with nearly a thousand reviews at just $7.09. The blue water-wave EVA has magnets at the bottom to hold it against the tub, and the reviews are plentiful enough that I trust it.",price_too_high|availability,look|few_reviews,already_chosen,few_reviews|material,look|few_reviews,availability|few_reviews,slightly
C,"It's the cheapest single liner at $7.09 but still has a strong 4.6★ from nearly 1,000 reviews, which feels like solid evidence. It has the weighted magnets I want, a waterproof wipe-clean EVA surface, and a nice blue water-wave look that fits my bathroom.",price_too_high,look,already_chosen,few_reviews|pack|look,look|few_reviews,availability|few_reviews,slightly
C,"Best combination of a strong rating (4.6★, ~974 reviews), all the features I want (magnets, weighted hem, rustproof grommets, odor-free EVA), and the lowest price at $7.09. I like the blue gradient wave look and it's in stock, so it's a low-risk buy.",price_too_high|look,price_suspicious|look,already_chosen,few_reviews|material,look|availability,availability|few_reviews|size,slightly
C,"I want a single liner that is affordable, clearly odor-free EVA (I care about material safety), and has a strong enough review base to trust. Option C has the highest rating on the shelf (4.6 with ~974 reviews), includes weighted magnets I want, and at $7.09 it's a low-risk buy for a daily-use item.",price_too_high,look,already_chosen,few_reviews|pack,look|transparency,availability|few_reviews,slightly
A,"I want a liner that feels like a real upgrade, and the AmazerBath's soft-touch emerald EVA, brass grommets, and weighted hem check every box for me. With 4,156 reviews at 4.5 stars, it's the only option I fully trust to actually last, and I'm happy to pay more for BPA-free, odor-free quality.",already_chosen,price_suspicious|brand|look,price_suspicious|brand|look|few_reviews,few_reviews|material|pack,look|few_reviews|availability,availability|few_reviews,slightly
C,"It has the highest rating (4.6★) with a solid number of reviews (974), which gives me confidence it's reliable, and at $7.09 it's the best value on the shelf. The blue water-wave EVA and 3 magnets at the bottom hit everything I want: odor-free material, waterproof, and it stays against the tub.",price_too_high|look,price_suspicious|look,already_chosen,few_reviews|material,look|few_reviews,availability|few_reviews,slightly
C,"I chose the LQFMEHOT liner because it has the best combination of a strong 4.6-star rating with a reasonable 974 reviews, a low $7.09 price, and the functional features I want — magnets at the hem, a tear-proof header, and odor-free EVA. I'm cautious about unproven listings, so a solid review base at a budget price matters more to me than a fancier look.",price_too_high|transparency,look,already_chosen,few_reviews|material,look|few_reviews|availability,availability|few_reviews,slightly
C,"I want a cheap, functional liner that actually stays put, and this one hits the sweet spot: $7.09, a 4.6-star rating with nearly a thousand reviews, 3 heavy magnets at the hem, and a tear-proof header with anti-rust metal grommets. The blue water-wave pattern is a bonus since I'm not looking at a plain clear sheet every morning, and EVA means no PVC stink. B is essentially the same product for ten cents more with a slightly lower rating and fewer reviews, so C wins on evidence.",price_too_high|transparency,brand|few_reviews,already_chosen,few_reviews|material|pack,look|few_reviews|availability,availability|few_reviews|size,slightly
C,"It has the highest rating on the shelf (4.6 stars) with a solid review count near a thousand, so I trust it more than the newer listings. The price is reasonable at $7.09, it's odor-free EVA with magnets and a weighted hem, and the blue wave pattern is pleasant without being fussy.",price_too_high|availability,price_suspicious|look,already_chosen,few_reviews|material,look|review_concern,availability|few_reviews,slightly
C,"It's the cheapest single liner on the shelf at $7.09, has the highest rating (4.6) of the six, and a healthy 974 reviews — enough evidence for a low-stakes consumable. It has the features I actually care about: magnets at the hem, rust-resistant grommets, waterproof EVA, and a straightforward 72x72 fit.",price_too_high|look,look,already_chosen,few_reviews|material,look|availability,availability|few_reviews|size,moderately
C,"I want a liner that stays put against the tub, and this one has 3 heavy magnets plus a weighted hem at the lowest price on the shelf. Its 4.6-star rating with nearly 1,000 reviews gives me enough confidence, and the odor-free EVA and Art-Deco wave look suit my tidy, practical bathroom.",price_too_high|look,look,already_chosen,few_reviews|material,look|availability,availability|few_reviews|size,slightly
B,"I want a liner that stays put against the tub, and Option B includes 3 bottom magnets plus a weighted hem at a very low $7.19 price. Its 4.4-star rating with 1,872 reviews gives me reasonable confidence, and the 3D cube texture looks nicer than a plain clear liner without costing much.",price_too_high,already_chosen,brand|price_suspicious,few_reviews|material,look|few_reviews,availability|few_reviews,slightly
B,"It's the best combination of a genuinely low price ($7.19) and strong social proof (4.4★, 1,872 reviews), which is exactly what I look for on a low-stakes utility purchase. The 70% EVA material is odor-free and PVC-free, and the 12 metal grommets plus 3 bottom magnets cover the functional must-haves. The blue 3D cube texture is a look I can live with, and it's in stock so I can actually buy it.",price_too_high|look,already_chosen,brand|price_suspicious,few_reviews|material,look|availability,availability|few_reviews,slightly
C,"It has the strongest evidence base of the affordable options: 4.6 stars on 974 reviews, EVA material, magnets at the hem, and a tear-proof header. At $7.09 it's the lowest cost with proven reliability, which beats paying $18.99 for the AmazerBath.",price_too_high|availability,look|few_reviews,already_chosen,few_reviews|material,look|availability,availability|few_reviews,slightly
B,"I want a liner that looks intentional rather than purely utilitarian, and the gradient blue 3D cube texture gives my bathroom a designed feel without spending much. It has EVA material, magnets at the hem, a strong 4.4 rating with 1,872 reviews, and an available buy box at $7.19 — the best balance of looks, function, and evidence on this shelf.",price_too_high|look,already_chosen,price_suspicious|brand,few_reviews|material,look|transparency,availability|few_reviews,slightly
A,"I'm a researcher and I'm willing to pay a bit more for something I trust. The AmazerBath has 4,156 reviews at 4.5 stars, brass grommets, a reinforced header, and weighted stones — it reads as the most durable, well-evidenced liner on the shelf. The emerald EVA also looks nice in my bathroom and EVA is odor-free and BPA-free, which matters to me.",already_chosen,price_suspicious|brand|few_reviews|look,price_suspicious|brand|few_reviews|look,few_reviews|material|brand|pack,look|few_reviews|brand,few_reviews|size,slightly
C,"It's cheap, has a solid 4.6 rating from nearly a thousand reviews, and the specs I actually care about are all there — EVA material, 72x72 fit, three magnets at the hem, rust-proof grommets. The wave pattern looks clean and modern without being loud, and at $7.09 I can replace it without thinking twice.",price_too_high|look,look,already_chosen,few_reviews|material,rating|few_reviews|look,availability|few_reviews,slightly
C,"I want a cheap, no-nonsense liner that stays put, and this one has 3 magnets at the bottom, tear-proof header, rust-resistant grommets, and the best rating on the shelf (4.6 with ~1,000 reviews) for just $7.09. The blue wave look is fine for my bathroom and it's in stock, so I can just order it.",price_too_high|transparency,look|rating,already_chosen,few_reviews|material,look|review_concern,availability|few_reviews,slightly
C,"It's the best combination of a high rating (4.6 with ~974 reviews, enough to trust) and a very low price ($7.09). It has the features I care about — EVA material, 3 magnets at the hem, rust-proof grommets, and a waterproof wipe-clean surface — without paying a premium for a liner.",price_too_high,look,already_chosen,few_reviews|material,look|availability,availability,slightly
C,"It's the cheapest option at $7.09 and still has a solid 4.6 rating with nearly 1,000 reviews, so there's real evidence it works. It has the magnets and weighted hem I want, and the EVA material is odor-free, which matters since I don't trust mystery plastics.",price_too_high|look|brand,price_suspicious|brand,already_chosen,few_reviews|material|pack,look|few_reviews|availability,availability|few_reviews|size,slightly
B,"I want an EVA liner that stays put against the tub, and the jssablo has 3 bottom magnets plus a solid 4.4★ from nearly 1,900 reviews. At $7.19 it's a low-risk price, and the blue 3D cube look is nice enough for my bathroom without being boring.",price_too_high|availability,already_chosen,brand|few_reviews,material|few_reviews,look|availability,availability|few_reviews,moderately
C,"I want a reasonably priced EVA liner with a strong review base, a weighted magnetic hem, and a look that isn't plain black or an odd 3D texture. Option C at $7.09 has the highest rating (4.6★) with nearly 1,000 reviews, plus magnets and a tear-proof header, so it feels like the best balance of value and reliability.",price_too_high|availability,look|price_suspicious,already_chosen,few_reviews|material,look|availability,availability|few_reviews,slightly
C,"It has the highest rating (4.6) on a solid review base (974), a low price of $7.09, and it checks my must-haves: EVA material, 3 magnets at the hem, 72x72 fit, and anti-rust metal grommets. The blue water-wave look is attractive without being too loud, and it's in stock.",price_too_high|look,look|few_reviews,already_chosen,few_reviews|material|pack,look|rating|availability,availability|few_reviews|size,slightly
C,"The LQFMEHOT is cheap, has the highest rating on the shelf (4.6 with ~974 reviews), and it's EVA which is odor-free and BPA-free-ish. It has magnets, a weighted hem, and it's actually in stock — everything I need without the price tag of the AmazerBath.",price_too_high|availability,look,already_chosen,few_reviews|material,look|few_reviews|availability,few_reviews,slightly
C,"It has the highest rating (4.6) among the options with a solid review base, and at $7.09 it's an easy value buy. The wave pattern looks clean and modern, and the weighted magnets are exactly what I want in a liner.",price_too_high,already_chosen|look,already_chosen,few_reviews|material,look|few_reviews,availability|few_reviews|size,slightly
C,"I want a liner that's waterproof, easy to wipe clean, and stays put with magnets without spending a lot, and Option C has the highest rating (4.6) with a solid 974 reviews, a waterproof EVA surface, and 3 heavy magnets at $7.09. The Art-Deco wave look is also pleasant without being loud. It fits my cautious, evidence-based approach: strong reviews, complete info, and a reasonable price.",price_too_high|pack,few_reviews|review_concern,already_chosen,few_reviews|pack|material,look|few_reviews|availability,few_reviews,slightly
C,"I want a liner that stays put and doesn't cost an arm and a leg, and this one hits both marks. It has the weighted magnets I need, a solid 4.6 stars from nearly a thousand buyers, and at $7.09 it's the best-reviewed cheap option on the shelf.",price_too_high|availability,look,already_chosen,few_reviews|material,look|availability,availability|few_reviews,slightly
C,"I want a liner that's cheap but has real evidence behind it, and C has the highest rating on the shelf (4.6) with nearly a thousand reviews, which tells me it holds up. It's EVA, odor-free, has the magnets at the bottom to keep it against the tub, and the blue wave look is pretty without being loud. At $7.09 I can replace it without thinking twice.",price_too_high|look,look|rating,already_chosen,few_reviews|material|pack,look|few_reviews,availability|few_reviews|price_suspicious,slightly
C,"I'm a new parent and want a liner that's cheap, easy to wipe clean, and won't slide around — C has the highest rating (4.6★, 974 reviews), strong magnets, and a nice Art-Deco wave look for just $7.09. It's in stock and fits our standard tub at 72x72.",price_too_high|availability,look|brand,already_chosen,few_reviews|material|pack,look|availability,availability|few_reviews,slightly
E,"I want a simple, opaque black liner that blocks the view of the tub and looks clean and modern, and this one is PVC-free EVA with magnets and reinforced grommets at a fair $9.99. The 116 reviews at 4.3 stars give me enough confidence, though I'll order promptly since only 10 are left. I'm not interested in colored or patterned liners, and options D and F feel too unproven or unbuyable.",price_too_high|look|transparency,look|price_suspicious,look|price_suspicious,few_reviews|look|material,already_chosen,availability|few_reviews|size|look,slightly
C,"It has the highest rating on the shelf (4.6★ with nearly a thousand reviews), which gives me confidence it's reliable. At $7.09 it's cheap enough that I won't feel bad replacing it, and the magnets plus weighted hem mean it'll stay put against the tub.",price_too_high|transparency,look|rating|price_suspicious,already_chosen,few_reviews|material|pack,look|few_reviews|availability,few_reviews|transparency,slightly
B,"It has a solid 4.4 rating from nearly 1,900 reviews, which gives me confidence, and the 3 magnets at the bottom keep it against the tub, which matters to me. At $7.19 it's a great value and the 70% EVA material is a safer choice than PVC.",price_too_high,already_chosen,brand|few_reviews,few_reviews|brand,look|few_reviews,availability|few_reviews,slightly
A,"I want a liner that looks nice in my bathroom and feels well-made, and the AmazerBath's emerald EVA with brass grommets and weighted bottom looks premium. With 4,156 reviews at 4.5 stars it's clearly proven, and at $18.99 the price is fair for the quality and eco-friendly, odor-free EVA.",already_chosen,price_suspicious|look|brand,price_suspicious|brand|look,few_reviews|material|look,look|availability|rating,availability|few_reviews,slightly
C,"It's the cheapest option on the shelf at $7.09, has the best rating (4.6★) with a solid ~974 reviews, and includes the weighted magnets and rust-proof grommets I want. The Art-Deco blue wave look is a plus and EVA is odor-free and safe.",price_too_high|availability,look|few_reviews,already_chosen,few_reviews|material,look|few_reviews,availability|few_reviews,moderately
B,"Good price at $7.19 and it has magnets at the bottom, which I want so the liner stays against the tub. Solid 4.4 stars with nearly 2,000 reviews, so I trust it more than the newer listings.",price_too_high|transparency,already_chosen,price_suspicious|brand,few_reviews|pack,look|few_reviews,availability|few_reviews,slightly
B,"I want an EVA liner with a weighted magnetic hem, and B has a strong 4.4★ rating backed by 1,872 reviews — enough evidence to trust it. At $7.19 it's a low-risk price for a feature set that matches my needs, and it's in stock.",price_too_high|availability|transparency,already_chosen,brand|few_reviews|look,few_reviews|material|pack,rating|look|availability,availability|few_reviews,slightly
B,"I picked the jssablo Blue Cube liner because it hits the sweet spot for me — a low $7.19 price but still with real magnets at the bottom to hold it against the tub, which is the feature I care about most. It has a strong 4.4 rating backed by nearly 1,900 reviews, so I feel like I'm not gambling on an unknown, and the 3D cube texture looks nicer than a plain clear liner.",price_too_high,already_chosen,brand,few_reviews|material,look,availability|few_reviews,slightly
C,"It's the cheapest single liner at $7.09, has the highest rating on the shelf (4.6 with ~974 reviews, so enough evidence), and it has the functional stuff I care about — magnets at the bottom and a rust-proof header. The blue water-wave look is subtle and clean, which fits the modern bathroom vibe I like.",price_too_high|transparency,look|rating,already_chosen,few_reviews|pack|material,transparency|rating|availability,availability|few_reviews|size,moderately
B,"I want a liner that stays put against the tub and doesn't cost much, since it's a disposable-ish item. The jssablo has 3 bottom magnets, a decent 4.4★ rating across nearly 1,900 reviews, and is only $7.19 — good enough evidence at a low price.",price_too_high|transparency,already_chosen,brand|look,few_reviews|material,look|availability,availability|few_reviews,slightly
C,"It has the best combination of a strong 4.6 rating with a decent 974 reviews, a low $7.09 price, and the features I care about most — magnets at the bottom, anti-rust grommets, odor-free EVA, and a clean Art Deco wave look that will suit our modern bathroom. It's in stock and the listing gives me enough detail to feel confident buying it for a rental bathroom.",price_too_high,look|few_reviews,already_chosen,few_reviews|pack,look|few_reviews|availability,availability|few_reviews,slightly
C,"It's the cheapest option at $7.09 yet has the highest rating on the shelf (4.6★) with a solid 974 reviews, so I'm not gambling on an unknown. EVA, odor-free, tear-proof header, anti-rust buttons and 3 heavy magnets cover everything I actually need in a liner.",price_too_high,look|rating,already_chosen,few_reviews|material,look|few_reviews,availability|few_reviews|transparency,slightly
B,"I want a liner that stays put and looks nice without paying luxury prices. The jssablo Blue Cube has magnets at the hem, a premium-looking 3D texture, a solid 4.4 stars from nearly 1,900 reviews, and it's only $7.19 — the best mix of value, function, and evidence for a rural household on a budget.",price_too_high,already_chosen,price_suspicious|brand,few_reviews|material,look|transparency|availability,availability|few_reviews,slightly
A,"I'm a brand-loyal shopper and I'd rather pay a bit more for a liner with a solid track record — 4.5 stars across 4,000+ reviews tells me it's reliable. The emerald EVA with brass grommets and weighted hem sounds well-made, odor-free, and it'll look nice in my bathroom.",already_chosen,price_suspicious|brand|look,price_suspicious|brand|look,few_reviews|material|pack,look|availability|brand,availability|few_reviews,slightly
C,"I'm a sucker for a good deal, but I've been burned by cheap liners that rip or smell like a chemical spill, so I was hunting for the sweet spot: real reviews, EVA (not PVC), and a price that doesn't feel like a gamble. Option C hits all of it — $7.09, 4.6 stars with nearly a thousand reviews, magnets at the bottom so it doesn't cling to me mid-shower like a clingy ex, and the Art-Deco wave pattern actually looks like something I'd pick on purpose. Option B was the runner-up, but C wins on rating and a design I'd rather stare at every morning.",price_too_high,look,already_chosen,few_reviews|material,look|few_reviews|availability,availability|few_reviews|size,slightly
C,"I want an odor-free EVA liner with magnets and a weighted hem, and this one fits that at a low price. Its 4.6★ rating with nearly 1,000 reviews gives me reasonable confidence, and the Art-Deco blue wave look is attractive without being loud.",price_too_high|availability,price_suspicious|look|rating,already_chosen,few_reviews|material|pack,look|rating|availability,availability|few_reviews,slightly
B,"It's the best balance of price and evidence: $7.19 with 1,872 reviews at 4.4★ is a lot of real-world validation for a cheap liner. It has the functional stuff I actually care about — 12 metal grommets, 3 magnets at the hem, waterproof EVA — and it's in stock right now, so I can just buy it.",price_too_high|availability,already_chosen,price_suspicious|brand|few_reviews,few_reviews|material|look,look|few_reviews,availability|few_reviews|size,slightly
A,"I'm brand loyal and I'd rather pay a bit more for a liner with 4,000+ reviews backing it up. The AmazerBath's soft-touch EVA, brass grommets, and weighted hem hit everything I want, and the emerald green looks nice in a bright bathroom.",already_chosen,price_suspicious|brand|look,price_suspicious|brand|look,few_reviews|material|look,few_reviews|look|availability,few_reviews,slightly
C,"I want a liner that is odor-free EVA, stays put with magnets, and has enough reviews to trust. Option C has the highest rating on the shelf (4.6★, 974 reviews) at the lowest price ($7.09), and the Art-Deco wave look is subtle enough for my bathroom.",price_too_high|transparency,look,already_chosen,few_reviews|pack,look|few_reviews|availability,availability|few_reviews,slightly
C,"I want an EVA liner that's odor-free and safer, and C offers that at a great price ($7.09) with a strong 4.6-star rating from nearly 1,000 reviews. It has the weighted magnets and waterproof quick-dry surface I need, and the blue water-wave design looks clean and modern.",price_too_high,look,already_chosen,few_reviews|material,look|few_reviews,availability|few_reviews|info_incomplete,slightly
C,"I want a liner that stays put against the tub and doesn't cost much, since liners are disposable items I'll replace. Option C has the strongest rating (4.6★) with nearly 1,000 reviews, EVA material, three heavy magnets, and a rust-proof reinforced header at just $7.09 — that's the best combination of proven quality and value here.",price_too_high|transparency|brand,few_reviews|look|brand,already_chosen,few_reviews|material|look,transparency|few_reviews|availability,availability|few_reviews|size,slightly
C,"I want a semi-transparent, light-filtering liner with magnets to hold it against the tub, and C delivers that at $7.09 with a strong 4.6-star rating. The Art-Deco wave texture gives it a nicer look than a plain clear liner, and the odor-free EVA plus anti-rust hardware fits my safety and durability needs.",price_too_high|transparency,look|few_reviews,already_chosen,few_reviews|material|pack,look|availability,availability|few_reviews,slightly
C,"Cheapest option at $7.09, and it has the best rating on the shelf (4.6 with ~974 reviews) so it's not just cheap and unknown. Has the magnets and weighted hem I want, plus 72x72 fit.",price_too_high|availability,look,already_chosen,few_reviews|pack,look|few_reviews,availability|few_reviews,slightly
C,"I want a cheap, low-risk liner and C has the strongest evidence for the price: 4.6 stars across 974 reviews, EVA material that's odor-free, three heavy magnets at the hem, and a rust-proof reinforced header — all for $7.09. The Art-Deco blue wave look is attractive and it's in stock, so there's no reason to pay more.",price_too_high|availability,look|few_reviews,already_chosen,few_reviews|material,look|few_reviews|availability,availability|few_reviews|size,slightly
A,"I want a liner I can trust to be safe and odor-free, and AmazerBath's EVA with brass grommets and a weighted hem has thousands of reviews backing it up. The emerald-green semi-transparent look is nicer than the cheaper blue/black options, and $18.99 is worth it for a chronic-condition-friendly, BPA-free product I won't have to replace quickly.",already_chosen,price_suspicious|brand|look|material,price_suspicious|brand|look|few_reviews,few_reviews|material|pack|brand,look|rating|availability|brand,availability|few_reviews|size|material,moderately
C,"I want a liner that looks nice without spending much, and the LQFMEHOT hits that balance — a pretty Art-Deco wave design, odor-free EVA, magnets at the bottom, and a 4.6★ rating with nearly 1,000 reviews at just $7.09. It feels like the best mix of looks, function, and value on this shelf.",price_too_high,look,already_chosen,few_reviews,look,availability|few_reviews,slightly
A,"I'm retired and live alone, so I want one liner that lasts and is safe to breathe around — the BPA-free, odor-free EVA with a double-layered header and weighted bottom stones checks every box. The 4.5 stars across 4,156 reviews gives me the evidence I need, and I'd rather pay $18.99 once for quality than replace a cheap liner every few months.",already_chosen,price_suspicious|brand|look,price_suspicious|brand|look,few_reviews|material|pack,look|few_reviews|transparency,availability|few_reviews|info_incomplete,slightly
A,"I'll take the AmazerBath emerald EVA liner. It's the only option with a genuinely large, credible review base (4,156 reviews at 4.5 stars), and the specs are fully spelled out: 100% EVA, BPA-free and odor-free, 12 rustproof brass grommets, reinforced double-layer header, and weighted bottom stones. I'd rather pay $18.99 once for a liner that will actually stay put and not smell like a chemistry set than gamble on a $7 no-name with thin documentation.",already_chosen,price_suspicious|brand|material|look,price_suspicious|brand|look,few_reviews|material|pack,transparency|availability|rating,availability|few_reviews|size|transparency,slightly
C,"It's the cheapest option at $7.09 but still has a solid 4.6-star rating with nearly 1,000 reviews, so it feels like the best value without gambling on an unknown listing. The blue water-wave design is pretty and the magnets plus weighted hem are exactly what I want so it doesn't stick to me in the shower.",price_too_high|look,look|price_suspicious,already_chosen,few_reviews|material,look|rating,availability|few_reviews|size,moderately
A,"I want a liner I can trust to hold up and stay clean, and the AmazerBath has by far the strongest track record with over 4,000 reviews at 4.5 stars. The brass grommets, reinforced header and weighted bottom stones suggest it will actually last, and the soft-touch EVA with no odor matters to me. The price is higher, but for something I use every day I'd rather pay once for quality.",already_chosen,price_suspicious|brand|material,price_suspicious|brand|few_reviews,few_reviews|material|pack,look|few_reviews|availability,availability|few_reviews|size,slightly
B,"I want a liner that looks nice but doesn't cost much, and B has a premium-looking 3D cube texture with magnets to hold it against the tub. It has a solid 4.4 rating with nearly 1,900 reviews, so I trust it more than the newer listings.",price_too_high,already_chosen,brand|few_reviews,few_reviews|material,look|few_reviews,availability|few_reviews,slightly
B,"The jssablo Blue Cube liner is a single liner at a very reasonable $7.19, in stock, and has a solid 4.4 rating with nearly 1,900 reviews — enough evidence for me to trust it. It has the magnets and weighted hem I need to keep it against the tub, plus rust-resistant metal grommets, and the EVA material is odor-free and safer than PVC.",price_too_high|look|transparency,already_chosen,price_suspicious|look|brand,few_reviews|pack|look,transparency|availability|look,availability|few_reviews,slightly
C,"It has the highest rating on the shelf (4.6★) with a solid ~974 reviews, and at $7.09 it's the cheapest option while still offering the features I care about — EVA material, magnets at the hem, and rust-proof grommets. The blue water-wave pattern is attractive and light-filtering, which suits my bathroom.",price_too_high,look|rating,already_chosen,few_reviews|pack,look|transparency,availability|few_reviews|price_suspicious,slightly
C,"It has the highest rating (4.6) among options with a solid review base (974 reviews), the lowest price at $7.09, and all the features I care about: EVA material, magnets at the hem, rust-proof grommets, and a 72x72 fit. The Art-Deco wave look is a nice bonus and the listing is complete and in stock.",price_too_high|look,look|rating,already_chosen,few_reviews|material,look|few_reviews,availability|few_reviews|size,slightly
C,"It's the cheapest single liner at $7.09, has the highest rating on the shelf (4.6★) with a solid ~974 reviews, and it checks every functional box I care about: EVA material, 3 heavy magnets at the hem, rust-proof grommets, and a reinforced header. The blue water-wave look is subtle enough that I won't get sick of it, and I don't need a 2-pack or a $19 liner for something that gets replaced every year or so.",price_too_high|look|transparency,look|price_suspicious,already_chosen,few_reviews|pack|material,look|transparency|availability,few_reviews,slightly
A,"I'm brand loyal and willing to pay more for a liner that's clearly built to last — the AmazerBath has 100% brass grommets, a reinforced double-layered header and weighted bottom, plus over 4,000 reviews at 4.5 stars. The soft-touch emerald EVA looks nicer than the cheap patterned options and it's BPA-free and odor-free, which matters to me for something hanging in a steamy bathroom.",already_chosen,price_suspicious|look|brand|material,price_suspicious|look|brand|material,few_reviews|material|pack|look,look|availability|brand,availability|few_reviews|size,moderately
C,"I buy a liner to do a job, not to decorate the bathroom. The LQFMEHOT is cheap, has the highest rating on the shelf (4.6 with close to a thousand reviews), and it has the magnets and weighted hem I want so it stays put instead of clinging to me. At $7.09 it's a no-brainer to replace when it gets grungy.",price_too_high,look,already_chosen,few_reviews|material,transparency,availability|few_reviews,slightly
C,"I want a cheap, functional liner and option C has the best combination of a low price ($7.09), a strong 4.6★ rating, and a healthy review count of 974. It has the magnets and weighted hem I want to keep it against the tub, plus a waterproof odor-free EVA build that should hold up fine for a liner.",price_too_high|look,look,already_chosen,few_reviews|material,look|few_reviews,availability|few_reviews|price_suspicious,slightly
C,"It has the best combination of a strong 4.6 rating with a decent review count (974), a low $7.09 price, and the functional features I care about most — magnets at the bottom, a weighted hem, and a tear-proof header. The Art-Deco blue wave look is a nice touch without being loud, and it's in stock and clearly specified at 72x72.",price_too_high|transparency,look|price_suspicious,already_chosen,few_reviews|material,look|few_reviews|availability,availability|few_reviews|size,moderately
B,"It's cheap at $7.19, has a solid 4.4 stars from nearly 1,900 reviews, and the 3D cube texture looks better than a plain clear liner. The EVA material and 3 magnets at the bottom hit what I actually need without paying AmazerBath's premium.",price_too_high|look,already_chosen,price_suspicious|brand|look,few_reviews|material,look|few_reviews,availability|few_reviews|size,slightly
C,"I want an odor-free EVA liner that stays put, and this one has 4.6 stars across ~974 reviews at just $7.09 — strong evidence at a low-risk price. The blue water-wave look is subtle and clean for my bathroom, and the 3 heavy magnets plus weighted hem mean it won't billow against me.",price_too_high|availability,look|few_reviews,already_chosen,few_reviews|material,look|few_reviews|availability,availability|few_reviews,slightly
E,"I want a plain, opaque black liner that hides the mess behind it and matches my practical style — I'm not interested in blue gradients or pebble textures. At $9.99 with a 4.3 rating and over 100 reviews it's reasonably priced without being suspiciously cheap, and it has the weighted magnets and rustproof grommets I need.",price_too_high|look|availability,price_suspicious|look|brand|few_reviews,price_suspicious|look|brand|few_reviews,few_reviews|pack|material|look,already_chosen,availability|few_reviews|transparency|brand,slightly
C,"It's the cheapest at $7.09 and still has a solid 4.6 rating with nearly a thousand reviews, so I trust it. It has the magnets and weighted hem I want, and I like the blue wave look.",price_too_high,look,already_chosen,few_reviews,look|few_reviews,few_reviews,slightly
C,"It has the highest rating (4.6) with a reasonably large review base (974), a fair price at $7.09, and the functional features I care about most — 3 heavy magnets at the hem, rust-proof grommets, and odor-free EVA. The Art-Deco wave look is also more appealing to me than a plain or overly bold pattern.",price_too_high,look|rating,already_chosen,few_reviews|material|pack,look|rating,availability|few_reviews,slightly
C,"I want a cheap, good-looking liner with magnets and a solid rating, and C checks every box: $7.09, 4.6 stars with nearly 1,000 reviews, EVA, weighted magnets and a reinforced header. B is close, but C's higher rating and lower price edge it out.",price_too_high,look,already_chosen,few_reviews|material,look|rating,availability|few_reviews,slightly
C,"I want a cheap, functional liner that actually stays put and cleans easily, and C hits that sweet spot: $7.09, 4.6 stars with nearly a thousand reviews, three heavy magnets at the hem, and a waterproof EVA surface I can just rinse and wipe. The Art-Deco wave look is a nice bonus since my bathroom is small and dark-tiled, so a little gradient blue keeps it from feeling like a hospital. B was close, but C's higher rating and review count won me over at basically the same price.",price_too_high|look,rating|few_reviews,already_chosen,few_reviews|material|look,look|availability|few_reviews,availability|few_reviews|transparency,slightly
C,"I want an EVA liner that is odor-free and waterproof, and C offers that at a very low price with a strong 4.6-star rating from nearly a thousand reviews. It also has the weighted magnets and rustproof grommets I care about, so it feels like the best balance of safety, function, and value.",price_too_high|brand|availability,look|brand|rating,already_chosen,few_reviews|material|pack,look|few_reviews|availability,availability|few_reviews,moderately
A,"No persona-specific answer was produced, so a neutral answer was used.",already_chosen,already_chosen,already_chosen,already_chosen,already_chosen,already_chosen,not_at_all
B,"I want a liner that stays put against the tub and cleans up easily, and B has the 3 bottom magnets plus a solid 4.4 rating from nearly 1,900 reviews. At $7.19 it's cheap enough that replacing it isn't a big deal, and the 3D texture reads as more substantial than a plain sheet of plastic.",price_too_high|availability,already_chosen,brand|review_concern,few_reviews|material,look|few_reviews|availability,availability|few_reviews|size,slightly
C,"Best combo of low price ($7.09), highest rating on the shelf (4.6 with ~974 reviews so it's actually reliable), and it has the magnets plus weighted hem I want. The blue water-wave look is fine and EVA is odor-free and safe.",price_too_high,price_suspicious|look,already_chosen,few_reviews,look|few_reviews,availability|few_reviews,slightly
C,"I want a liner that looks good, stays put, and doesn't cost much. The LQFMEHOT has the highest rating on the shelf (4.6★, ~974 reviews), the Art-Deco wave look suits my bathroom, and the magnets plus weighted hem keep it against the tub. At $7.09 it's an easy, low-risk buy.",price_too_high|brand|availability,look|price_suspicious|brand,already_chosen,few_reviews|material|pack|look,look|transparency|availability,availability|few_reviews|size,moderately
C,"I'm a student on a tight budget, so the $7.09 price is appealing, and with 4.6 stars from 974 reviews it has solid, trustworthy social proof. I also like the blue water-wave look and that it has magnets and a weighted hem to keep it in place.",price_too_high,look,already_chosen,few_reviews|material,look|few_reviews,availability|few_reviews,moderately
C,"I want a clean, waterproof EVA liner that stays put and looks tidy without spending much, and C has the highest rating (4.6) with a solid review count (974) plus magnets and a reinforced header. The Art-Deco wave look is subtle enough for my bathroom, and at $7.09 it's an easy value. I'm cautious about unproven listings, so C's track record gives me the most confidence.",price_too_high,already_chosen,already_chosen,few_reviews,transparency,availability,slightly
B,"I want a liner that stays put and looks intentional, and the jssablo Blue Cube has 3 magnets at the hem plus a 3D texture that reads more expensive than its $7.19 price. With 1,872 reviews at 4.4 stars and 70% EVA, it clears my evidence and safety bar while staying cheap enough that replacing it later is no big deal.",price_too_high|transparency,already_chosen,price_suspicious|brand|look,few_reviews|material,availability|transparency|rating,availability|few_reviews,slightly
C,"I want a liner that keeps water in the tub and looks clean without spending a lot, and C's 4.6-star rating with nearly 1,000 reviews gives me more confidence than the cheaper no-name alternatives. The magnets at the hem and tear-proof header are the practical features I actually care about in a house with kids.",price_too_high,look,already_chosen,few_reviews|material,look|availability,availability|few_reviews|size,slightly
E,"At my age I want something plain, dark, and easy to keep clean — a solid black liner hides soap scum and water spots between washings. The EVA is PVC-free, it has the weighted magnets I insist on so it doesn't billow and cling, and $9.99 is a sensible price for something I'll replace in a year or two. The 4.3 stars over 116 reviews is modest but believable, and it's in stock.",price_too_high|look|transparency,price_suspicious|look|transparency,price_suspicious|look|transparency,few_reviews|material|look,already_chosen,availability|few_reviews,slightly
B,"It has solid reviews at 4.4 stars with nearly 1,900 ratings, which gives me enough evidence it holds up. At $7.19 it's cheap but not suspiciously so, and the magnets plus weighted hem keep it against the tub, which is what I actually care about in a liner.",price_too_high|availability,already_chosen,brand|few_reviews,few_reviews|material,look|availability,few_reviews,slightly
B,"It's the best mix of cheap, well-reviewed, and functional — 1,872 reviews at 4.4 stars is real evidence the thing actually holds up, and the magnets at the bottom plus a weighted hem mean it won't stick to me in the shower. I don't want to pay $19 for a liner I'm going to replace in a year anyway.",price_too_high|brand,already_chosen,price_suspicious|brand|few_reviews,few_reviews|material|brand,transparency|look|few_reviews,few_reviews,slightly
C,"It's the best value for me: cheap, has the highest rating on the shelf (4.6 with a decent 974 reviews), and the magnets plus weighted hem are exactly what I want so it stays against the tub. The blue wave look is nice enough and EVA odor-free material feels safe for a family bathroom.",price_too_high|brand,price_suspicious|look,already_chosen,few_reviews|pack|material,look|few_reviews|availability,availability|few_reviews|size,slightly
C,"I want a liner that's cheap but still has strong evidence behind it, and the LQFMEHOT has the best rating on the shelf (4.6★) with a solid ~974 reviews. It has the magnetic weighted hem I need to keep it against the tub, an odor-free EVA material, and it's in stock at $7.09 — best value without gambling on a thin listing.",price_too_high|look|brand,few_reviews|brand|look,already_chosen,few_reviews|material|pack,look|few_reviews|availability,availability|few_reviews,slightly
C,"Cheapest of the bunch at $7.09 with the highest rating (4.6) and a solid 974 reviews — enough evidence for me. EVA, magnets at the hem, rust-proof grommets, 72x72 standard fit. Nothing fancy, just does the job.",price_too_high|availability,price_suspicious|look,already_chosen,few_reviews|pack,look|availability,availability|few_reviews,slightly
B,"I want a liner that stays put and looks decent without paying a premium, and the jssablo Blue Cube hits that balance: EVA material, metal grommets, three magnets at the hem, and a 4.4 rating across nearly 1,900 reviews. At $7.19 it's cheap enough to replace without thinking, and unlike the other budget options it has enough review volume that I trust it.",price_too_high,already_chosen,brand|few_reviews,few_reviews|material,look|few_reviews,availability|few_reviews|size,slightly
C,"The LQFMEHOT liner offers the best combination of a strong 4.6-star rating with nearly 1,000 reviews, a very low $7.09 price, and the functional features I want like magnets and a weighted hem. As a frugal shopper, I get proven quality and reliability without paying a premium.",price_too_high,look,already_chosen,few_reviews,look|few_reviews,few_reviews,slightly
B,"The jssablo blue cube liner hits my sweet spot: EVA material (odor-free and safer than PVC), magnets at the hem, and a 4.4-star rating across nearly 1,900 reviews — solid evidence at a very fair $7.19. I like the 3D cube texture too; it looks nicer than a plain clear liner without being over the top.",price_too_high|availability,already_chosen,brand|price_suspicious,few_reviews|material,look|rating|availability,availability|few_reviews,moderately
C,"I want a cheap, good-looking liner that actually stays put against the tub. Option C has the highest rating on the shelf (4.6 with nearly 1,000 reviews), magnets plus a weighted hem, and a nice blue wave look at the lowest price — the best mix of value and evidence for me.",price_too_high|look,look|rating,already_chosen,few_reviews|look,look|availability,availability|few_reviews,slightly
B,"I want a liner that stays put against the tub with magnets, and B has 3 magnets plus a weighted hem at the lowest price on the shelf ($7.19). It has a solid review base (4.4 stars, 1,872 reviews) and EVA material that's odor-free and safer than PVC, so it's a low-risk, good-value pick for a bathroom liner I'll replace anyway.",price_too_high|look,already_chosen,brand|few_reviews,few_reviews|material|pack,look|few_reviews|availability,availability|few_reviews,slightly
B,"It has a strong 4.4★ rating with nearly 1,900 reviews, which gives me solid evidence it actually works — that matters more to me than saving a dollar or two. The 3 magnets at the hem and the EVA material (no PVC/odor worries) hit my must-haves, and at $7.19 it's an easy, low-risk buy.",price_too_high,already_chosen,brand|review_concern,few_reviews|material,look|rating|availability,availability|few_reviews|size,slightly
C,"I want a liner that is cheap, well-reviewed, and functional, and option C hits all three: 4.6 stars from nearly 1,000 reviews, magnets at the hem, and a tear-proof header at just $7.09. The blue water-wave texture is a nice bonus without paying a premium.",price_too_high|availability,rating|review_concern|look,already_chosen,few_reviews|material|pack,look|rating|availability,availability|few_reviews|size,slightly
C,"I want a cheap, no-drama liner and this one has the best rating of the bunch at 4.6 with nearly a thousand reviews, so it's proven. It's EVA, odor-free, waterproof, has 3 magnets and a weighted hem plus a tear-proof header, and at $7.09 it's the lowest price on the shelf. The blue wave look is fine for a liner, I'm not trying to decorate with it.",price_too_high|look,price_suspicious|look,already_chosen,few_reviews|look|pack,transparency|few_reviews|availability,availability|few_reviews,moderately
A,"I'm cautious about cheap no-name liners with thin material, and A is the only option with a large, reliable review base (4,156 reviews at 4.5★) plus a reinforced double-layered header, brass grommets and a weighted hem. The higher price is worth it to me for something that hangs well, doesn't smell, and won't need replacing soon.",already_chosen,price_suspicious|brand|look|material,price_suspicious|brand|material|look,few_reviews|material|brand,look|rating|availability|brand,availability|few_reviews|size|material,slightly
B,"It has a solid 4.4 rating with nearly 1,900 reviews, which gives me the evidence I need to trust it, and it's priced at $7.19 so I'm not overpaying for a liner. The 3D cube texture and gradient blue look nice, and the magnets plus weighted hem mean it'll actually stay against the tub.",price_too_high|availability,already_chosen,price_suspicious|brand|few_reviews,few_reviews|material,look|availability,availability|few_reviews,slightly
C,"Best combo of price, looks, and proof. At $7.09 with 4.6 stars and ~974 reviews, it's cheap but not unproven, and the blue water-wave look with magnets and weighted hem fits what I want.",price_too_high|look,look|price_suspicious,already_chosen,few_reviews|pack,look|availability,availability|few_reviews,slightly
C,"I'm going with the LQFMEHOT water-wave liner because it's the cheapest option at $7.09 but still has a strong 4.6 rating with nearly a thousand reviews, so I'm not gambling on an unknown. It has the magnets and weighted hem I want, plus an odor-free EVA material, which matters with three kids using the bathroom.",price_too_high|availability,look|price_suspicious,already_chosen,few_reviews|material,transparency|availability,availability|few_reviews,slightly
C,"The LQFMEHOT liner has the highest rating (4.6) with a solid review count (974), uses odor-free EVA, has magnets at the bottom to keep it against the tub, and is the cheapest at $7.09. It balances value, function, and reliability better than anything else on the shelf.",price_too_high|availability,look,already_chosen,few_reviews|material,look|few_reviews,availability|few_reviews,slightly
C,"It's the cheapest single liner at $7.09, has the highest rating (4.6) on this shelf, and the review count (974) is solid enough to trust. EVA, magnets at the hem, and odor-free are exactly the functional basics I want without paying a premium for decoration.",price_too_high|look,look|price_suspicious,already_chosen,few_reviews|pack,look|availability,availability|few_reviews,slightly
C,"I want a liner that is affordable but still has strong evidence behind it, and Option C offers the best combination: a 4.6-star rating with 974 reviews, a waterproof odor-free EVA material, three heavy magnets at the hem, and a tear-proof header — all for $7.09. The Art-Deco wave look is attractive without being loud, and it is in stock so I can actually buy it.",price_too_high|availability,few_reviews|look|price_suspicious,already_chosen,few_reviews|material,few_reviews|look|availability,availability|few_reviews|size,slightly
A,"I want a liner that looks intentional and holds up, not the cheapest thing on the shelf. The AmazerBath has the strongest evidence base (4.5★, 4,156 reviews), a weighted hem plus 12 brass grommets, and a semi-transparent emerald look that reads as designed rather than disposable — worth paying more for.",already_chosen,price_suspicious|brand|look,price_suspicious|brand|look,few_reviews|material|pack,look|few_reviews|availability,availability|few_reviews|size,slightly
A,"I'm 65+ and widowed, so I buy for durability and safety rather than novelty. Option A has the strongest review base (4,156 reviews at 4.5★), BPA-free/odor-free EVA, brass grommets, and a reinforced double-layer header plus weighted stones — the features that actually prevent the liner from tearing or billowing. The $18.99 price is higher, but for something I'll use daily and hate replacing, reliability outweighs saving eight dollars.",already_chosen,brand|few_reviews|price_suspicious,brand|few_reviews|price_suspicious,few_reviews|material|pack,look|rating|few_reviews|availability,availability|few_reviews,slightly
C,"It's cheap, has a strong 4.6★ rating with nearly 1,000 reviews, and the EVA material is odor-free and waterproof. The blue water-wave texture with magnets and a weighted hem covers everything I actually need in a liner.",price_too_high|transparency,price_suspicious,already_chosen,few_reviews|material,look|availability,availability|few_reviews,slightly
C,"It's the best blend of price and evidence — $7.09 with a 4.6★ rating across nearly a thousand reviews, so I'm not gambling on a brand-new listing. It's EVA, odor-free, has the three heavy magnets and weighted hem I want, and the blue water-wave look is easy on the eyes in a bright bathroom.",price_too_high,look|price_suspicious,already_chosen,few_reviews|pack,look|few_reviews,availability|few_reviews|size,slightly
C,"It has the highest rating (4.6) with a solid review count (974), which gives me confidence, and at $7.09 it's an excellent value. The magnets at the bottom keep it against the tub, which is what I need, and the EVA material is odor-free and safe.",price_too_high|look,few_reviews|look,already_chosen,few_reviews|pack,look|availability,availability|few_reviews,slightly
C,"It has the highest rating (4.6) with a solid review count (974), and the blue gradient water-wave design works well in my bathroom. At $7.09 with magnets, weighted hem, and odor-free EVA, it's the best balance of value, function, and looks.",price_too_high|look,look|rating,already_chosen,few_reviews|look,look|availability,availability|few_reviews,slightly
B,"I want a semi-transparent liner with magnets to keep it against the tub, and the jssablo at $7.19 hits that at a great price. It has a solid 4.4★ from 1,872 reviews, so there's real evidence it holds up, and the 3D cube texture looks nicer than a plain clear liner.",price_too_high|look|availability,already_chosen,price_suspicious|brand|look,few_reviews|material|pack,look|transparency|availability,availability|few_reviews,slightly
A,"I chose Option A because it is the only liner on this shelf that combines a genuinely refined look with strong evidence of quality. The emerald-green semi-transparent EVA has a soft-touch, silky feel and a natural drape that will look elegant in my bathroom, and the 4.5-star rating backed by over 4,100 reviews gives me confidence it will hold up. The 12 rustproof brass grommets, reinforced double-layered header, and weighted bottom stones address the practical issues I care about, and the BPA-free, odor-free EVA aligns with my health and safety priorities.",already_chosen,look|price_suspicious|brand,look|price_suspicious|brand,few_reviews|material|pack,look|rating|brand|availability,availability|few_reviews|size|transparency,slightly
C,"I want a budget-friendly EVA liner that is odor-free and stays put, and C hits the sweet spot: the highest rating (4.6) with a solid ~974 reviews, 3 heavy magnets at the hem, and a waterproof wipe-clean surface at just $7.09. The blue water-wave texture also reads as more upscale than its price, which fits my minimalist bathroom.",price_too_high|look,look|rating,already_chosen,few_reviews|material,look|rating,availability|few_reviews,slightly
C,"I want a liner that's odor-free, waterproof, and stays put against the tub, and this one has all of that plus magnets and a high 4.6 rating with nearly 1,000 reviews. The blue water-wave look is pretty and light-filtering, and at $7.09 it's a great value without feeling suspiciously cheap.",price_too_high|look,look,already_chosen,few_reviews|pack,look|availability,availability,slightly
E,"I want a simple, no-fuss liner that stays put and is easy to keep clean. The Dependable Industries black EVA liner is PVC-free, has weighted magnets and reinforced grommets, and at $9.99 with a solid 4.3 rating it feels like a dependable, no-nonsense buy. I also prefer an opaque liner over the busy gradient or polka-dot patterns.",price_too_high|look|transparency,look|transparency|price_suspicious,look|transparency,few_reviews|look|pack,already_chosen,availability|few_reviews|look,slightly
C,"Best combination of price, rating, and function. At $7.09 it's the cheapest option, has the highest rating on the shelf (4.6 with ~1,000 reviews — enough to trust), and includes the 3 heavy magnets at the hem I want so it stays against the tub. EVA, odor-free, and a reinforced anti-rust header covers my material and durability concerns.",price_too_high,rating|look,already_chosen,few_reviews|material,few_reviews|look|availability,availability|few_reviews,slightly
C,"It's the cheapest option with the strongest review profile (4.6 stars, nearly 1,000 reviews) and it has the features I care about most: magnets at the hem, a tear-proof header, and odor-free EVA. The blue water-wave look is nice and subtle for a bathroom, and the price is low enough that I can replace it without thinking twice.",price_too_high,price_suspicious|look,already_chosen,few_reviews|pack,look|few_reviews,availability|few_reviews,slightly
C,"It's the cheapest option at $7.09, has the highest rating on the shelf (4.6 stars with a solid ~974 reviews), and includes the weighted magnets and tear-proof header I want. The Art-Deco wave look is a nice bonus for a small bathroom.",price_too_high,look,already_chosen,few_reviews,look|transparency,availability|few_reviews,moderately
A,"I want a liner I can trust to last, so the 4.5★ rating across 4,156 reviews matters most to me. The AmazerBath's eco-friendly BPA-free EVA, rustproof brass grommets, and weighted hem give me the durability and security I look for, and the price is reasonable for a quality single liner.",already_chosen,price_suspicious|brand|few_reviews,price_suspicious|brand|few_reviews,few_reviews|material|brand,look|few_reviews|availability,availability|few_reviews|material,slightly
C,"It has the highest rating (4.6) with a solid review count near 1,000, and at $7.09 it's the cheapest option on the shelf. It still has the features I care about — EVA material, magnets at the hem, rust-proof metal grommets, and a look I'd be happy with.",price_too_high|look,rating|look,already_chosen,few_reviews|material,look|few_reviews|availability,availability|few_reviews|size,slightly
C,"It has the highest rating (4.6) among the affordable options, a solid review base of nearly 1,000, and it checks my must-haves: EVA material, waterproof, magnets at the hem, and rustproof grommets. At $7.09 it's the best value on the shelf without the reliability worry of the very-low-review listings.",price_too_high,look,already_chosen,few_reviews|material,look|availability,availability|few_reviews,slightly
A,"I'm retired, own my home, and I'd rather buy one good liner than churn through cheap ones. The AmazerBath has a huge review base (4,156 at 4.5★), BPA-free odor-free EVA, rustproof brass grommets and a weighted hem — the emerald color is a nice touch for a bright bathroom, and $18.99 is fine for something I'll use for years.",already_chosen,price_suspicious|brand|material|look,price_suspicious|brand|look|material,few_reviews|material|brand,look|review_concern|few_reviews,availability|few_reviews,slightly
A,"I want a liner that is odor-free, BPA-free and clearly safe, and the AmazerBath EVA with 4,156 reviews at 4.5 stars gives me the most evidence it will actually hold up. The weighted hem and reinforced header matter to me because I hate liners that billow and tear, and the price is still reasonable for something I'll use daily.",already_chosen,price_suspicious|brand|material,price_suspicious|brand|few_reviews,few_reviews|material|pack,look|few_reviews|availability,few_reviews,slightly
B,"I want a liner that stays put against the tub and looks a bit more designed than plain clear plastic. The jssablo Blue Cube has 12 metal grommets, 3 magnets at the hem, a 3D texture I like, and a strong 4.4★ from nearly 1,900 reviews — all at $7.19, which is a great value.",price_too_high|look,already_chosen,brand|price_suspicious,few_reviews|material,look|few_reviews,availability|few_reviews|size,slightly
C,"I want a liner that stays put against the tub, looks intentional rather than cheap, and has enough reviews that I'm not gambling on a brand-new listing. Option C gives me the Art-Deco wave texture I actually like, three heavy magnets plus a weighted hem, and a 4.6-star rating from nearly a thousand buyers at just $7.09 — the best combination of look, function, and proven reliability on this shelf.",price_too_high|look,look|rating,already_chosen,few_reviews|pack|material,look|availability,availability|few_reviews|size,slightly
B,"It's cheap, has a solid 4.4 stars across nearly 1,900 reviews, and the magnets plus weighted hem mean it'll actually stay against the tub. The 3D cube texture is a nice touch without being loud, and EVA with no PVC worries me less than the cheaper-feeling options.",price_too_high,already_chosen,price_suspicious|brand|few_reviews,few_reviews|material,look|few_reviews,availability|few_reviews,slightly
B,"I want a good-looking, functional liner at a fair price, and this one hits all three. The 3D cube texture looks more premium than a plain liner, it has the 3 bottom magnets and 12 metal grommets I want, and at $7.19 with 4.4 stars across 1,872 reviews it's proven and cheap enough to replace yearly.",price_too_high|look,already_chosen,brand|look,few_reviews|material,look|availability,availability|few_reviews,slightly
A,"I'm a researcher by nature and I'll pay a bit more for a liner that's genuinely odor-free and well-built. The AmazerBath has 4,156 reviews at 4.5★, brass grommets, a reinforced double-layered header, and weighted stones — that's real evidence of quality, not just marketing. The emerald semi-transparent look also suits my bathroom better than a loud 3D pattern.",already_chosen,price_suspicious|look|brand|material,price_suspicious|look|brand|few_reviews,few_reviews|material|look,look|few_reviews|availability,availability|few_reviews|size,slightly
C,"I picked the LQFMEHOT water-wave liner because it's the cheapest option at $7.09 yet has the highest rating on the shelf (4.6 stars with nearly 1,000 reviews), plus the weighted magnets and tear-proof header I want. The Art-Deco blue wave look is a nice bonus in a bathroom, and EVA means no plastic odor.",price_too_high|look|transparency,look|price_suspicious,already_chosen,few_reviews|material,look|few_reviews|availability,availability|few_reviews|size,slightly
A,"I want a liner that's odor-free and safe, and the AmazerBath has a huge review base and a proven track record. The weighted bottom and rustproof brass grommets mean it'll actually stay put and last, which matters to me at my age.",already_chosen,price_suspicious|look,price_suspicious|look|few_reviews,few_reviews|material|pack,look|few_reviews,availability|few_reviews,slightly
C,"It has the best combination of a high rating (4.6) with a solid review base (974), a low $7.09 price, and the features I care about — waterproof EVA, odor-free, 3 heavy magnets at the hem, and anti-rust metal grommets. The Art-Deco wave texture also looks nicer than a plain liner, and it's in stock for immediate purchase.",price_too_high|transparency,look|few_reviews,already_chosen,few_reviews|material,look|availability,availability|few_reviews,slightly
A,"It's the only one with a solid review base (4,156 reviews at 4.5 stars), EVA material I trust, brass grommets, and a weighted bottom that actually keeps the liner in place. The $18.99 price is higher, but for something that hangs in my bathroom daily and won't need replacing every few months, I'd rather pay once for quality than gamble on a $7 liner with an unfamiliar brand.",already_chosen,brand|few_reviews|price_suspicious|look,brand|few_reviews|price_suspicious|look,few_reviews|material|brand,look|few_reviews|availability,availability|few_reviews|size,slightly
B,"The jssablo Blue Cube liner hits the sweet spot for me: it's cheap at $7.19, has a solid 4.4 rating with nearly 1,900 reviews (so I trust it), and the 3D cube texture looks more premium than a plain clear liner. It has the magnets and weighted hem I want to keep it against the tub, plus metal grommets, so it checks the functional boxes without overspending.",price_too_high|look,already_chosen,price_suspicious|brand|few_reviews,few_reviews|material|pack,look|transparency|few_reviews,availability|few_reviews,slightly
C,"It has the highest rating (4.6★) among the options with a meaningful number of reviews (974), which gives me confidence in the quality. The EVA material is odor-free and waterproof, it has the weighted magnets I want, and at $7.09 it's the best value without the risk of a brand-new listing.",price_too_high|availability,look|price_suspicious,already_chosen,few_reviews|pack,look|availability,availability|few_reviews,slightly
B,"The jssablo Blue Cube is the best combination of price, material, and evidence for me. It's only $7.19, uses 70% EVA (which I prefer for being odor-free and safer than PVC), has 12 metal grommets plus 3 bottom magnets to keep it against the tub, and it has a solid 4.4★ from nearly 1,900 reviews. The 3D cube texture gives it a less flimsy look than a plain liner, and it's in stock.",price_too_high|look,already_chosen,brand,few_reviews|material,look|rating|availability,availability|few_reviews|size,slightly
C,"It has the best combination of a strong 4.6★ rating from nearly 1,000 reviews and a very low $7.09 price. The EVA material is odor-free and safe, and it has the weighted magnets and reinforced header I want for a liner that stays put and lasts.",price_too_high|availability,look,already_chosen,few_reviews|material,look|few_reviews,availability|few_reviews|size,slightly
C,"I like the Art-Deco wave look and it has the highest rating (4.6) with a solid number of reviews, so I trust it. It's cheap, EVA, has magnets to hold it down, and is in stock — everything I need for a bathroom liner.",price_too_high|availability,brand|few_reviews|look,already_chosen,few_reviews|material,look|availability,availability|few_reviews,moderately
B,"I want a liner that stays put against the tub and won't tear, and the jssablo has 12 metal grommets plus 3 magnets at the hem. At $7.19 with a 4.4★ rating from nearly 1,900 reviewers, it's the best combination of proven reliability and value on this shelf. The blue 3D cube texture also looks nice without being too plain.",price_too_high|transparency,already_chosen,price_suspicious|brand|few_reviews,few_reviews|material,look|few_reviews,availability|few_reviews,slightly
B,"It's cheap, in stock, has a solid 4.4 with nearly 1,900 reviews, and the 3D cube texture in blue looks more premium than a plain liner. EVA is odor-free and the magnets plus weighted hem keep it against the tub, which is what I actually care about.",price_too_high|availability,already_chosen,look|brand,few_reviews|material,look|availability,few_reviews,slightly
A,"I value quality and honesty in reviews, and A has by far the strongest evidence: 4.5 stars across 4,156 reviews, plus a genuinely odor-free BPA-free EVA material, rustproof brass grommets and a weighted hem that actually keeps the liner in place. I'd rather pay $18.99 once for a liner that won't smell like plastic or tear in a year than save $10 on something with thin material and almost no proven track record. The emerald-green semi-transparent look also fits the bright, tidy bathroom I keep.",already_chosen,price_suspicious|look|few_reviews|brand,price_suspicious|brand|few_reviews,few_reviews|material|pack,look|few_reviews|availability,availability|few_reviews|transparency,slightly
A,"The AmazerBath liner has by far the strongest evidence base — a 4.5-star rating across more than 4,100 reviews — which matters to me since I rarely ask questions and rely on others' experience. It also has the features I want: odor-free BPA-free EVA, rustproof brass grommets, a reinforced header, and a weighted bottom hem that keeps it against the tub. I'm willing to pay more for a liner that will actually hold up and not smell of plastic.",already_chosen,price_suspicious|brand|look,price_suspicious|brand|look,few_reviews|material|look,look|rating|few_reviews,availability|few_reviews,slightly
B,"I love the 3D cube texture and gradient blue look — it feels designer without being loud, and it's semi-transparent so light still comes through. At $7.19 with 4.4★ from nearly 1,900 reviews and magnets to keep it against the tub, it's the best mix of style, function, and value.",price_too_high,already_chosen,look,few_reviews|look,look|transparency,availability|few_reviews,slightly
C,"It has the best combination of a high rating (4.6★) with a solid review base (~974), the lowest price at $7.09, and all the functional features I care about — waterproof EVA, 3 heavy magnets, rust-proof grommets, and a weighted hem. The Art-Deco blue wave look is a nice bonus and the availability is confirmed in stock.",price_too_high|availability|transparency,look|rating,already_chosen,few_reviews|material|pack,look|rating|availability,availability|few_reviews|size,slightly
A,"I value a thick, soft-touch EVA liner with a reinforced double-layer header and weighted bottom stones, and the 4.5★/4,156-review record gives me confidence. The price is higher than the others but for something I'll look at and touch every day, the quality and evidence justify it.",already_chosen,price_suspicious|look|brand,price_suspicious|look|brand,few_reviews|material|pack,look|transparency|availability,availability|few_reviews|size,slightly
C,"It has the highest rating (4.6) with a solid review count (974), so it's the most evidence-backed option. It also has the functional features I care about — magnets at the bottom, anti-rust grommets, and a reinforced header — at the lowest price ($7.09). The Art-Deco water-wave look is a bonus that fits a modern bathroom.",price_too_high|availability,look,already_chosen,few_reviews|material,look|few_reviews,availability|few_reviews|size,slightly
C,"It has the highest rating on the shelf (4.6 with 974 reviews — enough evidence to trust), a low $7.09 price, and it includes the three heavy magnets and weighted hem I want so the liner stays against the tub. The Art-Deco blue wave look is fine for a liner and the EVA is odor-free.",price_too_high|look,rating,already_chosen,few_reviews|material,look|rating,availability|few_reviews,slightly
A,"No persona-specific answer was produced, so a neutral answer was used.",already_chosen,already_chosen,already_chosen,already_chosen,already_chosen,already_chosen,not_at_all
C,"It has the highest rating (4.6) with a solid review count (974), and at $7.09 it's the cheapest option. EVA material, magnets, and a weighted hem give me the function I want without overspending.",price_too_high|availability,look,already_chosen,few_reviews|material,look|availability,availability|few_reviews,slightly
B,"It's the best balance of price, material, and evidence: EVA is the material I prefer, it has 3 magnets plus a weighted hem, and 4.4 stars across 1,872 reviews is a solid reliability signal. At $7.19 it's cheap enough that I'm not overpaying for a liner I'll replace, and the 3D blue cube look is more interesting than a plain sheet.",price_too_high|transparency|availability,already_chosen,price_suspicious|brand|few_reviews,few_reviews|material|pack,look|few_reviews|availability,availability|few_reviews|size,slightly
C,"It has the best combination of a high 4.6 rating with a decent review count (974), a low $7.09 price, and the functional features I care about: 3 heavy magnets at the bottom, tear-proof header, anti-rust grommets, and odor-free EVA. The blue water-wave look is attractive without being loud, and it's in stock.",price_too_high|availability,look|rating,already_chosen,few_reviews|material|look,look|rating|availability,availability|few_reviews,slightly
B,"I want a liner that stays put against the tub, and B has both magnets at the bottom and a nice gradient blue 3D cube look. At $7.19 with 1,872 reviews and a 4.4 rating, it's a solid, well-reviewed pick for the money — much better value than the $18.99 option.",price_too_high,already_chosen,look,few_reviews|material,look|few_reviews,availability|few_reviews,moderately
C,"I want a cheap, low-commitment liner that still has magnets and a weighted hem, and C delivers that at the lowest price on the shelf. Its 4.6★ rating with ~974 reviews is solid evidence, and the blue water-wave look is pleasant without being loud.",price_too_high|availability,price_suspicious|look|review_concern,already_chosen,few_reviews|pack|look,look|rating|availability,availability|few_reviews|size,slightly
B,"I want a liner that looks nice but doesn't cost much, and the jssablo Blue Cube has a premium 3D texture with a solid 4.4 stars from nearly 1,900 reviews at just $7.19. It has the magnets and weighted hem I need to keep it against the tub, and it's in stock so I can actually order it.",price_too_high|look,already_chosen,price_suspicious|few_reviews,few_reviews|material,look|availability,availability|few_reviews,slightly
C,"It has the highest rating (4.6) with a solid review count near 1,000, which gives me confidence it will hold up. The EVA material is odor-free and the weighted magnets keep it against the tub, and at $7.09 it's an easy price to accept for something I'll replace in a year or two.",price_too_high|transparency,look|price_suspicious,already_chosen,few_reviews|material,look|transparency,availability|few_reviews|size,slightly
C,"It's cheap, has the highest rating of the bunch (4.6 with a decent ~974 reviews), and the Art-Deco wave look in blue is actually pretty and matches my bathroom vibe. It checks the boxes I care about: EVA material, magnets at the bottom, and a real price I don't have to think twice about.",price_too_high|look,review_concern|look,already_chosen,few_reviews|pack|material,look|few_reviews|availability,availability|few_reviews|transparency,slightly
B,"I'm cautious about quality and want a liner that stays put, and the jssablo hits the sweet spot: a real EVA liner with 3 magnets at the hem, 12 metal grommets, and a solid 4.4 stars across nearly 1,900 reviews at just $7.19. The 3D cube texture looks nicer than a plain sheet, and at that price replacing it when it gets grimy is painless.",price_too_high|availability,already_chosen,brand|price_suspicious,few_reviews|material|pack,look|transparency,availability|few_reviews|size,slightly
B,"I want a liner that's cheap enough to replace without thinking but still has magnets and a weighted hem so it stays put against the tub. The jssablo has a solid 4.4★ with nearly 1,900 reviews, which is plenty of evidence for me, and the 3D cube texture looks nicer than a plain clear liner. At $7.19 it's the best balance of price, function, and proven reliability here.",price_too_high|transparency,already_chosen,brand|few_reviews,few_reviews|material,look|availability,availability|price_suspicious|few_reviews,moderately
C,"I want a well-reviewed liner that stays put and is easy to clean, and C has the highest rating with a solid review count plus 3 heavy magnets and a waterproof EVA surface. The $7.09 price is reasonable for a liner I'll replace periodically.",price_too_high|transparency,price_suspicious|look,already_chosen,few_reviews|material|look,look|few_reviews,availability|few_reviews,slightly
C,"It's cheap at $7.09 but still has a 4.6-star rating with almost 1,000 reviews, so I have real evidence it works. It has the magnets and weighted hem I want, plus a waterproof EVA surface that's easy to wipe down.",price_too_high,look,already_chosen,few_reviews|pack,rating|look,availability|few_reviews|size,slightly
C,"Cheapest option at $7.09 with the highest rating on the shelf (4.6 stars) and a solid review count (974). It has magnets, a weighted hem, and rust-proof grommets — everything I actually need.",price_too_high|look,look|price_suspicious,already_chosen,few_reviews|material,look|availability,availability|few_reviews,slightly
C,"It's the cheapest option at $7.09 but still has a solid 4.6-star rating with nearly 1,000 reviews, so the evidence is there. It has the functional stuff I care about — magnets at the hem, rustproof grommets, waterproof EVA — and the blue wave gradient looks nice without being loud.",price_too_high|look,look|price_suspicious,already_chosen,few_reviews|material|pack,look|few_reviews,availability|few_reviews,slightly
B,"It's the best balance of value and evidence: a real 4.4★ with 1,872 reviews at only $7.19, in stock and ready to ship. The EVA material, 3 magnets at the weighted hem, and metal grommets cover everything I actually need in a liner, and the blue 3D cube look is pleasant without being loud.",price_too_high|availability,already_chosen,brand|few_reviews,few_reviews|pack,look|availability,few_reviews,slightly
C,"The LQFMEHOT liner has the highest rating (4.6) among the affordable options, a strong review count (974), and the EVA material plus magnets and weighted hem give me the function I want. The Art-Deco wave pattern looks nicer than a plain liner, and at $7.09 it's an easy value. I'd rather have a single well-reviewed liner than a 2-pack with only 16 reviews.",price_too_high|availability,price_suspicious|look,already_chosen,few_reviews|pack|material,look|few_reviews|availability,availability|few_reviews,slightly
A,"I want a liner I can trust to last and stay put, and the AmazerBath has by far the strongest evidence base — 4.5 stars across 4,156 reviews, 12 rustproof brass grommets, a reinforced double-layered header and weighted stones. The soft-touch BPA-free EVA is odor-free and wipe-clean, and I'd rather pay a bit more once than replace a flimsy liner twice.",already_chosen,price_suspicious|brand|look,price_suspicious|brand|look|few_reviews,few_reviews|material|pack|look,look|few_reviews|availability,availability|few_reviews|size,slightly
C,"It has the strongest combination of high rating (4.6) with a solid review count (974), the features I care about most (weighted magnets, rust-proof grommets, odor-free EVA), and the lowest price at $7.09. The Art-Deco wave texture is a look I'd be happy with in my bathroom.",price_too_high|availability,look|price_suspicious,already_chosen,few_reviews,look|rating,availability|few_reviews|size,slightly
E,"I want a simple, solid, opaque liner that keeps my bathroom private and looks clean and modern. The black EVA option is PVC-free, has the weighted magnets I want, and at $9.99 it's a fair, low-risk price with enough reviews to trust.",price_too_high|look|transparency,look|price_suspicious|transparency,look|price_suspicious|transparency,few_reviews|material|pack,already_chosen,availability|few_reviews|transparency,slightly
C,"It's the cheapest single liner at $7.09 and still has a solid 4.6★ with nearly 1,000 reviews, plus magnets, a weighted hem, and EVA that's odor-free. I just need a functional liner I can wipe down and forget about, so the wave pattern is a bonus I don't have to pay extra for.",price_too_high,look,already_chosen,few_reviews|material,look|availability,availability|few_reviews|size,slightly
C,"I'm going with the LQFMEHOT Blue Water-Wave liner because it has the highest rating on the shelf at 4.6 stars with nearly a thousand reviews, so I have real evidence from real people that it holds up. At $7.09 it's the cheapest option, it's EVA which is the material I trust, and it has the three heavy magnets at the bottom so it won't go flying against my legs in the middle of a shower. The Art-Deco wave pattern is pretty enough that I won't mind looking at it every morning.",price_too_high|transparency|material,price_suspicious|look|brand,already_chosen,few_reviews|material|pack,look|availability|few_reviews,few_reviews,slightly
B,"It has 1,872 reviews at 4.4 stars, so there's real evidence it holds up, and 3 magnets at the bottom plus a weighted hem are exactly the features I want. At $7.19 it's a low-risk buy, and the 3D cube blue texture looks nicer than a plain clear liner.",price_too_high|transparency|rating,already_chosen,brand|few_reviews|price_suspicious,few_reviews|pack|material,look|transparency|rating,availability|few_reviews,slightly
C,"It has the best combination of a strong 4.6 rating with a decent review count (974), a low $7.09 price, and all the functional features I want: magnets at the bottom, weighted hem, rust-proof grommets, and odor-free EVA. The blue water-wave look is attractive without being too busy for my bathroom.",price_too_high|availability,look,already_chosen,few_reviews|material,look|availability,availability|few_reviews|size,slightly
C,"I want a liner that looks nice but doesn't cost much, and C has the highest rating (4.6★ with ~974 reviews) at the lowest price ($7.09). The blue water-wave texture is pretty and it has the weighted magnets and rust-proof grommets I care about, plus it's actually in stock.",price_too_high,look,already_chosen,few_reviews|material,look|availability,availability|few_reviews,slightly
C,"I picked Option C because it has the strongest combination of a high rating (4.6★) with a solid review count (974), a very low price of $7.09, and the features I actually want in a liner: EVA material, waterproof, odor-free, weighted magnets, and a tear-proof header. The blue water-wave design also looks nice without being too loud, and it's in stock.",price_too_high|transparency,few_reviews,already_chosen,few_reviews|brand,look|rating,availability|few_reviews,slightly
C,"The LQFMEHOT liner has the highest rating (4.6) with a solid nearly-1,000 review count, and it's the cheapest at $7.09. It has the features I care about — magnets at the bottom, rust-resistant grommets, waterproof quick-dry EVA, and a nice blue wave look that will coordinate with my bathroom.",price_too_high,look,already_chosen,few_reviews,look|transparency,availability|few_reviews|transparency,slightly
C,"I'm on a fixed income and just need a liner that does the job, so $7.09 is right in my comfort zone. It has a solid 4.6 rating with nearly a thousand reviews, EVA material that's odor-free, magnets at the bottom, and a rustproof header — that covers everything I actually need.",price_too_high|look,look|price_suspicious,already_chosen,few_reviews|pack,look|availability,availability|few_reviews,slightly
C,"It's the cheapest single liner at $7.09, has the highest rating on the shelf (4.6 stars) with a solid ~974 reviews, and it has the features I actually care about: waterproof EVA, magnets at the bottom, and rust-proof metal grommets. The blue wave look is fine for a liner and I'd rather spend my money on the curtain itself.",price_too_high|look,price_suspicious|look,already_chosen,few_reviews|pack,look|availability,availability|few_reviews|size,slightly
C,"I want an affordable EVA liner with a real weighted hem and magnets, and this one has the highest rating (4.6) plus a strong review base (974). The art-deco blue wave look is a nice bonus that fits my bathroom without paying a premium.",price_too_high|transparency,price_suspicious|look,already_chosen,few_reviews|material|pack,look|availability|few_reviews,availability|few_reviews,slightly
C,"It has the highest rating (4.6) with a solid review count (974), includes the 3 heavy magnets and weighted hem I want so it stays against the tub, and at $7.09 it's the best value without being from a totally unproven listing. The blue water-wave look is fine and the EVA is odor-free, which matters to me for a bathroom my family uses.",price_too_high|transparency|availability,look|price_suspicious,already_chosen,few_reviews|material|pack,look|transparency|few_reviews,availability|few_reviews|size|transparency,slightly
C,"The LQFMEHOT liner has the highest rating (4.6★) with a solid review count, a low price of $7.09, and includes the weighted magnets I want to keep it against the tub. The Art Deco water-wave pattern is pretty and the odor-free EVA material feels safer than PVC.",price_too_high|availability,look|review_concern,already_chosen,few_reviews|material,look|few_reviews,availability|few_reviews,slightly
C,"It's the cheapest option at $7.09 with the highest rating (4.6★) and a solid 974 reviews, so I trust the evidence. It has the features I care about — EVA material, 3 bottom magnets, rust-proof grommets, and easy wipe-clean care — plus a blue wave look I actually like.",price_too_high|transparency,price_suspicious|look,already_chosen,few_reviews|material|pack,look|transparency|few_reviews,availability|few_reviews,slightly
B,"I want a liner that stays put and looks decent without spending much. The jssablo has 3 magnets at the bottom, a premium-looking 3D cube texture, and 1,872 reviews at 4.4★ — solid evidence at a great $7.19 price.",price_too_high|look,already_chosen,brand|look,few_reviews|material,look|few_reviews,availability|few_reviews,slightly
C,"The LQFMEHOT liner has the highest rating (4.6★) with a solid review count, costs only $7.09, and includes the 3 heavy magnets and tear-proof header I want. The blue water-wave look is attractive and the EVA material is odor-free and waterproof.",price_too_high|look,rating|few_reviews,already_chosen,few_reviews|material,look|availability,availability|few_reviews|size,slightly
C,"It has the highest rating (4.6) among the affordable options with a solid review count, and the Art-Deco blue water-wave texture fits my aesthetic without breaking the bank. EVA material is odor-free and lightweight, and the magnets plus weighted hem keep it in place.",price_too_high|look,look|price_suspicious,already_chosen,few_reviews|material,look|few_reviews,availability|few_reviews,slightly
B,"It's the best balance of price and evidence: only $7.19, a 4.4 rating with 1,872 reviews (enough to trust), EVA material which is odor-free and safer than PVC, and it has the 3 magnets at the hem I want so it stays against the tub. The blue 3D cube texture looks nicer than a plain clear liner, and it's in stock.",price_too_high|availability,already_chosen,price_suspicious|brand|few_reviews,few_reviews|material|pack,look|transparency|few_reviews,availability|few_reviews,slightly
B,"I want a liner that stays put against the tub and looks decent without overspending. Option B has 3 magnets at the weighted hem, a strong 4.4★ from 1,872 reviews, EVA material, and is only $7.19 — solid value with enough review evidence to trust.",price_too_high|look,already_chosen,look|brand,few_reviews|material|pack,look|availability,availability|few_reviews|size,slightly
C,"It has the strongest rating (4.6★) among the affordable options with a solid review count (974), plus the 3 magnets and weighted hem I want so it stays against the tub. The Art-Deco blue wave look is pleasant without being loud, and at $7.09 it's an easy value pick for a bathroom liner.",price_too_high|look|transparency,look|rating,already_chosen,few_reviews|pack|material,look|rating,availability|few_reviews|size,slightly
C,"It's the cheapest of the bunch at $7.09, has the highest rating on the shelf at 4.6 stars with nearly a thousand reviews backing it up, and it still gives me the magnets at the bottom and rust-proof metal grommets I want. I'm retired and I've learned that a liner is a liner — I'm not paying $19 for one when a $7 one with better reviews does the same job.",price_too_high|transparency,look|few_reviews|material,already_chosen,few_reviews|material|pack,look|few_reviews|availability,availability|few_reviews|size,slightly
C,"It's inexpensive, has a great 4.6 rating with close to a thousand reviews, and the magnets plus weighted hem keep it in place. The blue wave look is pleasant without being loud, and EVA is odor-free which matters to me.",price_too_high,look|price_suspicious,already_chosen,few_reviews|material,look|review_concern,availability|few_reviews|size,slightly
B,"It has a strong rating (4.4★) backed by a large review count (1,872) and is in stock, so I can trust it and actually buy it. The 3D cube texture looks nice, it has magnets and a weighted hem to stay against the tub, and at $7.19 it's a great value for a single liner.",price_too_high|availability|brand|transparency,already_chosen,price_suspicious|brand|few_reviews|look,few_reviews|material|pack,few_reviews|look|availability,availability|few_reviews,slightly
B,"The jssablo liner hits my sweet spot: at $7.19 it's cheap enough to replace without guilt, but it still has 1,872 reviews at 4.4 stars so I trust it. The 3D cube texture and gradient blue look nicer than a plain liner, and the 3 magnets keep it against the tub.",price_too_high,already_chosen,brand|look,few_reviews|pack,look|few_reviews,availability|few_reviews|size,slightly
B,"I want a cheap, functional liner with a weighted hem and magnets, and jssablo has both plus a solid 4.4 rating across nearly 1,900 reviews. The blue 3D cube texture looks decent enough and the price of $7.19 is hard to beat for something I'm just going to replace in a year or two.",price_too_high|transparency,already_chosen,brand|price_suspicious|look,few_reviews|material|pack,look|availability,few_reviews,slightly
B,"It has the strongest combination of a 3D textured look I like, a healthy 70% EVA material, magnets at the hem to keep it against the tub, and a well-established 4.4-star rating with ~1,872 reviews. At $7.19 it's excellent value and it's in stock, so I can actually buy it now.",price_too_high|availability,already_chosen,price_suspicious|brand,few_reviews|material,look|rating,availability|few_reviews|size,slightly
C,"It's the cheapest option at $7.09 with the highest rating on the shelf (4.6★) and nearly 1,000 reviews, so there's solid evidence behind it. I like the blue water-wave gradient look, it has magnets and a weighted hem, and it's EVA which is odor-free and waterproof.",price_too_high,look,already_chosen,few_reviews|pack,look|availability,availability|few_reviews,slightly
C,"It has the highest rating on the shelf (4.6 stars) with a solid review count (974), and at $7.09 it's the cheapest option that still shows real evidence of quality. The Art-Deco blue wave look is attractive, it's odor-free EVA with magnets and a weighted hem, and it's in stock — everything I actually need in a liner.",price_too_high|availability,look|few_reviews,already_chosen,few_reviews|material,look|availability,availability|few_reviews|size,slightly
C,"It has the highest rating (4.6) among the affordable options with a solid review count (974), so it feels like the safest value pick. The blue water-wave Art Deco look is attractive and the magnets plus weighted hem give me the function I want at $7.09.",price_too_high,look|rating,already_chosen,few_reviews|material,look|rating,availability|few_reviews,slightly
C,"It has the highest rating (4.6) among the affordable options, plus magnets and a weighted hem I want, and the wave pattern is a nice look for my bathroom. At $7.09 it's a solid value without being suspiciously cheap.",price_too_high|transparency,rating|look,already_chosen,few_reviews|rating,look|rating,availability|few_reviews,slightly
C,"It's the best balance of value and evidence for me: only $7.09, a strong 4.6★ from ~974 reviewers, and it has the weighted magnets and rust-proof grommets I want. The Art-Deco blue wave look is attractive without being loud, and EVA is odor-free and PVC-free, which matters for my bathroom.",price_too_high,look|few_reviews,already_chosen,few_reviews|pack,look|few_reviews|availability,availability|few_reviews,moderately
C,"I want a simple, low-commitment liner that looks decent and stays put against the tub. The LQFMEHOT at $7.09 has the highest rating on the shelf (4.6 with ~974 reviews — enough evidence), a subtle blue wave pattern that fits a modern bathroom, plus magnets and a tear-proof header. It's cheap enough that I don't overthink it, but well-reviewed enough that I trust it.",price_too_high|transparency,look,already_chosen,few_reviews|pack|material,look|rating|availability,availability|few_reviews,slightly
C,"It has the strongest combination of a high rating (4.6) with a solid review count (974), a low $7.09 price, and the features I need — EVA material, magnets at the bottom, and a waterproof wipe-clean surface. The blue water-wave look is attractive without being flashy, and it's in stock so I can actually buy it.",price_too_high|rating|availability,look|rating,already_chosen,few_reviews|material|pack,look|rating,availability|few_reviews|size,slightly
B,"The jssablo Blue Cube liner hits the sweet spot for me: at $7.19 it's cheap but still has a solid 4.4 rating with nearly 1,900 reviews, so I'm not gambling on an unknown. It has the weighted magnets I want, a 72x72 fit, and the 3D cube texture looks nicer than a plain clear liner. EVA material and in-stock availability seal it.",price_too_high|look,already_chosen,brand|price_suspicious|look,few_reviews|material|pack,look|few_reviews|availability,availability|few_reviews|size,moderately
C,"It has the highest rating (4.6) with a solid ~974 reviews, the lowest price ($7.09), and it checks the boxes I care about: EVA material, magnets at the bottom, and rust-proof grommets. The blue water-wave look is a nice touch without being flashy.",price_too_high|availability,look|brand,already_chosen,few_reviews|material,look|availability,availability|few_reviews,slightly
A,"I'm a cautious, analytical shopper and this is the only option with a large, reliable review base (4,156 reviews at 4.5★) plus EVA material that's BPA-free and odor-free, which matters for something in a steamy bathroom. The brass grommets and weighted hem address the durability and staying-in-place issues that cheap liners usually fail on. The $18.99 price is higher than the others, but for a health-adjacent, daily-use item I'd rather pay more for verified quality.",already_chosen,brand|price_suspicious|few_reviews|material,brand|price_suspicious|few_reviews,few_reviews|material|brand,look|few_reviews|availability,availability|few_reviews|material,slightly
C,"It has the highest rating (4.6★) with a solid review count (974), an Art-Deco wave pattern I like, magnets and weighted hem, and at $7.09 it's the best value. EVA material, odor-free and waterproof, fits my budget and needs.",price_too_high|look,look|rating,already_chosen,few_reviews|look,look|rating,availability|few_reviews|transparency,slightly
B,"I want a cheap, functional liner with magnets to hold it against the tub, and the jssablo has a solid 4.4 stars across nearly 1,900 reviews at only $7.19. I'm not paying $19 for a liner the kids will splash and I'll replace in a year anyway, and I'm skeptical of listings with almost no reviews.",price_too_high|availability,already_chosen,brand|price_suspicious,few_reviews|material,look|transparency,few_reviews,slightly
C,"It has the best combination of a strong rating (4.6 with ~974 reviews) and a low price, plus the weighted magnets and tear-proof header I want. The Art-Deco wave pattern in blue is attractive without being loud, and EVA is odor-free and easy to wipe clean. It's in stock and fits my standard 72x72 tub.",price_too_high|availability,look,already_chosen,few_reviews|material,look|few_reviews,availability|few_reviews,slightly
B,"I want a liner that stays put and doesn't look cheap, and this one has magnets at the bottom plus a 3D texture that looks nicer than plain plastic. The price is low, it's in stock, and 1,872 reviews at 4.4 stars is enough evidence for me.",price_too_high|availability,already_chosen,brand|few_reviews,few_reviews|material,look|availability,few_reviews,slightly
C,"I want a liner that looks clean and modern, keeps itself against the tub, and doesn't cost much since liners get replaced fairly often. Option C has the highest rating in the set (4.6★ with ~974 reviews), a nice Art-Deco wave look, magnets plus a weighted hem, and it's the cheapest at $7.09 while still being in stock.",price_too_high|look,look|rating,already_chosen,few_reviews|pack,look|rating,availability|few_reviews,slightly
B,"I want a liner that looks nice without spending much, and the jssablo Blue Cube has a premium 3D texture plus magnets and a solid 4.4★ from nearly 1,900 reviews. At $7.19 it's the best balance of looks, function, and price for a single-person rental bathroom.",price_too_high,already_chosen,look,few_reviews,look,availability|few_reviews,slightly
C,"It has the best combination of a high rating (4.6) with a solid review count (974), a very low price of $7.09, and it includes magnets at the hem plus a tear-proof header — the functional features I care about. EVA is odor-free and I like the blue wave look as a light-filtering, semi-transparent option.",price_too_high|look,look|few_reviews,already_chosen,few_reviews|material,look|few_reviews,availability|few_reviews,slightly
A,"I want a liner I can trust to be odor-free and safe, and the AmazerBath has by far the strongest evidence base: 4.5 stars across 4,156 reviews, 100% EVA with brass grommets, and a reinforced, weighted hem. The emerald semi-transparent look also fits my bathroom better than the gradient blues or plain black. The higher price is worth it to me for a product this well-vetted.",already_chosen,price_suspicious|brand|rating|few_reviews,price_suspicious|brand|few_reviews|look,few_reviews|material|brand,look|rating|few_reviews|availability,availability|few_reviews|brand,slightly
C,"At $7.09 it's the cheapest liner that still has a strong 4.6★ rating with almost 1,000 reviews, so I'm not gambling on an unknown. It's EVA, odor-free, has the 3 bottom magnets and weighted hem I want, and I actually like the blue water-wave look in my bathroom.",price_too_high|availability|look,look|few_reviews,already_chosen,few_reviews|material,look|few_reviews|availability,availability|few_reviews,slightly
C,"I want a liner that looks like art, not a hospital curtain — the Art-Deco water-wave gradient in blue appeals to my eye, and it has the highest rating on the shelf (4.6★) with a solid 974 reviews backing it up. At $7.09 it's the cheapest option too, and it still includes the weighted magnets and rust-proof grommets I need, so I see no reason to pay more.",price_too_high|look|availability,look|price_suspicious,already_chosen,few_reviews|material,look|availability|few_reviews,availability|few_reviews,slightly
C,"I want a liner that's affordable, odor-free EVA, and won't slide around, and the LQFMEHOT water-wave liner hits all of that at $7.09 with the strongest rating on the shelf (4.6★, ~974 reviews). The 3 heavy magnets and anti-rust grommets give me confidence it will hold up and stay against the tub, and the blue gradient ripple look is pleasant without being loud.",price_too_high|look,look|rating|material,already_chosen,few_reviews|pack|material,look|availability|few_reviews,availability|few_reviews,slightly
C,"It's the cheapest single liner at $7.09 but still has the highest rating here (4.6★ with ~974 reviews), which feels like real evidence rather than a gamble. The Art-Deco wave texture and gradient blue look good in a modern bathroom, and it has the three magnets and weighted hem I want.",price_too_high|transparency,price_suspicious|look,already_chosen,few_reviews|material,look|transparency,availability|few_reviews,slightly
C,"The LQFMEHOT liner has the strongest combination of a high rating (4.6) with a solid review base (974), a low price, and the features I actually care about — magnets at the hem, rustproof grommets, and odor-free EVA. The subtle blue wave texture is understated enough to suit my bathroom, and at $7.09 it's an easy, low-risk purchase.",price_too_high|look,look,already_chosen,few_reviews|material,look|availability,availability|few_reviews,slightly
A,"I want a liner that will actually last and not smell like chemicals, and the AmazerBath has by far the strongest evidence behind it — 4.5 stars across 4,156 reviews, brass grommets instead of cheap metal, a weighted hem, and BPA-free odor-free EVA. The $18.99 price stings a bit for a liner, but I'd rather pay once for something proven than replace a $7 liner every few months.",already_chosen,price_suspicious|brand|look,price_suspicious|brand|look,few_reviews|material|look,look|rating|few_reviews,availability|few_reviews|size|price_suspicious,slightly
C,"I want an odor-free EVA liner with magnets and a weighted hem that keeps it against the tub, and this one has the highest rating (4.6) with a solid 974 reviews. It's also the cheapest at $7.09 and I like the blue water-wave look for my bathroom.",price_too_high|brand,rating|few_reviews,already_chosen,few_reviews|material,look|availability,availability|few_reviews,moderately
C,"The LQFMEHOT liner has the highest rating (4.6) with a solid review count (974), so I trust it more than the newer or thinner listings. At $7.09 it's the cheapest option and still includes the weighted magnets I want, plus an odor-free EVA material that's safer for my young child. The blue water-wave look is a nice bonus without paying extra.",price_too_high|look,rating|price_suspicious,already_chosen,few_reviews|material|pack,look|availability|few_reviews,availability|few_reviews,moderately
C,"It has the best combination of a strong 4.6 rating with a solid 974 reviews, a very low $7.09 price, and the features I care about (EVA material, 3 heavy magnets, weighted hem, waterproof). I like the Art-Deco water-wave look more than the plain or busy alternatives, and it is in stock.",price_too_high|availability,look,already_chosen,few_reviews|material,look|few_reviews|availability,few_reviews,slightly
C,"It's the cheapest option at $7.09 with the highest rating on the shelf (4.6★) and nearly 1,000 reviews, so I trust it more than the cheaper-looking no-name listings. It has the magnets and weighted hem I want, plus a nice blue wave look that isn't plain boring black.",price_too_high,look,already_chosen,few_reviews,look|availability,availability|few_reviews,moderately
C,"I want a clear, no-fuss liner with strong evidence it holds up, and option C has the highest rating on the shelf (4.6★) with a solid ~974 reviews at the lowest price ($7.09). The Art-Deco water-wave texture is a nice touch but what really sells me is that it's EVA (odor-free, no PVC worry), has 3 heavy magnets to stay against the tub, and a rust-proof reinforced header — all the functional boxes ticked.",price_too_high|look,rating|few_reviews|brand,already_chosen,few_reviews|material|look,look|few_reviews|availability,availability|few_reviews|size,slightly
C,"Best combination of a strong 4.6 rating with a meaningful review count (974), the lowest price at $7.09, and it has the weighted magnets and odor-free EVA I want. The look is clean and understated, which suits my bathroom.",price_too_high|availability,look,already_chosen,few_reviews,transparency|availability,availability|few_reviews,slightly
C,"The LQFMEHOT liner hits the sweet spot for me: it's the highest-rated option with a solid review base, has the weighted magnets and tear-proof header I want, and at $7.09 it's a no-risk price for a functional everyday liner. I also like the subtle blue water-wave look — it's attractive without being loud.",price_too_high|look,look|rating,already_chosen,few_reviews|material|pack,look|availability,availability|few_reviews|size,slightly
B,"At $7.19 it's the cheapest single liner with a solid 4.4★ from nearly 1,900 reviews, so I get real evidence it works without overspending. It has the 3 magnets and weighted hem I want, and the 3D cube texture looks more intentional than a plain clear liner.",price_too_high,already_chosen,look,few_reviews|material,look|rating,availability|few_reviews|size,slightly
C,"It has the highest rating (4.6) with a solid review count, a low price, and a blue wave design that fits my aesthetic. It also has the functional stuff I want — magnets, weighted hem, anti-rust grommets, odor-free EVA.",price_too_high,price_suspicious|look,already_chosen,few_reviews|pack,look|few_reviews|availability,availability|few_reviews,slightly
C,"I want a liner that stays put and wipes clean without a lot of fuss, and this one has the magnets and the anti-rust header I look for. At $7.09 with a 4.6 rating and nearly a thousand reviews, it feels like the safe, sensible pick. The blue wave look is pleasant enough, and I can just rinse it off.",price_too_high|look,look|material,already_chosen,few_reviews|pack,look|availability,availability|few_reviews,slightly
C,"As a researcher who reads specs and reviews carefully, Option C gives me the strongest evidence of quality at the lowest price: a 4.6-star rating across 974 reviews, EVA material that is odor-free, three heavy magnets plus a weighted hem, and a tear-proof header with anti-rust grommets. The Art-Deco water-wave look in blue also suits my practical-but-considered taste, and at $7.09 it is a low-risk, high-value pick.",price_too_high|look,rating|few_reviews,already_chosen,few_reviews|material,few_reviews|look|availability,availability|few_reviews,slightly
C,"It has the best combination of a high rating (4.6★) with a solid review count (974) at the lowest price on the shelf ($7.09). I like the blue water-wave look and it has the weighted magnets and reinforced header I want, so it feels like the safest, best-value pick.",price_too_high,rating|review_concern,already_chosen,few_reviews|review_concern,look|few_reviews,availability|few_reviews,slightly
B,"I want a functional liner that stays put and is easy to clean, and B has the strongest evidence-to-price balance: 4.4 stars across 1,872 reviews at just $7.19, plus bottom magnets and a weighted hem. The 70% EVA material is a safer formulation than PVC-style liners, and the 3D cube texture is neutral enough to look decent without being loud.",price_too_high|look,already_chosen,price_suspicious|brand|few_reviews,few_reviews|material|pack,look|availability|few_reviews,availability|few_reviews,slightly
C,"It has the highest rating (4.6) with a solid review count, and at $7.09 it's the best value. The Art-Deco blue wave look fits the calm modern vibe I like, and it has the magnets and weighted hem I want.",price_too_high,look,already_chosen,few_reviews|material,look,availability|few_reviews,slightly
B,"I want a liner that stays put against the tub and looks nice without spending much — the jssablo has 3 magnets at the bottom, a premium-looking 3D cube texture, and 1,872 reviews at 4.4 stars for only $7.19. That's the best mix of value and evidence on this shelf.",price_too_high|availability,already_chosen,price_suspicious|brand,few_reviews|material,look|availability,availability|few_reviews,slightly
C,"I want a liner that's odor-free EVA with magnets to hold it against the tub, and this one has the highest rating on the shelf (4.6★) with a solid review count, so the evidence feels reliable. The $7.09 price is low-risk, and the water-wave pattern is clean and modern without being loud. It's in stock and ready to ship, which matters since I'm on a deadline.",price_too_high,price_suspicious|look,already_chosen,few_reviews|material,look|few_reviews,availability|few_reviews,moderately
C,"It's the cheapest single liner at $7.09, has the highest rating on the shelf (4.6★) with a solid 974 reviews, and includes the weighted magnets I want so it stays against the tub. As a frugal buyer who just needs a functional liner, this is the best value without gambling on a brand-new listing.",price_too_high,price_suspicious|brand,already_chosen,few_reviews|material|pack,look|few_reviews,availability|few_reviews,slightly
C,"I want an EVA liner that is odor-free and easy to wipe down, and C has the strongest combination of a high rating (4.6), a reasonable review base (974), and a low price ($7.09). The Art-Deco blue wave look is attractive without being too loud, and the magnets plus tear-proof header cover the functional details I care about.",price_too_high|look|brand|availability,price_suspicious|look|brand,already_chosen,few_reviews|rating|pack|material,look|availability|few_reviews|transparency,availability|few_reviews|size,slightly
C,"It's the cheapest at $7.09, has the best rating on the shelf (4.6 stars) with a solid 974 reviews, and it still gives me the magnets at the hem plus a rustproof header. I'm skeptical of no-name brands, but nearly a thousand reviews at that rating is real evidence, and the wave texture is subtle enough that I won't hate looking at it.",price_too_high|look,look|rating,already_chosen,few_reviews|material,look|availability,availability|few_reviews|size,slightly
B,"It has a strong 4.4-star rating with nearly 1,900 reviews, which gives me real confidence in the quality, at only $7.19. The 3D cube texture looks nicer than a plain liner, and it has magnets plus a weighted hem to keep it against the tub — all the function I want at a saver-friendly price.",price_too_high|availability,already_chosen,brand|price_suspicious,few_reviews|material,look|availability,availability|few_reviews,slightly
A,"I want a liner I can trust to last and stay put, and the AmazerBath has the strongest review base (4.5 stars, over 4,000 reviews) plus a weighted bottom and rustproof brass grommets. The soft-touch EVA is BPA-free and odor-free, which matters to me at my age with a chronic condition. It costs more, but a liner I only replace every year or two is worth the extra few dollars.",already_chosen,brand|price_suspicious|look,brand|price_suspicious|look,few_reviews|material|pack,look|availability|rating,availability|few_reviews|transparency,slightly
C,"It's the best balance of price and evidence — under $8 with a 4.6-star rating and nearly 1,000 reviews. The EVA material is odor-free and safe, and the weighted magnets plus tear-proof header are the functional details I actually care about.",price_too_high,look|rating,already_chosen,few_reviews,look|few_reviews,availability|few_reviews,slightly
B,"The jssablo liner gives me the most for very little money: a 4.4-star rating from nearly 1,900 reviews, a 70% EVA material that's advertised as healthier than PEVA/PVC, and three magnets plus a weighted hem to keep it against the tub. I like the blue 3D cube look and it's in stock at $7.19, so there's no reason to pay $18.99 for the AmazerBath.",price_too_high|look,already_chosen,brand|look,few_reviews|material,look|few_reviews,availability|few_reviews,slightly
C,"I want a cheap, odor-free EVA liner that actually stays put, and this one is the lowest price with the highest rating (4.6) and solid review count. The wave texture looks nice in my bathroom and it has the magnets and weighted hem I need.",price_too_high|transparency|brand,look|few_reviews,already_chosen,few_reviews|pack|material,look|availability,availability|few_reviews,slightly
B,"I picked B because it hits the sweet spot for me: a very low $7.19 price, a solid 4.4-star rating backed by nearly 1,900 reviews, and the magnets at the bottom that keep the liner pressed against the tub (a feature I genuinely care about). The 3D cube texture in gradient blue also looks more premium than a plain clear liner, and EVA is odor-free and safer than PVC, so I feel good about the material.",price_too_high|availability,already_chosen,brand|few_reviews,few_reviews|material|rating,look|few_reviews|availability,availability|few_reviews|size,slightly
A,"I want a liner that's odor-free, BPA-free, and built to stay put — this one has weighted bottom stones, 12 rustproof brass grommets, and a reinforced double-layered header, plus over 4,000 reviews at 4.5 stars. The price is higher, but I'm brand loyal and prefer paying once for quality rather than replacing a flimsy liner every few months.",already_chosen,price_suspicious|brand|look,price_suspicious|brand|look,few_reviews|material|pack,look|rating|few_reviews,availability|few_reviews,slightly
C,"It has the highest rating (4.6) with a solid number of reviews, so I trust it more than the cheaper unknowns. It's only $7.09, has magnets to keep it against the tub, and the blue water-wave look is pretty without being garish.",price_too_high|look,look|few_reviews,already_chosen,few_reviews|pack,look|few_reviews,availability|few_reviews,slightly
C,"I want a cheap, good-looking liner with a strong track record, and C has the highest rating (4.6) with a solid ~974 reviews at the lowest price ($7.09). It has the magnets and weighted hem I want, plus an odor-free EVA material I trust. B is close but C's better rating and review count edge it out.",price_too_high,price_suspicious,already_chosen,few_reviews|pack,look|rating,availability|few_reviews|transparency,slightly
A,"I want a liner that feels safe and well-made, and this one is BPA-free, odor-free EVA with a reinforced header and rustproof brass grommets — details that suggest it will hold up and not need replacing constantly. The 4.5★ rating from over 4,000 reviews gives me the confidence that it actually performs as described, and the weighted hem keeps it in place.",already_chosen,price_suspicious|brand|material,brand|material|few_reviews,few_reviews|pack|material,look|brand|rating,availability|few_reviews|brand,slightly
C,"It has the best combination of a high rating (4.6) with a solid review base (974), a price I'm happy with at $7.09, and it checks my boxes: EVA material, magnets at the bottom, and a weighted hem. I also like the blue water-wave look for my bathroom.",price_too_high|availability,look,already_chosen,few_reviews|material,look|review_concern|few_reviews,availability|few_reviews,slightly
C,"It has the highest rating (4.6★) with a solid review count near 1,000, so I have real evidence it works. At $7.09 it's the cheapest option and still includes the features I care about most — waterproof EVA, odor-free, magnets at the hem, and rust-resistant metal grommets. The blue wave design is attractive without being loud, and it's in stock.",price_too_high,price_suspicious|rating,already_chosen,few_reviews|pack,look|availability|few_reviews,availability|few_reviews,slightly
C,"The LQFMEHOT liner has the best combination of a high rating (4.6★), a substantial review base (974), a low price ($7.09), and a clear, complete listing with magnets, weighted hem, and rustproof grommets. It is in stock and its semi-transparent blue wave design fits my bathroom's light-modern look. The strong evidence and low commitment make it the safest, most sensible pick.",price_too_high|availability,look|few_reviews,already_chosen,few_reviews|material,transparency|look|availability,availability|few_reviews,slightly
C,"The LQFMEHOT liner has the highest rating (4.6) of the group with a solid 974 reviews, so it's well-proven, and at $7.09 it's the cheapest option. It has the weighted magnets and tear-proof header I want, so it fits my needs without overspending.",price_too_high|transparency,price_suspicious|look,already_chosen,few_reviews|material,availability|look,availability,slightly
B,"I need a liner that stays put against the tub and doesn't smell like chemicals — this one has 3 magnets, EVA material (healthier than PVC), and a reasonable 4.4★ from nearly 1,900 reviews. At $7.19 it's a low-risk buy, and the blue 3D texture looks nicer than a plain clear sheet.",price_too_high|transparency,already_chosen,brand|look,few_reviews|pack,look|availability,few_reviews,slightly
C,"It has the highest rating (4.6★) among options with a meaningful review count (974), it's the cheapest at $7.09, and it has the functional features I care about — 3 heavy magnets, weighted hem, tear-proof header, and odor-free EVA. The Art-Deco wave look is attractive without being gimmicky, and it's in stock.",price_too_high|availability,price_suspicious|brand|rating,already_chosen,few_reviews|material|pack,look|few_reviews|transparency,availability|few_reviews|size,slightly
C,"It strikes the best balance for me: the highest rating on the shelf (4.6★) with a solid review count near 1,000, a low $7.09 price, and it still has the functional features I care about — 3 heavy magnets, weighted hem, anti-rust grommets and odor-free EVA. The Art-Deco wave look is attractive without being gimmicky, and it's in stock so I can actually buy it.",price_too_high,rating|few_reviews|review_concern,already_chosen,few_reviews|rating|material,availability|rating|few_reviews|look,availability|few_reviews|size,slightly
C,"It's cheap, has a strong 4.6 rating with nearly 1,000 reviews, and has the magnets plus a weighted hem I want so it stays against the tub. The blue wave look is nice enough and EVA is odor-free and easy to wipe down.",price_too_high|availability,price_suspicious|rating,already_chosen,few_reviews|material,few_reviews|look|availability,availability|few_reviews|size,slightly
C,"It has the highest rating (4.6) with a solid review count, the lowest price, and it checks the boxes I care about — odor-free EVA, magnets at the bottom, and a soft blue wave look that will suit my bathroom. I'm not paying nearly twenty dollars for a liner when this one does the job.",price_too_high|look,look|few_reviews,already_chosen,few_reviews|material,look|rating,availability|few_reviews,slightly
B,"It's a well-reviewed liner (4.4★, ~1,870 reviews) at a low $7.19, with the features I actually care about: 3 magnets at the bottom to hold it against the tub, 12 metal grommets, and EVA material that's odor-free and wipe-clean. The blue 3D cube look is fine for a bathroom and the price makes it a low-risk buy.",price_too_high|look,already_chosen,brand|price_suspicious,few_reviews|material,look|availability|few_reviews,availability|few_reviews|size,slightly
B,"I want a liner that stays put against the tub and looks decent without spending much. The jssablo Blue Cube has magnets at the hem, a 3D texture that looks nicer than plain plastic, and it's only $7.19 with a solid 4.4 stars from nearly 1,900 reviews — that's enough evidence for me.",price_too_high|look,already_chosen,brand|look,few_reviews|material,look,availability|few_reviews,slightly
C,"The LQFMEHOT liner has the highest rating on the shelf (4.6 stars) with a solid 974 reviews, and the Art-Deco blue water-wave pattern is genuinely pretty rather than plain. At $7.09 it's the cheapest option and still lists the features I care about — odor-free EVA, magnets at the hem, and rust-proof grommets — so it feels like the best combination of look, evidence, and value.",price_too_high|look|availability,look|rating,already_chosen,few_reviews|pack|material,look|rating|availability,availability|few_reviews|size,slightly
C,"It's the cheapest liner on the shelf but still has strong evidence behind it — 4.6 stars from nearly 1,000 reviews — plus the functional features I actually care about: 3 heavy magnets at the hem, a tear-proof header with anti-rust metal grommets, and odor-free EVA. I'd rather spend $7 on a well-reviewed liner with magnets than $19 on a brand I don't know just for brass grommets and a fancy look.",price_too_high|look,look|price_suspicious,already_chosen,few_reviews|material,look|few_reviews|availability,availability|few_reviews|size,slightly
C,"It has the highest rating (4.6) among the well-reviewed options at 974 reviews, still a solid count, and the lowest price at $7.09. The EVA material is odor-free and the magnets + weighted hem are the function I want, so it's the best evidence-to-price balance.",price_too_high|brand,price_suspicious|few_reviews,already_chosen,few_reviews|pack,few_reviews|transparency|availability,availability|few_reviews,slightly
C,"It has the highest rating (4.6) with a solid 974 reviews, and at $7.09 it's the cheapest option while still offering the features I care about: magnets at the hem, rust-proof grommets, odor-free EVA, and a lightweight waterproof surface. The water-ripple gradient design is also more visually interesting than a plain liner.",price_too_high|look|transparency,look|price_suspicious,already_chosen,few_reviews|material|pack,look|transparency|availability,availability|few_reviews|size,slightly
C,"It's the cheapest option at $7.09 but still has the highest rating (4.6★) with a solid ~974 reviews, plus magnets, a weighted hem, and rust-proof grommets. The blue water-wave Art Deco look fits the modern vibe I want for my bathroom, and it's in stock.",price_too_high,look,already_chosen,few_reviews|material,look,availability|few_reviews,slightly
C,"The LQFMEHOT liner hits the sweet spot for me: it's the cheapest option at $7.09 but still has the strongest rating on the shelf (4.6★ with nearly 1,000 reviews), so I'm not gambling on an unknown. It has the features I actually care about — EVA material, magnets at the hem, tear-proof header, and a nice Art-Deco wave pattern that will look good against my tiles.",price_too_high|transparency,look|few_reviews,already_chosen,few_reviews|material,look|few_reviews,availability|few_reviews,slightly
B,"The jssablo Blue Cube liner has a strong 4.4-star rating from nearly 1,900 reviews, which gives me real confidence, and at $7.19 it's a great value. It has the magnets I want to keep it against the tub, a waterproof EVA material, and a look I actually like.",price_too_high,already_chosen,brand|few_reviews,few_reviews|material,look|availability,availability|few_reviews,slightly
C,"It's the cheapest at $7.09, has the best rating on the shelf (4.6 with ~974 reviews), and still includes the 3 heavy magnets and weighted hem I care about. The blue water-wave look is fine for a bathroom and the review count is solid enough to trust.",price_too_high,price_suspicious|few_reviews,already_chosen,few_reviews|rating,look|few_reviews,availability|few_reviews,slightly
C,"It's the best balance of value, safety, and evidence for me: odor-free EVA, 4.6 stars with a solid 974 reviews, magnets and a weighted hem, and it's only $7.09. The Art-Deco wave look is attractive without being too loud, and it's fully in stock.",price_too_high|transparency,look,already_chosen,few_reviews|pack,look|few_reviews,availability|few_reviews|size,slightly
C,"It has the best combination of a strong rating (4.6) with a real review base (974), an affordable price, and useful features like magnets and a tear-proof header. I prefer the blue wave look and EVA material over the flashier or less-proven options.",price_too_high|look|material,few_reviews|look|price_suspicious,already_chosen,few_reviews|material|look,few_reviews|look|rating,availability|few_reviews|size,slightly
C,"At $7.09 it's the cheapest option and still has the strongest evidence I can trust — 4.6 stars with nearly 1,000 reviews. It's EVA (odor-free, no PVC worry), has a weighted hem with 3 magnets, and the blue water-wave look is subtle enough to fit my bathroom without being boring.",price_too_high|availability,price_suspicious|brand|few_reviews,already_chosen,few_reviews|material,look|few_reviews|availability,availability|few_reviews|size,moderately
A,"I've bought cheap liners before and they turn stiff and cloudy within months, so I'd rather pay up once for the AmazerBath. It's EVA, BPA-free and odor-free, has brass grommets and a weighted hem, and 4,156 reviews at 4.5 stars is real evidence, not a handful of friends-and-family ratings.",already_chosen,price_suspicious|brand|look,price_suspicious|brand|look,few_reviews|material|pack,look|few_reviews|rating,availability|few_reviews,slightly
C,"I want a liner that stays put and doesn't get moldy, and this one has a high 4.6 rating with nearly 1,000 reviews plus three heavy magnets. The $7.09 price is a fair deal and the smell-free EVA claim matters to me.",price_too_high|availability,look,already_chosen,few_reviews|material,look|availability,availability|few_reviews,slightly
B,"It is the best combination of low price, a solid 4.4-star rating with nearly 1,900 reviews, and the functional features I care about (magnets at the hem, metal grommets, waterproof EVA). The 3D blue cube texture looks a bit more premium than a plain liner, and I don't need to pay $18.99 for a liner.",price_too_high,already_chosen,look,few_reviews,look|few_reviews,availability|few_reviews,slightly
B,"It's the best balance on the shelf: a real EVA liner (healthier than PEVA/PVC), 12 metal grommets, and 3 magnets at the hem to keep it against the tub — all things I actually want — for $7.19. The 4.4★ with 1,872 reviews gives me enough evidence it holds up, and it's in stock right now.",price_too_high|look,already_chosen,look|brand,few_reviews|look,look|availability,availability|few_reviews|transparency,slightly
C,"It has the highest rating (4.6) among the affordable options, a solid 974 reviews for evidence, and a low $7.09 price. It also has the features I care about: EVA material, magnets at the hem, and a waterproof easy-clean surface.",price_too_high|look,look|few_reviews,already_chosen,few_reviews|material,look|availability,availability|few_reviews,slightly
B,"It's the best mix of price and evidence for me — $7.19 with 1,872 reviews at 4.4 stars, so it's cheap but not a total unknown. The gradient blue 3D cube look is nice enough for a guest-visible bathroom, and the 3 bottom magnets plus 12 metal grommets cover the two things that actually annoy me about liners (sticking to the tub and tearing at the holes). I'd rather spend under $8 on something I replace yearly than $19 on the AmazerBath.",price_too_high,already_chosen,brand|price_suspicious,few_reviews|material,look|availability,availability|few_reviews,slightly
C,"At $7.09 it's the best value on the shelf, and the 4.6★ rating with nearly 1,000 reviews gives me solid confidence. It has the features I actually care about — magnets at the bottom, rust-proof grommets, odor-free EVA, and a look I don't mind.",price_too_high|transparency,price_suspicious|look,already_chosen,few_reviews|material,look|few_reviews,availability|few_reviews|size,slightly
C,"It's the cheapest option at $7.09 but still has a strong 4.6 rating with nearly a thousand reviews, so it's not just cheap junk. The Art-Deco blue wave look is more interesting than a plain liner, and it has the magnets and weighted hem I actually want.",price_too_high|look,look,already_chosen,few_reviews|pack,look|availability,availability|few_reviews,slightly
C,"I want a cheap but reliable everyday liner, and C has the highest rating on the shelf (4.6 with nearly 1,000 reviews) at the lowest price ($7.09). The blue water-wave EVA design is attractive enough, it has magnets at the hem, and it is in stock.",price_too_high,look,already_chosen,few_reviews,look|availability,availability|few_reviews,slightly
C,"I want a liner I can trust without overpaying, and C has the strongest evidence on the shelf: 4.6 stars across 974 reviews, an odor-free EVA material, 3 heavy magnets at the hem, and a rust-resistant header — all for $7.09. The Art-Deco wave look is pleasant without being loud, and it's in stock, so there's no availability risk.",price_too_high|transparency,look|price_suspicious,already_chosen,few_reviews|material,look|availability,availability|few_reviews|info_incomplete,slightly
A,"No persona-specific answer was produced, so a neutral answer was used.",already_chosen,already_chosen,already_chosen,already_chosen,already_chosen,already_chosen,not_at_all
B,"It's the cheapest option with plenty of reviews (4.4 stars, 1,872 reviews), so I trust it. It has the 3 magnets and weighted hem I want to keep it against the tub, and the gradient blue 3D cube look is nicer than a plain liner. The reduced dexterity in my hands makes the tear-resistant grommets and easy wipe-clean care appealing too.",price_too_high|look,already_chosen,price_suspicious|brand,few_reviews|material|pack,look|few_reviews,availability|few_reviews,slightly
C,"It has the highest rating (4.6) with a solid review count (~974), the lowest price at $7.09, and includes the weighted magnets I want so the liner stays against the tub. The Art-Deco blue wave look is appealing and the EVA material is odor-free and easy to wipe clean.",price_too_high|availability,look|rating,already_chosen,few_reviews|material,look|transparency,availability|few_reviews,slightly
C,"It has the best combination of a strong 4.6 rating with a substantial 974 reviews at the lowest price ($7.09), plus the magnets and anti-rust grommets I want in a liner. The Art-Deco wave texture is a nice look for a bathroom without being too loud.",price_too_high|availability,price_suspicious|few_reviews,already_chosen,few_reviews|material,look|few_reviews,availability|few_reviews|size,slightly
C,"It's the cheapest at $7.09 and still has a solid 4.6★ with nearly 1,000 reviews, so I trust it. The blue water-wave design looks pretty, and it has the magnets and weighted hem I want plus odor-free EVA.",price_too_high|availability,look|brand,already_chosen,few_reviews|material,look|few_reviews,availability|few_reviews|size,slightly
B,"The jssablo Blue Cube has a strong 4.4 rating with nearly 1,900 reviews — enough evidence to trust it — and it's only $7.19. It's EVA (odor-free, BPA-free-ish, healthier than PVC), has 12 metal grommets, a weighted magnetic hem, and a 3D cube texture that looks nicer than a plain liner. In stock and cheap enough that I don't need to overthink it.",price_too_high|look,already_chosen,price_suspicious|brand,few_reviews|material,look|few_reviews,availability|few_reviews,slightly
C,"It's cheap, has a strong 4.6-star rating with nearly 1,000 reviews, and the gradient blue wave design fits the clean modern look I want. EVA material with magnets at the bottom checks the functional boxes I care about most.",price_too_high,look,already_chosen,few_reviews|pack,look|few_reviews,availability|few_reviews,slightly
A,"I want a liner that feels well-made and looks refined rather than a cheap disposable sheet, and the AmazerBath has the strongest evidence behind it with 4,156 reviews at 4.5 stars plus real brass grommets and a weighted hem. At $18.99 it costs more, but for something I look at every day I'm fine paying for the soft-touch EVA and clean emerald look.",already_chosen,look|price_suspicious|brand,look|price_suspicious|brand,few_reviews|material|pack,look|transparency|availability,availability|few_reviews,slightly
C,"It has the best combination of a high rating (4.6★) with a meaningful review count (~974), a very low price ($7.09), and all the features I care about: EVA material, 3 weighted magnets, anti-rust grommets, and a waterproof wipe-clean surface. Option B is similar but rated lower with a look I find busier, and A costs far more than I'd pay for a liner.",price_too_high|look|transparency,rating|review_concern,already_chosen,few_reviews|material|pack,look|few_reviews|availability,availability|few_reviews|size,slightly
C,"I want a liner that stays put and doesn't feel like a cheap plastic sheet, and this one has 3 heavy magnets, a tear-proof header, and odor-free EVA at only $7.09. It also has the strongest rating on the shelf (4.6★) with a solid 974 reviews, so I trust it more than the cheaper no-name options.",price_too_high,look,already_chosen,few_reviews|material,look|availability,availability|few_reviews,slightly
C,"I want a liner that looks like a design piece, not a utility item, and the Art-Deco wave pattern in gradient blue is genuinely beautiful. At $7.09 it's the best combination of strong reviews (4.6★, 974), a look I love, and a price that lets me refresh it whenever I want.",price_too_high|look,look|brand,already_chosen,few_reviews|look|pack,look|availability,availability|few_reviews|transparency,slightly
C,"It has the highest rating (4.6 with ~974 reviews, so reliable evidence), a low $7.09 price, and all the features I care about: odor-free EVA, 3 magnets at the hem, waterproof, and anti-rust grommets. The Art-Deco blue wave look also fits my modern bathroom without being too loud.",price_too_high,price_suspicious|look,already_chosen,few_reviews|material,look|transparency,availability|few_reviews,slightly
C,"At $7.09 it's the cheapest single liner with a solid 4.6★ rating and nearly 1,000 reviews, so the evidence is actually there rather than just a marketing claim. It's odor-free EVA with three magnets at the weighted hem and a tear-proof header, which covers the functional things I care about most.",price_too_high|brand|availability,look|price_suspicious,already_chosen,few_reviews|material|pack,look|few_reviews,availability|few_reviews,slightly
B,"I need a liner that stays put with a family of kids splashing around, and the 3 magnets plus weighted hem on this one sold me. The 3D cube texture looks nicer than a plain clear liner, and at $7.19 with 1,872 reviews at 4.4 stars, it's a low-risk buy I can replace without feeling it.",price_too_high|availability,already_chosen,brand|review_concern,few_reviews|material,look|availability,availability|few_reviews,slightly
C,"It's cheap at $7.09 but still has a solid 4.6 stars from nearly a thousand buyers, which feels like real proof it holds up. The weighted magnets and EVA material are what I want, and the blue wave look is nice enough without being flashy.",price_too_high,price_suspicious,already_chosen,few_reviews|material,look|availability,availability|few_reviews,slightly
B,"It's the best balance for me: cheap enough to not stress about, 70% EVA (healthier than PVC), and it has the 3 bottom magnets I want so it stays against the tub. 4.4 stars across 1,872 reviews is solid evidence, and it's actually in stock.",price_too_high|availability,already_chosen,brand|review_concern,few_reviews|material,look|rating,availability|few_reviews,slightly
B,"I want a semi-transparent liner with a weighted/magnetic hem and a look that feels a bit designed, not plain plastic. B has 1,872 reviews at 4.4 stars, is in stock, and at $7.19 it's a low-risk purchase. The 3D cube texture reads as more premium than a flat liner without costing more.",price_too_high|availability,already_chosen,brand|few_reviews,few_reviews|material|pack,look|few_reviews,availability|few_reviews|size,moderately
C,"I want a cheap, low-risk liner and C has the best combination of price ($7.09), a solid 4.6 rating with nearly 1,000 reviews, and the magnets plus weighted hem I need so it stays against the tub. The blue water-wave look is nice enough and EVA is odor-free, so it checks my boxes without overspending.",price_too_high,price_suspicious,already_chosen,few_reviews|pack,look|transparency,availability|few_reviews,slightly
C,"It has the best combination of a strong 4.6-star rating with nearly 1,000 reviews, a low $7.09 price, and the functional features I want (3 heavy magnets, weighted hem, rust-proof grommets, odor-free EVA). The Art-Deco water-wave look is attractive without being loud, and it's in stock so I can actually buy it.",price_too_high|availability,look|price_suspicious,already_chosen,few_reviews|material,look|rating,availability|few_reviews,slightly
C,"I want a liner that is cheap but still has real evidence behind it, and Option C has the highest rating (4.6) with a solid 974 reviews, magnets at the hem, and odor-free EVA at $7.09. The blue water-wave look is attractive without being garish, and it's in stock so I can actually buy it.",price_too_high,look|rating,already_chosen,few_reviews|material,few_reviews|rating|availability,availability|few_reviews,slightly
E,"I want a simple, opaque black liner that hides the tub clutter and won't clash with my bathroom, and EVA is PVC-free and odor-free. The 4.3★ with 116 reviews plus reinforced grommets and 3 weighted magnets is enough evidence at a reasonable $9.99 — the only concern is low stock, so I'd order soon.",price_too_high|transparency,look|price_suspicious,look|brand,few_reviews|material,already_chosen,availability|few_reviews,slightly
C,"It's the cheapest option at $7.09, but it also has the highest rating on the shelf (4.6 stars) with a solid 974 reviews, so I'm not gambling on an unknown. The magnets and weighted hem matter to me since I hate a liner that clings to me, and the EVA material claims odor-free.",price_too_high|availability,price_suspicious,already_chosen,few_reviews|material,look|transparency|availability,few_reviews|size,slightly
A,"I want a liner that stays put, dries fast, and doesn't smell like chemicals, and the AmazerBath has the longest track record here with 4,156 reviews at 4.5 stars plus brass grommets, a weighted hem, and odor-free BPA-free EVA. The price is higher than the others, but I'd rather pay once for a liner that lasts and looks decent than replace a cheap one. The emerald-green semi-transparent look also suits my bathroom better than the brighter blue gradients.",already_chosen,price_suspicious|look|brand,price_suspicious|look|brand|few_reviews,few_reviews|material|pack,look|rating|brand|availability,availability|few_reviews,slightly
B,"It's cheap at $7.19, has a solid 4.4 stars with nearly 1,900 reviews, and the 3D cube texture in blue looks nicer than a plain clear liner. The magnets at the bottom and the EVA material (no PVC smell) cover what I actually need, and it's in stock so I can just buy it.",price_too_high,already_chosen,brand|few_reviews|price_suspicious,few_reviews|material|pack,look|transparency|rating,availability|few_reviews|size,slightly
A,"I'm retired, drive daily, and I'd rather buy one liner that lasts than replace a flimsy one every few months. The AmazerBath has 4,156 reviews at 4.5 stars, brass grommets, a reinforced header and weighted stones, and the emerald EVA is BPA-free and odor-free, which matters to me. At $18.99 it's the most expensive here, but for a liner I look at every day I'm fine paying more for proven quality.",already_chosen,price_suspicious|brand|few_reviews,price_suspicious|brand|look,few_reviews|material|pack,look|transparency|few_reviews,availability|few_reviews,slightly
A,"I'm a saver by nature, but for something I'll look at every day I put quality first. Option A has the strongest track record on this shelf — 4.5 stars from over 4,000 reviews — plus BPA-free, odor-free EVA, brass grommets and a weighted hem, so I know exactly what I'm getting. The emerald semi-transparent look is a bit bolder than I'd pick myself, but the reliability and clear specs win me over.",already_chosen,price_suspicious|look|brand,price_suspicious|look|brand|few_reviews,few_reviews|material|look,look|few_reviews|rating,availability|few_reviews|size,slightly
C,"It has the highest rating (4.6) among the affordable options with a meaningful review base (974 reviews), which matters to me since I want evidence before buying. It also has the functional features I need — 3 heavy magnets, weighted hem, rust-proof grommets — and the odor-free EVA material, all at $7.09.",price_too_high|availability,brand|rating,already_chosen,few_reviews|material,rating|few_reviews|look,few_reviews,slightly
A,"I want a liner that stays put and is odor-free, and this one has the strongest evidence of quality with 4,156 reviews at 4.5 stars. The weighted bottom, rustproof brass grommets, and BPA-free EVA justify the higher price for a daily-use item I'll keep for a while.",already_chosen,price_suspicious|brand,price_suspicious|brand|few_reviews,few_reviews|material|brand,look|transparency|brand,availability|few_reviews,slightly
C,"I want EVA because it's odor-free and safer, and C gives me that plus a full set of functional features (3 heavy magnets, tear-proof header, anti-rust buttons) for only $7.09 with a solid 4.6★ rating and nearly 1,000 reviews. The blue water-wave look is attractive but subtle enough to keep my bathroom bright and tidy, and the low price makes it an easy everyday-value pick I can replace without guilt.",price_too_high|look,price_suspicious|look,already_chosen,few_reviews|material,look|few_reviews,availability|few_reviews|size,slightly
B,"I want a liner that stays put against the tub, and this one has 3 magnets plus a weighted hem at a very low price of $7.19. Its 4.4★ with 1,872 reviews gives me enough evidence it's reliable, and the EVA material is odor-free and safer than PVC. The blue 3D cube look is a nice bonus without being gaudy.",price_too_high,already_chosen,few_reviews|brand,few_reviews|material,look|few_reviews|availability,availability|few_reviews,slightly
C,"I want a low-risk, low-cost liner that still looks nice and stays put. Option C has the highest rating (4.6) among the affordable liners, a decent review count, 3 heavy magnets, and a blue wave design that will look good in my bathroom without being boring.",price_too_high,price_suspicious|look,already_chosen,few_reviews|material,look|availability|few_reviews,availability|few_reviews,moderately
C,"I want a lightweight EVA liner with a weighted/magnetic hem that stays put, and C has the highest rating on the shelf (4.6 with ~974 reviews) at the lowest price ($7.09). The blue water-wave look is attractive without being loud, and it's in stock with clear specs.",price_too_high|look,look|few_reviews,already_chosen,few_reviews|material,look|few_reviews|availability,availability|few_reviews,slightly
C,"I want a single liner with a high star rating and a strong review base, and C has both (4.6 stars, 974 reviews) at the lowest price on the shelf ($7.09). It also has the functional features I care about — magnets at the hem, rust-resistant grommets, and wipe-clean EVA — so it's the best balance of evidence, function, and value.",price_too_high,rating|review_concern,already_chosen,few_reviews|material,look|few_reviews,availability|few_reviews|transparency,slightly
C,"I want a cheap, low-commitment liner that still has a strong track record. The LQFMEHOT hits the sweet spot: $7.09 is basically throwaway money, it has 4.6 stars over ~974 reviews, and it has the weighted magnets I need so it doesn't billow against my legs. The blue wave texture is a nice bonus that looks way better than a plain sheet of plastic.",price_too_high|look|transparency,look|rating|brand,already_chosen,few_reviews|material|pack,look|rating|availability,availability|few_reviews,slightly
C,"I want a liner that is waterproof, odor-free EVA, and stays put with magnets, and option C checks those boxes at the lowest price on the shelf. Its 4.6-star rating with nearly 1,000 reviews gives me enough confidence that it performs as described, and the Art-Deco wave look is a nice bonus without being distracting.",price_too_high|brand,look|few_reviews,already_chosen,few_reviews|pack,look|few_reviews|availability,availability|few_reviews|size,slightly
A,"I've used EVA liners before and like that they're odor-free and BPA-free, which matters to me at my age. The AmazerBath has over 4,000 reviews at 4.5 stars, a weighted hem, and 12 rustproof brass grommets — that's proven quality I can trust. The $18.99 price is higher than the others, but for something I'll use daily, I'd rather pay more for a liner that will hold up and not smell of plastic.",already_chosen,brand|few_reviews|look,brand|few_reviews|look,few_reviews|material|pack,look|few_reviews|availability,availability|few_reviews,slightly
C,"I want a good-looking liner that still feels like a safe, odor-free EVA material, and Option C hits both at a low price. Its 4.6-star rating with nearly 1,000 reviews makes it feel reliable, and the Art Deco wave texture plus magnets and weighted hem cover the function I care about.",price_too_high|availability,look,already_chosen,few_reviews|material,look|availability,availability|few_reviews|transparency,slightly
C,"I want a semi-transparent, light-filtering liner that is odor-free EVA and has magnets to hold it against the tub. Option C has the highest rating among the affordable options (4.6 stars, 974 reviews), the Art-Deco water-wave look is subtle and appealing, and at $7.09 it is excellent value from an in-stock listing.",price_too_high|look,look|few_reviews,already_chosen,few_reviews|pack|material,look|few_reviews|availability,availability|few_reviews,slightly
C,"I want a liner that looks nice but doesn't cost much, and this one has the highest rating (4.6) with a solid review count (974), a wave/Art-Deco look I like, magnets at the bottom, and a very low $7.09 price. It's the best balance of design, social proof, and value for me.",price_too_high|brand,price_suspicious|look,already_chosen,few_reviews|material,look|availability,availability|few_reviews,moderately
C,"It has the highest rating (4.6) with a solid review base (974), a price I'm happy to pay for a liner, and it actually gives me the features I care about: magnets at the hem, a tear-proof header, and a pretty water-wave texture that will look nice in my bathroom. EVA, odor-free, and quick-dry checks all my boxes.",price_too_high|transparency,look,already_chosen,few_reviews|pack,look|transparency,availability|few_reviews,slightly
A,"I want an odor-free EVA liner with a reinforced header and weighted hem, and this one has by far the strongest evidence base at 4.5 stars with over 4,000 reviews. The $18.99 price is higher than the others, but for something that hangs in a steamy bathroom for years, I'd rather pay more for a liner I'm confident won't tear, smell, or mildew quickly.",already_chosen,price_suspicious|look|brand,price_suspicious|few_reviews|brand,few_reviews|material|pack,look|few_reviews|availability,availability|few_reviews|size,slightly
C,"It has the highest rating (4.6) with a solid review count (974), which gives me confidence in quality, and it includes the functional features I care about: 3 heavy magnets, a weighted hem, and a tear-proof header. The Art-Deco wave look fits my preference for a semi-transparent, light-filtering liner with a bit of aesthetic interest, and at $7.09 it's excellent value without feeling suspiciously cheap.",price_too_high|transparency,look,already_chosen,few_reviews|material|pack,look|transparency|few_reviews,availability|few_reviews|size,slightly
C,"It has the highest rating (4.6) with a healthy 974 reviews, so I trust it, and at $7.09 it's the best value. It's EVA (odor-free, no PVC worries), has the weighted magnets I need to keep it against the tub, and the blue water-wave pattern looks nice without being see-through-clear.",price_too_high|availability,few_reviews|look,already_chosen,few_reviews|material,look|availability,availability|few_reviews,slightly
C,"I want a liner that looks nice, stays put, and doesn't cost much. The LQFMEHOT water-wave liner has a 4.6-star rating from nearly 1,000 reviews, magnets at the hem, and is only $7.09, giving me the best combination of proven quality, function, and value.",price_too_high|look,look|few_reviews,already_chosen,few_reviews|material,look|few_reviews,availability|few_reviews,moderately
C,"It has the best combination of a high rating (4.6) with a solid review count (974) at the lowest price on the shelf, so I get proven quality without paying a premium. The EVA material is odor-free and waterproof with magnets at the hem, which covers everything I actually need in a liner.",price_too_high|look,price_suspicious|look,already_chosen,few_reviews|material|pack,look|availability,availability|few_reviews,slightly
C,"I want a liner that stays put against the tub and is easy to keep clean, and option C has 3 heavy magnets, a tear-proof header, and an odor-free EVA surface at just $7.09. Its 4.6-star rating with nearly 1,000 reviews gives me more confidence than the cheaper-feeling or thinly reviewed options, and the blue water-wave look fits the clean modern vibe I'm going for.",price_too_high|look,look|few_reviews,already_chosen,few_reviews|material,look|few_reviews,availability|few_reviews|size,moderately
C,"It hits the sweet spot: cheapest single liner at $7.09 but with the highest rating on the shelf (4.6) and nearly 1,000 reviews, so it's well-evidenced. EVA material, magnets at the hem, and a clean wave pattern are exactly what I want in a functional liner.",price_too_high,rating|price_suspicious,already_chosen,few_reviews|pack,look|few_reviews,availability|few_reviews,slightly
C,"It offers the best value: a 4.6★ rating from nearly 1,000 reviews at just $7.09, with magnets and a weighted hem I want. The EVA material is odor-free and PVC-free, and I like the blue water-wave look, so it satisfies my balanced, value-driven approach.",price_too_high|availability,review_concern|brand,already_chosen,few_reviews|material,few_reviews|look,availability|few_reviews|size,slightly
C,"It's the best combination of a high rating (4.6★) with a real review base (974 reviews), a legitimately low price of $7.09, and the features I actually care about — EVA material, magnets at the hem, anti-rust grommets and a tear-proof header. I'd rather buy a cheap liner with strong evidence behind it than pay $18.99 for a name I don't know.",price_too_high|brand,look|brand,already_chosen,few_reviews|material|pack,look|availability|rating,availability|few_reviews|size|missing_magnet,moderately
C,"I want a light-filtering, semi-transparent EVA liner with magnets and a rustproof header, and this one has the best combination of rating (4.6★), solid review count (974), and low price ($7.09). The Art-Deco wave look is a bonus that fits a modern bathroom without being loud.",price_too_high|transparency,look|brand,already_chosen,few_reviews|material|pack,transparency|availability|look,availability|few_reviews,slightly
B,"The jssablo Blue Cube liner hits the sweet spot for me: a genuinely low price of $7.19, a solid 4.4 stars across nearly 1,900 reviews, and EVA material that's odor-free and safer than PVC. The 3D cube texture and gradient blue look modern and premium without costing much, and the magnets plus weighted hem mean it will actually stay put against the tub.",price_too_high|transparency|availability,already_chosen,brand|few_reviews,few_reviews|material|pack,look|availability|few_reviews,availability|few_reviews,slightly
C,"The LQFMEHOT hits the sweet spot for me: $7.09, EVA material I trust, 4.6 stars across nearly a thousand reviews, and it has the weighted magnets I want so it stays put against the tub. The Art-Deco wave look is a nice bonus over a plain liner, and I don't need to pay $18.99 for a shower liner.",price_too_high|availability,price_suspicious|look|few_reviews,already_chosen,few_reviews|material|look,look|few_reviews,availability|few_reviews,slightly
A,"I want a liner that looks good and holds up, and the AmazerBath has the strongest evidence behind it — 4.5 stars from over 4,000 reviews. The emerald EVA with brass grommets and weighted bottom fits the polished, structured look I like in my bathroom, and the price is fine for a liner I'll keep for a while.",already_chosen,price_suspicious|brand|look,price_suspicious|brand|look,few_reviews|material|pack,look|few_reviews,availability|few_reviews|transparency,slightly
A,"I chose the AmazerBath liner because it has by far the strongest evidence base — 4.5 stars across 4,156 reviews — which matters to me since I rarely trust marketing claims on their own. It is the only option that combines a soft-touch EVA material, brass grommets, and a weighted hem in a semi-transparent emerald tone that will read as intentional rather than cheap. At $18.99 it costs more than the others, but I would rather pay once for something that holds up than re-buy a $7 liner every season.",already_chosen,price_suspicious|brand|few_reviews,price_suspicious|brand|few_reviews|look,few_reviews|material,look|few_reviews|availability|transparency,availability|few_reviews|size,slightly
A,"The AmazerBath liner has by far the strongest evidence base (4.5 stars, 4,156 reviews), which matters most to me since I'm cautious and want a proven product. Its EVA material is BPA-free and odor-free, and the weighted bottom with rustproof brass grommets addresses durability and staying in place. I'm willing to pay $18.99 for the reliability and the emerald semi-transparent look that fits my tidy, modern bathroom.",already_chosen,price_suspicious|brand|few_reviews|material,price_suspicious|brand|few_reviews,few_reviews|material|info_incomplete,look|few_reviews|availability,availability|few_reviews|brand,moderately
C,"Best combination of price, proven rating, and specs I actually care about. At $7.09 with a 4.6★ rating and ~974 reviews, it has strong evidence behind it, and it includes the weighted magnets and rust-proof grommets I want. The wave pattern is subtle enough not to clash with my bathroom.",price_too_high|look,look|price_suspicious,already_chosen,few_reviews|material|pack,look|few_reviews|availability,few_reviews,slightly
C,"I want a liner that stays put against the tub, resists mold, and doesn't smell like chemicals — and C checks all three at the lowest price on the shelf. Its 4.6★ / 974 reviews give me solid evidence it holds up, and the blue wave pattern is subtle enough for my bathroom. At $7.09, replacing it yearly is painless.",price_too_high|transparency|brand,look|few_reviews|brand,already_chosen,few_reviews|material|pack,look|rating|few_reviews,availability|few_reviews,slightly
A,"I want a liner that is odor-free and safe with no PVC worry, and the AmazerBath EVA with brass grommets, weighted hem and over 4,000 reviews at 4.5 stars gives me the most confidence. I'd rather pay $18.99 once for a durable, well-reviewed liner than gamble on cheap options with thin evidence.",already_chosen,price_suspicious|brand|look,price_suspicious|brand|look,few_reviews|material|pack,look|availability,availability|few_reviews,slightly
C,"I want a semi-transparent, light-filtering liner with a weighted hem, and C offers that in a pretty Art-Deco wave design at a very fair price. It also has a strong 4.6 rating with a solid review base, so I feel confident it will hold up.",price_too_high|look,look|rating,already_chosen,few_reviews|pack|material,look|few_reviews,availability|few_reviews|size,slightly
C,"It's a good price at $7.09 and has a strong 4.6 rating with nearly a thousand reviews, so I feel like I can trust it. The blue water-wave look is pretty and it has the magnets at the bottom I want so it stays put against the tub.",price_too_high|look,look|price_suspicious,already_chosen,few_reviews|material,look|few_reviews,availability|few_reviews|size,slightly
A,"I've been burned by cheap liners that get funky and mildewy within a few months, so I'd rather pay a bit more for one with 4,000+ reviews backing it up. The AmazerBath has the soft-touch EVA, brass grommets, weighted bottom, and a solid review history — that's worth the extra ten bucks to me. The emerald green is a nice bonus since it'll filter light without being a dark cave.",already_chosen,price_suspicious|brand|look,price_suspicious|brand|look,few_reviews|material,look|transparency,availability|few_reviews,slightly
C,"It has the highest rating (4.6) with a decent review count (974), and at $7.09 it's the best value on the shelf. It ticks the boxes I care about — EVA material, magnets at the bottom, waterproof, and a look I don't mind in a bathroom.",price_too_high|look|availability,price_suspicious|brand|look,already_chosen,few_reviews|material|pack,look|few_reviews|availability,availability|few_reviews,slightly
C,"It has the highest rating (4.6) with a solid 974 reviews, so I have decent evidence it actually works. At $7.09 it's cheap enough that I won't feel ripped off if a liner only lasts a year, and it has the weighted magnets and tear-proof header I want. The wave texture is understated enough that I don't hate looking at it.",price_too_high|look,price_suspicious|brand,already_chosen,few_reviews|pack,look|availability,availability|few_reviews,slightly
C,"It's the cheapest option at $7.09 but still has the strongest review profile on the shelf (4.6 stars, ~974 reviews), which gives me confidence it's reliable. I prefer a semi-transparent light-filtering liner with magnets at the hem, and this one checks those boxes while being odor-free EVA.",price_too_high|transparency,price_suspicious|look,already_chosen,few_reviews|material|look,look|few_reviews,availability|few_reviews|size,slightly
B,"It hits the sweet spot for me: a real 4.4-star rating backed by nearly 1,900 reviews, a 3D cube texture that looks way nicer than a plain liner, and 3 magnets at the hem so it stays put against the tub. At $7.19 it's cheap enough that I can grab two and not think twice.",price_too_high,already_chosen,brand|few_reviews,few_reviews|pack|material,look|few_reviews,availability|few_reviews|size,slightly
A,"I want a liner I can trust, and this one has the most reviews by far (4,156 at 4.5 stars) plus EVA that's BPA-free and odor-free, which matters to me since I worry about chemical smells in a small bathroom. The weighted bottom and reinforced header mean it will actually stay put and last, so the $18.99 feels like money well spent rather than replacing a flimsy one twice a year.",already_chosen,price_suspicious|brand|look,price_suspicious|brand|look|few_reviews,few_reviews|material|pack|brand,look|few_reviews|availability|brand,availability|few_reviews|size|brand,slightly
C,"It's cheap, has the highest rating on the shelf, and still packs the magnets and weighted hem I actually care about. The Art-Deco wave look is a nice bonus and the blue gradient keeps my bathroom feeling bright instead of dark.",price_too_high|transparency,look|rating|few_reviews,already_chosen,few_reviews|material|pack,look|few_reviews|availability,availability|few_reviews|size,moderately
C,"It has the highest rating (4.6) among the well-reviewed options, a price I'm happy with, and the features I care about most — magnets at the hem, rustproof grommets, and odor-free EVA. The wave pattern is subtle enough for my bathroom and the listing is complete.",price_too_high,look|rating,already_chosen,few_reviews|material,rating|availability|look,availability|few_reviews,slightly
C,"It's the cheapest at $7.09 but has the highest rating on the shelf (4.6★) with a solid 974 reviews, so it's not a blind gamble. EVA material, magnets at the hem, and tear-proof header cover everything I actually need in a liner, and the blue wave look works fine in my bathroom.",price_too_high|look,price_suspicious|look,already_chosen,few_reviews|material|pack,look|transparency|availability,availability|few_reviews,slightly
C,"The LQFMEHOT liner hits the sweet spot for me: a strong 4.6 rating with nearly 1,000 reviews gives me confidence, the Art-Deco blue water-wave look is attractive, and at $7.09 it's the best value. It also has the weighted magnets and odor-free EVA I want, and it's in stock.",price_too_high,look,already_chosen,few_reviews|material,look|few_reviews,availability|few_reviews,moderately
C,"The LQFMEHOT wave liner hits the best balance for me: at $7.09 it's the cheapest option, yet it has the highest rating on the shelf (4.6★ with a solid ~974 reviews), EVA material that's odor-free, magnets and a weighted hem, and a blue gradient look I actually like. Option A is nicer but nearly triple the price for a liner I'll replace within a year, and the other cheap options have weaker review evidence or a look I don't want.",price_too_high,look|price_suspicious,already_chosen,few_reviews|look,look|few_reviews,availability|few_reviews|size,slightly
C,"The LQFMEHOT liner hits the sweet spot for me: at $7.09 it's the cheapest option but still has a strong 4.6★ rating with ~974 reviews, which gives me confidence it's reliable. I like the blue water-wave look, and it has the weighted magnets and rust-proof grommets I actually care about for keeping it in place and avoiding mold.",price_too_high|look,rating|look,already_chosen,few_reviews|material,look|few_reviews,availability|few_reviews|size,moderately
C,"I want a semi-transparent liner that lets light through without being totally clear, and the blue water-wave texture fits the calm, designed look I like for my bathroom. At $7.09 with a 4.6★ rating from nearly 1,000 reviewers, plus magnets and a rust-proof header, it gives me the function and evidence I need at a price that's easy to accept.",price_too_high|look,look,already_chosen,few_reviews|pack,look|transparency,availability|few_reviews|size,slightly
C,"It hits the sweet spot for me: the highest rating on the shelf (4.6★ with nearly a thousand reviews), a sensible $7.09 price, EVA material with no odor concerns, three heavy magnets to keep it against the tub, and a blue water-wave look I actually like. It's in stock and the listing is complete enough to trust.",price_too_high|look,look|rating,already_chosen,few_reviews|material,look|rating,availability|few_reviews,slightly
A,"I want a liner that feels well-made and safe rather than the cheapest thing on the shelf, and this one has the strongest evidence behind it — 4,156 reviews at 4.5 stars, BPA-free odor-free EVA, and brass grommets that won't rust. The weighted hem and reinforced header matter to me since I have mild mobility limits and don't want to be fiddling with a liner that billows or slips. The emerald semi-transparent look is also pleasant without being loud.",already_chosen,price_suspicious|brand|look,price_suspicious|brand|look,few_reviews|material|pack,look|rating|availability,availability|few_reviews|info_incomplete,slightly
A,"I want a liner I can trust to last and stay put, and Option A has the strongest evidence behind it — 4.5 stars across more than 4,000 reviews, 100% EVA that's BPA-free and odor-free, brass grommets, and a weighted bottom hem. The extra cost over the $7 liners buys me durability and peace of mind, which matters more to me than saving a few dollars on something I handle every day.",already_chosen,price_suspicious|brand|few_reviews,price_suspicious|brand|few_reviews,few_reviews|brand|material,availability|look|few_reviews,availability|few_reviews,slightly
C,"As a cautious, budget-conscious shopper I want a liner that is inexpensive but has real evidence behind it. Option C has the highest rating (4.6) with a solid review count (974), the features I want (magnets, weighted hem, rustproof grommets, odor-free EVA), and the lowest price at $7.09.",price_too_high|availability,look,already_chosen,few_reviews|pack|material,look|few_reviews|availability,availability|few_reviews,slightly
C,"It's the cheapest single liner at $7.09, has the highest rating on the shelf (4.6), and nearly 1,000 reviews so I can trust it. It has the magnets and weighted hem I want, plus an odor-free EVA material that seems safe and easy to wipe clean.",price_too_high|transparency,rating|review_concern,already_chosen,few_reviews|pack,look|few_reviews,availability|few_reviews,slightly
C,"It's the cheapest option at $7.09, has the highest rating on the shelf (4.6 with ~974 reviews — enough evidence to trust it), and it has the functional stuff I care about: 3 heavy magnets, anti-rust grommets, and odor-free EVA. The blue water-wave look is a bonus rather than a drawback.",price_too_high|transparency|material,look|price_suspicious,already_chosen,few_reviews|pack|material,look|few_reviews|availability,availability|few_reviews|size,moderately
B,"It's the best value on the shelf: a 72x72 EVA liner with a 3D cube texture that looks nicer than a plain sheet, plus 12 metal grommets and 3 bottom magnets, all for $7.19. The 4.4★ rating across nearly 1,900 reviews gives me enough confidence that it's a solid buy rather than a gamble.",price_too_high,already_chosen,price_suspicious|brand|look,few_reviews|material|pack,look|availability,availability|few_reviews,slightly
C,"The LQFMEHOT has the highest rating (4.6) with a solid 974 reviews, has the 3 magnets I want, is EVA and odor-free, and at $7.09 it's the best price on the shelf. The blue water-wave look is subtle enough to work with my bathroom.",price_too_high|look,rating|look,already_chosen,few_reviews|pack,look|availability|few_reviews,availability|few_reviews,slightly
C,"It's the best value for a liner I'd actually put in my bathroom — under $8 with a strong 4.6 rating and nearly a thousand reviews. I like the blue water-wave look, it's odor-free EVA, has magnets to keep it against the tub, and the listing is complete enough that I feel I know what I'm getting.",price_too_high|transparency,look,already_chosen,few_reviews|material,look|rating,availability|few_reviews|size,slightly
C,"The LQFMEHOT liner gives me the best combination of evidence and value: a 4.6-star rating from nearly 1,000 reviews at just $7.09, with the weighted magnets, rustproof grommets, and easy-clean EVA I actually need. The blue water-wave texture looks clean and modern without being gimmicky, and it's in stock right now.",price_too_high|look,price_suspicious|look,already_chosen,few_reviews|pack|look,rating|look|availability,availability|few_reviews|look,slightly
C,"C offers the best combination of a strong 4.6 rating with a solid 974 reviews at the lowest price ($7.09), and it has the functional features I care about: magnets at the bottom, tear-proof header, and anti-rust metal grommets. The Art-Deco wave pattern is a nice look without paying a premium, and EVA is odor-free and waterproof.",price_too_high|transparency,price_suspicious|look,already_chosen,few_reviews|material|pack,look|rating|few_reviews,availability|few_reviews|size,slightly
B,"It's the best combination of price, material safety, and function for me: 70% EVA is a healthier material, it has 12 metal grommets plus 3 bottom magnets to keep it against the tub, and at $7.19 with 1,872 reviews at 4.4 stars it feels like a proven, low-risk buy. The blue 3D cube look also fits the modern bathroom style I like.",price_too_high|look,already_chosen,rating|few_reviews|brand,few_reviews|material|pack,look|few_reviews|availability,availability|few_reviews|transparency,slightly
B,"The jssablo Blue Cube 3D EVA liner at $7.19 gives me the best combination of a well-reviewed product (4.4 stars, 1,872 reviews), functional features I care about (3 magnets at the hem, waterproof, 70% EVA which is a healthier material), and a reasonable price. I like that it has a distinctive 3D cube texture rather than a plain sheet, and it's in stock and ready to ship.",price_too_high|look,already_chosen,brand|review_concern,few_reviews|material|pack,look|availability,availability|few_reviews,moderately
C,"It has the best combination of a strong 4.6★ rating with a solid 974 reviews, a low $7.09 price, and the features I actually care about — magnets at the bottom to keep it against the tub and a waterproof, odor-free EVA build. The blue water-wave look is attractive and it's in stock, so I can buy it right now without worrying about quality.",price_too_high|availability,price_suspicious|brand,already_chosen,few_reviews|material,look|few_reviews,availability|few_reviews,slightly
A,"I chose the AmazerBath emerald EVA liner because it has the strongest track record on the shelf — 4.5 stars with over 4,000 reviews — plus the features I actually care about: a weighted hem, rustproof brass grommets and a reinforced header. The emerald green semi-transparent look is a nice upgrade over a plain clear liner, and at $18.99 it's still a reasonable splurge for something I'll look at every day. The soft-touch, odor-free EVA also appeals to me over the thinner budget options.",already_chosen,brand|material|look,brand|look|price_suspicious,few_reviews|material|pack,look|availability,few_reviews|size|material,slightly
A,"I'm a detail guy and I've been burned by flimsy liners that go milky and stink of plastic within a month, so I'll pay up for the one with a real track record. The AmazerBath has 4,156 reviews at 4.5 stars, brass grommets instead of the painted metal junk that rusts, a reinforced double-layer header, and weighted stones in the hem — that's the stuff that actually determines whether a liner lasts. EVA, BPA-free, odor-free, wipe-clean, and it doesn't look like a cheap shower curtain from a motel.",already_chosen,price_suspicious|brand|look|material,price_suspicious|brand|look|few_reviews,few_reviews|material|look|pack,look|few_reviews|rating,availability|few_reviews|size,slightly
A,"I want a liner that's genuinely odor-free and safe, and AmazerBath's BPA-free EVA with 4,156 reviews at 4.5★ gives me the confidence the cheaper unknown-brand options can't. The weighted hem and rustproof brass grommets mean it'll actually hold up, and I'd rather pay $18.99 once for a liner I trust than gamble on a $7 no-name.",already_chosen,brand|review_concern|price_suspicious|look,brand|price_suspicious|look|few_reviews,few_reviews|material|pack|look,look|few_reviews|transparency|brand,availability|few_reviews|size,slightly
C,"I want a no-fuss liner that stays put and wipes clean, and C has the highest rating on the shelf (4.6 with nearly a thousand reviews) at the lowest price ($7.09). The EVA material is odor-free, the three heavy magnets keep it against the tub, and the blue water-wave look is pleasant without being loud.",price_too_high|look|availability,look|price_suspicious,already_chosen,few_reviews|pack|material,look|availability,availability|few_reviews|transparency,slightly
C,"It has the highest rating (4.6) on this shelf, a very low $7.09 price, and the features I care about — waterproof EVA, 3 heavy magnets, and a tear-proof header. The blue wave look is fine and it's a well-reviewed, in-stock single liner, which fits my low-risk, value-focused approach.",price_too_high,rating|few_reviews,already_chosen,few_reviews|material,rating|few_reviews,availability|few_reviews,slightly
C,"It's the cheapest single liner at $7.09 with the highest rating (4.6) and a solid review count, so it feels like the best value and the least risky. I like the blue wave look, it has magnets at the hem, and the listing gives me everything I need to feel good about buying it.",price_too_high,review_concern|look,already_chosen,few_reviews|material,look|few_reviews,availability|few_reviews,slightly
A,"I want a liner that's genuinely odor-free and safe, and the AmazerBath EVA with 4,156 reviews and a 4.5-star rating gives me the most confidence. The weighted hem and rustproof brass grommets mean it will actually stay put and last, and at $18.99 it's still reasonable for something I'll use every day.",already_chosen,price_suspicious|brand|few_reviews,price_suspicious|brand|few_reviews,few_reviews|material|pack,look|rating|availability,availability|few_reviews|size,moderately
C,"I want a liner that is odor-free EVA, has magnets to hold it to the tub, and looks nice in a modern bathroom without spending a lot. The LQFMEHOT has a strong 4.6 rating with a decent review base, includes the weighted magnets and rustproof grommets I care about, and at $7.09 it is an easy value buy.",price_too_high|look|availability,look|review_concern,already_chosen,few_reviews|material,look|few_reviews,availability|few_reviews|size,slightly
A,"I want a liner I can trust for the long haul, and AmazerBath has the strongest evidence base: a 4.5 rating across 4,156 reviews, 100% EVA that is BPA-free and odor-free, 12 rustproof brass grommets, a reinforced double-layer header, and a weighted bottom hem. The emerald semi-transparent look is attractive and lets light through without being fully see-through, and at $18.99 it is still reasonable for a single well-built liner I'll keep for years. The delivery notice gives me slight pause, but nothing else on the shelf combines this much verified quality.",already_chosen,price_suspicious|brand|few_reviews,price_suspicious|brand|few_reviews|look,few_reviews|material|pack,few_reviews|look|availability,availability|few_reviews,slightly
C,"I want a liner that is safe and odor-free but still looks nice in my bathroom, and this one has the highest rating (4.6) with a solid review count near 1,000. The Art-Deco wave pattern in blue is attractive without being loud, and at $7.09 it is a low-risk, good-value pick that is in stock.",price_too_high,price_suspicious|look,already_chosen,few_reviews|pack|material,look|few_reviews,availability|few_reviews|transparency,slightly
C,"I want a simple, affordable liner that does the job, and this one has a strong 4.6 rating with nearly a thousand reviews, plus magnets at the bottom to keep it against the tub. The water-wave pattern is a nice subtle look without being too flashy, and at $7.09 it's an easy price to swallow for something I'll replace eventually anyway.",price_too_high|transparency,look|brand,already_chosen,few_reviews|material,look|few_reviews,availability|few_reviews|size,slightly
B,"I want a cheap liner that still has a weighted/magnetic hem and decent reviews, and B hits all of that at $7.19 with 1,872 reviews (4.4★). The 3D blue cube texture looks nicer than a plain liner, and the magnets keep it against the tub. It's in stock and cheap enough that replacing it later is no big deal.",price_too_high|availability|look,already_chosen,brand|few_reviews|look,few_reviews|material|pack,look|few_reviews|availability,availability|few_reviews,slightly
C,"It has the highest rating (4.6) with a solid review count, it's the cheapest at $7.09, and it has the weighted magnets and rust-proof hardware I actually care about. The blue wave look is neutral enough to work in our bathroom, and EVA means no PVC smell.",price_too_high|look,look|rating,already_chosen,few_reviews|pack,look|rating,availability|few_reviews|size,moderately
C,"I want a light-filtering liner that stays put, and Option C gives me both for the lowest price on the shelf. A 4.6 rating with nearly a thousand reviews is solid evidence, and the magnets plus reinforced header address the two things that always fail on my liners. The wave pattern is pretty without being loud.",price_too_high|transparency|look,price_suspicious|look|brand,already_chosen,few_reviews|material|look,look|transparency|availability,availability|few_reviews,slightly
C,"It has the highest rating (4.6★) among options with a solid review base, includes the weighted magnets and rustproof grommets I want, and at $7.09 it's an easy price for a liner. The blue water-wave look is attractive without being fussy.",price_too_high|availability,look,already_chosen,few_reviews,look|few_reviews,availability|few_reviews,slightly
C,"I'm a researcher on a budget, so I want a low price without gambling on quality. Option C has the best rating on the shelf (4.6★) with nearly 1,000 reviews, plus the magnets, weighted hem, and odor-free EVA I want — all for $7.09, the cheapest single liner here.",price_too_high|transparency|pack,look,already_chosen,few_reviews|material|pack,look|few_reviews|availability,availability|few_reviews,slightly
C,"It's the best combination of a high rating (4.6 with ~1,000 reviews, the most trustworthy-looking option) and a low price at $7.09. It has the magnets and weighted hem I want, an odor-free EVA material, and a nice Art-Deco wave look that isn't boring like a plain black or clear liner.",price_too_high|look,price_suspicious|look,already_chosen,few_reviews|material,look|availability,availability|few_reviews,slightly
C,"It has the strongest combination of a high rating (4.6) with a meaningful review base (974), a low price of $7.09, EVA material that is odor-free and waterproof, and the functional features I actually want — three heavy magnets at the hem and a tear-proof rust-resistant header. The Art-Deco wave pattern is a look I can live with, and everything about the listing is complete and in stock, so there is no ambiguity to chase down.",price_too_high|look,look|brand|review_concern,already_chosen,few_reviews|material,look|rating|availability,availability|few_reviews,slightly
A,"I want a liner that looks good and is made of soft, odor-free EVA, and AmazerBath's 4.5 stars across 4,156 reviews gives me the confidence the quality is real. It's pricier, but the weighted hem, rustproof brass grommets and reinforced header suggest it will actually last, which fits my quality-first approach.",already_chosen,brand|few_reviews|price_suspicious,brand|price_suspicious|few_reviews,few_reviews|material|look,look|transparency|few_reviews,availability|few_reviews,slightly
B,"I want a liner that is cheap, well-reviewed, and actually stays against the tub, and the jssablo has magnets plus 1,872 reviews at 4.4 stars. The 3D blue cube texture looks nicer than a plain liner, and at $7.19 it is an easy value buy. EVA is also the material I trust most for odor-free, PVC-free use.",price_too_high|availability,already_chosen,brand|few_reviews|price_suspicious,few_reviews|pack|material,look|few_reviews|availability,availability|few_reviews|size,slightly
A,"I want a liner that feels substantial and looks clean in my bathroom, and AmazerBath has the strongest evidence behind it: 4.5 stars from over 4,100 reviews, brass grommets, a reinforced header and weighted bottom. The soft-touch EVA is BPA-free and odor-free, which matters to me, and $18.99 is a fair price for a durable liner I won't have to think about again.",already_chosen,price_suspicious|brand|material,price_suspicious|brand|look,few_reviews|material|pack,look|few_reviews|availability,availability|few_reviews|pack,slightly
C,"I want a good-looking liner that stays put and costs little. The LQFMEHOT water-wave is the best-rated of the affordable options (4.6★, ~974 reviews), has the 3 magnets and weighted hem I want, and at $7.09 it's the cheapest while still feeling safe (odor-free EVA).",price_too_high,look,already_chosen,few_reviews,look|transparency,availability|few_reviews,slightly
C,"It has the highest rating (4.6) with a solid review count (974), a low $7.09 price, and it checks the functional boxes I care about: EVA material, 3 heavy magnets at the hem, tear-proof header, and anti-rust grommets. The Art-Deco wave look is fine and the listing gives complete specs.",price_too_high|availability,look|review_concern,already_chosen,few_reviews|material|pack,look|rating|availability,availability|few_reviews|size,slightly
C,"I want a liner that stays put against the tub and looks clean and calm in a small bathroom, and the LQFMEHOT wave liner gives me that for the lowest price with the best rating on the shelf. The 4.6 stars across nearly a thousand reviews tells me real people have used it and been happy, which matters more to me than a fancy brand name.",price_too_high|availability,look|price_suspicious,already_chosen,few_reviews|pack|material,look|availability,availability|few_reviews|size,slightly
C,"Best balance of price, evidence, and features for me. 4.6 stars across ~974 reviews is solid proof, and it has the weighted magnets and tear-proof header I want at only $7.09.",price_too_high|transparency,look|transparency,already_chosen,few_reviews|material,look|transparency|availability,availability|few_reviews,slightly
A,"I want a liner that's odor-free and safe for my family, and the AmazerBath EVA with 4,000+ reviews gives me the most confidence. The weighted bottom and rustproof brass grommets mean it'll actually hold up, and the emerald green looks nicer than a plain clear liner. I'm happy to pay a bit more for something I trust in my kid's bathroom.",already_chosen,brand|few_reviews|look,brand|look|few_reviews,few_reviews|brand|material,look|availability,availability|few_reviews,slightly
C,"I'm on a fixed income so price matters, and at $7.09 this one is the cheapest with a strong 4.6-star rating and nearly 1,000 reviews, which tells me it's reliable. EVA is odor-free and it has the magnets and weighted hem I want, so it checks my boxes without costing much.",price_too_high,look,already_chosen,few_reviews|pack,look|few_reviews,availability|few_reviews,slightly
A,"No persona-specific answer was produced, so a neutral answer was used.",already_chosen,already_chosen,already_chosen,already_chosen,already_chosen,already_chosen,not_at_all
C,"I want a cheap, functional liner with a strong track record, and C has the best rating (4.6) among the affordable options with a solid review count (974). It has the magnets and weighted hem I care about, plus an odor-free EVA material and full 72x72 fit. At $7.09 it's the best combination of price, evidence, and function on this shelf.",price_too_high,look|price_suspicious,already_chosen,few_reviews|pack,look|review_concern,availability|few_reviews|size,slightly
B,"I'm skeptical of anything suspiciously cheap, but B at $7.19 has a solid 4.4 stars across nearly 1,900 reviews, which is real evidence. It has the magnets and weighted hem I want, and the EVA material is stated as healthier than PEVA/PVC. The 3D cube look is fine for a guest bath.",price_too_high|availability,already_chosen,price_suspicious|brand,few_reviews|material|brand,look|few_reviews|availability,few_reviews|size,slightly
C,"It's the cheapest option at $7.09 but has the highest rating (4.6★) among the affordable liners, with nearly 1,000 reviews backing it up. EVA material, magnets, and rust-proof grommets cover everything I actually need in a liner, so paying more for the AmazerBath doesn't make sense.",price_too_high|transparency,look|price_suspicious,already_chosen,few_reviews|pack,look|few_reviews,availability|few_reviews|size,slightly
C,"It has the highest rating (4.6★) with a decent review count, costs only $7.09, and the EVA material with magnets at the hem is exactly what I want. The blue water-wave look is attractive without being too busy.",price_too_high|transparency,price_suspicious|look,already_chosen,few_reviews|material,look|transparency,availability|few_reviews,slightly
